step,system_total_stopped,system_total_waiting_time,system_mean_waiting_time,system_mean_speed,t_stopped,t_accumulated_waiting_time,t_average_speed,agents_total_stopped,agents_total_accumulated_waiting_time
5.0,0,0.0,0.0,11.859554544192735,0,0.0,0.9021085810112556,0,0.0
10.0,0,0.0,0.0,11.915686974899003,0,0.0,0.9213740873170785,0,0.0
15.0,4,6.0,0.3333333333333333,7.441830012318582,4,6.0,0.45776552221637257,4,6.0
20.0,8,44.0,2.4444444444444446,7.011647885753511,8,44.0,0.3797731803311792,8,44.0
25.0,8,84.0,3.652173913043478,7.246672941501677,8,84.0,0.35640351394687614,8,84.0
30.0,6,73.0,3.4761904761904763,7.850557245695217,6,97.0,0.45449378205200786,6,97.0
35.0,8,105.0,5.25,6.070132064429915,8,105.0,0.3317107739273135,8,105.0
40.0,11,156.0,6.24,6.699553368753211,11,156.0,0.4181626236653008,11,156.0
45.0,8,177.0,6.8076923076923075,5.119046893690837,8,190.0,0.3747749857672031,8,190.0
50.0,10,222.0,7.928571428571429,5.930340059243532,10,222.0,0.32040088096785874,10,222.0
55.0,14,286.0,8.9375,6.891633444797652,14,286.0,0.3189732227869787,14,286.0
60.0,16,358.0,12.785714285714286,5.401747326293908,16,358.0,0.18373566160969043,16,358.0
65.0,10,202.0,6.733333333333333,5.768283800127875,10,330.0,0.3467546912225066,10,330.0
70.0,10,196.0,7.538461538461538,6.495179853069976,10,245.0,0.3530424892430698,10,245.0
75.0,12,250.0,6.578947368421052,7.776076708056026,12,250.0,0.43085791593876327,12,250.0
80.0,8,252.0,7.411764705882353,7.673387053357476,8,283.0,0.4833862809010801,8,283.0
85.0,7,276.0,7.45945945945946,6.374561438591152,7,283.0,0.33359818700929306,7,283.0
90.0,14,341.0,10.029411764705882,7.554809982745466,14,341.0,0.280991888357229,14,341.0
95.0,14,411.0,12.84375,6.861448964640836,14,411.0,0.28835784155465566,14,411.0
100.0,12,451.0,17.346153846153847,5.351827860955309,12,453.0,0.2928384300552662,12,453.0
105.0,13,516.0,18.428571428571427,6.082783621367723,13,516.0,0.34638491570924396,13,516.0
110.0,17,588.0,17.818181818181817,6.072682967196575,17,588.0,0.3409953661296636,17,588.0
115.0,12,631.0,20.35483870967742,5.49225863074737,12,646.0,0.35826652432339023,12,646.0
120.0,12,691.0,21.59375,5.5556627237726115,12,691.0,0.2850512804360589,12,691.0
125.0,18,769.0,21.97142857142857,6.311475532016409,18,769.0,0.24626136699383283,18,769.0
130.0,18,859.0,26.03030303030303,5.695172464537668,18,859.0,0.22621051976593723,18,859.0
135.0,16,924.0,29.806451612903224,5.005294588331448,16,924.0,0.29384945460311634,16,924.0
140.0,18,1008.0,33.6,4.243841599100806,18,1008.0,0.22222711125731404,18,1008.0
145.0,20,1106.0,30.72222222222222,5.306663124728077,20,1106.0,0.2829586156908757,20,1106.0
150.0,17,1165.0,29.871794871794872,5.313314207166799,17,1182.0,0.3395724912845506,17,1182.0
155.0,17,1245.0,34.583333333333336,4.3051489196521135,17,1246.0,0.2186188399196958,17,1246.0
160.0,24,1354.0,32.23809523809524,5.257550888704012,24,1354.0,0.17225966349665514,24,1354.0
165.0,24,1474.0,38.78947368421053,4.669048199913444,24,1474.0,0.18437642134945295,24,1474.0
170.0,23,1569.0,40.23076923076923,3.785403638371074,23,1569.0,0.1949000742176874,23,1569.0
175.0,26,1695.0,47.083333333333336,3.0696121565186414,26,1695.0,0.1319817116391757,26,1695.0
180.0,30,1834.0,45.85,3.2143051518730474,30,1834.0,0.13116672551312755,30,1834.0
185.0,25,1913.0,44.48837209302326,3.507808861215022,25,1951.0,0.20395113262330422,25,1951.0
190.0,24,2017.0,44.82222222222222,3.703614680383628,24,2029.0,0.18411132789724421,24,2029.0
195.0,29,2154.0,45.829787234042556,4.8141815045041385,29,2154.0,0.15355341448851012,29,2154.0
200.0,29,2299.0,51.08888888888889,4.214679443147442,29,2299.0,0.18336100332714642,29,2299.0
205.0,29,2444.0,56.83720930232558,3.4712706939681865,29,2444.0,0.15615962943781264,29,2444.0
210.0,31,2597.0,60.395348837209305,3.2441598058747876,31,2597.0,0.19248727291684758,31,2597.0
215.0,27,1841.0,43.833333333333336,2.686900525985173,27,2420.0,0.13174139929958611,27,2420.0
220.0,21,1066.0,20.5,5.400010328622812,21,1956.0,0.3069817741637428,21,1956.0
225.0,19,1041.0,20.41176470588235,5.795909399985117,19,1418.0,0.25805926892488024,19,1418.0
230.0,17,1080.0,21.176470588235293,4.534686764076212,17,1488.0,0.2281730096088377,17,1488.0
235.0,25,1172.0,24.416666666666668,4.148571904094182,25,1561.0,0.17234250669088982,25,1561.0
240.0,30,1310.0,26.73469387755102,4.423803943550001,30,1687.0,0.14047629709593754,30,1687.0
245.0,31,1465.0,31.170212765957448,4.530441339225292,31,1842.0,0.14996444048369437,31,1842.0
250.0,31,1620.0,36.0,3.4986004506761965,31,1997.0,0.12133057671400066,31,1997.0
255.0,28,1450.0,30.851063829787233,3.942508150864288,28,2021.0,0.22865252125387533,28,2021.0
260.0,21,1428.0,28.56,4.978884340524161,21,1918.0,0.255807629179973,21,1918.0
265.0,27,1553.0,31.06,4.965374143484118,27,1936.0,0.20479534960917004,27,1936.0
270.0,27,1650.0,33.0,3.9411003932087896,27,2053.0,0.176033160549449,27,2053.0
275.0,27,1785.0,38.80434782608695,4.329056951536935,27,2168.0,0.17114488322823543,27,2168.0
280.0,29,1925.0,40.104166666666664,5.157161387254526,29,2308.0,0.20672124983874055,29,2308.0
285.0,29,2070.0,47.04545454545455,4.428740596849819,29,2453.0,0.14624534560719507,29,2453.0
290.0,31,2218.0,46.208333333333336,4.37505743512649,31,2601.0,0.2620014861535376,31,2601.0
295.0,31,2373.0,49.4375,4.032426172685452,31,2756.0,0.23081629620204705,31,2756.0
300.0,29,2385.0,49.6875,2.854190644402968,29,2843.0,0.15198709337011085,29,2843.0
305.0,32,2527.0,51.57142857142857,3.370890405365068,32,2918.0,0.16603933418952702,32,2918.0
310.0,34,2694.0,52.8235294117647,3.965763238445577,34,3071.0,0.14758315442353256,34,3071.0
315.0,33,2826.0,54.34615384615385,3.3752723088450716,33,3224.0,0.14255340535187383,33,3224.0
320.0,32,2983.0,62.145833333333336,3.5419129883821143,32,3363.0,0.1692738995879599,32,3363.0
325.0,33,3144.0,58.22222222222222,4.937561312125556,33,3521.0,0.17872837733047997,33,3521.0
330.0,34,3313.0,64.96078431372548,4.000597500591776,34,3690.0,0.16180937018409144,34,3690.0
335.0,38,3493.0,71.28571428571429,2.413044936171038,38,3870.0,0.09981026164405783,38,3870.0
340.0,40,3691.0,73.82,2.606035636931417,40,4068.0,0.12560936368304848,40,4068.0
345.0,40,3891.0,74.82692307692308,2.81352214482633,40,4268.0,0.11448755568401445,40,4268.0
350.0,36,3944.0,75.84615384615384,2.65879796953178,36,4393.0,0.12227915768878912,36,4393.0
355.0,36,4115.0,73.48214285714286,3.792759358805361,36,4495.0,0.14485459757905003,36,4495.0
360.0,38,4305.0,82.78846153846153,3.254802263859177,38,4682.0,0.11289384444430363,38,4682.0
365.0,36,4453.0,74.21666666666667,3.7445537721575732,36,4849.0,0.19602573035631832,36,4849.0
370.0,37,4626.0,82.60714285714286,3.386767290300632,37,5005.0,0.14074166118036494,37,5005.0
375.0,42,4826.0,80.43333333333334,3.943856041898876,42,5203.0,0.14301793680246913,42,5203.0
380.0,42,5036.0,89.92857142857143,3.310723978204616,42,5413.0,0.11731983578305306,42,5413.0
385.0,41,5225.0,90.08620689655173,2.517026315422771,41,5602.0,0.1212732480162688,41,5602.0
390.0,44,5441.0,100.75925925925925,2.3131330038002136,44,5818.0,0.11196601982744005,44,5818.0
395.0,45,5662.0,97.62068965517241,2.303779617497472,45,6039.0,0.09359122203974729,45,6039.0
400.0,42,5831.0,97.18333333333334,2.323834526722833,42,6240.0,0.12772171990444944,42,6240.0
405.0,44,6031.0,94.234375,3.310900915741023,44,6412.0,0.12490351157084685,44,6412.0
410.0,45,6253.0,97.703125,3.621377342773651,45,6630.0,0.10958046924821303,45,6630.0
415.0,46,6483.0,101.296875,3.4795846948038234,46,6860.0,0.1297053897099455,46,6860.0
420.0,44,6691.0,115.36206896551724,2.774721004499744,44,7068.0,0.10231734378624609,44,7068.0
425.0,45,6912.0,115.2,2.837690680043712,45,7289.0,0.12217325589185316,45,7289.0
430.0,48,7146.0,125.36842105263158,2.0674404914788447,48,7523.0,0.08995595287492482,48,7523.0
435.0,44,7351.0,109.71641791044776,2.654863978630497,44,7740.0,0.15737879941523708,44,7740.0
440.0,49,7583.0,116.66153846153846,2.691585401749016,49,7960.0,0.12548554837618175,49,7960.0
445.0,51,7835.0,110.35211267605634,3.292468717108824,51,8212.0,0.13266456878843258,51,8212.0
450.0,51,8078.0,122.39393939393939,2.387602964109894,51,8458.0,0.0969956923701554,51,8458.0
455.0,52,8338.0,126.33333333333333,2.30624760883327,52,8715.0,0.11926547517245203,52,8715.0
460.0,56,8611.0,128.52238805970148,2.1343533031652493,56,8988.0,0.09399962895083505,56,8988.0
465.0,52,8835.0,129.9264705882353,1.667294020917229,52,9239.0,0.09474064505923654,52,9239.0
470.0,50,9076.0,127.83098591549296,2.5898170924838,50,9455.0,0.109935392681028,50,9455.0
475.0,54,9343.0,129.76388888888889,3.2117456704711405,54,9720.0,0.10460011646814009,54,9720.0
480.0,54,9613.0,139.31884057971016,2.505107372723044,54,9990.0,0.08368412754430835,54,9990.0
485.0,52,9854.0,142.81159420289856,2.5152317946679177,52,10232.0,0.1233690360308472,52,10232.0
490.0,54,10119.0,148.80882352941177,2.140396893125718,54,10496.0,0.08639203601757427,54,10496.0
495.0,56,10399.0,148.55714285714285,2.34407404624441,56,10776.0,0.09791952634483181,56,10776.0
500.0,53,10635.0,154.1304347826087,2.019858772201228,53,11031.0,0.0993875821509965,53,11031.0
505.0,52,10894.0,155.62857142857143,2.5422981087429477,52,11271.0,0.10483812000474993,52,11271.0
510.0,54,11161.0,150.82432432432432,3.535359109137041,54,11538.0,0.1191294384762998,54,11538.0
515.0,56,11434.0,163.34285714285716,2.4847840408341164,56,11811.0,0.07619633752872347,56,11811.0
520.0,58,11721.0,172.36764705882354,1.806610788992812,58,12098.0,0.08176379276090635,58,12098.0
525.0,58,12011.0,176.63235294117646,1.8127460362437748,58,12388.0,0.08272366460654985,58,12388.0
530.0,55,12229.0,169.84722222222223,1.730354808550899,55,12631.0,0.09525850914043946,55,12631.0
535.0,58,12516.0,178.8,1.9646924513542519,58,12893.0,0.07494197955037478,58,12893.0
540.0,61,12813.0,173.14864864864865,2.144054000788899,61,13190.0,0.05265274681886123,61,13190.0
545.0,56,13048.0,181.22222222222223,1.723884690324853,56,13462.0,0.06255954134315633,56,13462.0
550.0,54,13307.0,179.82432432432432,2.8120996575066877,54,13689.0,0.10914010040564338,54,13689.0
555.0,55,13579.0,183.5,3.2156450724661,55,13956.0,0.09127570252808204,55,13956.0
560.0,55,13848.0,189.6986301369863,2.53476777216012,55,14225.0,0.09100711345702492,55,14225.0
565.0,58,14134.0,207.85294117647058,1.8299116836240672,58,14511.0,0.08467637529081146,58,14511.0
570.0,59,14426.0,200.36111111111111,1.876480223139106,59,14803.0,0.09567770399272942,59,14803.0
575.0,56,14663.0,209.47142857142856,1.6396615215821786,56,15071.0,0.08512688983836501,56,15071.0
580.0,56,14930.0,196.44736842105263,2.704982511706377,56,15313.0,0.13726871421447914,56,15313.0
585.0,57,15211.0,200.14473684210526,3.023039598157833,57,15588.0,0.08809135208599002,57,15588.0
590.0,52,13345.0,171.0897435897436,2.620127517540973,52,15019.0,0.10151973525973143,52,15019.0
595.0,48,10150.0,135.33333333333334,3.1792154816980607,48,13660.0,0.12227657124637839,48,13660.0
600.0,40,7652.0,103.4054054054054,3.6160383640710037,40,11681.0,0.1295865033792717,40,11681.0
605.0,34,6524.0,90.61111111111111,3.7540646665893767,34,11846.0,0.1759030673683295,34,11846.0
610.0,32,5728.0,83.01449275362319,3.510934826741071,32,11968.0,0.18151690179617927,32,11968.0
615.0,40,5911.0,79.87837837837837,3.9041342981181786,40,12145.0,0.1503899947841988,40,12145.0
620.0,46,6127.0,79.57142857142857,2.9383503997940403,46,12361.0,0.12901983441034678,46,12361.0
625.0,53,6375.0,83.88157894736842,2.134427121083098,53,12609.0,0.09081497266693515,53,12609.0
630.0,60,6663.0,83.2875,2.1264786961907673,60,12897.0,0.10322728706012246,60,12897.0
635.0,67,6988.0,89.58974358974359,1.5245232208467765,67,13222.0,0.045645394589759955,67,13222.0
640.0,68,7328.0,89.36585365853658,2.192153042622485,68,13562.0,0.10302083668812775,68,13562.0
645.0,68,7668.0,97.0632911392405,1.5472414503318555,68,13902.0,0.05245600772450407,68,13902.0
650.0,70,8016.0,96.57831325301204,2.0924071539125113,70,14250.0,0.10002664771471984,70,14250.0
655.0,70,8366.0,102.02439024390245,1.6658752766007885,70,14600.0,0.07721798495200628,70,14600.0
660.0,68,8306.0,100.07228915662651,1.5905433584332849,68,14793.0,0.07328029166441524,68,14793.0
665.0,60,8347.0,99.36904761904762,2.170891710010685,60,14855.0,0.10174055307419512,60,14855.0
670.0,62,8655.0,100.63953488372093,2.9495636161014853,62,14938.0,0.09347745265238498,62,14938.0
675.0,61,8927.0,103.80232558139535,2.4264355907866477,61,15231.0,0.08857546146864895,61,15231.0
680.0,64,9240.0,111.32530120481928,2.5798833435895405,64,15522.0,0.09201646166201169,64,15522.0
685.0,65,9561.0,113.82142857142857,2.817982063105691,65,15843.0,0.07750327487010306,65,15843.0
690.0,66,9891.0,125.20253164556962,2.1201576414437726,66,16173.0,0.06319766079483292,66,16173.0
695.0,66,10221.0,132.74025974025975,1.490741257966925,66,16503.0,0.05273695871214927,66,16503.0
700.0,68,10559.0,137.12987012987014,1.4917524383478806,68,16841.0,0.0746080718287243,68,16841.0
705.0,68,10899.0,136.2375,1.614427627657702,68,17181.0,0.055565810767441916,68,17181.0
710.0,64,11039.0,137.9875,1.816008724369492,64,17416.0,0.0842887433609889,64,17416.0
715.0,59,11243.0,135.4578313253012,2.861621397308389,59,17545.0,0.11566022533087926,59,17545.0
720.0,62,11549.0,144.3625,2.7458374933889447,62,17783.0,0.06354200204560005,62,17783.0
725.0,59,11823.0,140.75,2.824408245076086,59,18073.0,0.1113560938895913,59,18073.0
730.0,61,12120.0,153.41772151898735,2.604574767335643,61,18355.0,0.0867858380574707,61,18355.0
735.0,63,12428.0,153.4320987654321,2.8951276736344425,63,18662.0,0.07962392417451632,63,18662.0
740.0,63,12743.0,165.4935064935065,2.322802616470681,63,18977.0,0.08054351882267348,63,18977.0
745.0,60,13015.0,171.25,1.5735684643029262,60,19259.0,0.0989870694735539,60,19259.0
750.0,64,13326.0,177.68,1.7109351748505484,64,19560.0,0.07375266125518913,64,19560.0
755.0,66,13649.0,172.77215189873417,1.8018895236585106,66,19883.0,0.07570763167947996,66,19883.0
760.0,63,13925.0,180.84415584415584,1.5513675384798364,63,20190.0,0.08134645111314938,63,20190.0
765.0,61,14221.0,177.7625,2.406709449334948,61,20459.0,0.10134404062128892,61,20459.0
770.0,62,14527.0,179.34567901234567,2.7890450169913725,62,20761.0,0.080407966979321,62,20761.0
775.0,63,14842.0,185.525,2.6127538486568698,63,21076.0,0.09840511676922607,63,21076.0
780.0,57,14111.0,190.6891891891892,1.864770720735101,57,20372.0,0.06694855155543708,57,20372.0
785.0,50,12678.0,162.53846153846155,2.9940942623786233,50,18693.0,0.13498789425732,50,18693.0
790.0,45,11573.0,154.30666666666667,3.6193925291262032,45,16256.0,0.14372850414542107,45,16256.0
795.0,37,10421.0,133.60256410256412,3.6047416616717656,37,16440.0,0.18774735521099728,37,16440.0
800.0,38,9605.0,131.57534246575344,3.5151413070029465,38,16608.0,0.179788041214511,38,16608.0
805.0,47,9819.0,121.22222222222223,3.5769899309058286,47,16822.0,0.17421754903442255,47,16822.0
810.0,53,10068.0,124.29629629629629,2.6040995584680857,53,17073.0,0.10278331307380298,53,17073.0
815.0,61,10357.0,126.3048780487805,1.8825453604785736,61,17362.0,0.09287576344951393,61,17362.0
820.0,69,10683.0,128.710843373494,1.5502762170127904,69,17690.0,0.07136610943258186,69,17690.0
825.0,73,11044.0,128.41860465116278,1.8030022801237113,73,18051.0,0.09222920253189558,73,18051.0
830.0,75,11417.0,134.31764705882352,1.5432989903175116,75,18424.0,0.06998236538715466,75,18424.0
835.0,75,11792.0,137.11627906976744,1.6561009109117706,75,18799.0,0.06602838432752578,75,18799.0
840.0,72,11788.0,138.68235294117648,1.3728237688657356,72,19023.0,0.05381127346026153,72,19023.0
845.0,63,11903.0,135.26136363636363,2.534043424184146,63,19079.0,0.11009807511616305,63,19079.0
850.0,66,12229.0,138.9659090909091,2.7621946236895933,66,19266.0,0.09125924114495129,66,19266.0
855.0,64,12519.0,140.6629213483146,2.4020861304253214,64,19572.0,0.08943041906638745,64,19572.0
860.0,67,12851.0,149.43023255813952,2.624291314418901,67,19888.0,0.0907781951817152,67,19888.0
865.0,67,13186.0,153.32558139534885,2.60396746528022,67,20223.0,0.09027090607005839,67,20223.0
870.0,69,13531.0,159.18823529411765,2.190174029398451,69,20568.0,0.07833082270940986,69,20568.0
875.0,71,13883.0,171.39506172839506,1.4198927808360196,71,20920.0,0.05517020511019334,71,20920.0
880.0,69,14108.0,169.97590361445782,1.281326425368248,69,21203.0,0.07629793579022848,69,21203.0
885.0,67,14421.0,173.74698795180723,2.068886840232728,67,21451.0,0.086936289636243,67,21451.0
890.0,70,14761.0,167.73863636363637,2.4377667592447283,70,21768.0,0.07194904005136335,70,21768.0
895.0,71,15116.0,177.83529411764707,1.907340938156322,71,22123.0,0.05815930736213103,71,22123.0
900.0,67,15379.0,183.08333333333334,1.3246797902166898,67,22434.0,0.05990002642948812,67,22434.0
905.0,66,15689.0,189.02409638554218,1.808179852461035,66,22715.0,0.07329651556919226,66,22715.0
910.0,66,16019.0,184.1264367816092,2.9365146001438744,66,23026.0,0.10209737421924553,66,23026.0
915.0,68,16351.0,192.36470588235295,2.5288479101486105,68,23358.0,0.07501386512114826,68,23358.0
920.0,68,16691.0,201.09638554216866,2.3377099252413704,68,23698.0,0.0879054063713044,68,23698.0
925.0,64,16963.0,209.41975308641975,1.8169574408519855,64,23988.0,0.08029945727527836,64,23988.0
930.0,67,17291.0,208.32530120481928,2.151988310980624,67,24298.0,0.07717187082001051,67,24298.0
935.0,69,17635.0,217.71604938271605,1.818904425653899,69,24642.0,0.06961124160182633,69,24642.0
940.0,65,17924.0,208.41860465116278,1.908822483798579,65,24957.0,0.08594828380125459,65,24957.0
945.0,66,18248.0,219.85542168674698,2.236479349125933,66,25256.0,0.09112194931889843,66,25256.0
950.0,67,18579.0,213.55172413793105,2.8500421306968837,67,25586.0,0.0942317859989564,67,25586.0
955.0,68,18919.0,227.93975903614458,2.3297544221457303,68,25926.0,0.07486975854271312,68,25926.0
960.0,66,19238.0,234.609756097561,1.5114489862454217,66,26245.0,0.06251266616303601,66,26245.0
965.0,70,19583.0,244.7875,1.5728633001717545,70,26590.0,0.07249161483273785,70,26590.0
970.0,71,19935.0,237.32142857142858,1.5677024693745916,71,26942.0,0.05964553210824313,71,26942.0
975.0,68,20234.0,246.7560975609756,1.3042535945131009,68,27272.0,0.07817669994115788,68,27272.0
980.0,67,20562.0,241.90588235294118,2.080385726503751,67,27575.0,0.1012097465683,67,27575.0
985.0,67,20897.0,240.19540229885058,2.7303531541251713,67,27904.0,0.07786613329671635,67,27904.0
990.0,63,20080.0,230.80459770114942,2.5513318454453557,63,27051.0,0.10485667934678332,63,27051.0
995.0,57,18854.0,227.15662650602408,2.59447064354013,57,25044.0,0.10052366543768382,57,25044.0
1000.0,51,17239.0,202.81176470588235,3.413042023960104,51,22095.0,0.14281598186221492,51,22095.0
1005.0,43,15938.0,199.225,3.119041878938424,43,22312.0,0.15882021635579688,43,22312.0
1010.0,41,15019.0,185.41975308641975,3.644567605900403,41,22488.0,0.1989611946526018,41,22488.0
1015.0,49,15248.0,179.38823529411764,3.5056994667462984,49,22713.0,0.1335512407307281,49,22713.0
1020.0,56,15520.0,178.39080459770116,2.502042589641043,56,22976.0,0.08442015066824263,56,22976.0
1025.0,66,15835.0,184.12790697674419,1.7666297000604894,66,23281.0,0.07641374307748473,66,23281.0
1030.0,73,16187.0,183.9431818181818,1.4616537186389977,73,23623.0,0.06439395827352168,73,23623.0
1035.0,79,16576.0,186.24719101123594,1.399201045936027,79,24002.0,0.06646101239907166,79,24002.0
1040.0,79,16971.0,186.4945054945055,1.6497862994478096,79,24387.0,0.07688979687838736,79,24387.0
1045.0,75,17055.0,181.43617021276594,1.5660101769876946,75,24642.0,0.07422920226389541,75,24642.0
1050.0,71,17291.0,192.12222222222223,1.792859886467867,71,24811.0,0.08673719285975218,71,24811.0
1055.0,75,17656.0,187.82978723404256,2.2477427144528863,75,25047.0,0.07113000348513361,75,25047.0
1060.0,69,17966.0,193.18279569892474,1.9435373231660704,69,25377.0,0.06367608208751944,69,25377.0
1065.0,71,18314.0,196.9247311827957,2.4530370834303428,71,25691.0,0.09570962361900182,71,25691.0
1070.0,71,18669.0,205.15384615384616,2.4775575312765272,71,26030.0,0.07341455055363726,71,26030.0
1075.0,73,19034.0,213.86516853932585,2.3023458835430457,73,26385.0,0.07172581179432512,73,26385.0
1080.0,73,19399.0,225.56976744186048,1.6462352139163159,73,26740.0,0.05034580110874278,73,26740.0
1085.0,70,19666.0,223.47727272727272,1.2212750694327086,70,27045.0,0.07240603343187348,70,27045.0
1090.0,74,20030.0,230.22988505747125,1.6510353536450024,74,27342.0,0.07155576156897554,74,27342.0
1095.0,76,20402.0,219.3763440860215,1.861897259337136,76,27690.0,0.06220222689157297,76,27690.0
1100.0,72,20719.0,230.2111111111111,1.7756406723741214,72,28021.0,0.07207990702085887,72,28021.0
1105.0,70,21060.0,228.91304347826087,2.3542728615078734,70,28317.0,0.10466739878133866,70,28317.0
1110.0,72,21418.0,237.9777777777778,2.6117962707170803,72,28646.0,0.07167702870489069,72,28646.0
1115.0,72,21778.0,241.9777777777778,2.4501885717403034,72,28986.0,0.060018780827833226,72,28986.0
1120.0,70,22110.0,257.09302325581393,1.9583103313182455,70,29298.0,0.07801481986836661,70,29298.0
1125.0,71,22461.0,261.1744186046512,1.808561497277162,71,29629.0,0.0752164331515727,71,29629.0
1130.0,74,22824.0,265.3953488372093,1.7650536728581254,74,29972.0,0.07074080442010125,74,29972.0
1135.0,70,23160.0,266.2068965517241,1.532637766702322,70,30299.0,0.07583914673571611,70,30299.0
1140.0,70,23510.0,276.5882352941176,1.8154821796815674,70,30618.0,0.06799491972219333,70,30618.0
1145.0,72,23867.0,265.18888888888887,2.5689333865797432,72,30955.0,0.10040703596005024,72,30955.0
1150.0,72,24227.0,281.7093023255814,2.0455883794563765,72,31295.0,0.06556834963130653,72,31295.0
1155.0,68,23692.0,263.24444444444447,1.7622990219793695,68,30346.0,0.08566259410821266,68,30346.0
1160.0,64,22572.0,262.4651162790698,2.0723019990778506,64,28143.0,0.09406347138955799,64,28143.0
1165.0,56,21586.0,234.6304347826087,3.4529753322648493,56,25912.0,0.15765418798593653,56,25912.0
1170.0,48,20665.0,237.5287356321839,2.907219908465671,48,26117.0,0.14471377680978234,48,26117.0
1175.0,46,20185.0,229.375,3.1001795236509895,46,26288.0,0.1442587693186834,46,26288.0
1180.0,55,20446.0,227.17777777777778,3.0289449399496013,55,26518.0,0.12435735405925466,55,26518.0
1185.0,62,20743.0,220.67021276595744,2.5711575775405606,62,26785.0,0.10380018675206144,62,26785.0
1190.0,71,21080.0,226.66666666666666,1.8326738475998146,71,27092.0,0.07144822343854994,71,27092.0
1195.0,77,21451.0,228.20212765957447,1.64520590695383,77,27434.0,0.0749729961617022,77,27434.0
1200.0,83,21856.0,237.56521739130434,1.0489327555280827,83,27809.0,0.03803412466521484,83,27809.0
1205.0,84,22276.0,232.04166666666666,1.593991036336796,84,28199.0,0.08083537246468621,84,28199.0
1210.0,84,22696.0,238.90526315789472,1.1745122742595326,84,28589.0,0.03948641241617772,84,28589.0
1215.0,80,22757.0,232.21428571428572,1.823446777796854,80,28835.0,0.0864799590405015,80,28835.0
1220.0,73,22949.0,236.58762886597938,1.86844819766394,73,28964.0,0.07904323425509723,73,28964.0
1225.0,76,23327.0,235.62626262626262,2.267739009469479,76,29145.0,0.06748593056752836,76,29145.0
1230.0,78,23678.0,236.78,1.8737107635323682,78,29485.0,0.0673763837620265,78,29485.0
1235.0,78,24063.0,250.65625,1.9119779490757045,78,29815.0,0.051744805588056816,78,29815.0
1240.0,80,24461.0,249.60204081632654,2.3074710176505158,80,30171.0,0.062343201230637114,80,30171.0
1245.0,80,24861.0,267.3225806451613,1.7487014518342374,80,30531.0,0.06471042005023148,80,30531.0
1250.0,75,25153.0,264.7684210526316,1.4151347124389408,75,30829.0,0.07040624720256891,75,30829.0
1255.0,78,25538.0,277.5869565217391,1.6875323206454396,78,31115.0,0.07234656235596378,78,31115.0
1260.0,81,25933.0,270.1354166666667,1.9364152340085508,81,31468.0,0.04441305676719703,81,31468.0
1265.0,76,26270.0,279.468085106383,1.5844199129234586,76,31800.0,0.052550079065968223,76,31800.0
1270.0,74,26631.0,283.3085106382979,2.222178955725245,74,32095.0,0.09297031647142284,74,32095.0
1275.0,75,27002.0,287.25531914893617,2.449765767788132,75,32417.0,0.06810550838137323,75,32417.0
1280.0,76,27382.0,291.29787234042556,2.5366186133536397,76,32757.0,0.0783982167935719,76,32757.0
1285.0,74,27741.0,311.69662921348316,1.8745732431738709,74,33076.0,0.07768029608151446,74,33076.0
1290.0,76,28115.0,312.3888888888889,1.668464839059403,76,33410.0,0.06405873569080843,76,33410.0
1295.0,78,28503.0,323.89772727272725,1.4117230642013021,78,33758.0,0.06205247628432347,78,33758.0
1300.0,74,28851.0,310.2258064516129,1.263869339306478,74,34079.0,0.06434706633000788,74,34079.0
1305.0,77,29233.0,317.75,1.944446612166807,77,34398.0,0.07287430441426164,77,34398.0
1310.0,77,29618.0,308.5208333333333,2.2631729029827152,77,34733.0,0.08777201818295442,77,34733.0
1315.0,79,30013.0,329.8131868131868,1.6891137596448418,79,35078.0,0.0660205929079242,79,35078.0
1320.0,79,30408.0,326.96774193548384,1.499209715260844,79,35423.0,0.05811769804697021,79,35423.0
1325.0,81,30810.0,334.89130434782606,1.3875860719567983,81,35775.0,0.06154257027769487,81,35775.0
1330.0,81,31215.0,335.64516129032256,1.3533543826066847,81,36130.0,0.08076625269063106,81,36130.0
1335.0,83,31625.0,336.43617021276594,1.4469752203747899,83,36490.0,0.06434033033293825,83,36490.0
1340.0,83,32040.0,330.30927835051546,1.6929606483221298,83,36855.0,0.07653901629989328,83,36855.0
1345.0,80,32288.0,332.8659793814433,1.6066193321847064,80,37140.0,0.07000755268861562,80,37140.0
1350.0,77,32655.0,329.8484848484849,2.4636431264170313,77,37389.0,0.10729060859778287,77,37389.0
1355.0,81,33049.0,344.2604166666667,1.9665396101162278,81,37714.0,0.0651969695233686,81,37714.0
1360.0,81,33454.0,337.9191919191919,1.8152444030496298,81,38069.0,0.0644934176045693,81,38069.0
1365.0,79,33801.0,359.5851063829787,1.4513879620108914,79,38400.0,0.06589157217047203,79,38400.0
1370.0,77,34171.0,359.69473684210527,1.672809991703326,77,38699.0,0.06987848809593848,77,38699.0
1375.0,78,34561.0,356.29896907216494,2.4402120789276127,78,39019.0,0.07482338533219865,78,39019.0
1380.0,72,33700.0,362.36559139784947,1.8491821102224069,72,37927.0,0.07592580263027114,72,37927.0
1385.0,67,32004.0,340.468085106383,2.4677701894599684,67,35536.0,0.09215386257037446,67,35536.0
1390.0,61,30702.0,330.1290322580645,3.1207105516763787,61,33128.0,0.11505680231161092,61,33128.0
1395.0,53,29127.0,316.5978260869565,3.1056781427332676,53,32798.0,0.14908071218543018,53,32798.0
1400.0,51,28364.0,322.3181818181818,3.1534512412114917,51,32956.0,0.15782341964971053,51,32956.0
1405.0,58,28640.0,304.6808510638298,3.161258639614757,58,33164.0,0.12871633730258947,58,33164.0
1410.0,65,28950.0,307.97872340425533,2.3590224983210404,65,33414.0,0.08253923212665466,65,33414.0
1415.0,72,29298.0,308.4,1.6565917195805708,72,33702.0,0.05278981396534611,72,33702.0
1420.0,81,29682.0,309.1875,1.4624420882501559,81,34027.0,0.06322446319469818,81,34027.0
1425.0,85,30103.0,313.5729166666667,1.0940747968096678,85,34389.0,0.042451433470024606,85,34389.0
1430.0,88,30540.0,311.6326530612245,1.3506288354647014,88,34766.0,0.05950998174493617,88,34766.0
1435.0,88,30980.0,316.1224489795918,1.270940406172817,88,35146.0,0.06359403564780261,88,35146.0
1440.0,84,31068.0,317.0204081632653,1.2044973715643614,84,35382.0,0.04225183878015832,84,35382.0
1445.0,78,31304.0,306.9019607843137,2.031142782282022,78,35503.0,0.08487439666763912,78,35503.0
1450.0,80,31702.0,317.02,2.4015594049848135,80,35681.0,0.06976345174918036,80,35681.0
1455.0,77,32062.0,314.3333333333333,1.9250393053212058,77,35985.0,0.06575211526747492,77,35985.0
1460.0,80,32460.0,334.63917525773195,2.1180521242433716,80,36299.0,0.07563366330188422,80,36299.0
1465.0,82,32864.0,328.64,2.3213903356797143,82,36633.0,0.07017434330123216,82,36633.0
1470.0,76,32833.0,342.0104166666667,2.004816460695924,76,35940.0,0.07446274940420267,76,35940.0
1475.0,68,32498.0,338.5208333333333,2.0204956575727677,68,34567.0,0.07044241513216719,68,34567.0
1480.0,64,32234.0,342.9148936170213,2.7980071200268943,64,32350.0,0.10755308438797088,64,32350.0
1485.0,54,31897.0,335.7578947368421,2.6018408553658547,54,32552.0,0.1144726852399983,54,32552.0
1490.0,55,31904.0,350.5934065934066,2.902891276341669,55,32722.0,0.13938353866667733,55,32722.0
1495.0,62,32201.0,328.5816326530612,3.2341086794994087,62,32946.0,0.12132616616183939,62,32946.0
1500.0,69,32530.0,338.8541666666667,2.027531981903213,69,33206.0,0.07110668523931657,69,33206.0
1505.0,76,32898.0,335.6938775510204,1.6376997718253707,76,33507.0,0.08449304047080658,76,33507.0
1510.0,85,33305.0,339.8469387755102,1.1336671108248861,85,33844.0,0.043958645400716506,85,33844.0
1515.0,90,33751.0,324.52884615384613,1.7439428619351456,90,34217.0,0.06470466187761019,90,34217.0
1520.0,84,33995.0,339.95,1.3730694600433155,84,33829.0,0.053829532784946205,84,33829.0
1525.0,76,34094.0,324.7047619047619,2.4564913769254186,76,32945.0,0.10835060625772157,76,32945.0
1530.0,72,34241.0,335.69607843137254,2.778520555802701,72,31448.0,0.10264468050668633,72,31448.0
1535.0,63,34315.0,336.421568627451,2.4895442173450664,63,31684.0,0.11256263228689663,63,31684.0
1540.0,63,34491.0,348.3939393939394,2.747848129871245,63,31901.0,0.12498761412501745,63,31901.0
1545.0,68,34823.0,334.83653846153845,2.478628895235144,68,32153.0,0.09844700835817309,68,32153.0
1550.0,78,35194.0,332.0188679245283,2.090453182190303,78,32445.0,0.08585674785284537,78,32445.0
1555.0,84,35599.0,335.83962264150944,1.4220316500346248,84,32773.0,0.059061538258442736,84,32773.0
1560.0,92,36047.0,340.0660377358491,1.0406509575374008,92,33141.0,0.03774122333181859,92,33141.0
1565.0,98,36526.0,332.05454545454546,1.3841943254061702,98,33540.0,0.04933943681806249,98,33540.0
1570.0,100,37020.0,339.6330275229358,1.044047087641555,100,33954.0,0.0349814464628524,100,33954.0
1575.0,100,37520.0,338.01801801801804,1.2384586688836037,100,34374.0,0.061051430435628995,100,34374.0
1580.0,97,37290.0,339.0,0.888490969737077,97,34530.0,0.049308464979861966,97,34530.0
1585.0,89,36918.0,329.625,1.7323094360603537,89,34328.0,0.06336856707686966,89,34328.0
1590.0,83,37042.0,322.10434782608695,2.345964369523191,83,34200.0,0.0795744105471261,83,34200.0
1595.0,79,37389.0,339.9,1.8927421920116192,79,34494.0,0.07733853177903181,79,34494.0
1600.0,83,37785.0,337.36607142857144,2.0739595510206623,83,34780.0,0.088833356663422,83,34780.0
1605.0,90,38220.0,350.64220183486236,1.7424562182576588,90,35119.0,0.03889485892219123,90,35119.0
1610.0,90,29546.0,263.80357142857144,1.6615755962068695,90,33493.0,0.05859446910091037,90,33493.0
1615.0,83,18669.0,177.8,1.6771758525852583,83,29867.0,0.07184572665064339,83,29867.0
1620.0,78,9820.0,90.92592592592592,2.2340807950930657,78,24257.0,0.07736932715743829,78,24257.0
1625.0,68,5727.0,53.52336448598131,2.1458674843068852,68,24566.0,0.09806602289079396,68,24566.0
1630.0,65,3655.0,34.1588785046729,2.5973435697070233,65,24821.0,0.11457124078518338,65,24821.0
1635.0,72,4003.0,37.06481481481482,2.7032900532376436,72,25128.0,0.09593396330792649,72,25128.0
1640.0,78,4381.0,39.11607142857143,2.0809898830530855,78,25476.0,0.057744794549343136,78,25476.0
1645.0,88,4803.0,44.47222222222222,1.4549388780296832,88,25868.0,0.059391470382744366,88,25868.0
1650.0,94,5260.0,48.7037037037037,1.2054797797154484,94,26295.0,0.055286582489986885,94,26295.0
1655.0,93,5035.0,47.5,1.1006285488850094,93,26115.0,0.04560705196122823,93,26115.0
1660.0,86,4447.0,39.35398230088496,1.8316023464136093,86,25471.0,0.06878236123232379,86,25471.0
1665.0,83,3863.0,35.11818181818182,2.2378355722931227,83,24826.0,0.07660808036601638,83,24826.0
1670.0,68,3088.0,27.571428571428573,2.5006178748985493,68,24936.0,0.12404822228525811,68,24936.0
1675.0,69,2996.0,27.74074074074074,2.3828137837117165,69,25214.0,0.10458374316590313,69,25214.0
1680.0,78,3371.0,30.098214285714285,2.2890504837585204,78,25550.0,0.08127206457195728,78,25550.0
1685.0,84,3778.0,33.43362831858407,1.6881450694921172,84,25917.0,0.06170963655226541,84,25917.0
1690.0,93,4229.0,36.14529914529915,1.4145164811772015,93,26328.0,0.05250128969827811,93,26328.0
1695.0,98,4709.0,40.947826086956525,1.0242546483602275,98,26768.0,0.04196663993091413,98,26768.0
1700.0,107,5230.0,43.583333333333336,1.294302889982229,107,27249.0,0.038002553732617676,107,27249.0
1705.0,108,5770.0,48.898305084745765,1.0274388473256022,108,27749.0,0.040722277288199465,108,27749.0
1710.0,104,6085.0,50.708333333333336,0.9921779761045861,104,27822.0,0.04955244462357627,104,27822.0
1715.0,98,6254.0,53.0,1.2918970543474009,98,27582.0,0.05212286621793322,98,27582.0
1720.0,91,6443.0,51.95967741935484,2.243220587575597,91,26973.0,0.08055251744376389,91,26973.0
1725.0,81,6573.0,54.775,2.0128948653070418,81,27342.0,0.0852668055359229,81,27342.0
1730.0,81,6855.0,57.60504201680672,2.0416346215823116,81,27674.0,0.09177640028791492,81,27674.0
1735.0,91,7289.0,59.74590163934426,2.129770635835851,91,28054.0,0.06815806197165704,91,28054.0
1740.0,90,7070.0,57.479674796747965,1.6330867471303332,90,26487.0,0.06767411527683695,90,26487.0
1745.0,88,6429.0,51.846774193548384,1.685346767877599,88,22961.0,0.06048724638882892,88,22961.0
1750.0,88,6025.0,48.58870967741935,2.1001790654403436,88,17627.0,0.07106343370739512,88,17627.0
1755.0,85,5581.0,46.12396694214876,1.8074716083086138,85,18045.0,0.08227075705560571,85,18045.0
1760.0,84,5538.0,45.768595041322314,2.168341012842459,84,18438.0,0.09012362404414721,84,18438.0
1765.0,90,5976.0,50.644067796610166,2.099083014253149,90,18873.0,0.060288279996487115,90,18873.0
1770.0,96,6446.0,56.54385964912281,1.5091951399391534,96,19343.0,0.021045630598174662,96,19343.0
1775.0,102,6948.0,62.035714285714285,1.22118516884289,102,19845.0,0.034468512866175104,102,19845.0
1780.0,102,7458.0,69.05555555555556,0.7181623139882568,102,20355.0,0.03501784377021562,102,20355.0
1785.0,98,6837.0,61.5945945945946,0.8485804925307844,98,20336.0,0.03826107450200579,98,20336.0
1790.0,90,5640.0,51.27272727272727,1.4851478600766483,90,19830.0,0.05709286094126658,90,19830.0
1795.0,84,4534.0,40.123893805309734,2.2285577409851514,84,18968.0,0.07736394235707815,84,18968.0
1800.0,71,3740.0,34.31192660550459,2.043709208418928,71,19331.0,0.08818178192320787,71,19331.0
1805.0,72,3631.0,32.711711711711715,2.415572005208193,72,19655.0,0.11357299127420634,72,19655.0
1810.0,80,4015.0,36.171171171171174,2.1611602480141556,80,20032.0,0.07479326697902965,80,20032.0
1815.0,86,4435.0,38.90350877192982,1.8984585954667608,86,20453.0,0.06849135668045081,86,20453.0
1820.0,93,4890.0,43.660714285714285,1.282538362359359,93,20908.0,0.04314667276894275,93,20908.0
1825.0,99,5373.0,47.13157894736842,1.1153657624574924,99,21391.0,0.03259164545494531,99,21391.0
1830.0,104,5887.0,52.097345132743364,1.0029324228057324,104,21905.0,0.03478987896548754,104,21905.0
1835.0,104,6407.0,56.69911504424779,1.0168135211494695,104,22425.0,0.04161600180184271,104,22425.0
1840.0,98,6691.0,59.74107142857143,1.1313801061260504,98,22466.0,0.042071168706811775,98,22466.0
1845.0,91,6839.0,58.956896551724135,1.8253681107537676,91,21834.0,0.05492460181970427,91,21834.0
1850.0,84,6974.0,62.267857142857146,2.318087482947859,84,21282.0,0.0790564153652132,84,21282.0
1855.0,75,7079.0,63.205357142857146,2.1579818016359407,75,21657.0,0.0922611911666518,75,21657.0
1860.0,73,7255.0,67.80373831775701,2.289789118433217,73,21999.0,0.0982174732908896,73,21999.0
1865.0,80,7639.0,68.20535714285714,2.341408929442455,80,22382.0,0.07663705084253808,80,22382.0
1870.0,80,7974.0,71.19642857142857,1.8486974607923605,80,22407.0,0.06144710133446842,80,22407.0
1875.0,76,8270.0,71.91304347826087,2.255154460407343,76,21937.0,0.09710517976687448,76,21937.0
1880.0,80,8597.0,75.41228070175438,2.2963709141816806,80,21601.0,0.0835153698873898,80,21601.0
1885.0,75,8912.0,78.17543859649123,2.1663803918758235,75,21967.0,0.09687353057536571,75,21967.0
1890.0,76,9261.0,84.19090909090909,2.1751332303400206,76,22319.0,0.08956057991233557,76,22319.0
1895.0,82,9661.0,84.74561403508773,2.2085609042063,82,22709.0,0.10560726268577199,82,22709.0
1900.0,84,10008.0,89.35714285714286,1.3008639626142429,84,22845.0,0.05303176170735635,84,22845.0
1905.0,85,10338.0,92.30357142857143,1.5505280970264894,85,23053.0,0.06649499207821653,85,23053.0
1910.0,83,10682.0,94.53097345132744,2.2738755561011468,83,23166.0,0.07993831597616445,83,23166.0
1915.0,74,10944.0,97.71428571428571,2.075249983194371,74,23513.0,0.08157463187970457,74,23513.0
1920.0,76,11298.0,102.7090909090909,2.5120470139546422,76,23833.0,0.10729266897327132,76,23833.0
1925.0,82,11693.0,107.27522935779817,2.226871668346618,82,24211.0,0.06386679992182563,82,24211.0
1930.0,88,12118.0,113.25233644859813,1.7979356378062685,88,24626.0,0.038715108298251456,88,24626.0
1935.0,92,12572.0,118.60377358490567,1.7204458001424379,92,25070.0,0.06606093820265224,92,25070.0
1940.0,94,13035.0,127.79411764705883,0.9887955084406456,94,25523.0,0.03797246015877177,94,25523.0
1945.0,88,13331.0,125.76415094339623,1.5173937394444426,88,25818.0,0.07077651497578899,88,25818.0
1950.0,83,13503.0,123.88073394495413,1.8356155054303487,83,26051.0,0.06736612680973648,83,26051.0
1955.0,76,13698.0,129.22641509433961,2.51779024878176,76,26200.0,0.08350452583927441,76,26200.0
1960.0,73,14018.0,129.7962962962963,2.3137418831034737,73,26527.0,0.1004972862669982,73,26527.0
1965.0,79,14400.0,141.1764705882353,1.7496581569026095,79,26871.0,0.0665190749040542,79,26871.0
1970.0,85,14809.0,139.70754716981133,2.170240516286821,85,27260.0,0.06611997457126152,85,27260.0
1975.0,88,15246.0,149.47058823529412,1.6270205084764375,88,27677.0,0.04892001435390971,88,27677.0
1980.0,90,15692.0,155.36633663366337,1.3421117184362097,90,28103.0,0.03686402053170122,90,28103.0
1985.0,90,16142.0,161.42,1.2715975710949943,90,28533.0,0.059329938056579296,90,28533.0
1990.0,86,16413.0,164.13,0.7597395154164408,86,28823.0,0.04758855024182971,86,28823.0
1995.0,80,16573.0,162.48039215686273,1.7195462873792038,80,28928.0,0.07414811517830092,80,28928.0
2000.0,75,16851.0,158.97169811320754,2.4346720906124926,75,29041.0,0.09037149273385862,75,29041.0
2005.0,73,17172.0,165.1153846153846,2.279165176991185,73,29372.0,0.09921560989141429,73,29372.0
2010.0,78,17543.0,170.32038834951456,2.096196193987241,78,29695.0,0.07855569729222592,78,29695.0
2015.0,83,17948.0,179.48,1.9821905267875906,83,30078.0,0.050879742253132194,83,30078.0
2020.0,78,16602.0,161.18446601941747,1.9339744194263127,78,29557.0,0.0722495249076951,78,29557.0
2025.0,73,14084.0,142.26262626262627,2.1523435401442663,73,28171.0,0.08042798763108097,73,28171.0
2030.0,65,11556.0,114.41584158415841,3.118308735016529,65,25907.0,0.12444566388309124,65,25907.0
2035.0,60,9836.0,101.4020618556701,2.6559440206130054,60,26174.0,0.11474760337621652,60,26174.0
2040.0,60,8699.0,92.54255319148936,2.4872930143868683,60,26409.0,0.11422221895924053,60,26409.0
2045.0,65,9014.0,91.05050505050505,2.727948056936831,65,26695.0,0.09807516801885398,65,26695.0
2050.0,74,9365.0,92.72277227722772,1.968516873344639,74,27016.0,0.06839685281477959,74,27016.0
2055.0,82,9763.0,97.63,1.4415477026341212,82,27384.0,0.06729856942856037,82,27384.0
2060.0,89,10198.0,97.12380952380953,1.335231575501819,89,27789.0,0.04436469395531008,89,27789.0
2065.0,94,10664.0,102.53846153846153,1.2039568900030964,94,28225.0,0.055348982836172914,94,28225.0
2070.0,94,11134.0,105.0377358490566,1.2298388854666205,94,28665.0,0.06822961055153488,94,28665.0
2075.0,96,11611.0,110.58095238095238,1.0618892767469947,96,29112.0,0.035498084503663596,96,29112.0
2080.0,90,11816.0,107.41818181818182,1.7234861172808318,90,28713.0,0.08954656055252933,90,28713.0
2085.0,85,11890.0,112.16981132075472,1.508227822843763,85,27317.0,0.05891952819016454,85,27317.0
2090.0,79,11950.0,106.69642857142857,2.481656272405929,79,25910.0,0.09501511132163437,79,25910.0
2095.0,69,11904.0,108.21818181818182,2.235193143678671,69,26223.0,0.09317050236527007,69,26223.0
2100.0,72,12102.0,114.16981132075472,2.4656834418690705,72,26497.0,0.1052965229432344,72,26497.0
2105.0,78,12474.0,112.37837837837837,2.292426906922477,78,26831.0,0.07335973722364167,78,26831.0
2110.0,86,12890.0,114.070796460177,1.7116300085982996,86,27208.0,0.07388793364328593,86,27208.0
2115.0,93,13343.0,118.07964601769912,1.2219454025349585,93,27621.0,0.048817994045339805,93,27621.0
2120.0,103,13830.0,119.22413793103448,1.1099715425150403,103,28069.0,0.05028981301232237,103,28069.0
2125.0,106,14351.0,122.65811965811966,1.1003678568130275,106,28552.0,0.04078151863100698,106,28552.0
2130.0,102,14138.0,121.87931034482759,0.9989379951493549,102,28707.0,0.033909280347581394,102,28707.0
2135.0,93,13447.0,115.92241379310344,1.3807588950659075,93,28556.0,0.056992364390255804,93,28556.0
2140.0,88,13245.0,112.2457627118644,2.047188799278389,88,28195.0,0.06299842595992235,88,28195.0
2145.0,79,13285.0,112.58474576271186,1.9365589011645485,79,28559.0,0.08620294312643695,79,28559.0
2150.0,81,13649.0,117.66379310344827,2.124810629228234,81,28896.0,0.09210871608640882,81,28896.0
2155.0,86,14071.0,121.30172413793103,2.0318245270076734,86,29276.0,0.06319199335995324,86,29276.0
2160.0,92,14521.0,129.65178571428572,1.3763730623609558,92,29682.0,0.03662138758564937,92,29682.0
2165.0,102,15009.0,129.38793103448276,1.297917867669283,102,30122.0,0.0360374903450613,102,30122.0
2170.0,104,15524.0,138.60714285714286,0.9304991763926086,104,30587.0,0.034371001351053185,104,30587.0
2175.0,104,16044.0,138.31034482758622,1.2485991562023786,104,31057.0,0.05297304324784649,104,31057.0
2180.0,101,16365.0,143.55263157894737,0.9620470255836467,101,31216.0,0.040335896040483266,101,31216.0
2185.0,92,16552.0,139.0924369747899,1.7011754645623152,92,30992.0,0.07209365498536635,92,30992.0
2190.0,88,16788.0,143.48717948717947,2.0576543344888414,88,30862.0,0.07881764064540606,88,30862.0
2195.0,79,17024.0,144.27118644067798,2.043902564868325,79,31200.0,0.0915407181638336,79,31200.0
2200.0,84,17433.0,150.2844827586207,2.1936636433556256,84,31538.0,0.07953289041812858,84,31538.0
2205.0,90,17873.0,154.07758620689654,2.0047121080594317,90,31928.0,0.0570411861566459,90,31928.0
2210.0,96,18344.0,162.3362831858407,1.6940327297290019,96,32350.0,0.05626202289065782,96,32350.0
2215.0,93,18713.0,167.08035714285714,1.2120357830356892,93,32572.0,0.054635651715364435,93,32572.0
2220.0,88,19015.0,176.0648148148148,1.4169817971095147,88,32630.0,0.05880996269959812,88,32630.0
2225.0,82,19336.0,171.1150442477876,2.067379955934967,82,32650.0,0.08077796091704542,82,32650.0
2230.0,80,19690.0,175.80357142857142,2.1039863622375887,80,32981.0,0.08396395324356083,80,32981.0
2235.0,83,20086.0,177.75221238938053,2.172981516786485,83,33294.0,0.08725721540850742,83,33294.0
2240.0,89,20517.0,188.22935779816513,2.2146302384953724,89,33657.0,0.050562266029889884,89,33657.0
2245.0,86,18033.0,163.93636363636364,2.0650009543927794,86,32099.0,0.07999688740541935,86,32099.0
2250.0,80,13595.0,130.72115384615384,1.9319290759928576,80,26666.0,0.07238245468867041,80,26666.0
2255.0,72,9147.0,86.29245283018868,2.3923837685419715,72,23173.0,0.0963117570681208,72,23173.0
2260.0,64,6694.0,63.15094339622642,2.609234956330952,64,23497.0,0.12010324680582045,64,23497.0
2265.0,65,6465.0,62.16346153846154,2.643484009936408,65,23782.0,0.12250130750668795,65,23782.0
2270.0,74,6813.0,65.50961538461539,2.769929301847762,74,24126.0,0.10345956239316545,74,24126.0
2275.0,78,7195.0,71.23762376237623,1.7466748950419417,78,24508.0,0.06143570616083424,78,24508.0
2280.0,86,7617.0,77.72448979591837,1.3175614280909467,86,24930.0,0.03738751042685827,86,24930.0
2285.0,88,8057.0,80.57,1.524458726088779,88,25370.0,0.06123305837331166,88,25370.0
2290.0,85,8146.0,83.12244897959184,1.0608532177571621,85,25606.0,0.045689758161163496,85,25606.0
2295.0,76,8009.0,80.09,1.9195301034297108,76,25647.0,0.09190319789977398,76,25647.0
2300.0,72,8162.0,80.01960784313725,2.4514690246598034,72,25672.0,0.08554232632240362,72,25672.0
2305.0,69,8472.0,83.05882352941177,2.586814175129359,69,25936.0,0.11840363949312734,69,25936.0
2310.0,75,8822.0,87.34653465346534,2.0503292394308534,75,26259.0,0.08421512765663174,75,26259.0
2315.0,81,9214.0,94.0204081632653,1.7778034604235775,81,26634.0,0.03906285717497617,81,26634.0
2320.0,84,9631.0,97.28282828282828,1.8376577854545422,84,27041.0,0.07517841211167516,84,27041.0
2325.0,84,10051.0,104.69791666666667,1.244302135721961,84,27451.0,0.038950935953330025,84,27451.0
2330.0,80,10333.0,103.33,1.4445082994057512,80,27704.0,0.06636326207771807,80,27704.0
2335.0,74,10529.0,109.67708333333333,1.6412767721365231,74,27806.0,0.0709642806027167,74,27806.0
2340.0,73,10871.0,108.71,2.524760116662033,73,27911.0,0.08502058757584129,73,27911.0
2345.0,71,11183.0,114.11224489795919,1.888079870939457,71,28245.0,0.06147435279893943,71,28245.0
2350.0,75,11541.0,117.76530612244898,2.1200141415310503,75,28566.0,0.06956054312204837,75,28566.0
2355.0,78,11926.0,124.22916666666667,2.3709253945095554,78,28936.0,0.06787436944839495,78,28936.0
2360.0,78,12316.0,128.29166666666666,2.3313481651515073,78,29316.0,0.07347043189889625,78,29316.0
2365.0,74,12594.0,136.8913043478261,1.9266856153301228,74,29616.0,0.07569305008196187,74,29616.0
2370.0,69,12876.0,138.4516129032258,2.394148483485359,69,29831.0,0.09780654842166028,69,29831.0
2375.0,72,13229.0,146.98888888888888,2.4325661335605067,72,30108.0,0.061004274298728664,72,30108.0
2380.0,69,13555.0,142.68421052631578,2.3371085010669765,69,30435.0,0.08355708222076005,69,30435.0
2385.0,72,13912.0,154.57777777777778,2.4162949989863396,72,30771.0,0.0751883410507444,72,30771.0
2390.0,72,14272.0,155.1304347826087,2.5726741954038115,72,31121.0,0.06511826299411592,72,31121.0
2395.0,68,12852.0,147.72413793103448,2.2340123608296243,68,30169.0,0.07896235334716507,68,30169.0
2400.0,58,10221.0,118.84883720930233,2.275279359700046,58,27987.0,0.09046906999325513,58,27987.0
2405.0,56,8161.0,94.8953488372093,3.4080913625002225,56,24554.0,0.1253198768454479,56,24554.0
2410.0,45,5768.0,68.66666666666667,2.764366608491673,45,24778.0,0.13070012071288276,45,24778.0
2415.0,47,4544.0,54.74698795180723,3.1736398551666807,47,24982.0,0.1516389766569974,47,24982.0
2420.0,53,4799.0,54.53409090909091,3.3183647649373076,53,25229.0,0.14427016153889796,53,25229.0
2425.0,55,4876.0,54.17777777777778,2.6027806070380524,55,25409.0,0.10300259318048188,55,25409.0
2430.0,59,5127.0,56.34065934065934,2.7500983204296667,59,25555.0,0.11386896822829044,59,25555.0
2435.0,69,5450.0,60.55555555555556,2.4318554243559007,69,25852.0,0.060796491473628325,69,25852.0
2440.0,71,5788.0,62.91304347826087,2.114872199720364,71,26188.0,0.07545830443936799,71,26188.0
2445.0,71,6143.0,71.43023255813954,1.9991889130504619,71,26525.0,0.07764149135676161,71,26525.0
2450.0,72,6500.0,71.42857142857143,2.58001745438498,72,26872.0,0.09552611608838851,72,26872.0
2455.0,75,6871.0,78.07954545454545,1.959200723596581,75,27233.0,0.0708139470213676,75,27233.0
2460.0,72,7202.0,82.7816091954023,1.6188725955837906,72,27564.0,0.07329841040940066,72,27564.0
2465.0,75,7566.0,85.97727272727273,1.6617666923774117,75,27908.0,0.06466262787596806,75,27908.0
2470.0,76,7945.0,89.26966292134831,1.7871349338338494,76,28277.0,0.06733230250706987,76,28277.0
2475.0,78,8328.0,93.57303370786516,1.3629003754903266,78,28650.0,0.06607578591964444,78,28650.0
2480.0,74,8651.0,96.12222222222222,1.2220883791723132,74,28999.0,0.059911228695835296,74,28999.0
2485.0,72,9002.0,97.84782608695652,2.075719693172165,72,29314.0,0.09635730640773253,72,29314.0
2490.0,74,9369.0,101.83695652173913,2.511638936855601,74,29661.0,0.06548741105548048,74,29661.0
2495.0,70,9239.0,100.42391304347827,2.057014716168898,70,28612.0,0.06275591998361825,70,28612.0
2500.0,64,8779.0,100.9080459770115,2.1740753296368736,64,27289.0,0.08746267374465502,64,27289.0
2505.0,59,8466.0,94.06666666666666,3.1544418978890656,59,25128.0,0.11045568736559744,59,25128.0
2510.0,49,8054.0,91.52272727272727,2.9369152524362607,49,25356.0,0.12466853867906068,49,25356.0
2515.0,46,7819.0,91.98823529411764,3.1285429840612444,46,25537.0,0.17104649061606608,46,25537.0
2520.0,53,8072.0,91.72727272727273,2.9304485805823575,53,25769.0,0.0970305949987309,53,25769.0
2525.0,62,8366.0,88.06315789473685,2.616601259404241,62,26053.0,0.09210459630158799,62,26053.0
2530.0,72,8708.0,93.63440860215054,1.6765943891015307,72,26385.0,0.058226628924941286,72,26385.0
2535.0,81,9095.0,95.73684210526316,1.5259074622606916,81,26762.0,0.07146611037631877,81,26762.0
2540.0,84,9508.0,101.14893617021276,1.305451033079004,84,27166.0,0.05418668760180059,84,27166.0
2545.0,82,9651.0,98.4795918367347,1.281953724795329,82,27460.0,0.07093362125283813,82,27460.0
2550.0,78,9955.0,103.69791666666667,1.9152432003089392,78,27657.0,0.08500171347703524,78,27657.0
2555.0,79,10346.0,103.46,2.321509873944463,79,27974.0,0.06792963740200095,79,27974.0
2560.0,81,10748.0,109.6734693877551,1.900871231474531,81,28366.0,0.051969503349754545,81,28366.0
2565.0,86,11166.0,116.3125,1.2655198472604618,86,28774.0,0.05810021393269436,86,28774.0
2570.0,80,11469.0,122.01063829787235,0.9635275139834756,80,29136.0,0.06508166215354151,80,29136.0
2575.0,76,11795.0,120.35714285714286,1.8578560918121898,76,29441.0,0.08792805260413718,76,29441.0
2580.0,76,12175.0,124.23469387755102,2.266701878304406,76,29753.0,0.06192415742597228,76,29753.0
2585.0,78,12563.0,125.63,2.7192036889054476,78,30131.0,0.08983596838253491,78,30131.0
2590.0,76,12900.0,137.2340425531915,1.986482697493119,76,30472.0,0.062204695096049055,76,30472.0
2595.0,76,13280.0,134.14141414141415,2.0755684828171233,76,30828.0,0.0657281938523173,76,30828.0
2600.0,82,13681.0,145.54255319148936,1.519657871284941,82,31219.0,0.06005088120411046,82,31219.0
2605.0,76,13525.0,139.43298969072166,1.7516256945441444,76,30606.0,0.09548502853076737,76,30606.0
2610.0,71,12999.0,138.2872340425532,2.060077188456107,71,28662.0,0.08724340128959811,71,28662.0
2615.0,66,12639.0,130.29896907216494,2.8454254569230684,66,26705.0,0.10636364449046197,66,26705.0
2620.0,59,12113.0,127.50526315789473,2.888689538141785,59,26496.0,0.134208866447562,59,26496.0
2625.0,51,11776.0,126.6236559139785,2.8524555922846013,51,26658.0,0.14516643786532787,51,26658.0
2630.0,58,12039.0,124.11340206185567,3.2565973015594207,58,26855.0,0.14007694101093188,58,26855.0
2635.0,63,12344.0,125.95918367346938,2.961644417575713,63,27142.0,0.13150587558644913,63,27142.0
2640.0,69,12678.0,129.3673469387755,2.186184240581358,69,27473.0,0.052613084421399094,69,27473.0
2645.0,80,13054.0,131.85858585858585,1.9900283625318307,80,27847.0,0.08296928692528642,80,27847.0
2650.0,84,13463.0,138.79381443298968,1.612446130242358,84,28230.0,0.04924768070371729,84,28230.0
2655.0,86,13889.0,141.72448979591837,1.636818404238164,86,28606.0,0.06322374568102813,86,28606.0
2660.0,80,14080.0,145.15463917525773,1.6718803901217911,80,28275.0,0.07049920250012885,80,28275.0
2665.0,71,14112.0,147.0,2.151360307966821,71,27584.0,0.08420725808842916,71,27584.0
2670.0,67,14198.0,146.37113402061857,2.729552475066982,67,27080.0,0.11506927557849461,67,27080.0
2675.0,56,14216.0,151.2340425531915,2.771090443328509,56,27000.0,0.11468061403864042,56,27000.0
2680.0,59,14361.0,152.77659574468086,3.067237164499073,59,27225.0,0.1381251311420361,59,27225.0
2685.0,64,14671.0,156.0744680851064,2.2322490262916794,64,27475.0,0.09074045751108166,64,27475.0
2690.0,74,15022.0,148.73267326732673,2.10031284196068,74,27766.0,0.08354217883690158,74,27766.0
2695.0,80,15408.0,154.08,1.2913567660718548,80,28092.0,0.057347965073687335,80,28092.0
2700.0,88,15829.0,153.67961165048544,1.3416475522911628,88,28455.0,0.039275801354691116,88,28455.0
2705.0,94,16288.0,156.6153846153846,1.3239551680345651,94,28855.0,0.04664582110272433,94,28855.0
2710.0,96,16761.0,159.62857142857143,1.08867509168514,96,29268.0,0.03386388042856114,96,29268.0
2715.0,96,17241.0,164.2,1.108604856537066,96,29688.0,0.05312303802498411,96,29688.0
2720.0,91,17102.0,161.33962264150944,0.9230185291176631,91,29876.0,0.05908529796844492,91,29876.0
2725.0,87,16996.0,157.37037037037038,1.59832959439823,87,29869.0,0.07620363607518435,87,29869.0
2730.0,82,17261.0,154.11607142857142,2.3714901994207147,82,29809.0,0.08395062328328824,82,29809.0
2735.0,80,17619.0,161.6422018348624,1.9192247063990804,80,30128.0,0.06763750246376415,80,30128.0
2740.0,84,18016.0,163.78181818181818,2.0986063876263317,84,30430.0,0.07427189445028567,84,30430.0
2745.0,88,18451.0,174.06603773584905,1.9379340450797589,88,30791.0,0.043097106742494395,88,30791.0
2750.0,85,18450.0,170.83333333333334,1.9140839969977543,85,30693.0,0.06517620906747411,85,30693.0
2755.0,78,18169.0,178.12745098039215,2.0647342966240405,78,30104.0,0.0790570852967306,78,30104.0
2760.0,72,18003.0,174.7864077669903,2.6206856763605133,72,29617.0,0.09866161097263232,72,29617.0
2765.0,62,17639.0,172.9313725490196,2.6329224803188835,62,29923.0,0.11571733442589144,62,29923.0
2770.0,63,17678.0,178.56565656565655,2.233024650013455,63,30163.0,0.11142679869806256,63,30163.0
2775.0,70,18015.0,174.90291262135923,2.807625070088996,70,30434.0,0.10500123776957866,70,30434.0
2780.0,71,18120.0,167.77777777777777,2.199528702153643,71,30541.0,0.08720108425506659,71,30541.0
2785.0,73,18141.0,172.77142857142857,1.9272510045048592,73,30471.0,0.08385113376762968,73,30471.0
2790.0,77,18440.0,167.63636363636363,2.6629214449469405,77,30542.0,0.10545648178859572,77,30542.0
2795.0,79,18789.0,177.25471698113208,2.0957552441715586,79,30815.0,0.07514650371726136,79,30815.0
2800.0,82,19181.0,180.95283018867926,2.1783117947278265,82,31115.0,0.0911927121228399,82,31115.0
2805.0,85,19603.0,190.32038834951456,2.0671247760288027,85,31462.0,0.04782248573566884,85,31462.0
2810.0,87,20034.0,194.50485436893203,2.0064068539675404,87,31816.0,0.06232012129398899,87,31816.0
2815.0,87,20469.0,204.69,1.6884032057114313,87,32171.0,0.06155684480696323,87,32171.0
2820.0,83,20770.0,211.9387755102041,1.281890982855948,83,32409.0,0.06161725957045066,83,32409.0
2825.0,78,21068.0,212.8080808080808,1.7985388379939136,78,32552.0,0.07727361983304804,78,32552.0
2830.0,80,21468.0,212.55445544554456,2.4375336091083253,80,32801.0,0.07997227173446972,80,32801.0
2835.0,78,21825.0,216.0891089108911,1.9309475851342393,78,33096.0,0.07083062913805345,78,33096.0
2840.0,79,22218.0,226.71428571428572,2.075764130299246,79,33392.0,0.07926208080796374,79,33392.0
2845.0,79,22613.0,228.41414141414143,2.3676227749344543,79,33706.0,0.06967750525496655,79,33706.0
2850.0,81,23014.0,239.72916666666666,2.006488222227538,81,34027.0,0.05622261172901672,81,34027.0
2855.0,81,23419.0,251.81720430107526,1.4064519183946615,81,34352.0,0.05805854105442649,81,34352.0
2860.0,83,23831.0,256.247311827957,1.3668281044417898,83,34684.0,0.0623043184394192,83,34684.0
2865.0,83,24246.0,257.93617021276594,1.3049748026415924,83,35019.0,0.05518315776976498,83,35019.0
2870.0,79,24499.0,255.19791666666666,1.6003095838873336,79,35276.0,0.06997378108105984,79,35276.0
2875.0,77,24864.0,259.0,1.9083163160469827,77,35490.0,0.08513300835042971,77,35490.0
2880.0,80,25258.0,265.87368421052633,1.8238086953812789,80,35785.0,0.04450514432594893,80,35785.0
2885.0,77,24949.0,254.58163265306123,1.9104206318246642,77,35571.0,0.06923341939074734,77,35571.0
2890.0,68,24158.0,259.76344086021504,2.1288755236071086,68,34982.0,0.0820258766813027,68,34982.0
2895.0,63,23468.0,244.45833333333334,2.8182043020692316,63,34149.0,0.11351903745249227,63,34149.0
2900.0,52,22751.0,244.63440860215053,2.738442223018928,52,34093.0,0.11768249816889788,52,34093.0
2905.0,47,22374.0,245.86813186813185,2.8692060436515585,47,34168.0,0.15764622646755222,47,34168.0
2910.0,56,22643.0,240.88297872340425,3.2112117695446307,56,34285.0,0.13340060160220923,56,34285.0
2915.0,63,22943.0,234.1122448979592,2.9558785866120765,63,34492.0,0.09605260131618057,63,34492.0
2920.0,71,23286.0,245.1157894736842,2.05989405933846,71,34745.0,0.06834942352081362,71,34745.0
2925.0,79,23663.0,241.4591836734694,2.013418512345806,79,35032.0,0.05605800823224702,79,35032.0
2930.0,84,24069.0,256.0531914893617,1.3717334997388957,84,35349.0,0.061304810758179645,84,35349.0
2935.0,79,24312.0,250.63917525773195,1.5835801594697227,79,35595.0,0.08288329110752458,79,35595.0
2940.0,80,24693.0,262.6914893617021,1.4384144333753517,80,35806.0,0.06122464757344238,80,35806.0
2945.0,81,25095.0,250.95,1.9368827866547225,81,36105.0,0.06151755806084143,81,36105.0
2950.0,78,25214.0,259.9381443298969,1.7978364888065659,78,35930.0,0.06742856186145166,78,35930.0
2955.0,70,25127.0,256.3979591836735,2.168890364108554,70,35289.0,0.08947247312172207,70,35289.0
2960.0,64,25042.0,260.8541666666667,3.0002587543984682,64,34198.0,0.11378755034095767,64,34198.0
2965.0,52,24859.0,256.2783505154639,2.939306819575082,52,34111.0,0.13827493444663047,52,34111.0
2970.0,48,24859.0,270.20652173913044,3.17241029619827,48,34151.0,0.14877376936698042,48,34151.0
2975.0,55,25119.0,258.9587628865979,3.225049578752458,55,34252.0,0.140453895821037,55,34252.0
2980.0,63,25411.0,256.67676767676767,3.1266911867158727,63,34430.0,0.12093794383617248,63,34430.0
2985.0,70,25748.0,257.48,2.4549112090640484,70,34667.0,0.08236559120584806,70,34667.0
2990.0,78,26116.0,261.16,1.9940776205100252,78,34940.0,0.06029149087191524,78,34940.0
2995.0,84,26527.0,276.3229166666667,1.6469333540816038,84,35253.0,0.08101113092886103,84,35253.0
3000.0,80,26751.0,284.5851063829787,0.9668599747316841,80,35124.0,0.04550456103406568,80,35124.0
3005.0,73,26874.0,274.2244897959184,2.294296301139279,73,34665.0,0.10043556303351468,73,34665.0
3010.0,68,26976.0,275.265306122449,2.609357503262101,68,33817.0,0.08625673382252651,68,33817.0
3015.0,55,27016.0,275.6734693877551,2.613316819827545,55,34000.0,0.11480605274872137,55,34000.0
3020.0,56,27168.0,285.9789473684211,2.936628995604505,56,34156.0,0.13135158909962974,56,34156.0
3025.0,64,27472.0,283.21649484536084,2.8553174432714976,64,34352.0,0.11114446264142117,64,34352.0
3030.0,71,27813.0,275.3762376237624,2.3707881560968493,71,34583.0,0.08923446147642941,71,34583.0
3035.0,79,28191.0,287.66326530612247,1.248088973502813,79,34851.0,0.03825928437462042,79,34851.0
3040.0,86,28608.0,280.47058823529414,1.2211329241309845,86,35159.0,0.057302512930746986,86,35159.0
3045.0,87,28579.0,280.1862745098039,1.1865281227796751,87,35310.0,0.045701172666349044,87,35310.0
3050.0,79,28633.0,272.6952380952381,1.8312350194236109,79,35321.0,0.0861167897898227,79,35321.0
3055.0,80,29017.0,279.00961538461536,2.3693616926987144,80,35330.0,0.08420774315257566,80,35330.0
3060.0,79,29385.0,282.5480769230769,1.8712038528356172,79,35600.0,0.06598650282147928,79,35600.0
3065.0,83,29793.0,292.0882352941176,1.862131081494515,83,35886.0,0.053606708257705894,83,35886.0
3070.0,84,30213.0,296.20588235294116,2.0569943237845556,84,36196.0,0.04926523248025219,84,36196.0
3075.0,80,30289.0,299.8910891089109,1.9997510050543328,80,36135.0,0.06789933284317572,80,36135.0
3080.0,70,30123.0,307.3775510204082,2.0528838977355885,70,35895.0,0.08824707321664493,70,35895.0
3085.0,68,30052.0,306.6530612244898,2.801322944938467,68,35403.0,0.10813321985533772,68,35403.0
3090.0,58,29934.0,305.44897959183675,2.7090548965141865,58,35586.0,0.12602747558096428,58,35586.0
3095.0,57,29922.0,325.2391304347826,2.401644698715097,57,35743.0,0.11465740435413246,57,35743.0
3100.0,66,30237.0,305.42424242424244,2.8902457540847806,66,35938.0,0.12114267079340416,66,35938.0
3105.0,66,30314.0,306.2020202020202,2.0581917802592544,66,36015.0,0.0795012637957022,66,36015.0
3110.0,64,30408.0,295.22330097087377,2.120602411537518,64,36010.0,0.09490727676754161,64,36010.0
3115.0,75,30763.0,298.66990291262135,2.4576541111305277,75,36044.0,0.08349042093924819,75,36044.0
3120.0,77,31103.0,301.97087378640776,1.8390691720789163,77,36285.0,0.05808896120395901,77,36285.0
3125.0,82,31504.0,311.9207920792079,2.015686396688494,82,36546.0,0.06921999688336714,82,36546.0
3130.0,82,31914.0,315.980198019802,2.3186002559026266,82,36836.0,0.0768621575419585,82,36836.0
3135.0,80,32062.0,323.85858585858585,1.976569497150302,80,36837.0,0.07002758248824219,80,36837.0
3140.0,71,32037.0,333.71875,1.9088798134949663,71,36609.0,0.09166590743195183,71,36609.0
3145.0,66,32053.0,327.07142857142856,2.879346080215642,66,36133.0,0.11022688267217304,66,36133.0
3150.0,55,31886.0,325.3673469387755,2.7299771697812045,55,36231.0,0.13338583504372636,55,36231.0
3155.0,56,31977.0,343.83870967741933,2.661248912245068,56,36268.0,0.12984532155757922,56,36268.0
3160.0,63,32273.0,322.73,2.736642521440384,63,36399.0,0.11429642687790907,63,36399.0
3165.0,66,32450.0,324.5,2.231526965245074,66,36546.0,0.09386982464925607,66,36546.0
3170.0,68,32691.0,314.33653846153845,2.3156027701857704,68,36650.0,0.08212861565703551,68,36650.0
3175.0,73,33037.0,320.747572815534,2.702782909572688,73,36799.0,0.08976317737455679,73,36799.0
3180.0,78,33416.0,334.16,2.5143921283702744,78,37033.0,0.07159256573805109,78,37033.0
3185.0,80,33815.0,345.05102040816325,2.3688144344845474,80,37300.0,0.06349885767091554,80,37300.0
3190.0,80,34215.0,360.1578947368421,1.9495164668733171,80,37570.0,0.07475910844083346,80,37570.0
3195.0,76,34538.0,371.3763440860215,1.3816133665605743,76,37792.0,0.07464782668658278,76,37792.0
3200.0,79,34931.0,371.6063829787234,1.7581848050465076,79,38026.0,0.07159392252736395,79,38026.0
3205.0,82,35336.0,364.2886597938144,1.8163604144504228,82,38301.0,0.06365049850582764,82,38301.0
3210.0,84,35752.0,380.3404255319149,1.088202876206778,84,38587.0,0.037039763914303345,84,38587.0
3215.0,81,36086.0,383.8936170212766,1.0739113945610268,81,38842.0,0.0594575402991577,81,38842.0
3220.0,78,36441.0,383.58947368421053,1.389634457814421,78,39048.0,0.054674090026262556,78,39048.0
3225.0,78,36831.0,372.030303030303,2.4661431461345815,78,39276.0,0.08153038557496935,78,39276.0
3230.0,77,37200.0,383.50515463917526,2.0099864160343714,77,39515.0,0.0663905787196882,77,39515.0
3235.0,80,37596.0,391.625,1.732510726186759,80,39781.0,0.06180920843787195,80,39781.0
3240.0,83,38008.0,408.68817204301075,1.2044420306593895,83,40063.0,0.025603656387174167,83,40063.0
3245.0,80,37861.0,398.53684210526313,1.332387858290354,80,39927.0,0.06898887907375179,80,39927.0
3250.0,71,37341.0,401.51612903225805,1.622686444228037,71,39454.0,0.07382713103427055,71,39454.0
3255.0,69,36986.0,373.5959595959596,2.8633891132440152,69,38659.0,0.10918047776790313,69,38659.0
3260.0,56,36287.0,381.9684210526316,2.2746332536912406,56,38868.0,0.09249934960027491,56,38868.0
3265.0,51,36076.0,371.91752577319585,3.1704526881058177,51,38978.0,0.14714059293427637,51,38978.0
3270.0,57,36336.0,374.5979381443299,3.048663367424298,57,39112.0,0.11247059104753816,57,39112.0
3275.0,65,36641.0,366.41,3.0512232169855933,65,39287.0,0.11071435163729369,65,39287.0
3280.0,73,36989.0,373.62626262626264,2.6009006621508854,73,39502.0,0.07879765009688747,73,39502.0
3285.0,79,37366.0,373.66,2.277954653405493,79,39739.0,0.06506519770708943,79,39739.0
3290.0,79,37626.0,391.9375,1.791548778307342,79,39930.0,0.07140727930392873,79,39930.0
3295.0,79,38010.0,395.9375,1.8703353403936287,79,40105.0,0.0725683212867212,79,40105.0
3300.0,81,38410.0,404.3157894736842,1.8873995474615481,81,40363.0,0.042635096673879685,81,40363.0
3305.0,76,38544.0,397.36082474226805,1.8917067095932125,76,40183.0,0.07467631698892857,76,40183.0
3310.0,69,38498.0,418.45652173913044,2.0555633556890354,69,39739.0,0.08519056732916606,69,39739.0
3315.0,64,38477.0,396.6701030927835,2.8298215650785337,64,38944.0,0.1027183648700398,64,38944.0
3320.0,52,38313.0,411.96774193548384,2.898590290189171,52,39037.0,0.1315961353839121,52,39037.0
3325.0,49,38338.0,412.23655913978496,2.9732663634451053,49,39050.0,0.15607086306708634,49,39050.0
3330.0,57,38607.0,410.71276595744683,3.356941249489161,57,39102.0,0.14266574708705765,57,39102.0
3335.0,63,38906.0,397.0,3.197737227463786,63,39243.0,0.12591238377573177,63,39243.0
3340.0,70,39241.0,404.54639175257734,2.4080852481621275,70,39428.0,0.07246080473719575,70,39428.0
3345.0,72,39503.0,411.4895833333333,1.5772825156632322,72,39587.0,0.07471208667478274,72,39587.0
3350.0,80,39888.0,424.3404255319149,1.743773672611508,80,39777.0,0.07520211159320724,80,39777.0
3355.0,80,40288.0,419.6666666666667,1.7531613124302197,80,40027.0,0.06534582586655001,80,40027.0
3360.0,77,40460.0,430.4255319148936,1.3205243274683611,77,39876.0,0.061278412703674394,77,39876.0
3365.0,70,40473.0,421.59375,2.030917605919899,70,39441.0,0.08558393536317922,70,39441.0
3370.0,65,40517.0,417.70103092783506,2.9379071531939727,65,38677.0,0.10449214629068161,65,38677.0
3375.0,54,40426.0,421.1041666666667,2.809318131917971,54,38774.0,0.12099436952363626,54,38774.0
3380.0,48,40448.0,439.6521739130435,2.965413299000155,48,38774.0,0.14310108014051534,48,38774.0
3385.0,56,40710.0,424.0625,3.0085193634986074,56,38825.0,0.11607506707656605,56,38825.0
3390.0,60,40921.0,413.34343434343435,2.4666499779790354,60,38911.0,0.1106537642850036,60,38911.0
3395.0,70,41251.0,429.6979166666667,1.744555790268329,70,39044.0,0.0552320506870042,70,39044.0
3400.0,81,41635.0,412.2277227722772,1.606572276708346,81,39268.0,0.058438778171893045,81,39268.0
3405.0,81,41977.0,428.33673469387753,1.1054606309612767,81,39493.0,0.036571499861465684,81,39493.0
3410.0,76,42318.0,418.990099009901,2.0126137308675083,76,39671.0,0.08987919164574137,76,39671.0
3415.0,78,42704.0,431.35353535353534,2.3623122965152086,78,39854.0,0.058797949136638473,78,39854.0
3420.0,78,43081.0,439.6020408163265,1.9724880025843454,78,40071.0,0.07299216326210974,78,40071.0
3425.0,82,43485.0,457.7368421052632,1.2373835882708433,82,40315.0,0.04088523666047264,82,40315.0
3430.0,86,43910.0,452.680412371134,1.1549952133087193,86,40580.0,0.057069310722958774,86,40580.0
3435.0,81,44258.0,451.61224489795916,1.2482426539957021,81,40813.0,0.06304861592301918,81,40813.0
3440.0,78,44607.0,450.57575757575756,1.8502401099956454,78,40988.0,0.08017042811125386,78,40988.0
3445.0,79,44999.0,445.53465346534654,2.541846851864526,79,41186.0,0.07685155815861258,79,41186.0
3450.0,80,45399.0,453.99,2.640369892071834,80,41425.0,0.07317557161726704,80,41425.0
3455.0,75,45326.0,482.1914893617021,1.735763984708972,75,41178.0,0.05280367420603956,75,41178.0
3460.0,69,45017.0,464.0927835051546,2.434213255257133,69,40776.0,0.09756869303486586,69,40776.0
3465.0,63,44694.0,480.5806451612903,3.0001242945572013,63,40087.0,0.11390808579364178,63,40087.0
3470.0,52,44135.0,469.52127659574467,2.7161047825061693,52,40136.0,0.13691498146527173,52,40136.0
3475.0,55,44118.0,495.70786516853934,2.6587561028786926,55,40153.0,0.14288275825056262,55,40153.0
3480.0,62,44413.0,467.5052631578947,2.2867122935307798,62,40273.0,0.08548314802836265,62,40273.0
3485.0,72,44757.0,452.09090909090907,1.886345525571894,72,40447.0,0.07025086374053771,72,40447.0
3490.0,74,44962.0,454.16161616161617,1.2148659998538252,74,40587.0,0.06295756782850757,74,40587.0
3495.0,77,45224.0,447.76237623762376,1.5776839925220894,77,40672.0,0.0641153513734643,77,40672.0
3500.0,78,45600.0,434.2857142857143,2.664442642726005,78,40827.0,0.10843104471640055,78,40827.0
3505.0,78,45990.0,450.88235294117646,2.7899596363760812,78,41004.0,0.10245887796443585,78,41004.0
3510.0,77,46349.0,454.4019607843137,2.223287219306445,77,41194.0,0.07595029116665789,77,41194.0
3515.0,83,46752.0,487.0,1.733275710893582,83,41425.0,0.05078526639395744,83,41425.0
3520.0,83,47167.0,476.4343434343434,1.7002776899930745,83,41670.0,0.06523280215209258,83,41670.0
3525.0,81,47510.0,494.8958333333333,1.3167561710412101,81,41889.0,0.05984527088333093,81,41889.0
3530.0,77,47868.0,493.4845360824742,1.6180968644692755,77,42048.0,0.07175175633144594,77,42048.0
3535.0,78,48256.0,487.4343434343434,2.545997641968491,78,42229.0,0.08258455794187895,78,42229.0
3540.0,74,48231.0,492.1530612244898,2.2136735326854593,74,42012.0,0.0756767053348996,74,42012.0
3545.0,70,47938.0,504.61052631578946,2.2713359088257494,70,41498.0,0.09839785468821816,70,41498.0
3550.0,62,47703.0,502.13684210526316,2.7946574240977147,62,40634.0,0.10066083437351077,62,40634.0
3555.0,54,47313.0,498.0315789473684,2.902486138570406,54,40715.0,0.13707601285614554,54,40715.0
3560.0,52,47362.0,509.26881720430106,2.9834569597861136,52,40744.0,0.13731490078940614,52,40744.0
3565.0,60,47641.0,491.1443298969072,3.2283957463258512,60,40817.0,0.12872921494905573,60,40817.0
3570.0,68,47962.0,504.86315789473684,2.488203595348714,68,40958.0,0.07490765458416287,68,40958.0
3575.0,74,48318.0,493.0408163265306,1.931791464185605,74,41134.0,0.04585815198868495,74,41134.0
3580.0,76,48484.0,505.0416666666667,1.501853816554006,76,41250.0,0.06196466390515178,76,41250.0
3585.0,78,48823.0,508.5729166666667,1.7895914152832921,78,41326.0,0.0768399422573399,78,41326.0
3590.0,80,49217.0,502.2142857142857,2.267273326652019,80,41495.0,0.054718143979544526,80,41495.0
3595.0,77,49385.0,498.83838383838383,2.1843409122033033,77,41302.0,0.07109805886594339,77,41302.0
3600.0,68,49397.0,531.1505376344086,1.8668938363737166,68,40785.0,0.054018215951022214,68,40785.0
3605.0,66,49467.0,515.28125,2.8680241908519086,66,39929.0,0.10545434079951395,66,39929.0
3610.0,53,49349.0,536.4021739130435,2.6585549735158804,53,39986.0,0.11751950243113105,53,39986.0
3615.0,51,49370.0,530.8602150537635,3.077178413173124,51,39951.0,0.14462117383427464,51,39951.0
3620.0,56,49639.0,528.0744680851063,3.273820380627499,56,39974.0,0.1319972687384901,56,39974.0
3625.0,62,49936.0,509.55102040816325,3.017329818228964,62,40079.0,0.11960197977509775,62,40079.0
3630.0,72,50280.0,529.2631578947369,2.1031530934863096,72,40233.0,0.06906471311913222,72,40233.0
3635.0,74,50527.0,526.3229166666666,1.2905469894414368,74,40347.0,0.052472269039294396,74,40347.0
3640.0,80,50920.0,536.0,1.7008373631316895,80,40494.0,0.07076589199123852,80,40494.0
3645.0,81,51322.0,523.6938775510204,1.9090999861109545,81,40706.0,0.0668534299773852,81,40706.0
3650.0,79,51500.0,536.4583333333334,1.5342247670336457,79,40514.0,0.06662617077597352,79,40514.0
3655.0,71,51516.0,536.625,1.8658964075384896,71,40166.0,0.08892173726614333,71,40166.0
3660.0,66,51602.0,537.5208333333334,2.5905828780553324,66,39546.0,0.081281746071083,66,39546.0
3665.0,62,51636.0,526.8979591836735,2.6431809540507434,62,39648.0,0.12218307629587538,62,39648.0
3670.0,62,51758.0,550.6170212765958,2.2348102823795,62,39762.0,0.09704030553974652,62,39762.0
3675.0,72,52093.0,520.93,2.0549095790733536,72,39908.0,0.10231755898547121,72,39908.0
3680.0,72,52222.0,522.22,1.2995901816024205,72,40000.0,0.06354495692757038,72,40000.0
3685.0,73,52324.0,489.0093457943925,2.0200526459741095,73,40022.0,0.09429521507014459,73,40022.0
3690.0,75,52616.0,487.18518518518516,2.199621079082363,75,40025.0,0.06101480273727114,75,40025.0
3695.0,78,53004.0,495.3644859813084,2.844902862129137,78,40128.0,0.11025733389837106,78,40128.0
3700.0,80,53397.0,508.54285714285714,2.937477427361875,80,40277.0,0.10206900630472875,80,40277.0
3705.0,80,53797.0,522.3009708737864,2.862994356760806,80,40477.0,0.09687158236448301,80,40477.0
3710.0,78,54132.0,541.32,2.167124705091134,78,40641.0,0.06897072827777434,78,40641.0
3715.0,79,54527.0,573.9684210526316,1.9185664899544685,79,40827.0,0.07494192667901059,79,40827.0
3720.0,82,54928.0,578.1894736842105,1.572864185191076,82,41038.0,0.041737345665204616,82,41038.0
3725.0,77,54984.0,572.75,1.6344241256653185,77,40881.0,0.07026821504789514,77,40881.0
3730.0,71,54806.0,583.0425531914893,2.109014592229604,71,40449.0,0.08791620518220454,71,40449.0
3735.0,64,54718.0,564.1030927835052,2.802024720638745,64,39995.0,0.1054210030361345,64,39995.0
3740.0,55,54412.0,572.7578947368421,2.9825779258462557,55,39932.0,0.13597693436243036,55,39932.0
3745.0,47,54293.0,596.6263736263736,2.8950920366801394,47,39899.0,0.140684652662016,47,39899.0
3750.0,53,54543.0,568.15625,3.384885250944258,53,39875.0,0.15302933758520215,53,39875.0
3755.0,60,54830.0,577.1578947368421,2.861042788545203,60,39953.0,0.11915107896474153,60,39953.0
3760.0,69,55156.0,551.56,2.5302558616837683,69,40086.0,0.08189308618756921,69,40086.0
3765.0,75,55520.0,578.3333333333334,1.8118841965777273,75,40261.0,0.059577235255291884,75,40261.0
3770.0,83,55920.0,564.8484848484849,1.8578994611544075,83,40473.0,0.06770203183834972,83,40473.0
3775.0,79,56139.0,597.2234042553191,1.3526181587384725,79,40422.0,0.06167940875634588,79,40422.0
3780.0,73,56257.0,579.9690721649484,1.8498183501671641,73,40140.0,0.07005383287839838,73,40140.0
3785.0,67,56374.0,581.1752577319587,2.668517443308129,67,39627.0,0.09524240323289643,67,39627.0
3790.0,61,56466.0,588.1875,3.011952065255741,61,39407.0,0.1260504829788644,61,39407.0
3795.0,55,56553.0,608.0967741935484,2.940714672339525,55,39315.0,0.1489905164489422,55,39315.0
3800.0,57,56804.0,585.6082474226804,3.2212694510517026,57,39349.0,0.16206730762635285,57,39349.0
3805.0,65,57112.0,576.8888888888889,3.107125190062698,65,39445.0,0.1260506671359874,65,39445.0
3810.0,67,57377.0,562.5196078431372,2.3267327946964724,67,39412.0,0.10018132282232282,67,39412.0
3815.0,69,57624.0,582.060606060606,1.9430590514604238,69,39208.0,0.07369450160953525,69,39208.0
3820.0,68,57898.0,546.2075471698113,2.850500949091294,68,39093.0,0.11211030073766551,68,39093.0
3825.0,65,58129.0,569.8921568627451,2.278061693653805,65,39211.0,0.09651062273275424,65,39211.0
3830.0,65,58408.0,572.6274509803922,2.630558206834204,65,39292.0,0.13443254816905542,65,39292.0
3835.0,70,58744.0,575.9215686274509,2.5858271595823985,70,39423.0,0.08672716018147834,70,39423.0
3840.0,78,59116.0,585.3069306930693,2.0812546659963034,78,39605.0,0.06045602565276077,78,39605.0
3845.0,84,59526.0,601.2727272727273,1.7218185367862198,84,39825.0,0.061770042189979876,84,39825.0
3850.0,87,59952.0,611.7551020408164,1.3663322991783666,87,40061.0,0.06120645022446517,87,40061.0
3855.0,88,60391.0,592.0686274509804,1.5777613669864061,88,40310.0,0.08067997167769705,88,40310.0
3860.0,90,60834.0,579.3714285714286,1.287250710529831,90,40563.0,0.04422602507724436,90,40563.0
3865.0,94,61303.0,589.4519230769231,1.262395097389534,94,40842.0,0.056570131881652205,94,40842.0
3870.0,94,61773.0,582.7641509433962,1.2031645292517503,94,41122.0,0.06441821152118395,94,41122.0
3875.0,96,62251.0,592.8666666666667,1.0580944928673592,96,41410.0,0.03574708919325562,96,41410.0
3880.0,90,61928.0,562.9818181818182,1.417649596813665,90,41402.0,0.06804165829302652,90,41402.0
3885.0,86,61452.0,569.0,1.599038646900199,86,41139.0,0.0616300478177426,86,41139.0
3890.0,77,61486.0,544.1238938053098,2.6496631384995735,77,40747.0,0.12024790968770034,77,40747.0
3895.0,77,61790.0,546.8141592920354,2.2138359900503826,77,40918.0,0.09610402084795211,77,40918.0
3900.0,82,62183.0,565.3,2.24470989273389,82,41099.0,0.0769171608436627,82,41099.0
3905.0,87,62607.0,574.3761467889908,2.0984645784087084,87,41333.0,0.061261521467357076,87,41333.0
3910.0,92,63061.0,594.9150943396227,1.5991281213943158,92,41597.0,0.04781554928913513,92,41597.0
3915.0,93,63526.0,599.3018867924528,1.6523295013639159,93,41872.0,0.05755209305718395,93,41872.0
3920.0,94,63992.0,609.447619047619,1.289423154035264,94,42148.0,0.03920259161441987,94,42148.0
3925.0,90,64288.0,606.4905660377359,1.2634115266850654,90,42204.0,0.06809927093041991,90,42204.0
3930.0,83,64485.0,608.3490566037735,1.5597390414050945,83,42070.0,0.06302082900134726,83,42070.0
3935.0,81,64746.0,594.0,2.184286747611561,81,41899.0,0.07541140313157212,81,41899.0
3940.0,77,65092.0,602.7037037037037,2.16572344458242,77,42080.0,0.0940697569788524,77,42080.0
3945.0,82,65494.0,606.425925925926,1.9471242175615235,82,42267.0,0.0692221337478294,82,42267.0
3950.0,88,65925.0,627.8571428571429,2.0697555429768943,88,42508.0,0.060834229254987056,88,42508.0
3955.0,85,56206.0,540.4423076923077,1.4303912417059252,85,40761.0,0.05424630434112428,85,40761.0
3960.0,79,39714.0,401.1515151515151,1.5405887191488639,79,37015.0,0.06399998803691462,79,37015.0
3965.0,73,23211.0,218.97169811320754,2.637459385893852,73,31282.0,0.10386894384106808,73,31282.0
3970.0,64,13631.0,133.63725490196077,2.2757249858080972,64,31465.0,0.10133282367715316,64,31465.0
3975.0,62,5248.0,50.46153846153846,2.802149790917028,62,31609.0,0.13139395937113613,62,31609.0
3980.0,70,5580.0,53.65384615384615,2.567137162014308,70,31800.0,0.08967939033407124,70,31800.0
3985.0,78,5954.0,54.127272727272725,2.2493690236494714,78,32044.0,0.08467479503468396,78,32044.0
3990.0,84,6364.0,58.925925925925924,1.6337264948881898,84,32324.0,0.059309335499339415,84,32324.0
3995.0,92,6804.0,62.42201834862385,1.259041178788463,92,32634.0,0.04500447988019658,92,32634.0
4000.0,98,7284.0,67.44444444444444,1.1994765764404025,98,32984.0,0.056416522967994154,98,32984.0
4005.0,96,6703.0,60.387387387387385,0.9260893455094746,96,32914.0,0.03994711746848091,96,32914.0
4010.0,88,5412.0,49.2,1.730783740892939,88,31989.0,0.07295335469334217,88,31989.0
4015.0,81,4449.0,39.026315789473685,2.4762562747580072,81,31547.0,0.08517485722248662,81,31547.0
4020.0,73,3285.0,30.416666666666668,2.2382647537300957,73,31600.0,0.09698569062762771,73,31600.0
4025.0,71,3186.0,29.229357798165136,2.4294495266860503,71,31781.0,0.10869007082752347,71,31781.0
4030.0,80,3565.0,32.11711711711712,2.357402492281306,80,32027.0,0.0770636064143655,80,32027.0
4035.0,81,3414.0,29.43103448275862,2.1126102900138637,81,32030.0,0.08515834639751069,81,32030.0
4040.0,81,2932.0,25.946902654867255,1.8285403712882768,81,31821.0,0.07345550809684276,81,31821.0
4045.0,80,2889.0,24.483050847457626,2.486819073680057,80,31474.0,0.09432877055783723,80,31474.0
4050.0,78,3121.0,27.37719298245614,2.1039312291283685,78,31719.0,0.09266002297574417,78,31719.0
4055.0,82,3512.0,31.357142857142858,2.018603156229013,82,31959.0,0.09020677209806807,82,31959.0
4060.0,88,3942.0,35.19642857142857,2.072504502879582,88,32254.0,0.057399352639322714,88,32254.0
4065.0,88,4316.0,38.19469026548673,1.8924783091493476,88,32367.0,0.060825288684734795,88,32367.0
4070.0,83,4640.0,42.96296296296296,1.8654350581813728,83,32309.0,0.08496114523814696,83,32309.0
4075.0,80,4994.0,45.4,2.266219416518861,80,32214.0,0.07069253309172599,80,32214.0
4080.0,84,5409.0,50.083333333333336,2.576949608071277,84,32345.0,0.08818303549187383,84,32345.0
4085.0,80,5743.0,53.175925925925924,1.967751245375175,80,32578.0,0.0642869943236303,80,32578.0
4090.0,82,6132.0,58.4,2.2060456723719764,82,32800.0,0.06923801523751134,82,32800.0
4095.0,84,6548.0,62.96153846153846,2.4048124348989255,84,33077.0,0.0739669685181171,84,33077.0
4100.0,78,6491.0,63.63725490196079,2.096230368582843,78,32837.0,0.06717514133169214,78,32837.0
4105.0,73,6127.0,63.16494845360825,2.14576391057585,73,31816.0,0.08156471548766676,73,31816.0
4110.0,67,5891.0,59.505050505050505,2.9560131544877373,67,30796.0,0.10953872683636573,67,30796.0
4115.0,57,5518.0,58.084210526315786,2.6130561805563244,57,30724.0,0.0992859516259516,57,30724.0
4120.0,57,5499.0,58.5,2.9511596090106895,57,30848.0,0.1496058040475994,57,30848.0
4125.0,63,5803.0,60.447916666666664,2.631270765769758,63,31018.0,0.09819402408199299,63,31018.0
4130.0,71,6142.0,62.04040404040404,2.368217920983034,71,31227.0,0.08708629269061137,71,31227.0
4135.0,77,6515.0,67.86458333333333,1.5056729079226265,77,31472.0,0.047718342317728486,77,31472.0
4140.0,85,6924.0,71.38144329896907,1.2672958758815456,85,31751.0,0.03815782731516142,85,31751.0
4145.0,87,7356.0,75.06122448979592,1.2339082619982797,87,32053.0,0.06367729657458715,87,32053.0
4150.0,90,7799.0,77.99,1.1179771766650242,90,32366.0,0.034443565346985915,90,32366.0
4155.0,91,8254.0,81.72277227722772,1.2756454811409514,91,32691.0,0.05504843113948799,91,32691.0
4160.0,91,8709.0,84.55339805825243,1.2296091722404205,91,33016.0,0.03486107082446469,91,33016.0
4165.0,87,8697.0,84.4368932038835,1.5181906283096198,87,33166.0,0.06263917981232346,87,33166.0
4170.0,78,8580.0,82.5,1.8906014592467282,78,33120.0,0.08046285046967581,78,33120.0
4175.0,77,8900.0,86.40776699029126,2.380529976808189,77,32997.0,0.07261217682608444,77,32997.0
4180.0,74,9250.0,86.44859813084112,2.308089375218974,74,33232.0,0.09720642095367513,74,33232.0
4185.0,81,9648.0,93.66990291262135,1.9784247492765976,81,33485.0,0.05683372374802662,81,33485.0
4190.0,87,10073.0,95.93333333333334,2.259914278829056,87,33780.0,0.0674156880306431,87,33780.0
4195.0,81,10031.0,100.31,1.9005166698822211,81,33468.0,0.06579282039151187,81,33468.0
4200.0,73,9666.0,98.63265306122449,1.9336548078480282,73,32242.0,0.07426863356872736,73,32242.0
4205.0,68,9445.0,95.4040404040404,3.033242425791734,68,31260.0,0.11779127744200033,68,31260.0
4210.0,58,9119.0,92.11111111111111,2.7597862081937374,58,31149.0,0.11941309046192701,58,31149.0
4215.0,61,9217.0,98.05319148936171,2.698174088875225,61,31306.0,0.14389136133985425,61,31306.0
4220.0,67,9542.0,95.42,2.5844774465349594,67,31501.0,0.10419810103570075,67,31501.0
4225.0,74,9898.0,98.98,2.0216893529398314,74,31727.0,0.07985518710991507,74,31727.0
4230.0,82,10293.0,101.91089108910892,1.542080257215676,82,31992.0,0.09340101980921445,82,31992.0
4235.0,87,10717.0,108.25252525252525,0.9664746684353254,87,32287.0,0.03855696600614368,87,32287.0
4240.0,91,11166.0,106.34285714285714,1.6495184007334447,91,32607.0,0.08050256660411154,91,32607.0
4245.0,93,11624.0,115.08910891089108,0.9821814471632481,93,32935.0,0.03729930938754885,93,32935.0
4250.0,93,12089.0,112.98130841121495,1.7000164263270645,93,33270.0,0.07341927339338349,93,33270.0
4255.0,94,12555.0,118.44339622641509,1.1293604205078966,94,33606.0,0.03657973883206626,94,33606.0
4260.0,91,12562.0,118.50943396226415,1.2275348127697736,91,33707.0,0.05424101413939797,91,33707.0
4265.0,83,12310.0,115.04672897196262,1.545250814425746,83,33509.0,0.0655135701419638,83,33509.0
4270.0,78,12489.0,114.57798165137615,2.5831318250180995,78,33398.0,0.09499650518114935,78,33398.0
4275.0,75,12830.0,117.70642201834862,2.5778111016318914,75,33569.0,0.11455702668156476,75,33569.0
4280.0,79,13212.0,124.64150943396227,2.142235814276095,79,33801.0,0.06633104509598371,79,33801.0
4285.0,86,13630.0,127.38317757009345,2.368084019173262,86,34089.0,0.06701236975420392,86,34089.0
4290.0,89,14070.0,135.28846153846155,1.778318159672131,89,34399.0,0.057497736404431905,89,34399.0
4295.0,85,12580.0,124.55445544554455,1.034639266785789,85,32739.0,0.043550340332607546,85,32739.0
4300.0,79,10119.0,99.20588235294117,1.8325202801661924,79,29109.0,0.07523534208473982,79,29109.0
4305.0,73,7947.0,76.41346153846153,2.3470782518189686,73,25478.0,0.09037755398293833,73,25478.0
4310.0,64,5723.0,55.56310679611651,2.624581021559067,64,23772.0,0.11399778298254581,64,23772.0
4315.0,62,3828.0,37.529411764705884,2.8335895747377915,62,23997.0,0.12829481113575597,62,23997.0
4320.0,70,4161.0,41.198019801980195,2.3061487691426916,70,24260.0,0.08413645201029271,70,24260.0
4325.0,77,4532.0,41.57798165137615,2.154428546830545,77,24561.0,0.07398004537851002,77,24561.0
4330.0,86,4941.0,46.613207547169814,1.2005060722082426,86,24900.0,0.04162857437904417,86,24900.0
4335.0,93,5394.0,49.03636363636364,1.2905346316292228,93,25287.0,0.05164825875909162,93,25287.0
4340.0,100,5880.0,53.944954128440365,0.9985494325078106,100,25704.0,0.03655586595511345,100,25704.0
4345.0,95,5579.0,49.3716814159292,1.1861485915885515,95,25571.0,0.05831195290414243,95,25571.0
4350.0,89,4746.0,42.75675675675676,1.438612782350456,89,24867.0,0.057078977491570274,89,24867.0
4355.0,83,4040.0,35.130434782608695,2.248240859174467,83,23896.0,0.08046045193553186,83,23896.0
4360.0,73,3356.0,29.964285714285715,2.0624119819797953,73,23955.0,0.0947948874562069,73,23955.0
4365.0,74,3349.0,30.17117117117117,2.247260751822412,74,24213.0,0.10266918887763794,74,24213.0
4370.0,79,3737.0,32.780701754385966,2.5244016184859137,79,24522.0,0.08583508107934283,79,24522.0
4375.0,88,4156.0,35.827586206896555,1.8180366305648958,88,24871.0,0.061549185853560485,88,24871.0
4380.0,95,4615.0,40.84070796460177,1.1704921657192833,95,25260.0,0.039397920396558705,95,25260.0
4385.0,101,5110.0,44.43478260869565,0.9318700447175254,101,25685.0,0.04811177016330205,101,25685.0
4390.0,106,5634.0,49.421052631578945,0.8814909773173003,106,26139.0,0.034226935132722396,106,26139.0
4395.0,106,6164.0,50.94214876033058,1.1733277526903192,106,26599.0,0.04554772008622873,106,26599.0
4400.0,109,6701.0,56.3109243697479,0.8791530091529568,109,27066.0,0.031260732070144584,109,27066.0
4405.0,110,7251.0,58.951219512195124,1.1507724681783356,110,27546.0,0.06590971115429416,110,27546.0
4410.0,112,7806.0,65.05,0.8321240275699712,112,28031.0,0.033364962222363265,112,28031.0
4415.0,112,8366.0,67.46774193548387,1.1737891048502844,112,28521.0,0.04701082036538588,112,28521.0
4420.0,108,8069.0,65.60162601626017,1.0525095023786284,108,28598.0,0.03796173255125932,108,28598.0
4425.0,98,7196.0,58.50406504065041,1.6486791521697286,98,28303.0,0.07647369735467077,98,28303.0
4430.0,91,6708.0,54.53658536585366,2.0133993972436084,91,27913.0,0.07585069605424503,91,27913.0
4435.0,82,6556.0,54.18181818181818,1.7764802304410092,82,28108.0,0.07786356975871808,82,28108.0
4440.0,84,6854.0,57.11666666666667,2.2412083636220603,84,28433.0,0.09509857215193203,84,28433.0
4445.0,90,7291.0,60.256198347107436,2.0663278459115584,90,28800.0,0.08063977757407355,90,28800.0
4450.0,98,7764.0,64.7,1.4536524680356708,98,29203.0,0.04122695353263786,98,29203.0
4455.0,102,8265.0,69.45378151260505,1.2343809770951792,102,29634.0,0.0582248242809384,102,29634.0
4460.0,108,8795.0,74.53389830508475,1.0100052726471682,108,30095.0,0.03391386997737152,108,30095.0
4465.0,103,8713.0,73.21848739495799,1.014771342614047,103,29953.0,0.03926879959130935,103,29953.0
4470.0,99,8218.0,68.48333333333333,1.3989903330892604,99,29191.0,0.05730827086591995,99,29191.0
4475.0,90,7820.0,65.71428571428571,2.014747584374718,90,27904.0,0.06356298152516823,90,27904.0
4480.0,80,7358.0,60.8099173553719,1.988024011971768,80,28234.0,0.08799626001263051,80,28234.0
4485.0,82,7444.0,64.17241379310344,2.0434839051027023,82,28548.0,0.08235077285768395,82,28548.0
4490.0,88,7877.0,64.56557377049181,2.179833162273203,88,28911.0,0.07126801979284636,88,28911.0
4495.0,97,8345.0,69.54166666666667,1.3443141432711114,97,29309.0,0.05152030417823384,97,29309.0
4500.0,104,8846.0,73.10743801652893,1.1558648658862756,104,29741.0,0.042686863119909366,104,29741.0
4505.0,108,9377.0,77.49586776859505,0.8580722962303149,108,30204.0,0.023927306859187713,108,30204.0
4510.0,113,9935.0,81.43442622950819,0.9420310271846557,113,30692.0,0.0321333771250381,113,30692.0
4515.0,107,10293.0,85.06611570247934,0.9710028923284778,107,30660.0,0.036200965267293876,107,30660.0
4520.0,99,10501.0,85.3739837398374,1.5075247771280063,99,30100.0,0.055386610481974824,99,30100.0
4525.0,93,10757.0,88.90082644628099,2.1342801720853672,93,29134.0,0.0647812180261386,93,29134.0
4530.0,82,10926.0,91.05,1.8699458218998997,82,29480.0,0.07849367850139584,82,29480.0
4535.0,82,11234.0,97.68695652173913,1.9514036731942088,82,29801.0,0.09118338701452822,82,29801.0
4540.0,89,11666.0,97.21666666666667,2.1016338032691517,89,30164.0,0.075304188041606,89,30164.0
4545.0,91,11475.0,97.2457627118644,1.478510164522561,91,30050.0,0.05223709422380704,91,30050.0
4550.0,87,10867.0,90.55833333333334,1.8065728690088438,87,29475.0,0.07801882917357729,87,29475.0
4555.0,88,10475.0,88.77118644067797,2.0429426234162213,88,28576.0,0.06712362927872884,88,28576.0
4560.0,79,10044.0,85.11864406779661,1.9854583749185286,79,28897.0,0.08706058665901549,79,28897.0
4565.0,77,9905.0,86.1304347826087,2.28075960153578,77,29194.0,0.09419786981370742,77,29194.0
4570.0,83,10311.0,87.38135593220339,2.276190703405024,83,29528.0,0.07353358697226155,83,29528.0
4575.0,92,10750.0,88.84297520661157,1.8367636518121275,92,29897.0,0.06386452326656629,92,29897.0
4580.0,98,11225.0,93.54166666666667,1.1677559468264964,98,30303.0,0.05703995092192287,98,30303.0
4585.0,103,11424.0,96.0,0.7213309099907435,103,30224.0,0.037906707112509944,103,30224.0
4590.0,98,11434.0,92.95934959349593,1.4113528248270124,98,29958.0,0.05578920700857627,98,29958.0
4595.0,94,11535.0,94.54918032786885,2.053013920261623,94,29365.0,0.0654339153960923,94,29365.0
4600.0,81,11597.0,95.05737704918033,2.1268949078909634,81,29702.0,0.08736263560932137,81,29702.0
4605.0,82,11859.0,102.23275862068965,1.9627565942758667,82,30003.0,0.0885873202919237,82,30003.0
4610.0,91,12290.0,103.27731092436974,2.1132315855950097,91,30355.0,0.07322996619501498,91,30355.0
4615.0,94,12750.0,108.05084745762711,1.7351875841053714,94,30747.0,0.048658460591082045,94,30747.0
4620.0,101,13242.0,113.17948717948718,1.3621108934655175,101,31169.0,0.05378587472806847,101,31169.0
4625.0,104,13759.0,121.76106194690266,0.8239564298032408,104,31616.0,0.02993796808531241,104,31616.0
4630.0,105,14284.0,124.20869565217392,1.0526251781218474,105,32071.0,0.04843621866318744,105,32071.0
4635.0,100,14369.0,124.94782608695652,0.8512522025976491,100,31996.0,0.04059177565335288,100,31996.0
4640.0,93,14164.0,123.16521739130435,1.4442993539015956,93,31434.0,0.0670666153310706,93,31434.0
4645.0,88,14072.0,118.25210084033614,2.226286269962831,88,30523.0,0.08120036319249135,88,30523.0
4650.0,79,13830.0,118.2051282051282,1.8787020366447627,79,30840.0,0.0758687340085599,79,30840.0
4655.0,79,13878.0,119.63793103448276,2.266625938225519,79,31118.0,0.10699302618068547,79,31118.0
4660.0,85,14292.0,122.15384615384616,2.188428498414954,85,31451.0,0.07110037629385868,85,31451.0
4665.0,88,14648.0,121.05785123966942,1.709233952186825,88,31404.0,0.06016949871536554,88,31404.0
4670.0,86,14982.0,128.05128205128204,1.4571035723397308,86,31042.0,0.04894942032672369,86,31042.0
4675.0,87,15352.0,126.87603305785125,2.152400249929625,87,30363.0,0.0677418426465174,87,30363.0
4680.0,80,15646.0,133.72649572649573,1.8414976197734474,80,30682.0,0.06957115749530164,80,30682.0
4685.0,79,16007.0,135.65254237288136,2.1388410539860607,79,30959.0,0.09683049613580158,79,30959.0
4690.0,86,16423.0,138.00840336134453,2.2030653372882045,86,31294.0,0.0755479018604407,86,31294.0
4695.0,93,16876.0,138.327868852459,1.8608430659156026,93,31677.0,0.05069531751076913,93,31677.0
4700.0,100,17364.0,145.91596638655463,1.1261854203436386,100,32095.0,0.03670463149246376,100,32095.0
4705.0,106,17882.0,146.5737704918033,1.1656999450464622,106,32545.0,0.03942678431052533,106,32545.0
4710.0,111,18432.0,154.890756302521,0.8678184857525941,111,33025.0,0.032625439410526653,111,33025.0
4715.0,111,18987.0,155.63114754098362,1.0917946147981386,111,33510.0,0.028634443029328615,111,33510.0
4720.0,105,19301.0,159.51239669421489,1.032898856182301,105,33598.0,0.03978400396129402,105,33598.0
4725.0,97,19456.0,159.47540983606558,1.5374883669333523,97,33581.0,0.06585416721017012,97,33581.0
4730.0,92,19631.0,162.2396694214876,2.117372375947762,92,33334.0,0.06982996011366999,92,33334.0
4735.0,82,19795.0,163.59504132231405,1.9830943789137432,82,33684.0,0.08506503886929853,82,33684.0
4740.0,83,20048.0,171.35042735042734,2.1458384843203966,83,34010.0,0.09067326320321696,83,34010.0
4745.0,88,20478.0,169.2396694214876,2.100908891069518,88,34371.0,0.06649046799688417,88,34371.0
4750.0,87,20849.0,175.2016806722689,1.7480347747344045,87,34507.0,0.05956771138887962,87,34507.0
4755.0,85,21192.0,175.1404958677686,1.6820225620460416,85,34616.0,0.06498297911625212,85,34616.0
4760.0,88,21567.0,181.23529411764707,2.082598336129483,88,34751.0,0.0686657997407374,88,34751.0
4765.0,80,21917.0,181.13223140495867,2.1500951592166127,80,35087.0,0.10077242914340079,80,35087.0
4770.0,82,22312.0,194.01739130434783,2.005920895271995,82,35412.0,0.09381060293540103,82,35412.0
4775.0,90,22745.0,194.4017094017094,2.085946849425572,90,35775.0,0.08002475061069687,90,35775.0
4780.0,95,23209.0,201.81739130434784,1.6139031864655804,95,36170.0,0.05186787542027927,95,36170.0
4785.0,101,23705.0,206.1304347826087,1.4103385082641204,101,36597.0,0.03388723085556645,101,36597.0
4790.0,103,24219.0,214.32743362831857,1.2272460701304801,103,37041.0,0.052878494377734474,103,37041.0
4795.0,98,24558.0,217.32743362831857,0.8956268737883817,98,37330.0,0.04221663041444028,98,37330.0
4800.0,93,24791.0,219.38938053097345,1.3250404162321596,93,37469.0,0.054312534970228594,93,37469.0
4805.0,84,25034.0,213.96581196581195,2.1941187598072838,84,37464.0,0.08016563284518331,84,37464.0
4810.0,79,25330.0,220.2608695652174,2.073876842681686,79,37777.0,0.09288825320148483,79,37777.0
4815.0,83,25734.0,223.77391304347827,2.3108743316645812,83,38091.0,0.09755726192353309,83,38091.0
4820.0,90,26173.0,231.61946902654867,1.9173886739283796,90,38459.0,0.04231919057515405,90,38459.0
4825.0,91,26556.0,241.4181818181818,1.5752287112563983,91,38698.0,0.0517022619892929,91,38698.0
4830.0,84,26886.0,246.6605504587156,1.7544683454438252,84,38858.0,0.07025921952250927,84,38858.0
4835.0,80,27249.0,254.66355140186917,2.160342852619502,80,39019.0,0.08071839201356962,80,39019.0
4840.0,78,27609.0,250.9909090909091,2.1090503582134104,78,39327.0,0.08870228610977855,78,39327.0
4845.0,83,28016.0,261.8317757009346,1.8551374929610283,83,39646.0,0.04763430155426237,83,39646.0
4850.0,88,28446.0,263.3888888888889,2.288831198780947,88,40006.0,0.059863228542236496,88,40006.0
4855.0,89,28890.0,277.78846153846155,1.764151100941807,89,40380.0,0.05738994786932744,89,40380.0
4860.0,84,29218.0,292.18,0.962719777969419,84,40649.0,0.044212329194902665,84,40649.0
4865.0,79,29518.0,292.25742574257424,1.91730331994554,79,40838.0,0.0841692986432784,79,40838.0
4870.0,81,29916.0,287.65384615384613,2.2531016448944294,81,41048.0,0.07206763256204705,81,41048.0
4875.0,78,30272.0,293.90291262135923,1.9442285718172134,78,41359.0,0.06679360129101201,78,41359.0
4880.0,81,30667.0,303.63366336633663,2.1427878200050494,81,41664.0,0.08355312496802689,81,41664.0
4885.0,83,31074.0,310.74,2.153390880995157,83,41996.0,0.06525873412154054,83,41996.0
4890.0,78,29760.0,300.6060606060606,1.8378131748700337,78,41461.0,0.07090418102834756,78,41461.0
4895.0,71,27573.0,290.2421052631579,1.9017185513410177,71,40320.0,0.06373443071585955,71,40320.0
4900.0,65,25659.0,261.8265306122449,2.8723745758063184,65,38806.0,0.12321754466314325,65,38806.0
4905.0,56,23578.0,250.82978723404256,2.604265284438009,56,39011.0,0.12284842302438077,56,39011.0
4910.0,56,22533.0,237.18947368421053,2.7954088157661396,56,39200.0,0.13516788831964827,56,39200.0
4915.0,63,22836.0,235.42268041237114,2.68886868608975,63,39431.0,0.10359536427628048,63,39431.0
4920.0,70,23174.0,229.44554455445544,2.306234845165781,70,39699.0,0.07287474078626141,70,39699.0
4925.0,78,23553.0,240.33673469387756,1.527583211759581,78,40008.0,0.06829154624298296,78,40008.0
4930.0,88,23967.0,237.2970297029703,1.2193325582346182,88,40352.0,0.057713279079468806,88,40352.0
4935.0,91,24416.0,241.74257425742573,1.2223174776872043,91,40732.0,0.05754697111246638,91,40732.0
4940.0,91,24871.0,236.86666666666667,1.5728858202298701,91,41117.0,0.053979986524000524,91,41117.0
4945.0,87,24925.0,239.66346153846155,1.6656398219018804,87,41346.0,0.06760021863072034,87,41346.0
4950.0,77,24992.0,235.77358490566039,2.184320303665961,77,41415.0,0.08530644593381038,77,41415.0
4955.0,80,25380.0,246.40776699029126,2.5052730475302116,80,41475.0,0.0833627893024325,80,41475.0
4960.0,77,25745.0,245.1904761904762,2.207829035480814,77,41755.0,0.08686224609066531,77,41755.0
4965.0,82,26144.0,261.44,2.071383548051464,82,42074.0,0.07363640764228367,82,42074.0
4970.0,83,26556.0,262.9306930693069,2.2693785977223215,83,42446.0,0.07309058179936902,83,42446.0
4975.0,78,26560.0,271.0204081632653,1.9609822761542801,78,42026.0,0.0690812456304887,78,42026.0
4980.0,71,26278.0,273.7291666666667,2.1650107355471033,71,40812.0,0.08636160253502416,71,40812.0
4985.0,65,26045.0,268.50515463917526,2.8703513813967856,65,38882.0,0.10890149246154239,65,38882.0
4990.0,55,25823.0,271.82105263157894,2.6771226519259366,55,39105.0,0.11958699183185466,55,39105.0
4995.0,58,25797.0,274.43617021276594,2.8426030982265416,58,39283.0,0.14157966759322163,58,39283.0
5000.0,64,26106.0,269.1340206185567,2.772753990554118,64,39472.0,0.1244875964561195,64,39472.0
5005.0,68,26189.0,264.5353535353535,2.2215033274974387,68,39552.0,0.09956716986640943,68,39552.0
5010.0,67,26353.0,268.90816326530614,1.973421294993697,67,39575.0,0.08155122567660963,67,39575.0
5015.0,78,26716.0,261.921568627451,2.2938933128530397,78,39653.0,0.07083487074315704,78,39653.0
5020.0,78,27069.0,268.009900990099,1.8587556975952046,78,39897.0,0.05391131318451321,78,39897.0
5025.0,80,27468.0,274.68,2.1489686905396725,80,40145.0,0.0781571143970646,80,40145.0
5030.0,82,27871.0,284.3979591836735,2.0977593142560718,82,40418.0,0.06456320809465638,82,40418.0
5035.0,78,28016.0,285.8775510204082,1.8650385684150574,78,39896.0,0.07056267066888236,78,39896.0
5040.0,71,27985.0,300.9139784946237,1.572396587021861,71,38636.0,0.053743145294594855,71,38636.0
5045.0,68,28028.0,286.0,2.8795640289903206,68,36802.0,0.10469955491113093,68,36802.0
5050.0,55,27939.0,300.4193548387097,2.507814297819822,55,36949.0,0.11602274457910877,55,36949.0
5055.0,55,28015.0,298.031914893617,2.8434495245264415,55,37045.0,0.14365841699197182,55,37045.0
5060.0,62,28311.0,294.90625,3.0616279681954963,62,37199.0,0.113646929511915,62,37199.0
5065.0,64,28389.0,283.89,2.2229334746762652,64,37293.0,0.09808320141339037,64,37293.0
5070.0,68,28633.0,292.1734693877551,2.0520895952037206,68,37336.0,0.0917049688123272,68,37336.0
5075.0,76,28993.0,287.05940594059405,2.158878453677713,76,37481.0,0.06056123771664752,76,37481.0
5080.0,80,29340.0,290.4950495049505,1.8812151375080197,80,37729.0,0.05733912874526249,80,37729.0
5085.0,78,29723.0,297.23,2.206975098233843,78,37958.0,0.08070416208510535,78,37958.0
5090.0,79,30114.0,307.2857142857143,2.2934509101543434,79,38212.0,0.061817456460308395,79,38212.0
5095.0,80,30514.0,311.3673469387755,2.359393729892215,80,38482.0,0.08207665716595021,80,38482.0
5100.0,76,30620.0,336.4835164835165,1.3767548213093042,76,38034.0,0.062167829142281916,76,38034.0
5105.0,70,30530.0,318.0208333333333,2.2354959209068923,70,37269.0,0.08812512443962332,70,37269.0
5110.0,63,30481.0,324.2659574468085,2.919074614592347,63,36754.0,0.10369017444252529,63,36754.0
5115.0,54,30349.0,319.46315789473687,2.6765566048938645,54,36884.0,0.13238618419195627,54,36884.0
5120.0,53,30448.0,334.5934065934066,3.048899034419862,53,36982.0,0.15244110164319016,53,36982.0
5125.0,62,30737.0,313.64285714285717,3.148272783745978,62,37138.0,0.1451812065486343,62,37138.0
5130.0,68,31066.0,327.0105263157895,2.152819155602803,68,37337.0,0.08799538143355973,68,37337.0
5135.0,69,31159.0,324.5729166666667,1.5768197483314494,69,37450.0,0.07651549441274225,69,37450.0
5140.0,73,31436.0,330.90526315789475,1.7616171518762396,73,37523.0,0.08420970282832281,73,37523.0
5145.0,77,31817.0,321.3838383838384,2.588061872834601,77,37701.0,0.09507198083806875,77,37701.0
5150.0,76,32160.0,324.8484848484849,2.1976485009312046,76,37933.0,0.08712655438244861,76,37933.0
5155.0,76,32530.0,335.36082474226805,2.1387014133216375,76,38155.0,0.07025263938504407,76,38155.0
5160.0,77,32915.0,346.4736842105263,2.151398831102083,77,38407.0,0.043502516245935374,77,38407.0
5165.0,73,28186.0,296.69473684210527,2.4160046779690254,73,36686.0,0.0938857302505617,73,36686.0
5170.0,66,20045.0,222.72222222222223,2.087289858796561,66,32980.0,0.09087100896151482,66,32980.0
5175.0,59,11898.0,127.93548387096774,3.1130163904102934,59,27329.0,0.13672907162904727,59,27329.0
5180.0,51,7063.0,77.61538461538461,2.927095207980144,51,26541.0,0.14878740426608128,51,26541.0
5185.0,52,2243.0,24.92222222222222,3.09865379756786,52,26703.0,0.1271390324875574,52,26703.0
5190.0,60,2527.0,26.882978723404257,3.190072717759713,60,26921.0,0.11483660746152465,60,26921.0
5195.0,65,2841.0,30.548387096774192,2.1934399400989473,65,27170.0,0.07052267778010758,65,27170.0
5200.0,75,3200.0,33.68421052631579,1.8415655257711852,75,27465.0,0.07439811983628372,75,27465.0
5205.0,83,3596.0,37.85263157894737,1.0594534728691059,83,27797.0,0.04750475661674925,83,27797.0
5210.0,87,4023.0,40.63636363636363,1.3740888542635927,87,28161.0,0.054695241789016996,87,28161.0
5215.0,82,3867.0,39.45918367346939,1.446265648771306,82,28044.0,0.0602565873754477,82,28044.0
5220.0,74,3303.0,33.704081632653065,1.6721678587007514,74,27654.0,0.06775973974485762,74,27654.0
5225.0,70,2921.0,29.21,2.7284060121054217,70,26909.0,0.09620103451643605,70,26909.0
5230.0,60,2411.0,24.353535353535353,2.36915822331012,60,27147.0,0.10106006961090379,60,27147.0
5235.0,62,2318.0,24.145833333333332,2.612197119900961,62,27369.0,0.1311722220539252,62,27369.0
5240.0,68,2642.0,25.901960784313726,2.6280480372700903,68,27628.0,0.09767757066152082,68,27628.0
5245.0,76,3005.0,29.46078431372549,2.005726269113945,76,27926.0,0.0859258335685394,76,27926.0
5250.0,83,3406.0,33.067961165048544,1.6920150174878121,83,28262.0,0.06088974810360045,83,28262.0
5255.0,90,3842.0,38.039603960396036,1.0919932120550067,90,28633.0,0.04012416315883985,90,28633.0
5260.0,93,4303.0,40.21495327102804,1.472025992306665,93,29029.0,0.062230015800468295,93,29029.0
5265.0,96,4775.0,45.91346153846154,0.9135128050946901,96,29436.0,0.03814973512394857,96,29436.0
5270.0,92,5026.0,46.11009174311926,1.241268048680822,92,29427.0,0.06621410847739544,92,29427.0
5275.0,85,5120.0,47.850467289719624,1.5316752401861535,85,29122.0,0.06553605239466932,85,29122.0
5280.0,81,5274.0,47.513513513513516,2.3471451022892786,81,28467.0,0.07509338256308909,81,28467.0
5285.0,71,4672.0,43.25925925925926,2.283366107724946,71,28517.0,0.10549432918776308,71,28517.0
5290.0,66,4065.0,37.99065420560748,2.284953139751942,66,28316.0,0.10787639405533969,66,28316.0
5295.0,66,4134.0,37.24324324324324,2.795787967927433,66,28043.0,0.12745468347368333,66,28043.0
5300.0,69,4382.0,38.7787610619469,2.2236101728091127,69,27957.0,0.10253354124263087,69,27957.0
5305.0,72,4643.0,41.455357142857146,2.2876082865340583,72,27701.0,0.09701510480267102,72,27701.0
5310.0,73,4936.0,43.68141592920354,2.5056835621688274,73,27256.0,0.08809200874736191,73,27256.0
5315.0,73,5039.0,46.22935779816514,1.941745299814167,73,27538.0,0.06926033861496246,73,27538.0
5320.0,73,5157.0,47.31192660550459,2.3957352895654838,73,27710.0,0.10742925944848007,73,27710.0
5325.0,70,5417.0,50.157407407407405,2.274892164661052,70,27903.0,0.06556924454670944,70,27903.0
5330.0,76,5789.0,52.153153153153156,3.130122920752482,76,28149.0,0.14305618038242707,76,28149.0
5335.0,80,6182.0,57.77570093457944,2.6431571047386804,80,28397.0,0.10317135978543583,80,28397.0
5340.0,86,6604.0,62.89523809523809,2.2371103033429374,86,28691.0,0.06578347353287813,86,28691.0
5345.0,86,7034.0,68.29126213592232,2.090680746859479,86,28996.0,0.05449854837569698,86,28996.0
5350.0,88,7468.0,73.94059405940594,1.6512140197051248,88,29305.0,0.060015013206404275,88,29305.0
5355.0,88,7908.0,79.87878787878788,1.4119009205710495,88,29620.0,0.059104109549616875,88,29620.0
5360.0,83,7992.0,81.55102040816327,1.1836801497338534,83,29667.0,0.04346770590022605,83,29667.0
5365.0,76,7840.0,76.86274509803921,2.0696699916317502,76,29493.0,0.1022465962614685,76,29493.0
5370.0,71,7916.0,76.11538461538461,2.37775753025058,71,29232.0,0.0798627229489849,71,29232.0
5375.0,75,8256.0,79.38461538461539,2.561419874551317,75,29242.0,0.10129854184596601,75,29242.0
5380.0,71,8561.0,83.93137254901961,2.175595456331241,71,29408.0,0.09136976481287966,71,29408.0
5385.0,75,8915.0,87.40196078431373,2.0008411439139704,75,29612.0,0.06751753074545487,75,29612.0
5390.0,81,9306.0,92.13861386138613,2.483205979008336,81,29865.0,0.05851898283748468,81,29865.0
5395.0,81,9711.0,99.09183673469387,2.1776404153541757,81,30145.0,0.057585873301583,81,30145.0
5400.0,76,10002.0,108.71739130434783,1.4515344251588942,76,30289.0,0.05140115613382624,76,30289.0
5405.0,70,10250.0,104.59183673469387,2.2773929707977585,70,30329.0,0.11119504041734439,70,30329.0
5410.0,73,10611.0,110.53125,2.3852048133681274,73,30449.0,0.07399708853678436,73,30449.0
5415.0,71,10950.0,110.60606060606061,2.155142180862727,71,30662.0,0.0757699083556515,71,30662.0
5420.0,76,11325.0,120.47872340425532,2.081309044063542,76,30900.0,0.07529158463228088,76,30900.0
5425.0,76,11705.0,121.92708333333333,2.3440164339188985,76,31155.0,0.07426209371944086,76,31155.0
5430.0,78,12094.0,131.45652173913044,1.8777469714558763,78,31419.0,0.06595981186410818,78,31419.0
5435.0,78,12484.0,137.1868131868132,1.548890250417562,78,31684.0,0.04793988445806209,78,31684.0
5440.0,74,12746.0,137.05376344086022,1.845263470519739,74,31881.0,0.08149952066626183,74,31881.0
5445.0,73,13084.0,142.2173913043478,2.100064247634512,73,32030.0,0.092440232263197,73,32030.0
5450.0,76,13458.0,143.17021276595744,2.3209591996039474,76,32258.0,0.06917993148845719,76,32258.0
5455.0,73,13814.0,146.95744680851064,1.9121292462546515,73,32498.0,0.0748451521822739,73,32498.0
5460.0,73,14179.0,155.8131868131868,2.08600481048718,73,32729.0,0.06019485083284644,73,32729.0
5465.0,75,14550.0,156.4516129032258,2.404727574433044,75,32975.0,0.07658501956554074,75,32975.0
5470.0,75,14925.0,169.60227272727272,1.8203343675477732,75,33225.0,0.06647084883298154,75,33225.0
5475.0,73,15274.0,167.84615384615384,1.711091042657461,73,33449.0,0.09914418316826236,73,33449.0
5480.0,78,15651.0,175.85393258426967,1.4628863655529885,78,33701.0,0.06474688325840697,78,33701.0
5485.0,79,16046.0,168.90526315789472,1.7737183831751682,79,33971.0,0.07455307921255573,79,33971.0
5490.0,77,15407.0,165.66666666666666,1.5654107359351161,77,33673.0,0.06948726498115237,77,33673.0
5495.0,67,14070.0,151.29032258064515,2.129173760356004,67,33055.0,0.105115123489041,67,33055.0
5500.0,63,13059.0,137.46315789473684,2.9168144162048986,63,32015.0,0.10956330306150219,63,32015.0
5505.0,53,12177.0,132.3586956521739,2.584254671599645,53,32128.0,0.12177012301352272,53,32128.0
5510.0,48,12072.0,132.65934065934067,2.8362808778733024,48,32151.0,0.14922709112181992,48,32151.0
5515.0,55,12336.0,129.85263157894738,3.199805926344485,55,32247.0,0.1423764909080694,55,32247.0
5520.0,63,12635.0,133.0,2.8722388253408537,63,32397.0,0.09138110797858887,63,32397.0
5525.0,70,12975.0,138.03191489361703,2.5227305968562295,70,32612.0,0.09199870382588093,70,32612.0
5530.0,75,13344.0,146.63736263736263,1.9307819162282758,75,32856.0,0.058166009973761194,75,32856.0
5535.0,79,13733.0,150.9120879120879,1.7841257232752543,79,33120.0,0.06740625764573153,79,33120.0
5540.0,79,14128.0,156.9777777777778,1.6076726010817781,79,33390.0,0.0620210381767563,79,33390.0
5545.0,75,14317.0,157.32967032967034,1.5734188450250512,75,33566.0,0.07184111128633419,75,33566.0
5550.0,75,14652.0,157.5483870967742,1.9238597720042807,75,33694.0,0.08736044019557059,75,33694.0
5555.0,77,15037.0,161.68817204301075,2.0136774124260493,77,33924.0,0.04453431751159974,77,33924.0
5560.0,74,15377.0,160.17708333333334,2.1682290081920645,74,34160.0,0.06975197167576594,74,34160.0
5565.0,73,15740.0,172.96703296703296,2.228014212666725,73,34379.0,0.07084863602450303,73,34379.0
5570.0,75,16107.0,173.19354838709677,2.5811681807285414,75,34619.0,0.06792881230215614,75,34619.0
5575.0,69,16065.0,182.5568181818182,2.1686101412714778,69,34341.0,0.07732622461844328,69,34341.0
5580.0,60,15736.0,180.8735632183908,2.1710731088884865,60,33584.0,0.08386641608245288,60,33584.0
5585.0,57,15466.0,173.77528089887642,3.2340647882781193,57,32434.0,0.12298961444314943,57,32434.0
5590.0,47,15305.0,175.91954022988506,2.707333006497204,47,32550.0,0.13018498148127056,47,32550.0
5595.0,51,15359.0,178.59302325581396,3.1038285405023855,51,32652.0,0.14735564564660278,51,32652.0
5600.0,58,15636.0,175.68539325842696,3.049084283613712,58,32804.0,0.11757252329885069,58,32804.0
5605.0,60,15866.0,178.26966292134833,2.523479273056203,60,32565.0,0.09894319864678976,60,32565.0
5610.0,55,16057.0,180.41573033707866,2.688755245955386,55,31574.0,0.11066002722446673,55,31574.0
5615.0,53,16259.0,189.0581395348837,3.0611835839281976,53,31105.0,0.1096950812643572,53,31105.0
5620.0,52,16487.0,179.20652173913044,3.0330147089747395,52,31236.0,0.14894345205086415,52,31236.0
5625.0,56,16747.0,199.36904761904762,2.497389580395015,56,31369.0,0.12487666456581144,56,31369.0
5630.0,64,17050.0,189.44444444444446,2.7837878085902994,64,31547.0,0.10005477789150627,64,31547.0
5635.0,69,17388.0,199.86206896551724,2.183748016706439,69,31760.0,0.06997163354352869,69,31760.0
5640.0,74,17747.0,211.27380952380952,1.4263317475876407,74,31994.0,0.05233538164445816,74,31994.0
5645.0,74,18117.0,215.67857142857142,1.5208076281326295,74,32239.0,0.06944878981609295,74,32239.0
5650.0,74,18487.0,212.49425287356323,1.5528839390309361,74,32484.0,0.07670045534425658,74,32484.0
5655.0,76,18867.0,209.63333333333333,1.8844661394867301,76,32739.0,0.10123429902290006,76,32739.0
5660.0,77,19250.0,204.7872340425532,1.7654694245808364,77,32997.0,0.07307969929572718,77,32997.0
5665.0,78,19152.0,203.74468085106383,1.6095512187500551,78,33077.0,0.06983261632264948,78,33077.0
5670.0,68,19109.0,199.05208333333334,2.324939379351495,68,33009.0,0.10205518710735682,68,33009.0
5675.0,69,19433.0,206.7340425531915,2.6934451777404487,69,32920.0,0.08390007825438588,69,32920.0
5680.0,66,19722.0,205.4375,2.383423662683652,66,33109.0,0.09450085940780849,66,33109.0
5685.0,70,20062.0,220.46153846153845,2.0981951953294447,70,33299.0,0.07356040549877485,70,33299.0
5690.0,74,20424.0,212.75,2.7857598054228583,74,33536.0,0.10238083782116808,74,33536.0
5695.0,76,20798.0,221.25531914893617,2.361555758086662,76,33785.0,0.07525377227325325,76,33785.0
5700.0,79,21187.0,232.82417582417582,1.6309980720357318,79,34049.0,0.05723184220816309,79,34049.0
5705.0,75,18446.0,204.95555555555555,1.4726616787479085,75,32342.0,0.07384878514336878,75,32342.0
5710.0,67,13599.0,149.43956043956044,2.117954013918692,67,27670.0,0.08992749882467993,67,27670.0
5715.0,62,9783.0,104.07446808510639,3.0876392116803317,62,23008.0,0.12589494493542638,62,23008.0
5720.0,52,5200.0,57.77777777777778,2.3387054967911713,52,23092.0,0.09006366197992609,52,23092.0
5725.0,49,2656.0,28.25531914893617,3.34825945741789,49,23066.0,0.1685412037895356,49,23066.0
5730.0,55,2920.0,31.06382978723404,3.0916621239679087,55,23085.0,0.10920581335727525,55,23085.0
5735.0,65,3098.0,32.61052631578947,2.101617189756351,65,23277.0,0.07835435851637172,65,23277.0
5740.0,67,3348.0,34.875,2.2306311238532395,67,23463.0,0.08949271007406186,67,23463.0
5745.0,72,3697.0,36.603960396039604,2.582626628085713,72,23684.0,0.088924131151861,72,23684.0
5750.0,79,4076.0,41.17171717171717,2.456249023348974,79,23986.0,0.0649190954139979,79,23986.0
5755.0,74,3663.0,38.15625,1.8529067035953124,74,23790.0,0.07636094454181008,74,23790.0
5760.0,69,2717.0,29.532608695652176,1.9908399267956496,69,23295.0,0.0745312268391909,69,23295.0
5765.0,65,2201.0,22.459183673469386,2.9723710379290553,65,22503.0,0.11860494765207631,65,22503.0
5770.0,53,1812.0,19.483870967741936,2.6544057622985813,53,22513.0,0.12007424414424651,53,22513.0
5775.0,56,1942.0,20.659574468085108,2.854601671470413,56,22681.0,0.14235068281800772,56,22681.0
5780.0,61,2240.0,24.086021505376344,2.803767273717992,61,22896.0,0.10533680481083024,61,22896.0
5785.0,69,2573.0,27.08421052631579,2.5551386938336393,69,23164.0,0.0797400226436529,69,23164.0
5790.0,74,2936.0,32.26373626373626,1.9775522158844643,74,23462.0,0.06932037690508484,74,23462.0
5795.0,78,3317.0,37.26966292134831,1.3735348098520634,78,23778.0,0.05198839784690789,78,23778.0
5800.0,79,3711.0,39.903225806451616,1.7367879894560376,79,24107.0,0.09291149629735786,79,24107.0
5805.0,81,4112.0,42.391752577319586,1.4983709551272044,81,24443.0,0.05755376366823662,81,24443.0
5810.0,85,4536.0,47.747368421052634,1.3144614272853996,85,24802.0,0.05955788497407982,85,24802.0
5815.0,85,4961.0,50.62244897959184,1.4399150013217745,85,25162.0,0.07363036273819605,85,25162.0
5820.0,87,5392.0,56.757894736842104,1.06175405116519,87,25528.0,0.042180916447940184,87,25528.0
5825.0,81,5291.0,52.386138613861384,1.5223656455336654,81,25682.0,0.07652428892804404,81,25682.0
5830.0,79,5198.0,53.58762886597938,1.5831386589261482,79,25660.0,0.06589058217734786,79,25660.0
5835.0,73,5405.0,50.51401869158879,3.0685665347626667,73,25567.0,0.1304336998921673,73,25567.0
5840.0,72,5719.0,55.52427184466019,2.262998472720322,72,25845.0,0.08970775644999775,72,25845.0
5845.0,78,6088.0,58.53846153846154,2.1984441308789835,78,26128.0,0.08968650716623223,78,26128.0
5850.0,83,6493.0,64.2871287128713,2.3044620955257487,83,26462.0,0.06372470180495413,83,26462.0
5855.0,85,6912.0,67.76470588235294,2.1037639852083196,85,26816.0,0.05941267085160539,85,26816.0
5860.0,81,7228.0,75.29166666666667,1.4019780332054965,81,27043.0,0.0702613775088398,81,27043.0
5865.0,73,7498.0,78.10416666666667,1.755215636741294,73,27167.0,0.08406216489424098,73,27167.0
5870.0,77,7874.0,77.96039603960396,2.50525436150443,77,27350.0,0.10363326236380652,77,27350.0
5875.0,73,8198.0,81.16831683168317,1.9847641634570583,73,27634.0,0.07323340136643285,73,27634.0
5880.0,77,8581.0,86.67676767676768,2.0951766019418283,77,27927.0,0.06704461671775255,77,27927.0
5885.0,79,8973.0,91.56122448979592,2.3959906725391003,79,28254.0,0.08864529849374532,79,28254.0
5890.0,79,9368.0,99.65957446808511,1.7574686312396695,79,28584.0,0.04857073275440414,79,28584.0
5895.0,75,9662.0,103.89247311827957,1.7629539286861295,75,28853.0,0.08952484193163916,75,28853.0
5900.0,75,10024.0,108.95652173913044,2.1122707236547345,75,29094.0,0.0910902279422464,75,29094.0
5905.0,76,10401.0,110.64893617021276,1.906409027114282,76,29402.0,0.04886436845894558,76,29402.0
5910.0,76,10754.0,112.02083333333333,1.8870867569720593,76,29707.0,0.07244875537882989,76,29707.0
5915.0,75,11126.0,120.93478260869566,1.7432744798705502,75,30000.0,0.054036632859253156,75,30000.0
5920.0,76,11503.0,121.08421052631579,2.4231738175063913,76,30309.0,0.06557413672581025,76,30309.0
5925.0,71,10659.0,117.13186813186813,2.0955697928728783,71,28671.0,0.07549172642392438,71,28671.0
5930.0,62,8984.0,98.72527472527473,2.1950022218634166,62,25074.0,0.0943757450204312,62,25074.0
5935.0,59,7706.0,86.58426966292134,3.0143143948389666,59,19569.0,0.11066252978175316,59,19569.0
5940.0,49,6363.0,71.49438202247191,2.739183365235154,49,19816.0,0.11842253958846767,49,19816.0
5945.0,51,5439.0,62.51724137931034,3.1627025534043613,51,20040.0,0.152175912273052,51,20040.0
5950.0,59,5711.0,63.455555555555556,2.8662560371340926,59,20307.0,0.09905994737933692,59,20307.0
5955.0,66,6019.0,64.72043010752688,2.303994562289026,66,20611.0,0.09987650768531886,66,20611.0
5960.0,73,6365.0,67.0,1.7603783936523927,73,20954.0,0.06896805877780468,73,20954.0
5965.0,81,6747.0,70.28125,1.3378248012518743,81,21334.0,0.06305589771611177,81,21334.0
5970.0,86,7167.0,72.39393939393939,1.625586999867332,86,21752.0,0.06716681946584287,86,21752.0
5975.0,82,6381.0,66.46875,1.127479520845619,82,21503.0,0.04631763841063595,82,21503.0
5980.0,74,4784.0,47.366336633663366,2.108574536976613,74,20582.0,0.09124164368730642,74,20582.0
5985.0,68,3412.0,34.464646464646464,2.591648449943959,68,19106.0,0.08863145116815509,68,19106.0
5990.0,58,2024.0,20.24,2.5692934498088236,58,19276.0,0.12382268444179532,58,19276.0
5995.0,55,1677.0,17.46875,2.852096188794922,55,19333.0,0.13916600676478236,55,19333.0
6000.0,64,1976.0,19.564356435643564,2.8944781999955462,64,19459.0,0.12171588465888045,64,19459.0
6005.0,68,2181.0,21.174757281553397,1.9312414450694295,68,19738.0,0.06693544969332088,68,19738.0
6010.0,71,2451.0,23.796116504854368,2.1661755666320275,71,20005.0,0.07967860586216709,71,20005.0
6015.0,77,2820.0,27.115384615384617,2.5424386922802458,77,20306.0,0.08517340281495821,77,20306.0
6020.0,81,3218.0,30.64761904761905,2.946699227878164,81,20682.0,0.08253277392985084,81,20682.0
6025.0,82,3624.0,36.60606060606061,2.106313958427453,82,21083.0,0.06214104095484509,82,21083.0
6030.0,77,3801.0,38.785714285714285,2.09118581042554,77,20846.0,0.1023133523759655,77,20846.0
6035.0,71,3813.0,41.0,1.8516711195053588,71,20013.0,0.08547934124659189,71,20013.0
6040.0,64,3855.0,38.93939393939394,3.1206265757414062,64,18793.0,0.12968410290848256,64,18793.0
6045.0,54,3832.0,40.33684210526316,2.9051955763188864,54,18888.0,0.1255524059241808,54,18888.0
6050.0,57,4008.0,42.638297872340424,2.882123981609709,57,19129.0,0.14184497433808826,57,19129.0
6055.0,63,4308.0,44.875,2.9429554519862506,63,19421.0,0.1065788352248685,63,19421.0
6060.0,70,4642.0,48.354166666666664,2.096069072552643,70,19750.0,0.07105601719085025,70,19750.0
6065.0,77,5013.0,52.76842105263158,1.6197391089449438,77,20117.0,0.06161948455328552,77,20117.0
6070.0,83,5416.0,57.01052631578948,1.2224305383641023,83,20516.0,0.061703259300407376,83,20516.0
6075.0,86,5846.0,60.895833333333336,1.3046802054237825,86,20941.0,0.06125219985212897,86,20941.0
6080.0,86,6276.0,65.375,1.142631372338691,86,21366.0,0.038739991899592145,86,21366.0
6085.0,88,6711.0,67.78787878787878,1.3681195776003263,88,21796.0,0.0689924327281583,88,21796.0
6090.0,88,7151.0,71.51,1.1747899601116367,88,22231.0,0.0541221771322111,88,22231.0
6095.0,86,7071.0,69.32352941176471,1.1662225294011332,86,22471.0,0.056412412295222474,86,22471.0
6100.0,79,6982.0,68.45098039215686,1.851624735368064,79,22537.0,0.08179467225506722,79,22537.0
6105.0,77,7311.0,69.62857142857143,2.446523069971843,77,22552.0,0.08316046420722824,77,22552.0
6110.0,74,7648.0,74.25242718446601,2.055257129111795,74,22907.0,0.08105556552874131,74,22907.0
6115.0,80,8028.0,77.1923076923077,2.269520586238558,80,23263.0,0.08066831615059158,80,23263.0
6120.0,84,8440.0,85.25252525252525,1.8689175144031263,84,23666.0,0.042632102967262456,84,23666.0
6125.0,79,8394.0,81.49514563106796,1.8326928275827166,79,23511.0,0.06935361876701962,79,23511.0
6130.0,74,8040.0,82.88659793814433,1.6816315937014419,74,22842.0,0.06600668350637899,74,22842.0
6135.0,70,7827.0,76.73529411764706,2.6496740754092736,70,21816.0,0.10252978234401794,70,21816.0
6140.0,59,7567.0,75.67,2.6356718497212426,59,22110.0,0.10968877260685841,59,22110.0
6145.0,62,7698.0,76.98,3.0055141454188954,62,22367.0,0.1405657961387159,62,22367.0
6150.0,68,8028.0,81.91836734693878,2.658703172817506,68,22682.0,0.085647607074461,68,22682.0
6155.0,77,8390.0,84.74747474747475,2.1528352712361642,77,23039.0,0.04960483341132469,77,23039.0
6160.0,81,8786.0,90.57731958762886,1.676620356964416,81,23431.0,0.08308650446334935,81,23431.0
6165.0,85,9201.0,93.88775510204081,1.0242268883625913,85,23842.0,0.0361225175198261,85,23842.0
6170.0,90,9648.0,96.48,1.2728568669601426,90,24284.0,0.05749230584197652,90,24284.0
6175.0,90,10098.0,99.98019801980197,1.114224011568564,90,24729.0,0.05633723317276562,90,24729.0
6180.0,88,10147.0,101.47,0.9452969993653838,88,24961.0,0.043549842507115306,88,24961.0
6185.0,79,9977.0,94.12264150943396,1.9380063792206568,79,24936.0,0.07582135145400938,79,24936.0
6190.0,76,10231.0,98.375,2.3364709491541857,76,24986.0,0.07911645867326005,76,24986.0
6195.0,73,10544.0,95.85454545454546,2.713404401694725,73,25328.0,0.12118360118259394,73,25328.0
6200.0,78,10917.0,104.97115384615384,2.0153603190587015,78,25668.0,0.06649271205261947,78,25668.0
6205.0,85,11329.0,106.87735849056604,2.412328371853834,85,26041.0,0.07326472267937219,85,26041.0
6210.0,86,11759.0,117.59,1.8272445333430591,86,26409.0,0.05584842693942346,86,26409.0
6215.0,82,12079.0,123.25510204081633,1.4559636504109543,82,26619.0,0.07895777963539422,82,26619.0
6220.0,75,12337.0,125.88775510204081,1.8345446037841953,75,26720.0,0.08559793409198556,75,26720.0
6225.0,76,12716.0,127.16,2.29041029148032,76,26887.0,0.07082151696298242,76,26887.0
6230.0,75,13060.0,128.0392156862745,2.2824864319643132,75,27170.0,0.09158003231707194,75,27170.0
6235.0,80,13437.0,135.72727272727272,2.015603727957552,80,27460.0,0.07681550098942001,80,27460.0
6240.0,80,13837.0,141.19387755102042,2.107917542949475,80,27784.0,0.04134227102450623,80,27784.0
6245.0,76,13617.0,138.94897959183675,2.3720032674618987,76,27539.0,0.0913967366003674,76,27539.0
6250.0,67,12967.0,137.9468085106383,2.137316065899495,67,26799.0,0.08124106996714313,67,26799.0
6255.0,64,12523.0,130.44791666666666,3.0613592048336287,64,26082.0,0.11956842313346527,64,26082.0
6260.0,53,12136.0,130.49462365591398,2.8369410228802083,53,26117.0,0.12909239428875613,53,26117.0
6265.0,56,12116.0,133.14285714285714,2.9924979279235164,56,26296.0,0.1427757058998297,56,26296.0
6270.0,62,12410.0,130.6315789473684,2.9178313050243907,62,26519.0,0.10514944964711195,62,26519.0
6275.0,64,12473.0,134.11827956989248,2.053019569993561,64,26650.0,0.06546651315002475,64,26650.0
6280.0,64,12633.0,132.97894736842105,2.4089874968909806,64,26718.0,0.09826969098873328,64,26718.0
6285.0,71,12976.0,139.5268817204301,2.4204982911088204,71,26846.0,0.06650232924315355,71,26846.0
6290.0,73,13309.0,138.63541666666666,2.111473921087644,73,27123.0,0.07653656203657029,73,27123.0
6295.0,73,13673.0,150.25274725274724,2.161551860168595,73,27404.0,0.07574011620860303,73,27404.0
6300.0,73,14038.0,154.26373626373626,2.257807833756192,73,27698.0,0.04877090654619617,73,27698.0
6305.0,75,14410.0,158.35164835164835,2.18898377480677,75,28000.0,0.08254800356762951,75,28000.0
6310.0,77,14789.0,164.32222222222222,1.5488064587591766,77,28309.0,0.0452787145465126,77,28309.0
6315.0,73,15049.0,169.08988764044943,1.597996494879993,73,28563.0,0.07067374094811793,73,28563.0
6320.0,71,15397.0,169.1978021978022,2.253494249374288,71,28771.0,0.09271533034314833,71,28771.0
6325.0,74,15761.0,173.1978021978022,2.2147269240091894,74,29063.0,0.06985423196747703,74,29063.0
6330.0,71,16107.0,177.0,1.8612658807450304,71,29347.0,0.0770980818432658,71,29347.0
6335.0,71,16462.0,189.2183908045977,2.1069346178377004,71,29624.0,0.07590267073204895,71,29624.0
6340.0,73,16821.0,180.8709677419355,2.55010819904017,73,29913.0,0.09018087169936895,73,29913.0
6345.0,75,17189.0,193.13483146067415,1.9524470112411623,75,30211.0,0.06785032748083562,75,30211.0
6350.0,73,17540.0,192.74725274725276,1.6780295702435677,73,30492.0,0.07814659188901495,73,30492.0
6355.0,77,17915.0,205.91954022988506,1.4321295800651008,77,30797.0,0.062435065045476835,77,30797.0
6360.0,77,18300.0,201.0989010989011,1.596976052784095,77,31112.0,0.05525286038264616,77,31112.0
6365.0,75,18641.0,209.4494382022472,1.3888278672572394,75,31410.0,0.06783977395260582,75,31410.0
6370.0,73,19000.0,208.7912087912088,1.9828454128349013,73,31678.0,0.08724315730646814,73,31678.0
6375.0,75,19368.0,203.8736842105263,2.5893321867882095,75,31970.0,0.07780092228251671,75,31970.0
6380.0,71,19038.0,200.4,2.2271535585938977,71,31687.0,0.09073565708573403,71,31687.0
6385.0,65,18248.0,200.52747252747253,2.297272358048206,65,30895.0,0.1069491442385387,65,30895.0
6390.0,59,17670.0,190.0,3.451707934849419,59,29656.0,0.15040135219420747,59,29656.0
6395.0,49,17072.0,194.0,2.782270666906754,49,29830.0,0.12834492628547697,49,29830.0
6400.0,51,17054.0,189.48888888888888,3.2485891685346107,51,29975.0,0.15691166318212116,51,29975.0
6405.0,57,17324.0,194.65168539325842,2.92779022156332,57,30176.0,0.10317403213765602,57,30176.0
6410.0,66,17636.0,189.63440860215053,2.6073137877541126,66,30418.0,0.10824562481101385,66,30418.0
6415.0,71,17982.0,199.8,1.7879595973565179,71,30694.0,0.07005499421098799,71,30694.0
6420.0,77,18356.0,201.71428571428572,1.5256503112901658,77,30998.0,0.05615192942361334,77,30998.0
6425.0,81,18752.0,206.06593406593407,1.508527411827828,81,31325.0,0.0635342350533375,81,31325.0
6430.0,81,19157.0,208.22826086956522,1.428916825106734,81,31660.0,0.06150565341075354,81,31660.0
6435.0,78,19274.0,207.247311827957,1.48173877346447,78,31874.0,0.07128475024661154,78,31874.0
6440.0,72,19547.0,212.4673913043478,2.134980520108093,72,32003.0,0.08774420248940303,72,32003.0
6445.0,75,19912.0,205.27835051546393,2.6200739341816006,75,32205.0,0.09489023224131989,75,32205.0
6450.0,73,20253.0,213.18947368421053,1.9711368184614468,73,32488.0,0.06523968020222916,73,32488.0
6455.0,75,20628.0,214.875,2.4239676883724184,75,32781.0,0.07307506630067916,75,32781.0
6460.0,77,21008.0,225.89247311827958,2.327793412231968,77,33091.0,0.0694420730074813,77,33091.0
6465.0,77,21393.0,237.7,1.8394342417292924,77,33406.0,0.06488117891384103,77,33406.0
6470.0,73,21712.0,243.95505617977528,1.7250781855505857,73,33676.0,0.07624100749056695,73,33676.0
6475.0,73,22077.0,248.0561797752809,1.76987293375466,73,33950.0,0.07541901858110629,73,33950.0
6480.0,77,22457.0,252.32584269662922,1.457241412798977,77,34260.0,0.027878280890980166,77,34260.0
6485.0,80,22849.0,240.5157894736842,1.6445875752321082,80,34582.0,0.06426402392767026,80,34582.0
6490.0,77,23192.0,257.68888888888887,1.0137261652525125,77,34891.0,0.05401736957148068,77,34891.0
6495.0,77,23560.0,248.0,1.8837255477434005,77,35164.0,0.08619045944161853,77,35164.0
6500.0,77,23945.0,252.05263157894737,2.5556414336959175,77,35468.0,0.06816260561030694,77,35468.0
6505.0,73,20946.0,215.93814432989691,2.1039777890086433,73,33828.0,0.07443300059213728,73,33828.0
6510.0,67,15713.0,172.67032967032966,2.305432138573036,67,30254.0,0.09539088099090663,67,30254.0
6515.0,60,11015.0,118.44086021505376,3.0204292445642196,60,24749.0,0.111239108061599,60,24749.0
6520.0,52,6795.0,73.8586956521739,2.8843855351586343,52,24993.0,0.1380628214266896,52,24993.0
6525.0,52,4268.0,46.9010989010989,3.0198698459582793,52,25202.0,0.1445886213094163,52,25202.0
6530.0,60,4549.0,48.3936170212766,3.045299755695185,60,25466.0,0.10960874615059513,60,25466.0
6535.0,67,4872.0,50.22680412371134,2.663788673486012,67,25779.0,0.11086220735405532,67,25779.0
6540.0,70,5026.0,53.46808510638298,1.5705382110579373,70,26032.0,0.056224670555180524,70,26032.0
6545.0,73,5354.0,54.08080808080808,2.076269645886219,73,26268.0,0.08645352038033591,73,26268.0
6550.0,81,5747.0,59.24742268041237,2.0988670208568565,81,26626.0,0.06265130286431503,81,26626.0
6555.0,76,5200.0,52.525252525252526,1.9327026564307326,76,26240.0,0.07785080263610193,76,26240.0
6560.0,70,4029.0,42.861702127659576,2.283417331953015,70,24965.0,0.09495839593038667,70,24965.0
6565.0,64,3135.0,31.989795918367346,3.1401858798326634,64,23669.0,0.12172576955606812,64,23669.0
6570.0,54,2014.0,21.891304347826086,2.808565527790001,54,23668.0,0.13155810604573873,54,23668.0
6575.0,49,1668.0,18.533333333333335,2.760426150557646,49,23824.0,0.14010609268557767,49,23824.0
6580.0,56,1933.0,20.347368421052632,3.2989390693474046,56,24015.0,0.13271817225748997,56,24015.0
6585.0,63,2233.0,23.260416666666668,3.1177812624585735,63,24296.0,0.11210229103277236,63,24296.0
6590.0,72,2571.0,26.50515463917526,2.535550324994585,72,24623.0,0.08131868293632992,72,24623.0
6595.0,78,2950.0,31.05263157894737,2.03638626202885,78,24993.0,0.0868676265781326,78,24993.0
6600.0,82,3353.0,36.44565217391305,1.267538622801644,82,25386.0,0.04108486892412706,82,25386.0
6605.0,83,3768.0,39.66315789473684,1.7136559378965115,83,25791.0,0.07482355900060418,83,25791.0
6610.0,83,4183.0,44.5,1.4349644631205407,83,26196.0,0.055400246941073414,83,26196.0
6615.0,85,4605.0,47.47422680412371,1.7206323250170166,85,26608.0,0.07413830704624189,85,26608.0
6620.0,85,5030.0,52.94736842105263,1.342792945157983,85,27023.0,0.055174376152260035,85,27023.0
6625.0,81,5138.0,52.96907216494845,1.3118150381506786,81,27309.0,0.06025142918121615,81,27309.0
6630.0,78,5395.0,54.494949494949495,1.8398671661289463,78,27498.0,0.08467923847811265,78,27498.0
6635.0,80,5794.0,58.525252525252526,2.0757647018212837,80,27764.0,0.04622695567600048,80,27764.0
6640.0,83,6202.0,61.40594059405941,2.077419133559419,83,28155.0,0.06305852835676794,83,28155.0
6645.0,78,6178.0,64.35416666666667,1.4739709522857207,78,27812.0,0.0502503194485989,78,27812.0
6650.0,73,5855.0,59.744897959183675,2.0711173964942717,73,26948.0,0.09077727637732035,73,26948.0
6655.0,66,5662.0,58.979166666666664,2.577888318998701,66,25590.0,0.07661863043208485,66,25590.0
6660.0,62,5382.0,56.65263157894737,3.1785157768405568,62,24721.0,0.12624406124539278,62,24721.0
6665.0,53,5215.0,56.075268817204304,3.0510599949998207,53,24740.0,0.13591170069160757,53,24740.0
6670.0,53,5311.0,57.10752688172043,3.0266674350250393,53,24875.0,0.16249192971200463,53,24875.0
6675.0,58,5567.0,57.989583333333336,3.021656204049814,58,25013.0,0.10924299980696327,58,25013.0
6680.0,64,5875.0,60.56701030927835,3.029903361002864,64,25260.0,0.13576218897812273,64,25260.0
6685.0,70,6216.0,64.08247422680412,2.699832599602624,70,25580.0,0.09658575855494529,70,25580.0
6690.0,75,6585.0,68.59375,2.473100914595257,75,25939.0,0.08752001668422833,75,25939.0
6695.0,77,6966.0,75.71739130434783,1.732517400606027,77,26310.0,0.04500014744028975,77,26310.0
6700.0,79,7359.0,76.65625,2.165785022024433,79,26693.0,0.08908043555633544,79,26693.0
6705.0,81,7757.0,85.24175824175825,1.249510631737457,81,27081.0,0.05109369915939554,81,27081.0
6710.0,77,7908.0,82.375,1.450416512533662,77,27018.0,0.07262066620708583,77,27018.0
6715.0,71,7882.0,84.75268817204301,1.9202397241754827,71,26250.0,0.08557391721864392,71,26250.0
6720.0,66,7914.0,81.58762886597938,2.6741444119110884,66,26047.0,0.08830652213077171,66,26047.0
6725.0,59,7993.0,84.13684210526316,2.772189749167304,59,26331.0,0.12159204653464853,59,26331.0
6730.0,60,8169.0,88.79347826086956,2.3305412131773657,60,26590.0,0.10959818829798615,60,26590.0
6735.0,67,8493.0,87.55670103092784,3.0033558073838384,67,26908.0,0.11043319579962227,67,26908.0
6740.0,66,8368.0,84.52525252525253,2.4123546397185955,66,27062.0,0.09899867801485399,66,27062.0
6745.0,65,8344.0,88.76595744680851,2.119767017684759,65,27063.0,0.09741480420539221,65,27063.0
6750.0,69,8669.0,88.45918367346938,2.855796629128832,69,27062.0,0.10770769099878266,69,27062.0
6755.0,69,8978.0,95.51063829787235,1.995054262953675,69,27321.0,0.06640690658093724,69,27321.0
6760.0,74,9330.0,97.1875,2.340339889023355,74,27586.0,0.08823387667913746,74,27586.0
6765.0,74,9700.0,105.43478260869566,2.4180087057901654,74,27883.0,0.06208830977156414,74,27883.0
6770.0,76,10073.0,106.03157894736842,2.380631855803591,76,28186.0,0.08475659448735366,76,28186.0
6775.0,77,10457.0,114.91208791208791,1.879458708778381,77,28500.0,0.08029782637910456,77,28500.0
6780.0,73,10702.0,120.24719101123596,1.199220930679901,73,28713.0,0.06205622484751762,73,28713.0
6785.0,71,10987.0,118.13978494623656,2.115343902741088,71,28876.0,0.08967667730678262,71,28876.0
6790.0,73,11352.0,122.06451612903226,2.501938934183564,73,29099.0,0.07837526635051983,73,29099.0
6795.0,71,11673.0,124.18085106382979,2.088750718358711,71,29370.0,0.06942423045545747,71,29370.0
6800.0,71,12027.0,136.67045454545453,2.0173402949045496,71,29635.0,0.06652750747867552,71,29635.0
6805.0,71,12382.0,134.58695652173913,2.6585517722446785,71,29919.0,0.09496010841354646,71,29919.0
6810.0,73,12746.0,143.2134831460674,2.1622548623187745,73,30213.0,0.08579261800856365,73,30213.0
6815.0,75,13116.0,147.37078651685394,1.8270417354238846,75,30513.0,0.05362454609874265,75,30513.0
6820.0,77,13495.0,153.35227272727272,1.5890288969982442,77,30822.0,0.0682394824736054,77,30822.0
6825.0,72,13284.0,152.68965517241378,1.0014134582984455,72,30719.0,0.06545578977067996,72,30719.0
6830.0,67,12683.0,142.5056179775281,2.003187840096439,67,30225.0,0.09282084366788328,67,30225.0
6835.0,61,12344.0,132.7311827956989,3.1258640811940217,61,29574.0,0.11992268546537996,61,29574.0
6840.0,54,12159.0,139.75862068965517,2.2715336247498277,54,29761.0,0.10423920611829447,54,29761.0
6845.0,55,12168.0,132.2608695652174,3.178588990066855,55,29926.0,0.15654140767394176,55,29926.0
6850.0,60,12461.0,136.93406593406593,2.548597894568812,60,30142.0,0.0689920965640712,60,30142.0
6855.0,69,12793.0,134.66315789473686,2.489356631086243,69,30404.0,0.09251641800312592,69,30404.0
6860.0,72,13147.0,146.07777777777778,1.6100236614521428,72,30688.0,0.05737526948381825,72,30688.0
6865.0,77,13525.0,145.43010752688173,1.8421198484772399,77,30996.0,0.06476371258313116,77,30996.0
6870.0,80,13921.0,154.67777777777778,1.4229709397575834,80,31322.0,0.060163614400670334,80,31322.0
6875.0,82,14324.0,155.69565217391303,1.3051117413642914,82,31655.0,0.04757465349664731,82,31655.0
6880.0,83,14735.0,155.10526315789474,1.6813542654566576,83,31996.0,0.08204534130968558,83,31996.0
6885.0,85,15152.0,156.20618556701032,1.2599757001564718,85,32343.0,0.05685016322632782,85,32343.0
6890.0,81,15081.0,155.4742268041237,1.3507522053983094,81,32509.0,0.06659935986840612,81,32509.0
6895.0,72,15048.0,148.990099009901,2.0737589065874475,72,32512.0,0.08052859123260181,72,32512.0
6900.0,74,15388.0,157.0204081632653,2.424570076336825,74,32495.0,0.07941547926134401,74,32495.0
6905.0,71,15715.0,155.59405940594058,2.2003432509389307,71,32769.0,0.08863355476248047,71,32769.0
6910.0,76,16088.0,167.58333333333334,2.10809157845226,76,33055.0,0.07006779200594147,76,33055.0
6915.0,79,16479.0,164.79,2.537159426905011,79,33376.0,0.09689816849057313,79,33376.0
6920.0,75,16787.0,176.70526315789473,1.8821306372637903,75,33602.0,0.0696157560917708,75,33602.0
6925.0,72,17109.0,174.58163265306123,2.6442122965359065,72,33779.0,0.11959838391548319,72,33779.0
6930.0,75,17476.0,185.91489361702128,2.432656261793828,75,34037.0,0.06780606421875139,75,34037.0
6935.0,76,17855.0,189.9468085106383,1.9975261834703653,76,34346.0,0.07585700958718528,76,34346.0
6940.0,75,18174.0,199.71428571428572,1.5483324924394641,75,34649.0,0.06972992464634513,75,34649.0
6945.0,72,18528.0,205.86666666666667,1.9430624461600883,72,34972.0,0.08435781314418979,72,34972.0
6950.0,73,18889.0,198.83157894736843,2.7732675247932392,73,35324.0,0.10133297666782913,73,35324.0
6955.0,74,19258.0,207.0752688172043,2.2931955003548756,74,35672.0,0.07973542930608694,74,35672.0
6960.0,74,19596.0,217.73333333333332,1.5673009186363467,74,35961.0,0.056260414070757034,74,35961.0
6965.0,76,19973.0,224.41573033707866,1.731911831284796,76,36236.0,0.08389285850017687,76,36236.0
6970.0,79,20358.0,223.71428571428572,1.5471723076286215,79,36498.0,0.06668476891891564,79,36498.0
6975.0,76,20697.0,227.43956043956044,1.2402920728827758,76,36734.0,0.06534480753961244,76,36734.0
6980.0,74,21061.0,228.92391304347825,1.9949778682429342,74,36943.0,0.08368057108157397,74,36943.0
6985.0,74,21431.0,227.98936170212767,2.4278032669371155,74,37181.0,0.08471434035468704,74,37181.0
6990.0,73,20918.0,220.18947368421053,1.96159760561963,73,36885.0,0.07512001086401866,73,36885.0
6995.0,67,19967.0,224.34831460674158,1.860526122655883,67,35825.0,0.07112367920938335,67,35825.0
7000.0,63,19069.0,202.86170212765958,3.095542440199707,63,34795.0,0.12877544770770147,63,34795.0
7005.0,50,18457.0,209.73863636363637,2.434061382555407,50,34753.0,0.11428564426095804,50,34753.0
7010.0,50,18264.0,200.7032967032967,3.1629275812354667,50,34825.0,0.1617835016720124,50,34825.0
7015.0,58,18539.0,208.30337078651687,2.8723064451509535,58,34960.0,0.1061489218659913,58,34960.0
7020.0,64,18844.0,207.07692307692307,2.523267008246068,64,35135.0,0.0729264708226233,64,35135.0
7025.0,72,19190.0,208.58695652173913,2.092082573728864,72,35351.0,0.08648528486071105,72,35351.0
7030.0,77,19562.0,217.35555555555555,1.326415154311086,77,35593.0,0.060329100876659214,77,35593.0
7035.0,81,19961.0,219.35164835164835,1.4663894241620627,81,35862.0,0.06573902080711225,81,35862.0
7040.0,76,17248.0,183.48936170212767,1.524194336810816,76,34152.0,0.06531778542383021,76,34152.0
7045.0,72,13492.0,145.0752688172043,2.150208783108605,72,30473.0,0.09211709676123701,72,30473.0
7050.0,65,9195.0,95.78125,2.9142856897667664,65,24839.0,0.10754087098121216,65,24839.0
7055.0,55,4830.0,52.5,2.527930018597105,55,25046.0,0.10674512680365045,55,25046.0
7060.0,55,2030.0,21.36842105263158,3.2130362505282934,55,25222.0,0.1572475122683979,55,25222.0
7065.0,62,2327.0,24.239583333333332,2.6393869452294396,62,25444.0,0.08984039723816288,62,25444.0
7070.0,72,2674.0,26.74,2.2012506555018487,72,25721.0,0.08947696602783066,72,25721.0
7075.0,80,3055.0,31.49484536082474,1.3546076786165162,80,26032.0,0.061160390325132756,80,26032.0
7080.0,88,3472.0,34.03921568627451,1.4485984951748658,88,26380.0,0.048123482841030914,88,26380.0
7085.0,91,3922.0,38.83168316831683,1.3197074970619342,91,26760.0,0.05460922936627151,91,26760.0
7090.0,93,4382.0,42.54368932038835,1.3238547913784324,93,27150.0,0.035788540649402324,93,27150.0
7095.0,87,4224.0,40.22857142857143,1.6632061854253437,87,27308.0,0.07619410446124503,87,27308.0
7100.0,80,4038.0,38.094339622641506,1.7637933286749294,80,27260.0,0.07895599842275032,80,27260.0
7105.0,78,4317.0,40.345794392523366,2.596531009103377,78,27166.0,0.10423240794659319,78,27166.0
7110.0,79,4708.0,44.0,2.8259054453878805,79,27288.0,0.1167520104791342,79,27288.0
7115.0,76,5049.0,48.54807692307692,2.0039156564007246,76,27550.0,0.06103037673617421,76,27550.0
7120.0,81,5442.0,52.32692307692308,2.272275271611007,81,27851.0,0.08003144251236684,81,27851.0
7125.0,81,5847.0,59.06060606060606,2.2897053328167174,81,28182.0,0.05419469360151808,81,28182.0
7130.0,83,6257.0,63.2020202020202,2.0732686940212472,83,28522.0,0.06636058157442819,83,28522.0
7135.0,85,6679.0,68.15306122448979,1.7461394814701443,85,28874.0,0.060147482231775976,85,28874.0
7140.0,81,6961.0,72.51041666666667,1.2533242845936838,81,29138.0,0.05237117806561625,81,29138.0
7145.0,80,7301.0,74.5,1.9450741377453309,80,29353.0,0.08144902319614873,80,29353.0
7150.0,80,7701.0,77.78787878787878,2.2142087563775084,80,29629.0,0.061789329032396534,80,29629.0
7155.0,79,7226.0,72.98989898989899,1.8594159033513333,79,29232.0,0.06919869720420266,79,29232.0
7160.0,70,6160.0,66.23655913978494,1.7013368733437921,70,27822.0,0.06037758989122181,70,27822.0
7165.0,65,5229.0,53.357142857142854,2.8810176542656967,65,26601.0,0.11485607797891988,65,26601.0
7170.0,53,4345.0,46.72043010752688,2.315349862710284,53,26774.0,0.10063641027183631,53,26774.0
7175.0,49,4156.0,45.17391304347826,2.8925743078591633,49,26872.0,0.1434229384745948,49,26872.0
7180.0,57,4425.0,46.09375,3.057054483309747,57,26997.0,0.11492929873259117,57,26997.0
7185.0,61,4650.0,47.44897959183673,2.536966618729514,61,26621.0,0.10675727061773294,61,26621.0
7190.0,65,4868.0,50.708333333333336,2.030581584597721,65,25875.0,0.0710576658706635,65,25875.0
7195.0,63,5116.0,52.204081632653065,2.825121766339133,63,24768.0,0.10754268605719454,63,24768.0
7200.0,58,5309.0,56.47872340425532,2.1812519512387025,58,24968.0,0.0842395697731428,58,24968.0
7205.0,55,5520.0,56.90721649484536,2.894706572668875,55,25115.0,0.1441176241120332,55,25115.0
7210.0,62,5816.0,61.22105263157895,2.609136108556011,62,25296.0,0.0835223787558589,62,25296.0
7215.0,71,6154.0,61.54,3.091743391292158,71,25557.0,0.11307619698789807,71,25557.0
7220.0,69,5533.0,58.861702127659576,1.9126986799701668,69,23897.0,0.0678830580621431,69,23897.0
7225.0,67,4269.0,44.01030927835052,2.220266402061384,67,20301.0,0.09492769201978968,67,20301.0
7230.0,62,3020.0,32.12765957446808,2.7020293261344457,62,14801.0,0.10463223109896436,62,14801.0
7235.0,55,2155.0,22.447916666666668,2.6770172055862,55,15052.0,0.11231568816870137,55,15052.0
7240.0,54,1633.0,17.372340425531913,3.299871492183844,54,15267.0,0.16062378013009782,54,15267.0
7245.0,60,1921.0,19.602040816326532,2.9850460620874224,60,15540.0,0.11869315392104327,60,15540.0
7250.0,70,2250.0,22.727272727272727,2.299527868235188,70,15859.0,0.09160914488689922,70,15859.0
7255.0,77,2615.0,26.15,1.6085699707911008,77,16219.0,0.06760566086139856,77,16219.0
7260.0,85,3026.0,30.877551020408163,1.0150737679588153,85,16620.0,0.04035495290058514,85,16620.0
7265.0,90,3471.0,33.375,1.5637529193700732,90,17055.0,0.06676698506666635,90,17055.0
7270.0,86,3507.0,35.07,1.0588330985030134,86,16927.0,0.04508018768567651,86,16927.0
7275.0,78,3331.0,30.84259259259259,2.393214220579018,78,16538.0,0.11001987980079163,78,16538.0
7280.0,74,3102.0,29.542857142857144,2.4248525342936333,74,15869.0,0.07976339318730943,74,15869.0
7285.0,66,3192.0,30.11320754716981,2.471784171067295,66,16189.0,0.11912348588089333,66,16189.0
7290.0,70,3350.0,32.84313725490196,2.4095543447197083,70,16499.0,0.10513484269181031,70,16499.0
7295.0,77,3721.0,35.43809523809524,2.417018436741506,77,16860.0,0.08941288209601544,77,16860.0
7300.0,83,4123.0,40.029126213592235,1.8883114977296391,83,17252.0,0.06303476108987555,83,17252.0
7305.0,88,4553.0,44.20388349514563,1.3677157201318666,88,17672.0,0.04509401496802677,88,17672.0
7310.0,91,5002.0,47.18867924528302,1.403760568820691,91,18111.0,0.07134802799329662,91,18111.0
7315.0,96,5468.0,51.58490566037736,1.0998952306520227,96,18567.0,0.06715637152050319,96,18567.0
7320.0,97,5949.0,56.12264150943396,0.9570793626484323,97,19038.0,0.03435335214053255,97,19038.0
7325.0,99,6439.0,58.53636363636364,1.1956300972507667,99,19518.0,0.04480390053888236,99,19518.0
7330.0,100,6939.0,63.08181818181818,1.1645296210343805,100,20008.0,0.034902498168513194,100,20008.0
7335.0,100,7439.0,67.62727272727273,1.0368963279046062,100,20498.0,0.059415781193673536,100,20498.0
7340.0,99,6903.0,62.189189189189186,0.8631912955612551,99,20619.0,0.040141016531951096,99,20619.0
7345.0,89,6060.0,53.6283185840708,1.531334856603583,89,20407.0,0.06064976925102799,89,20407.0
7350.0,87,5823.0,49.76923076923077,2.1618885526040503,87,19981.0,0.07399807909540176,87,19981.0
7355.0,77,5820.0,51.05263157894737,2.079035657809346,77,20346.0,0.08531653479908326,77,20346.0
7360.0,77,6138.0,53.37391304347826,2.392433161394538,77,20673.0,0.09462303950695072,77,20673.0
7365.0,83,6544.0,58.95495495495496,1.9980409263579542,83,21069.0,0.05866392920322719,83,21069.0
7370.0,91,6979.0,62.3125,1.8914229323759737,91,21494.0,0.05628626762799235,91,21494.0
7375.0,89,6608.0,61.757009345794394,1.223946876102464,89,20020.0,0.040601064397731035,89,20020.0
7380.0,83,5692.0,52.7037037037037,1.6551768637963589,83,17215.0,0.06641152409182394,83,17215.0
7385.0,78,5041.0,45.82727272727273,2.3465431564718613,78,13594.0,0.09942568990823124,78,13594.0
7390.0,69,4065.0,36.294642857142854,2.388504844337358,69,12338.0,0.10110765707943975,69,12338.0
7395.0,69,3888.0,36.0,2.544499938440368,69,12668.0,0.11138792676059306,69,12668.0
7400.0,78,4263.0,38.4054054054054,2.439930264609433,78,13043.0,0.09540758456015842,78,13043.0
7405.0,84,4671.0,41.705357142857146,1.8525182302060668,84,13452.0,0.07550392545069662,84,13452.0
7410.0,92,5114.0,44.85964912280702,1.1723751622488734,92,13897.0,0.0506680099188985,92,13897.0
7415.0,100,5599.0,49.54867256637168,0.9088158009110054,100,14382.0,0.035806484625136484,100,14382.0
7420.0,107,6119.0,51.42016806722689,0.9319607153610132,107,14902.0,0.042217134738476575,107,14902.0
7425.0,110,6666.0,56.49152542372882,0.8058261518973945,110,15449.0,0.03140694823299281,110,15449.0
7430.0,110,7216.0,58.666666666666664,1.0920017357361138,110,15999.0,0.0521589364482337,110,15999.0
7435.0,112,7775.0,64.79166666666667,0.8531874654936041,112,16558.0,0.03215278418231209,112,16558.0
7440.0,106,7411.0,60.2520325203252,0.9299750242802083,106,16481.0,0.04209682198898167,106,16481.0
7445.0,100,6430.0,53.14049586776859,1.4467598019945611,100,15894.0,0.052080913916028655,100,15894.0
7450.0,92,5819.0,46.92741935483871,2.119221759885554,92,15320.0,0.07082339744147266,92,15320.0
7455.0,83,5335.0,44.09090909090909,2.1827054656169453,83,15551.0,0.08922587344657183,83,15551.0
7460.0,82,5298.0,44.898305084745765,2.1529428904456025,82,15921.0,0.10601419033049707,82,15921.0
7465.0,87,5725.0,48.516949152542374,2.217432282949294,87,16346.0,0.07540169279632879,87,16346.0
7470.0,95,6182.0,51.09090909090909,1.8641090395594817,95,16803.0,0.07065182157871171,95,16803.0
7475.0,101,6676.0,57.55172413793103,1.1549002417326082,101,17297.0,0.03742296563319206,101,17297.0
7480.0,104,7192.0,60.94915254237288,1.146585518560315,104,17813.0,0.054276002030953334,104,17813.0
7485.0,107,7723.0,67.15652173913044,0.890252169977973,107,18344.0,0.03339516997701193,107,18344.0
7490.0,107,8258.0,69.98305084745763,1.1994680079701476,107,18879.0,0.050105072427540004,107,18879.0
7495.0,107,8793.0,74.51694915254237,0.9754266464386927,107,19414.0,0.03444753183227647,107,19414.0
7500.0,103,8471.0,71.18487394957984,1.1517670008793954,103,19418.0,0.05021184021380358,103,19418.0
7505.0,95,7567.0,64.67521367521367,1.3739167868690847,95,18471.0,0.0489527490733584,95,18471.0
7510.0,88,6791.0,57.0672268907563,2.220137102715555,88,18068.0,0.08180839011960542,88,18068.0
7515.0,78,6069.0,51.432203389830505,2.0497377364714047,78,18461.0,0.08558505460379434,78,18461.0
7520.0,78,6087.0,54.348214285714285,1.9509144023701757,78,18824.0,0.07456893715767356,78,18824.0
7525.0,85,6496.0,55.05084745762712,2.3135042292286347,85,19233.0,0.07651024855546792,85,19233.0
7530.0,86,6857.0,58.110169491525426,1.629695583442088,86,19247.0,0.060288063548007614,86,19247.0
7535.0,88,7199.0,60.49579831932773,1.5631477493490287,88,18909.0,0.06063377227403422,88,18909.0
7540.0,89,7573.0,63.63865546218487,2.0465217876860797,89,18364.0,0.06334502651525784,89,18364.0
7545.0,80,7894.0,66.33613445378151,2.004541096596905,80,18773.0,0.08304589548488742,80,18773.0
7550.0,80,8257.0,72.4298245614035,2.0728725811697197,80,19149.0,0.08770752475886176,80,19149.0
7555.0,87,8676.0,73.52542372881356,2.180573581488867,87,19563.0,0.06713503405306241,87,19563.0
7560.0,87,9040.0,75.96638655462185,1.7654100145535723,87,19681.0,0.06509499897261958,87,19681.0
7565.0,85,9374.0,77.47107438016529,1.6028875084715883,85,19497.0,0.061426312804154594,85,19497.0
7570.0,90,9760.0,82.01680672268908,2.1602136617267194,90,19194.0,0.07089989195049083,90,19194.0
7575.0,81,10094.0,83.42148760330579,1.9802986212358753,81,19596.0,0.08083070781172648,81,19596.0
7580.0,83,10476.0,90.3103448275862,2.065439318260592,83,19983.0,0.08796801157340088,83,19983.0
7585.0,89,10908.0,91.66386554621849,2.227099136726483,89,20410.0,0.07573613824931384,89,20410.0
7590.0,91,10578.0,91.98260869565217,1.60581104999613,91,20232.0,0.048264101654725784,91,20232.0
7595.0,86,9736.0,86.15929203539822,1.7315400518642958,86,19452.0,0.0720702009659674,86,19452.0
7600.0,84,9149.0,80.25438596491227,2.2607239459413533,84,18158.0,0.08120688426756946,84,18158.0
7605.0,75,8522.0,74.75438596491227,2.183949130065309,75,18285.0,0.10677761537888214,75,18285.0
7610.0,66,8154.0,74.12727272727273,2.440321300498782,66,18411.0,0.12112508480024953,66,18411.0
7615.0,68,8301.0,72.18260869565218,2.5059956609979235,68,18547.0,0.10057157808605065,68,18547.0
7620.0,65,8394.0,74.28318584070796,2.1770756183789874,65,18835.0,0.10260402056771575,65,18835.0
7625.0,72,8685.0,74.87068965517241,2.2814873929941935,72,19102.0,0.10017567440288153,72,19102.0
7630.0,81,9071.0,80.27433628318585,2.0158268147032077,81,19434.0,0.05935325711419785,81,19434.0
7635.0,92,9507.0,81.25641025641026,2.430903306105928,92,19867.0,0.088212537970936,92,19867.0
7640.0,92,8489.0,76.47747747747748,1.454037662237231,92,18828.0,0.04340102088525281,92,18828.0
7645.0,83,6489.0,57.424778761061944,2.23586705629474,83,17125.0,0.10331932547216198,83,17125.0
7650.0,78,4957.0,45.06363636363636,2.3873608819659395,78,14338.0,0.08359442652995397,78,14338.0
7655.0,69,3357.0,30.798165137614678,2.1104267501628264,69,14678.0,0.1017268585091887,69,14678.0
7660.0,69,2259.0,20.916666666666668,2.6612967440920237,69,14997.0,0.11798099349328868,69,14997.0
7665.0,76,2625.0,24.53271028037383,2.214590700096757,76,15365.0,0.08820835948153177,76,15365.0
7670.0,83,3025.0,26.304347826086957,2.176773610944033,83,15766.0,0.0833135949585914,83,15766.0
7675.0,89,3350.0,29.646017699115045,1.321424554732674,89,15255.0,0.060974011590324936,89,15255.0
7680.0,87,3648.0,32.0,1.4386775805591716,87,14123.0,0.05631986409420233,87,14123.0
7685.0,86,3970.0,33.93162393162393,2.237920154108431,86,12239.0,0.07855013717284427,86,12239.0
7690.0,77,4252.0,36.97391304347826,2.0986269266044952,77,12630.0,0.0894809864778939,77,12630.0
7695.0,76,4565.0,40.04385964912281,2.250687167218493,76,12989.0,0.09307649728150881,76,12989.0
7700.0,83,4966.0,43.18260869565217,2.2607912463503346,83,13388.0,0.07182432204921077,83,13388.0
7705.0,89,5401.0,45.00833333333333,1.7495368435764589,89,13824.0,0.058455932151326995,89,13824.0
7710.0,99,5878.0,49.39495798319328,1.0496002752659088,99,14302.0,0.0393824342064408,99,14302.0
7715.0,108,6401.0,53.78991596638655,0.7431465371041112,108,14825.0,0.03304282263460091,108,14825.0
7720.0,114,6955.0,56.54471544715447,0.9021092649210496,114,15380.0,0.030090187548819935,114,15380.0
7725.0,108,6809.0,55.81147540983606,0.9845654153511637,108,15175.0,0.0368144248543538,108,15175.0
7730.0,100,6177.0,50.21951219512195,1.4107224760737374,100,14327.0,0.058083475710454954,100,14327.0
7735.0,93,5650.0,46.31147540983606,1.9139151154837368,93,12892.0,0.05985022567222459,93,12892.0
7740.0,83,4457.0,36.83471074380165,1.8796713229936828,83,13022.0,0.0866294223660313,83,13022.0
7745.0,76,3394.0,29.25862068965517,2.1462725386729677,76,12679.0,0.09889269121169891,76,12679.0
7750.0,76,2778.0,22.770491803278688,2.507368369429445,76,12339.0,0.1088276072166471,76,12339.0
7755.0,69,2292.0,18.94214876033058,1.8528028104157632,69,12655.0,0.08064252005773118,69,12655.0
7760.0,73,2456.0,20.131147540983605,2.335731577829304,73,12927.0,0.10798887022696493,73,12927.0
7765.0,83,2851.0,23.178861788617887,2.1474092254968498,83,13264.0,0.0726915864184734,83,13264.0
7770.0,92,3297.0,26.376,2.0856128362408453,92,13703.0,0.0679002953041667,92,13703.0
7775.0,101,3783.0,31.008196721311474,1.6232790486741597,101,14189.0,0.03644390284906016,101,14189.0
7780.0,107,4306.0,34.725806451612904,1.3840558829214784,107,14712.0,0.03226155705260564,107,14712.0
7785.0,111,4852.0,40.773109243697476,0.9201166890488046,111,15259.0,0.03308953486559342,111,15259.0
7790.0,105,5111.0,41.89344262295082,0.8897742338167154,105,15103.0,0.05163291181217529,105,15103.0
7795.0,101,5175.0,42.768595041322314,1.3443476474670295,101,14267.0,0.05111027570161937,101,14267.0
7800.0,95,5318.0,42.544,2.0682787093729478,95,13559.0,0.07151332481341019,95,13559.0
7805.0,83,5086.0,41.68852459016394,2.022858188060174,83,13633.0,0.08113062687795618,83,13633.0
7810.0,77,4936.0,41.13333333333333,2.1110604087652907,77,13314.0,0.09847201197703774,77,13314.0
7815.0,77,4947.0,40.88429752066116,2.480199240517066,77,12754.0,0.09817013226489238,77,12754.0
7820.0,72,4847.0,39.08870967741935,2.261483617074679,72,13075.0,0.09951696498131453,72,13075.0
7825.0,71,4924.0,41.378151260504204,2.19806168589485,71,13323.0,0.09312581634557174,71,13323.0
7830.0,82,5316.0,42.87096774193548,2.533481679483407,82,13652.0,0.09918857642867066,82,13652.0
7835.0,91,5754.0,47.16393442622951,2.275086266215365,91,14074.0,0.0683791868212191,91,14074.0
7840.0,98,6228.0,50.225806451612904,1.9511596138670597,98,14548.0,0.04748880080661121,98,14548.0
7845.0,103,6737.0,57.58119658119658,1.2724862245738247,103,15058.0,0.03373295196490422,103,15058.0
7850.0,105,7262.0,60.516666666666666,1.3562182366324642,105,15583.0,0.06466815096561027,105,15583.0
7855.0,107,7791.0,66.02542372881356,0.899627780667872,107,16112.0,0.03229429240332195,107,16112.0
7860.0,109,8334.0,70.03361344537815,1.0001850178672096,109,16655.0,0.047197240806708944,109,16655.0
7865.0,105,8525.0,71.63865546218487,0.71336053461441,105,16631.0,0.04078934586250946,105,16631.0
7870.0,98,8480.0,70.08264462809917,1.4796573843874634,98,16302.0,0.06357976446262245,98,16302.0
7875.0,92,8531.0,69.92622950819673,2.117095436733144,92,15827.0,0.07349387985940416,92,15827.0
7880.0,81,8567.0,73.22222222222223,1.739326120763173,81,16028.0,0.06601644788935818,81,16028.0
7885.0,82,8815.0,75.34188034188034,2.0997938464261843,82,16409.0,0.09773071754448821,82,16409.0
7890.0,88,9246.0,79.02564102564102,1.9462560980226131,88,16833.0,0.06176858630482721,88,16833.0
7895.0,94,9708.0,80.9,1.7996355693851618,94,17295.0,0.04649851142534011,94,17295.0
7900.0,101,10202.0,88.71304347826087,1.0511062502105708,101,17789.0,0.03749599223353644,101,17789.0
7905.0,99,10211.0,87.27350427350427,1.04146069737516,99,17840.0,0.045561824898227146,99,17840.0
7910.0,94,9891.0,86.00869565217391,1.4831301235051135,94,17298.0,0.04957151087660315,94,17298.0
7915.0,88,9647.0,81.7542372881356,2.1959363238913974,88,16864.0,0.07593559850109068,88,16864.0
7920.0,77,9477.0,83.13157894736842,1.8927241734362088,77,17252.0,0.07178993706548215,77,17252.0
7925.0,77,9446.0,82.85964912280701,2.2672371896627523,77,17609.0,0.11675110907808459,77,17609.0
7930.0,86,9858.0,84.98275862068965,2.119733378295944,86,18015.0,0.07189703314636732,86,18015.0
7935.0,92,10304.0,85.86666666666666,1.8641053384362998,92,18461.0,0.051088683656750754,92,18461.0
7940.0,92,10665.0,91.15384615384616,1.3054101225867754,92,18578.0,0.04146460115767449,92,18578.0
7945.0,90,10983.0,92.29411764705883,1.7241775875518157,90,18346.0,0.06200433428673774,90,18346.0
7950.0,89,11314.0,96.7008547008547,2.0839287097865173,89,18136.0,0.0699693939417585,89,18136.0
7955.0,82,11620.0,98.47457627118644,2.5183506690330137,82,18040.0,0.09681024164511479,82,18040.0
7960.0,74,11907.0,103.5391304347826,2.709799583538492,74,18315.0,0.12564616224845535,74,18315.0
7965.0,80,12278.0,104.94017094017094,2.550050103933176,80,18661.0,0.11552795377359906,80,18661.0
7970.0,86,12697.0,110.40869565217392,2.4179352279362853,86,19070.0,0.07956424484801453,86,19070.0
7975.0,92,13145.0,116.32743362831859,1.6982504676530916,92,19518.0,0.047029325728858866,92,19518.0
7980.0,98,13626.0,127.34579439252336,0.9917461493702792,98,19999.0,0.035698852903817024,98,19999.0
7985.0,99,14120.0,126.07142857142857,1.376470074744309,99,20493.0,0.047447170094864995,99,20493.0
7990.0,101,14622.0,134.14678899082568,0.9750718271657751,101,20995.0,0.03462585402505234,101,20995.0
7995.0,101,15127.0,131.5391304347826,1.4161154185189022,101,21500.0,0.053549493798563726,101,21500.0
8000.0,105,15642.0,138.42477876106196,0.9782139039870886,105,22015.0,0.033334204228462255,105,22015.0
8005.0,99,15425.0,132.97413793103448,1.1596456183259802,99,21945.0,0.06858996009364852,99,21945.0
8010.0,95,14713.0,127.93913043478261,1.394731535807577,95,21556.0,0.056115136984712516,95,21556.0
8015.0,88,14233.0,120.61864406779661,2.06364819549406,88,20773.0,0.07453182951750063,88,20773.0
8020.0,79,13829.0,117.19491525423729,2.1691264036926117,79,21167.0,0.09045414196860894,79,21167.0
8025.0,78,13842.0,122.49557522123894,2.128860715527338,78,21519.0,0.08994844317276594,78,21519.0
8030.0,85,14256.0,119.7983193277311,2.408069043820607,85,21929.0,0.08074022113545767,85,21929.0
8035.0,94,14712.0,124.67796610169492,1.6935541478313496,94,22385.0,0.05894951023047188,94,22385.0
8040.0,102,15207.0,131.0948275862069,1.1795627057608729,102,22880.0,0.037566299341463834,102,22880.0
8045.0,107,15731.0,133.3135593220339,0.9959304257196623,107,23404.0,0.04150766665438883,107,23404.0
8050.0,109,16273.0,139.0854700854701,0.8540884076779327,109,23946.0,0.03240964189413755,109,23946.0
8055.0,109,16818.0,141.32773109243698,1.0963287573573615,109,24491.0,0.05116384892150353,109,24491.0
8060.0,104,16772.0,143.35042735042734,0.7495635618293708,104,24651.0,0.039749167533584755,104,24651.0
8065.0,97,16421.0,139.16101694915255,1.3713805052626438,97,24425.0,0.0555742537763211,97,24425.0
8070.0,91,16053.0,131.58196721311475,1.972338823626278,91,24131.0,0.06910500516380971,91,24131.0
8075.0,80,15749.0,132.34453781512605,1.7730644150006123,80,24533.0,0.06931355823854936,80,24533.0
8080.0,80,15930.0,135.0,2.255020116137334,80,24900.0,0.09600248997309357,80,24900.0
8085.0,87,16350.0,139.74358974358975,2.1434531817144897,87,25320.0,0.06951512118271261,87,25320.0
8090.0,88,16387.0,134.31967213114754,1.736418505980692,88,25246.0,0.05938236334316803,88,25246.0
8095.0,88,16248.0,141.28695652173914,1.5092977208574958,88,24544.0,0.05047138805178466,88,24544.0
8100.0,87,16054.0,137.2136752136752,2.0542276821364958,87,23952.0,0.06976967283910104,87,23952.0
8105.0,78,15980.0,135.42372881355934,1.9973862077989417,78,24334.0,0.0845529234569228,78,24334.0
8110.0,81,16247.0,140.06034482758622,2.127543830959897,81,24702.0,0.10227285608771694,81,24702.0
8115.0,89,16674.0,141.3050847457627,1.9890013204454218,89,25122.0,0.06003671036816638,89,25122.0
8120.0,90,16876.0,140.63333333333333,1.7075532566411817,90,25282.0,0.052792214907166984,90,25282.0
8125.0,88,16932.0,147.23478260869564,1.5424707111172458,88,25151.0,0.05511847725499295,88,25151.0
8130.0,84,17060.0,144.57627118644066,1.9905515687026487,84,24894.0,0.07069031408498329,84,24894.0
8135.0,76,17096.0,148.66086956521738,2.127227864553499,76,25150.0,0.0823574932240332,76,25150.0
8140.0,75,17322.0,149.32758620689654,2.591996469597703,75,25493.0,0.11544272033194636,75,25493.0
8145.0,82,17720.0,152.75862068965517,2.224957574113329,82,25891.0,0.07790562630669515,82,25891.0
8150.0,91,18160.0,156.55172413793105,1.7222844795240368,91,26331.0,0.06277213809895117,91,26331.0
8155.0,91,18338.0,163.73214285714286,1.2161982621027474,91,26314.0,0.04198020032812884,91,26314.0
8160.0,87,18339.0,162.2920353982301,1.7279367347622276,87,25945.0,0.06506041897317306,87,25945.0
8165.0,84,18424.0,163.04424778761063,2.265625773239339,84,25507.0,0.08054182259393283,84,25507.0
8170.0,75,18548.0,164.141592920354,2.1817250318958266,75,25665.0,0.09196478547633723,75,25665.0
8175.0,80,18858.0,168.375,2.2933303774328437,80,26044.0,0.09328497700840215,80,26044.0
8180.0,86,19276.0,169.08771929824562,2.172165203007982,86,26462.0,0.07495595973287571,86,26462.0
8185.0,93,19728.0,174.58407079646017,1.4529919348176166,93,26914.0,0.045554210276105706,93,26914.0
8190.0,99,20210.0,174.22413793103448,1.4268429774841247,99,27396.0,0.05377559408641676,99,27396.0
8195.0,102,20713.0,184.9375,0.9431708905304935,102,27900.0,0.03325339130634782,102,27900.0
8200.0,105,21233.0,181.47863247863248,1.310044064977063,105,28420.0,0.05413129721413575,105,28420.0
8205.0,105,21758.0,192.5486725663717,0.9370770354983499,105,28945.0,0.03412498817662148,105,28945.0
8210.0,105,22283.0,190.45299145299145,1.371122730850833,105,29470.0,0.05990140611563842,105,29470.0
8215.0,105,22808.0,198.3304347826087,0.9154603358042523,105,29995.0,0.03635395203255896,105,29995.0
8220.0,101,22839.0,195.2051282051282,1.2562238816928182,101,30093.0,0.05498402812810465,101,30093.0
8225.0,94,22528.0,195.89565217391305,1.3809502590452511,94,29779.0,0.053769864088530385,94,29779.0
8230.0,87,22361.0,191.1196581196581,2.1554370450691493,87,29202.0,0.0661767022316971,87,29202.0
8235.0,78,22051.0,190.0948275862069,2.1994322718383055,78,29589.0,0.08860673513994737,78,29589.0
8240.0,76,22135.0,201.22727272727272,1.992300584180691,76,29944.0,0.07566085699398219,76,29944.0
8245.0,83,22535.0,195.95652173913044,2.403165507280969,83,30343.0,0.07745369568348809,83,30343.0
8250.0,91,22974.0,199.77391304347827,1.6942851170995183,91,30782.0,0.0640973136198248,91,30782.0
8255.0,98,23451.0,202.16379310344828,1.1046777546339641,98,31259.0,0.04014468849886397,98,31259.0
8260.0,105,23964.0,204.82051282051282,0.9212956273592674,105,31772.0,0.033661587769244626,105,31772.0
8265.0,109,24500.0,205.88235294117646,1.048590957979335,109,32308.0,0.029332164421021992,109,32308.0
8270.0,103,24448.0,208.95726495726495,1.0823597309332353,103,32314.0,0.0391282169918911,103,32314.0
8275.0,95,23997.0,205.10256410256412,1.4580958149008545,95,32016.0,0.0627594053288001,95,32016.0
8280.0,88,23753.0,203.01709401709402,2.0051938452206595,88,31431.0,0.05772500454481283,88,31431.0
8285.0,82,23660.0,198.8235294117647,2.0360575584024283,82,31830.0,0.08577204477498973,82,31830.0
8290.0,83,23889.0,209.55263157894737,2.0276254451846674,83,32215.0,0.08207978893911526,83,32215.0
8295.0,91,24327.0,207.92307692307693,2.059088863680621,91,32646.0,0.05114430829884183,91,32646.0
8300.0,96,24796.0,221.39285714285714,1.304370868623264,96,33111.0,0.04374418696266759,96,33111.0
8305.0,100,25289.0,223.79646017699116,1.0951979824040676,100,33599.0,0.03463249497808331,100,33599.0
8310.0,103,25796.0,228.28318584070797,0.9596602571484075,103,34103.0,0.033749742920909744,103,34103.0
8315.0,99,25841.0,228.68141592920355,0.6476907112060075,99,34151.0,0.039665130017456175,99,34151.0
8320.0,93,25576.0,222.4,1.6169422527548691,93,33859.0,0.07143516588872766,93,33859.0
8325.0,88,25433.0,215.53389830508473,2.1016016759645573,88,33188.0,0.07350973310893844,88,33188.0
8330.0,79,25222.0,219.3217391304348,2.126582095796046,79,33577.0,0.08617941363336595,79,33577.0
8335.0,77,25167.0,222.71681415929203,2.2600473402023518,77,33913.0,0.09813322548972517,77,33913.0
8340.0,81,25562.0,224.2280701754386,2.3259752059721124,81,34298.0,0.07778794738796392,81,34298.0
8345.0,82,25903.0,221.39316239316238,1.7239189381107498,82,34335.0,0.06919195235688134,82,34335.0
8350.0,82,26228.0,228.0695652173913,1.6683175880757848,82,34098.0,0.06352979149722239,82,34098.0
8355.0,81,26581.0,219.67768595041323,2.356084333265976,81,33589.0,0.08958957683668152,81,33589.0
8360.0,77,26886.0,229.7948717948718,1.9783812722292875,77,33959.0,0.0884495758416253,77,33959.0
8365.0,77,27245.0,232.86324786324786,2.308916389977837,77,34306.0,0.10243886763871576,77,34306.0
8370.0,85,27656.0,236.3760683760684,2.2818598536061656,85,34706.0,0.0713207673325434,85,34706.0
8375.0,87,28016.0,235.42857142857142,1.846664802629059,87,34847.0,0.06685224685431357,87,34847.0
8380.0,85,28349.0,246.51304347826087,1.537981045958313,85,34908.0,0.05858664780822841,85,34908.0
8385.0,84,28708.0,249.63478260869564,2.2865654941356306,84,34806.0,0.08086073413944111,84,34806.0
8390.0,74,29003.0,247.88888888888889,2.38797507844336,74,35169.0,0.11325028157617846,74,35169.0
8395.0,78,29369.0,257.62280701754383,2.2164320045075034,78,35520.0,0.09777334618147669,78,35520.0
8400.0,87,29788.0,261.29824561403507,2.058652254763801,87,35939.0,0.04719784199360268,87,35939.0
8405.0,88,30163.0,269.3125,1.6576814431485296,88,36188.0,0.06533334050232348,88,36188.0
8410.0,87,30501.0,277.2818181818182,1.6724944739311434,87,36524.0,0.059259644786351574,87,36524.0
8415.0,79,30848.0,277.9099099099099,2.527413061589237,79,36778.0,0.10170716999821712,79,36778.0
8420.0,75,31177.0,286.0275229357798,2.085584223525001,75,37079.0,0.09016458474416485,75,37079.0
8425.0,79,31565.0,289.58715596330273,2.0695434023384762,79,37378.0,0.07252869353285997,79,37378.0
8430.0,86,31982.0,293.41284403669727,2.0715699960305423,86,37725.0,0.053528032754069414,86,37725.0
8435.0,93,32437.0,308.9238095238095,1.5152650846733424,93,38110.0,0.03749162068502593,93,38110.0
8440.0,93,32902.0,313.35238095238094,1.4165763679960346,93,38505.0,0.05254806572417823,93,38505.0
8445.0,93,33367.0,323.9514563106796,0.9591644956007922,93,38900.0,0.035074216932642226,93,38900.0
8450.0,89,33666.0,317.60377358490564,1.095746741804268,89,39199.0,0.0665562867430518,89,39199.0
8455.0,83,33858.0,322.45714285714286,1.3976397288232874,83,39395.0,0.05775079167621422,83,39395.0
8460.0,81,34194.0,313.70642201834863,2.3113659595896525,81,39507.0,0.07362702795213373,81,39507.0
8465.0,79,34544.0,319.85185185185185,1.973008124715136,79,39820.0,0.07956275539804404,79,39820.0
8470.0,84,34942.0,323.537037037037,2.0534313178409667,84,40120.0,0.0659207489409117,84,40120.0
8475.0,88,35374.0,333.7169811320755,2.170476197373987,88,40477.0,0.05496331752909281,88,40477.0
8480.0,83,34647.0,326.85849056603774,1.9182519596516496,83,40141.0,0.06250621583136225,83,40141.0
8485.0,79,33341.0,330.1089108910891,1.956153457472842,79,39235.0,0.08259754261438576,79,39235.0
8490.0,72,32063.0,308.2980769230769,2.720644801100423,72,37785.0,0.09827739210165189,72,37785.0
8495.0,64,31138.0,317.734693877551,2.2319288713857857,64,38028.0,0.10053555310777436,64,38028.0
8500.0,61,30706.0,307.06,2.843182730603053,61,38226.0,0.14018778296526038,61,38226.0
8505.0,67,31027.0,307.1980198019802,2.4383600171139563,67,38469.0,0.08345953516680535,67,38469.0
8510.0,70,31127.0,293.6509433962264,2.276599916079649,70,38607.0,0.0970352128954616,70,38607.0
8515.0,70,31136.0,305.2549019607843,1.9438885690228238,70,38636.0,0.07823426673154886,70,38636.0
8520.0,75,31478.0,299.79047619047617,2.407371062287342,75,38664.0,0.07465617924341147,75,38664.0
8525.0,77,31817.0,311.9313725490196,1.843285891402617,77,38960.0,0.07056688844243303,77,38960.0
8530.0,81,32203.0,312.6504854368932,1.9369850239685533,81,39255.0,0.06884510281562263,81,39255.0
8535.0,83,32612.0,316.621359223301,2.40408417370788,83,39588.0,0.07110119837169433,83,39588.0
8540.0,79,32943.0,319.8349514563107,2.2264526432149814,79,39836.0,0.08066954204065108,79,39836.0
8545.0,78,33289.0,332.89,2.2243479796416867,78,40039.0,0.08324707609158076,78,40039.0
8550.0,80,33685.0,333.51485148514854,2.2699171609933457,80,40327.0,0.06471036974058354,80,40327.0
8555.0,77,33740.0,347.83505154639175,1.9240198745476371,77,40000.0,0.06285903247868053,77,40000.0
8560.0,70,33565.0,342.5,2.3374276957758315,70,39100.0,0.0961831508163546,70,39100.0
8565.0,65,33483.0,352.4526315789474,2.978604395930664,65,37694.0,0.1076801465630826,65,37694.0
8570.0,60,33327.0,350.81052631578945,3.1154818069287176,60,36750.0,0.12284707412684594,60,36750.0
8575.0,55,33279.0,361.7282608695652,3.0716093680439873,55,36906.0,0.15798928526754083,55,36906.0
8580.0,54,33398.0,359.1182795698925,2.7746760194436337,54,36993.0,0.13036249206874814,54,36993.0
8585.0,58,33668.0,350.7083333333333,3.2431785356119964,58,37090.0,0.12941062093072406,58,37090.0
8590.0,65,33977.0,369.3152173913044,2.74568219162296,65,37294.0,0.12379849205481498,65,37294.0
8595.0,72,34320.0,357.5,2.70445639817228,72,37562.0,0.08984003767993229,72,37562.0
8600.0,69,29237.0,321.2857142857143,2.1016427702990748,69,35909.0,0.06883806112951743,69,35909.0
8605.0,64,20526.0,218.36170212765958,2.7607953186940626,64,32311.0,0.11392069578754163,64,32311.0
8610.0,59,13621.0,149.6813186813187,2.997811189448793,59,26808.0,0.11208611015283518,59,26808.0
8615.0,54,5761.0,62.619565217391305,2.6234581719968197,54,27061.0,0.11286965463925994,54,27061.0
8620.0,53,1514.0,17.01123595505618,3.0033417440668426,53,27288.0,0.1346373998969135,53,27288.0
8625.0,59,1794.0,19.29032258064516,2.930876880087789,59,27554.0,0.104013890540807,59,27554.0
8630.0,67,2110.0,22.4468085106383,2.087297578996213,67,27860.0,0.07902920758148882,67,27860.0
8635.0,75,2465.0,25.94736842105263,1.5915152703857365,75,28206.0,0.06301342665001924,75,28206.0
8640.0,83,2861.0,30.11578947368421,1.0883736822756556,83,28594.0,0.04271487581346371,83,28594.0
8645.0,87,3292.0,32.59405940594059,1.534850816206729,87,29015.0,0.06286538643740948,87,29015.0
8650.0,84,3248.0,32.80808080808081,1.2584663235937446,84,29256.0,0.0469603626301314,84,29256.0
8655.0,75,3274.0,32.09803921568628,1.9879781764898432,75,29346.0,0.09176122862015518,75,29346.0
8660.0,77,3643.0,36.06930693069307,2.486294476291785,77,29435.0,0.08256038300652838,77,29435.0
8665.0,79,4032.0,39.14563106796116,2.6242251657300195,79,29733.0,0.09202099764799648,79,29733.0
8670.0,77,4369.0,44.13131313131313,2.0923916542957133,77,30099.0,0.0615603624660749,77,30099.0
8675.0,75,4735.0,48.81443298969072,2.2261731231816304,75,30431.0,0.06978765588008186,75,30431.0
8680.0,77,5118.0,52.76288659793814,2.3838927227214484,77,30777.0,0.06896026003549638,77,30777.0
8685.0,79,5507.0,57.364583333333336,2.185766174969905,79,31102.0,0.071021052681995,79,31102.0
8690.0,76,5216.0,56.086021505376344,1.7254165289987935,76,30823.0,0.07205823087168339,76,30823.0
8695.0,68,4580.0,48.723404255319146,2.4137498302729696,68,29973.0,0.10610400002460679,68,29973.0
8700.0,62,3926.0,42.67391304347826,2.913379542260338,62,29036.0,0.0978648103609534,62,29036.0
8705.0,56,3498.0,37.212765957446805,3.5265706370015355,56,28667.0,0.15431888285474787,56,28667.0
8710.0,51,3332.0,37.86363636363637,3.1317976267993326,51,28548.0,0.15635224914222287,51,28548.0
8715.0,55,3581.0,38.505376344086024,3.1517145243187623,55,28678.0,0.17117473084689883,55,28678.0
8720.0,62,3877.0,41.68817204301075,3.1676069296430818,62,28838.0,0.11790489720982229,62,28838.0
8725.0,64,3927.0,40.90625,2.6054460921395672,64,28924.0,0.11311040640297818,64,28924.0
8730.0,66,4168.0,45.30434782608695,2.211487930074377,66,28951.0,0.09631350863770584,66,28951.0
8735.0,71,4514.0,47.51578947368421,2.4714133177946302,71,29088.0,0.08597542859955719,71,29088.0
8740.0,71,4822.0,51.8494623655914,2.2016281383784095,71,29297.0,0.07944265339495556,71,29297.0
8745.0,70,5161.0,57.34444444444444,2.232787103884479,70,29482.0,0.08091223137617351,70,29482.0
8750.0,72,5513.0,59.27956989247312,2.84348159656567,72,29695.0,0.09606352512648432,72,29695.0
8755.0,72,5873.0,65.98876404494382,2.305569434265155,72,29925.0,0.07581423699022137,72,29925.0
8760.0,71,6182.0,70.25,1.9250118663066138,71,30122.0,0.061442506108286644,71,30122.0
8765.0,71,6537.0,75.13793103448276,2.118480285803725,71,30329.0,0.08021087812052233,71,30329.0
8770.0,75,6899.0,79.29885057471265,1.701686774608848,75,30561.0,0.06996882841100344,75,30561.0
8775.0,75,7274.0,82.6590909090909,1.515188771531816,75,30806.0,0.0654596020038856,75,30806.0
8780.0,73,7590.0,87.24137931034483,1.4520254177740761,73,31023.0,0.07623719054474869,73,31023.0
8785.0,70,7931.0,90.125,1.886422474567916,70,31208.0,0.07784520569124888,70,31208.0
8790.0,72,8290.0,89.13978494623656,2.6289378028383417,72,31432.0,0.08097803551669377,72,31432.0
8795.0,74,8658.0,97.28089887640449,2.110396278006648,74,31670.0,0.0670280493141085,74,31670.0
8800.0,76,9032.0,101.48314606741573,1.9114148211659447,76,31914.0,0.06874522430825152,76,31914.0
8805.0,72,9359.0,108.82558139534883,1.661336629865465,72,32121.0,0.07065261829057043,72,32121.0
8810.0,74,9723.0,109.24719101123596,1.7887974366214463,74,32345.0,0.06835803936272901,74,32345.0
8815.0,76,10102.0,114.79545454545455,1.6111311752858364,76,32594.0,0.06327278439379665,76,32594.0
8820.0,72,10439.0,118.625,1.0872204921913333,72,32819.0,0.0565812155624887,72,32819.0
8825.0,74,10806.0,120.06666666666666,1.7597339135271406,74,33038.0,0.07992668873447106,74,33038.0
8830.0,76,11182.0,118.95744680851064,2.3940708916056805,76,33284.0,0.08433768640355992,76,33284.0
8835.0,76,11538.0,125.41304347826087,1.8539160701919897,76,33510.0,0.07099290243613235,76,33510.0
8840.0,77,11920.0,129.56521739130434,1.6581735810415135,77,33762.0,0.06486027291713838,77,33762.0
8845.0,80,12319.0,133.90217391304347,1.6067295590190724,80,34031.0,0.05547684025885682,80,34031.0
8850.0,77,11889.0,127.83870967741936,1.4789018682571686,77,33720.0,0.0694634870689888,77,33720.0
8855.0,68,10902.0,119.8021978021978,1.871041332120308,68,32743.0,0.06906199830884434,68,32743.0
8860.0,67,10197.0,104.05102040816327,2.893666105242299,67,31800.0,0.108855707467076,67,31800.0
8865.0,60,9704.0,105.47826086956522,3.0942069277225985,60,30995.0,0.13291480759361868,60,30995.0
8870.0,56,9357.0,97.46875,3.367470738593994,56,30836.0,0.16221430260339856,56,30836.0
8875.0,51,9462.0,103.97802197802197,2.8982201645270433,51,30832.0,0.1300298700648361,51,30832.0
8880.0,55,9713.0,103.32978723404256,3.164389438767698,55,30873.0,0.1186660885903886,55,30873.0
8885.0,63,10015.0,110.05494505494505,3.1678887200425985,63,30991.0,0.11014860372611371,63,30991.0
8890.0,67,10347.0,111.25806451612904,2.9046799842687916,67,31190.0,0.09599112484022705,67,31190.0
8895.0,72,10697.0,113.79787234042553,2.635000373584012,72,31411.0,0.08976998913601486,72,31411.0
8900.0,75,11066.0,120.28260869565217,2.0715323260510514,75,31650.0,0.08146384630298538,75,31650.0
8905.0,78,11451.0,127.23333333333333,1.5484826667368026,78,31905.0,0.06692516020915462,78,31905.0
8910.0,79,11846.0,128.7608695652174,1.6989612215365877,79,32170.0,0.07936687294009782,79,32170.0
8915.0,75,11969.0,132.98888888888888,1.3294407956493584,75,32318.0,0.04998796102773477,75,32318.0
8920.0,70,12249.0,128.93684210526317,2.791502667333382,70,32389.0,0.12928223043754616,70,32389.0
8925.0,72,12603.0,136.9891304347826,2.505862874057048,72,32537.0,0.06931855341207725,72,32537.0
8930.0,70,12933.0,139.06451612903226,2.2220689005471645,70,32748.0,0.09416823584872606,70,32748.0
8935.0,71,13285.0,145.98901098901098,2.277649747236132,71,32960.0,0.08528078434622162,71,32960.0
8940.0,73,13648.0,151.64444444444445,2.3045087312786925,73,33192.0,0.07669068314670716,73,33192.0
8945.0,73,13988.0,153.71428571428572,2.226358635691828,73,33406.0,0.07628192483368432,73,33406.0
8950.0,73,14353.0,164.97701149425288,1.794374266565124,73,33637.0,0.07636810984453381,73,33637.0
8955.0,75,14722.0,165.41573033707866,1.615322374141838,75,33876.0,0.06519977404349606,75,33876.0
8960.0,77,15106.0,175.65116279069767,1.149559555528747,77,34130.0,0.05719367309253527,77,34130.0
8965.0,74,14930.0,165.88888888888889,1.3387906432008048,74,33818.0,0.08790707979776943,74,33818.0
8970.0,68,14481.0,159.13186813186815,1.7528127358023486,68,32982.0,0.07048419334513731,68,32982.0
8975.0,65,14056.0,147.9578947368421,2.692958095750233,65,32205.0,0.09704251090093322,65,32205.0
8980.0,54,11655.0,125.3225806451613,2.4491115673167836,54,30395.0,0.09785270406653324,54,30395.0
8985.0,51,8154.0,89.6043956043956,2.8537531513435286,51,26612.0,0.1440232010799125,51,26612.0
8990.0,51,5549.0,59.666666666666664,2.781009771569174,51,20897.0,0.09275258995367149,51,20897.0
8995.0,47,2337.0,24.861702127659573,2.797434221885389,47,20979.0,0.13438252093635464,47,20979.0
9000.0,46,514.0,5.586956521739131,2.481270776262464,46,20978.0,0.09712428928836866,46,20978.0
9005.0,48,657.0,6.636363636363637,3.3504255450492586,48,20964.0,0.16148088257963641,48,20964.0
9010.0,56,904.0,9.04,2.7208609237582744,56,21049.0,0.10633724461152755,56,21049.0
9015.0,67,1221.0,11.628571428571428,3.3107796261052655,67,21234.0,0.13671546048048122,67,21234.0
9020.0,74,1576.0,15.76,2.5836260781306377,74,21494.0,0.07664370586504433,74,21494.0
9025.0,81,1968.0,19.106796116504853,2.7815003720367173,81,21817.0,0.06575052885854,81,21817.0
9030.0,81,2373.0,24.978947368421053,1.907712849227504,81,22152.0,0.06552110910828995,81,22152.0
9035.0,78,2433.0,26.161290322580644,1.0787902029680674,78,22346.0,0.05153795138975501,78,22346.0
9040.0,73,2655.0,27.94736842105263,2.1309087136996903,73,22414.0,0.10265454072727603,73,22414.0
9045.0,73,3020.0,30.505050505050505,2.5756352724528973,73,22596.0,0.0827121197364693,73,22596.0
9050.0,74,3337.0,34.402061855670105,2.1765489847801445,74,22872.0,0.06945293453818535,74,22872.0
9055.0,74,3702.0,38.96842105263158,2.405854681500064,74,23137.0,0.08709909057742168,74,23137.0
9060.0,74,4072.0,44.26086956521739,2.3923882388184516,74,23435.0,0.05637069657304892,74,23435.0
9065.0,76,4449.0,47.329787234042556,2.4891941719088564,76,23742.0,0.06228368818120059,76,23742.0
9070.0,76,4829.0,54.258426966292134,1.7856063968821982,76,24052.0,0.056420555821374355,76,24052.0
9075.0,72,5110.0,56.15384615384615,1.6208542316721217,72,24307.0,0.0990801753652406,72,24307.0
9080.0,76,5473.0,60.81111111111111,1.7518474089066507,76,24555.0,0.07014944575852834,76,24555.0
9085.0,77,5857.0,61.010416666666664,2.010402270772214,77,24866.0,0.06914168443202072,77,24866.0
9090.0,81,6252.0,67.2258064516129,1.5903492892161832,81,25191.0,0.0622028784890264,81,25191.0
9095.0,76,6571.0,70.65591397849462,1.2156826294831742,76,25483.0,0.06400619443093129,76,25483.0
9100.0,75,6927.0,74.48387096774194,1.95966701473511,75,25742.0,0.08602747598075204,75,25742.0
9105.0,75,7302.0,76.86315789473684,2.735168377361406,75,26031.0,0.08039660008793752,75,26031.0
9110.0,74,6906.0,71.9375,2.1156899298710283,74,25728.0,0.08109584868489535,74,25728.0
9115.0,67,6015.0,64.6774193548387,2.2386476512571534,67,24496.0,0.09581259361307397,67,24496.0
9120.0,61,5381.0,57.86021505376344,2.73741743442351,61,23706.0,0.09774911323188888,61,23706.0
9125.0,53,4747.0,51.043010752688176,2.9462768152594014,53,23874.0,0.14686054407467,53,23874.0
9130.0,57,4747.0,53.94318181818182,2.5621322797824573,57,24038.0,0.13104024624273658,57,24038.0
9135.0,63,5049.0,54.29032258064516,2.1054778343834353,63,24270.0,0.0805786819319194,63,24270.0
9140.0,69,5235.0,56.29032258064516,1.6574394261213188,69,24488.0,0.0829958416377357,69,24488.0
9145.0,66,5450.0,57.97872340425532,1.8191040579268503,66,24650.0,0.07728330619299585,66,24650.0
9150.0,71,5780.0,58.38383838383838,2.828861953474261,71,24842.0,0.11776713961793664,71,24842.0
9155.0,73,6138.0,65.29787234042553,2.4423644529437376,73,25085.0,0.07382846085537896,73,25085.0
9160.0,75,6508.0,67.79166666666667,2.609832056587851,75,25382.0,0.0888828283777278,75,25382.0
9165.0,69,6649.0,72.27173913043478,2.2875057837457247,69,25225.0,0.07337092834038653,69,25225.0
9170.0,63,6630.0,72.06521739130434,2.5534514397257957,63,24626.0,0.10078587342993113,63,24626.0
9175.0,58,6670.0,75.79545454545455,3.2485456395237127,58,23687.0,0.12201688763706922,58,23687.0
9180.0,52,6715.0,77.183908045977,2.6874384290387523,52,23864.0,0.121578729483411,52,23864.0
9185.0,53,6874.0,79.93023255813954,2.8692551727513274,53,24027.0,0.1403346735522108,53,24027.0
9190.0,60,7160.0,79.55555555555556,2.7831975623386462,60,24240.0,0.0894480211485236,60,24240.0
9195.0,68,7482.0,83.13333333333334,2.3803138849724426,68,24492.0,0.0798978406362146,68,24492.0
9200.0,66,7579.0,86.125,1.385375645241885,66,24661.0,0.06871310460879558,66,24661.0
9205.0,69,7856.0,88.26966292134831,1.96554497186519,69,24788.0,0.0887625270544727,69,24788.0
9210.0,73,8213.0,88.31182795698925,2.3320812956361805,73,25014.0,0.06412028338817755,73,25014.0
9215.0,69,8517.0,94.63333333333334,2.1229444693053745,69,25283.0,0.0661789304053408,69,25283.0
9220.0,69,8847.0,95.12903225806451,2.764484126305932,69,25513.0,0.10775984399059063,69,25513.0
9225.0,69,9192.0,103.28089887640449,2.7551299379970473,69,25783.0,0.07353633303292219,69,25783.0
9230.0,73,9549.0,106.1,2.4183852238319754,73,26070.0,0.07785421988513372,73,26070.0
9235.0,69,9866.0,116.07058823529412,1.9873252608364262,69,26326.0,0.07962143468245132,69,26326.0
9240.0,69,10211.0,118.73255813953489,2.1460565195534533,69,26592.0,0.07545224581092357,69,26592.0
9245.0,73,10567.0,124.31764705882352,1.782137615047203,73,26878.0,0.06893091406995107,73,26878.0
9250.0,67,10517.0,123.72941176470589,1.5345316690270605,67,26678.0,0.08244905565873924,67,26678.0
9255.0,62,10191.0,117.13793103448276,2.375289306043409,62,25944.0,0.11739344528874573,62,25944.0
9260.0,57,10043.0,110.36263736263736,3.106437063163447,57,25367.0,0.12474917272837673,57,25367.0
9265.0,50,9956.0,110.62222222222222,3.3469419743848676,50,25311.0,0.1553294464827052,50,25311.0
9270.0,50,9966.0,113.25,3.2101867975889813,50,25418.0,0.14174813888670715,50,25418.0
9275.0,56,10231.0,118.96511627906976,3.0429270546907987,56,25562.0,0.1093813153878188,56,25562.0
9280.0,62,10530.0,118.31460674157303,3.4005879494090947,62,25791.0,0.1186370987715147,62,25791.0
9285.0,65,10849.0,130.710843373494,2.4542659305810663,65,26040.0,0.08227591579029012,65,26040.0
9290.0,68,11184.0,128.55172413793105,2.4825514647779148,68,26305.0,0.10779735611608673,68,26305.0
9295.0,71,11535.0,137.32142857142858,1.794065106281175,71,26586.0,0.0853704173801588,71,26586.0
9300.0,74,11897.0,141.63095238095238,1.2712857177296313,74,26878.0,0.048647829833232084,74,26878.0
9305.0,71,12042.0,140.02325581395348,1.4757349367399921,71,27082.0,0.07701702311640661,71,27082.0
9310.0,68,12338.0,141.816091954023,2.1859981638820254,68,27223.0,0.09925933012943504,68,27223.0
9315.0,71,12684.0,140.93333333333334,2.4674678159911796,71,27455.0,0.07155701670001431,71,27455.0
9320.0,66,12989.0,149.29885057471265,1.8879004902666585,66,27709.0,0.05093143622337867,66,27709.0
9325.0,66,13319.0,147.98888888888888,2.5959348342250306,66,27950.0,0.10189595074687859,66,27950.0
9330.0,69,13659.0,157.0,2.557635175123495,69,28220.0,0.08592129750580951,69,28220.0
9335.0,69,13991.0,158.98863636363637,2.0826414140224485,69,28482.0,0.07408691921938287,69,28482.0
9340.0,72,14343.0,172.80722891566265,1.4973476547382434,72,28764.0,0.0641630159052292,72,28764.0
9345.0,75,14710.0,169.08045977011494,1.471806785362473,75,29061.0,0.06473510865178929,75,29061.0
9350.0,73,15036.0,176.89411764705883,0.9240128044203051,73,29345.0,0.059889345746773834,73,29345.0
9355.0,71,15383.0,172.8426966292135,1.9294601158772653,71,29602.0,0.09616060886696193,71,29602.0
9360.0,71,15738.0,176.8314606741573,2.297459118661489,71,29879.0,0.05347820822592365,71,29879.0
9365.0,70,16062.0,170.87234042553192,2.329260581515892,70,30136.0,0.08768138341739716,70,30136.0
9370.0,75,16430.0,186.70454545454547,1.8425591932896233,75,30431.0,0.06756232923006035,75,30431.0
9375.0,77,16809.0,184.71428571428572,1.718056794438933,77,30740.0,0.06270485086598697,77,30740.0
9380.0,79,17202.0,197.72413793103448,1.0423460555840658,79,31063.0,0.05356605194385871,79,31063.0
9385.0,77,17500.0,190.2173913043478,1.2116538714834013,77,31348.0,0.07137563141680923,77,31348.0
9390.0,73,17836.0,196.0,1.7500766311091749,73,31579.0,0.06602711400709964,73,31579.0
9395.0,73,18201.0,191.58947368421053,2.6476454469864814,73,31852.0,0.08271105590808096,73,31852.0
9400.0,75,18571.0,195.4842105263158,2.648627499140175,75,32152.0,0.07766296270099506,75,32152.0
9405.0,77,18952.0,206.0,2.0561694024002235,77,32463.0,0.07154392979793744,77,32463.0
9410.0,72,18473.0,205.25555555555556,1.7555577993764584,72,32296.0,0.07697663547529482,72,32296.0
9415.0,64,17419.0,189.33695652173913,2.519590166495478,64,31660.0,0.1068054554403942,64,31660.0
9420.0,61,16775.0,186.38888888888889,2.8590178505755857,61,30649.0,0.08574330322252603,61,30649.0
9425.0,51,16195.0,177.96703296703296,2.9646788089591882,51,30836.0,0.14166270914835508,51,30836.0
9430.0,54,16225.0,190.88235294117646,2.608610388743876,54,31004.0,0.11323243855393392,54,31004.0
9435.0,62,16520.0,175.74468085106383,3.481086313832701,62,31228.0,0.14612015609855022,62,31228.0
9440.0,68,16849.0,187.2111111111111,2.1220594410952365,68,31487.0,0.0770169500077803,68,31487.0
9445.0,76,17212.0,185.0752688172043,1.8140703206545619,76,31780.0,0.07407671934621579,76,31780.0
9450.0,79,17602.0,193.42857142857142,1.4082041816517028,79,32100.0,0.0625863007659211,79,32100.0
9455.0,83,18008.0,193.63440860215053,1.2797437342027709,83,32436.0,0.06715985484012243,83,32436.0
9460.0,83,18423.0,198.09677419354838,1.3328667304919342,83,32781.0,0.061959707506251564,83,32781.0
9465.0,83,18838.0,198.29473684210527,1.3767204878481907,83,33126.0,0.05527086522724554,83,33126.0
9470.0,80,18829.0,192.1326530612245,1.6565893223922794,80,33307.0,0.0878837517339657,80,33307.0
9475.0,71,18913.0,192.98979591836735,2.1002519465153227,71,33352.0,0.09625619735897126,71,33352.0
9480.0,75,19279.0,194.73737373737373,2.409303511047192,75,33410.0,0.08092672275835146,75,33410.0
9485.0,76,19620.0,198.1818181818182,2.152766698279865,76,33703.0,0.08374352726702765,76,33703.0
9490.0,77,19997.0,208.30208333333334,2.030734198227186,77,33993.0,0.07628349070042403,77,33993.0
9495.0,79,20387.0,210.17525773195877,2.2535800400954495,79,34308.0,0.07123640396672415,79,34308.0
9500.0,74,20335.0,214.05263157894737,1.899570337812785,74,34135.0,0.06833696999059707,74,34135.0
9505.0,67,19984.0,214.88172043010752,2.2168397419380397,67,33469.0,0.09736227136702409,67,33469.0
9510.0,63,19766.0,205.89583333333334,2.9270568833058213,63,32412.0,0.1089927473185073,63,32412.0
9515.0,52,19599.0,215.37362637362637,2.34835711330725,52,32608.0,0.10025526086348378,52,32608.0
9520.0,57,19738.0,212.23655913978496,2.917455334786528,57,32784.0,0.1415531109004467,57,32784.0
9525.0,64,20042.0,217.84782608695653,2.3963908298751733,64,33013.0,0.0679741361938917,64,33013.0
9530.0,73,20386.0,216.87234042553192,2.3923416176443024,73,33287.0,0.0794827588702249,73,33287.0
9535.0,77,20760.0,228.13186813186815,1.6388628524431468,77,33592.0,0.06982949682261978,77,33592.0
9540.0,75,20820.0,231.33333333333334,1.0447698016910691,75,33757.0,0.054631858422277566,75,33757.0
9545.0,71,20926.0,220.2736842105263,2.2980114170539307,71,33825.0,0.10633532493187886,71,33825.0
9550.0,73,21273.0,217.07142857142858,2.517034560526866,73,33887.0,0.080570046194471,73,33887.0
9555.0,71,21592.0,224.91666666666666,2.020781072915226,71,34161.0,0.06967941887550981,71,34161.0
9560.0,75,21953.0,231.0842105263158,2.226772684028972,75,34431.0,0.08963345580303045,75,34431.0
9565.0,76,22330.0,237.5531914893617,2.393227337243806,76,34734.0,0.06766002554046266,76,34734.0
9570.0,77,22715.0,241.64893617021278,2.303774039504161,77,35049.0,0.07178542839183695,77,35049.0
9575.0,73,22991.0,261.2613636363636,1.3957328460345282,73,35287.0,0.050411179440783875,73,35287.0
9580.0,71,23319.0,250.74193548387098,2.4431368611738407,71,35492.0,0.11368352403162572,71,35492.0
9585.0,76,23689.0,257.4891304347826,2.2227013052151467,76,35768.0,0.06422853932325814,76,35768.0
9590.0,74,23629.0,248.7263157894737,1.9068037267557132,74,35597.0,0.07038743998036524,74,35597.0
9595.0,66,23281.0,261.5842696629214,2.167503473921792,66,34970.0,0.09660467730841295,66,34970.0
9600.0,59,23084.0,250.91304347826087,2.974950847597475,59,33974.0,0.1073249927838974,59,33974.0
9605.0,54,22868.0,256.9438202247191,2.640349103607323,54,34139.0,0.11798210267671001,54,34139.0
9610.0,51,22917.0,260.42045454545456,2.809452031557292,51,34242.0,0.13976176135460666,51,34242.0
9615.0,57,23184.0,252.0,3.394132315308103,57,34402.0,0.14345966794221393,57,34402.0
9620.0,63,23490.0,252.58064516129033,3.2414416771640693,63,34692.0,0.14208932363971424,63,34692.0
9625.0,69,23818.0,261.7362637362637,2.379275997449488,69,35016.0,0.07533896848403016,69,35016.0
9630.0,72,24174.0,268.6,2.1960135706812216,72,35346.0,0.09001240676309344,72,35346.0
9635.0,69,24364.0,286.63529411764705,1.4238527265095895,69,35246.0,0.07013344025453795,69,35246.0
9640.0,62,24440.0,271.55555555555554,2.5818734228224662,62,34919.0,0.1234620992128266,62,34919.0
9645.0,60,24609.0,279.64772727272725,2.9733077482892325,60,34372.0,0.10586585465055692,60,34372.0
9650.0,55,24760.0,275.1111111111111,2.771399573041521,55,34503.0,0.1267990075928361,55,34503.0
9655.0,58,24995.0,284.03409090909093,3.1045865009749765,58,34624.0,0.14076319077126337,58,34624.0
9660.0,62,25296.0,287.45454545454544,2.7196669074045556,62,34795.0,0.08534058525291657,62,34795.0
9665.0,68,25628.0,291.22727272727275,2.4289821848988344,68,34997.0,0.076464117592943,68,34997.0
9670.0,70,25972.0,312.9156626506024,1.4702902845353352,70,35211.0,0.052499149996913505,70,35211.0
9675.0,74,26339.0,313.5595238095238,1.4766697670893953,74,35448.0,0.06830692186361403,74,35448.0
9680.0,74,26709.0,317.9642857142857,1.3593541118644783,74,35688.0,0.0450571959108843,74,35688.0
9685.0,76,27085.0,304.3258426966292,2.031705124850179,76,35934.0,0.09243231448652425,76,35934.0
9690.0,76,27465.0,305.1666666666667,1.70056345605923,76,36184.0,0.08011163491024752,76,36184.0
9695.0,81,27860.0,306.15384615384613,1.3323737868220362,81,36449.0,0.04520922578891562,81,36449.0
9700.0,82,28268.0,307.2608695652174,1.427071299664772,82,36727.0,0.06359581531724647,82,36727.0
9705.0,84,28680.0,311.7391304347826,1.1248463245759484,84,37009.0,0.042783496232220525,84,37009.0
9710.0,78,28447.0,302.6276595744681,1.4818018945985354,78,37051.0,0.06402872926977705,78,37051.0
9715.0,71,28167.0,290.3814432989691,2.0987543129610065,71,36880.0,0.07581456678121691,71,36880.0
9720.0,66,28361.0,301.71276595744683,2.5171399324298522,66,36646.0,0.07870852880169918,66,36646.0
9725.0,64,28652.0,286.52,2.6618049643918464,64,36824.0,0.12868833446863806,64,36824.0
9730.0,70,28993.0,305.18947368421055,1.9408999410299597,70,37018.0,0.05386193487295633,70,37018.0
9735.0,79,29374.0,296.7070707070707,2.534690376273403,79,37269.0,0.061504642373684186,79,37269.0
9740.0,74,29688.0,322.69565217391306,1.7759591765818217,74,37391.0,0.06048425494506625,74,37391.0
9745.0,66,29955.0,322.0967741935484,2.2691300641026144,66,37408.0,0.110677471534247,66,37408.0
9750.0,70,30300.0,329.3478260869565,2.677316693914153,70,37480.0,0.10130296656434117,70,37480.0
9755.0,68,30618.0,325.72340425531917,2.0383902513233645,68,37681.0,0.06345755187205279,68,37681.0
9760.0,73,30972.0,333.03225806451616,2.4338813001247726,73,37892.0,0.09843056572883112,73,37892.0
9765.0,73,31337.0,336.9569892473118,2.4019864714594075,73,38127.0,0.09534501565832346,73,38127.0
9770.0,77,31714.0,348.5054945054945,1.9911807066374332,77,38374.0,0.06940007193431734,77,38374.0
9775.0,72,31354.0,348.3777777777778,1.7316945013007525,72,38173.0,0.09012190475928492,72,38173.0
9780.0,67,30576.0,347.45454545454544,1.980680150150983,67,37652.0,0.07903817806677865,67,37652.0
9785.0,61,30289.0,325.68817204301075,3.1648131663191195,61,36833.0,0.12027029346784651,61,36833.0
9790.0,54,30037.0,341.32954545454544,2.498251641211929,54,36968.0,0.10810768721303231,54,36968.0
9795.0,58,30209.0,331.967032967033,2.8473943058914952,58,37085.0,0.14226860333603109,58,37085.0
9800.0,63,30515.0,335.3296703296703,2.8732422204121986,63,37253.0,0.10307955085563286,63,37253.0
9805.0,63,30549.0,324.98936170212767,2.6258268614663653,63,37328.0,0.11214526421540347,63,37328.0
9810.0,62,30688.0,344.80898876404495,2.447604959106635,62,37316.0,0.10072904471572457,62,37316.0
9815.0,66,31012.0,344.5777777777778,2.8537542672603182,66,37350.0,0.1023568202565491,66,37350.0
9820.0,65,31298.0,355.65909090909093,2.1989791966296734,65,37526.0,0.07739165032882263,65,37526.0
9825.0,66,31626.0,372.0705882352941,2.269862418174384,66,37705.0,0.07673042246455415,66,37705.0
9830.0,68,31961.0,355.1222222222222,3.0453705621446714,68,37909.0,0.11431810423941631,68,37909.0
9835.0,70,32305.0,367.10227272727275,2.706417253174457,70,38123.0,0.09010657856156722,70,38123.0
9840.0,73,32661.0,384.2470588235294,1.7611363337796722,73,38349.0,0.04681726115958113,73,38349.0
9845.0,68,32705.0,384.7647058823529,1.7486937173522998,68,38181.0,0.09193200326212765,68,38181.0
9850.0,60,32528.0,387.23809523809524,1.791560198656954,60,37747.0,0.08222570194210495,60,37747.0
9855.0,58,32608.0,370.54545454545456,3.255147160390325,58,37117.0,0.1373392524836022,58,37117.0
9860.0,52,32480.0,373.3333333333333,2.918543767223506,52,37169.0,0.12541878433427556,52,37169.0
9865.0,53,32621.0,379.3139534883721,2.829521394390338,53,37156.0,0.12330570076876962,53,37156.0
9870.0,61,32913.0,374.0113636363636,3.053207903034002,61,37259.0,0.12239844173208259,61,37259.0
9875.0,58,33090.0,393.92857142857144,1.9821935264118875,58,37383.0,0.06254311357734063,58,37383.0
9880.0,60,33305.0,391.8235294117647,2.5467629649160193,60,37465.0,0.10321710700063673,60,37465.0
9885.0,60,33605.0,409.8170731707317,2.7662139209565093,60,37567.0,0.07959196310175806,60,37567.0
9890.0,60,33905.0,403.6309523809524,3.2376530403608776,60,37731.0,0.11841159540498727,60,37731.0
9895.0,62,34213.0,433.0759493670886,2.752790603898502,62,37909.0,0.08436638969220912,62,37909.0
9900.0,62,34523.0,448.35064935064935,2.355362003429734,62,38089.0,0.06522282465164463,62,38089.0
9905.0,58,34753.0,445.55128205128204,2.3910328870739566,58,38216.0,0.11935569050852345,58,38216.0
9910.0,61,35050.0,432.71604938271605,2.145042548499307,61,38356.0,0.07314420834966505,61,38356.0
9915.0,66,35373.0,442.1625,2.1626995658806014,66,38549.0,0.07701982867022554,66,38549.0
9920.0,62,35664.0,440.2962962962963,1.990233732086968,62,38723.0,0.08707264168950964,62,38723.0
9925.0,64,35976.0,449.7,2.3702395088488277,64,38892.0,0.08635337092982924,64,38892.0
9930.0,64,36296.0,442.6341463414634,2.922634583328921,64,39082.0,0.07630236480736267,64,39082.0
9935.0,64,36616.0,469.43589743589746,2.2533268396273707,64,39272.0,0.0704431773722555,64,39272.0
9940.0,62,36904.0,455.60493827160496,1.7846338518935374,62,39433.0,0.1075499718058744,62,39433.0
9945.0,68,37234.0,465.425,1.704301162192379,68,39630.0,0.07547495722682808,68,39630.0
9950.0,70,37582.0,437.0,1.860496014861457,70,39848.0,0.06927031255868307,70,39848.0
9955.0,74,37949.0,462.7926829268293,1.1937464465617158,74,40085.0,0.06484408805054473,74,40085.0
9960.0,70,38227.0,449.7294117647059,0.986651085028799,70,40282.0,0.05734340934882888,70,40282.0
9965.0,68,38547.0,448.22093023255815,1.9354975510765358,68,40447.0,0.09027881043979626,68,40447.0
9970.0,68,38887.0,432.0777777777778,2.7570749996334976,68,40633.0,0.09379087109946953,68,40633.0
9975.0,71,39233.0,431.13186813186815,2.7239374375445258,71,40849.0,0.09222896992022127,71,40849.0
9980.0,65,38874.0,436.7865168539326,2.3341810082280694,65,40615.0,0.12100969129333072,65,40615.0
9985.0,60,38141.0,438.4022988505747,2.389165090097259,60,39964.0,0.10716916483815332,60,39964.0
9990.0,55,37886.0,425.685393258427,3.4353544084177496,55,39122.0,0.14007405797539574,55,39122.0
9995.0,51,37715.0,443.70588235294116,2.9151818271290315,51,39324.0,0.1279178387301485,51,39324.0
10000.0,54,37838.0,434.91954022988506,2.9741381933098068,54,39529.0,0.1363409330452488,54,39529.0
10005.0,60,38128.0,453.9047619047619,2.9020720898056345,60,39769.0,0.09240122844400375,60,39769.0
10010.0,64,38439.0,431.8988764044944,3.008122672479487,64,40004.0,0.12316864703937497,64,40004.0
10015.0,67,38769.0,456.1058823529412,2.278430243879188,67,40218.0,0.09797647852640456,67,40218.0
10020.0,73,39118.0,471.30120481927713,1.4747580690655817,73,40417.0,0.06109812561608149,73,40417.0
10025.0,74,39486.0,470.07142857142856,1.6057744677685981,74,40604.0,0.06921594975873224,74,40604.0
10030.0,75,39857.0,468.90588235294115,1.4178105339754699,75,40785.0,0.058417332340411354,75,40785.0
10035.0,70,39865.0,463.54651162790697,1.4954823101487233,70,40820.0,0.07877460175078033,70,40820.0
10040.0,64,40008.0,470.6823529411765,1.8990348538704016,64,40741.0,0.07249325446094658,64,40741.0
10045.0,67,40334.0,438.4130434782609,3.0608985982412067,67,40727.0,0.124864353143227,67,40727.0
10050.0,66,40634.0,451.4888888888889,2.277662197863683,66,40839.0,0.09165071982493167,66,40839.0
10055.0,68,40966.0,460.29213483146066,2.132289685003904,68,40968.0,0.07713770616722901,68,40968.0
10060.0,72,41320.0,469.54545454545456,2.24197627222064,72,41125.0,0.07152906879376393,72,41125.0
10065.0,72,41680.0,473.6363636363636,2.32175654402762,72,41295.0,0.07166628957777978,72,41295.0
10070.0,68,41935.0,493.3529411764706,1.899511882665502,68,41401.0,0.07933091645394469,68,41401.0
10075.0,69,42268.0,485.8390804597701,2.3330141968369675,69,41487.0,0.07976991532751829,69,41487.0
10080.0,70,42617.0,507.3452380952381,2.023738380465895,70,41645.0,0.04032832033824183,70,41645.0
10085.0,72,42973.0,482.8426966292135,1.899754169567936,72,41811.0,0.08046956606575076,72,41811.0
10090.0,69,43269.0,515.1071428571429,1.2127827381669214,69,41954.0,0.06863788745290803,69,41954.0
10095.0,71,43608.0,489.97752808988764,2.071134567123863,71,42069.0,0.09033744912603661,71,42069.0
10100.0,71,43963.0,493.96629213483146,2.5946801103108634,71,42231.0,0.07473545874987625,71,42231.0
10105.0,67,43665.0,485.1666666666667,2.039147830390816,67,41903.0,0.07778942915379437,67,41903.0
10110.0,61,42965.0,505.47058823529414,2.2971519927051722,61,41180.0,0.09836130439012342,61,41180.0
10115.0,55,42678.0,490.55172413793105,2.973823154647529,55,40149.0,0.0937879178225219,55,40149.0
10120.0,50,42479.0,493.9418604651163,3.2513444092106387,50,40201.0,0.15842543587087016,50,40201.0
10125.0,52,42536.0,500.4235294117647,2.85353833133433,52,40225.0,0.13838052624299735,52,40225.0
10130.0,59,42812.0,492.0919540229885,3.0121824419356553,59,40303.0,0.1049051724942558,59,40303.0
10135.0,64,43123.0,490.03409090909093,2.7559880475987097,64,40424.0,0.10567559943144599,64,40424.0
10140.0,69,43454.0,529.9268292682926,1.5613656295224965,69,40565.0,0.04994025476907734,69,40565.0
10145.0,72,43808.0,509.3953488372093,1.978588363836359,72,40729.0,0.07475556176812338,72,40729.0
10150.0,72,44168.0,538.6341463414634,1.5054744185464923,72,40899.0,0.06466885364702493,72,40899.0
10155.0,68,44235.0,486.0989010989011,1.9807673981540705,68,40946.0,0.107810668266556,68,40946.0
10160.0,68,44470.0,505.34090909090907,2.058222449023913,68,40920.0,0.09331770417554035,68,40920.0
10165.0,70,44816.0,476.7659574468085,2.7130198810943966,70,40977.0,0.0903770619062577,70,40977.0
10170.0,70,45120.0,501.3333333333333,2.140950082373829,70,41118.0,0.07338599729598096,70,41118.0
10175.0,68,45455.0,516.5340909090909,2.1711101751028337,68,41241.0,0.09572630700611322,68,41241.0
10180.0,70,45802.0,514.629213483146,2.7276732742635654,70,41393.0,0.0726270692029463,70,41393.0
10185.0,70,46152.0,536.6511627906976,2.248853533280158,70,41553.0,0.08953484953955355,70,41553.0
10190.0,68,46438.0,527.7045454545455,1.771017075943856,68,41673.0,0.09620893686298052,68,41673.0
10195.0,71,46790.0,537.816091954023,2.0923698135003104,71,41811.0,0.09798044221134403,71,41811.0
10200.0,75,47155.0,529.8314606741573,1.773113952223251,75,41986.0,0.055985433769090945,75,41986.0
10205.0,77,47540.0,534.1573033707865,1.4136368014112708,77,42181.0,0.05718622471965155,77,42181.0
10210.0,75,47826.0,543.4772727272727,1.1510015186148723,75,42335.0,0.06748297023625623,75,42335.0
10215.0,71,48145.0,529.065934065934,1.8131464943379785,71,42433.0,0.07544027808122236,71,42433.0
10220.0,71,48500.0,521.505376344086,2.800716258834073,71,42571.0,0.10029191700359583,71,42571.0
10225.0,71,48855.0,525.3225806451613,2.8644627152541036,71,42736.0,0.0789365376559397,71,42736.0
10230.0,73,49216.0,546.8444444444444,2.196048631263504,73,42907.0,0.07192961707925763,73,42907.0
10235.0,71,49526.0,569.264367816092,1.6749870195556569,71,43039.0,0.05699702280784385,71,43039.0
10240.0,73,49884.0,573.3793103448276,1.698550450181258,73,43195.0,0.06903915968320776,73,43195.0
10245.0,75,50256.0,577.6551724137931,1.765654485703932,75,43377.0,0.06766797723341018,75,43377.0
10250.0,72,49862.0,554.0222222222222,1.578962496489246,72,42993.0,0.07614854099609153,72,42993.0
10255.0,65,48967.0,562.8390804597701,1.8575498794821839,65,41774.0,0.06898435574051548,65,41774.0
10260.0,60,48358.0,531.4065934065934,3.1265349330309555,60,40858.0,0.11220416741948049,60,40858.0
10265.0,53,48099.0,534.4333333333333,2.981972673009791,53,40650.0,0.12988458123415142,53,40650.0
10270.0,50,47987.0,557.9883720930233,2.5850324065408135,50,40634.0,0.13477671560419976,50,40634.0
10275.0,57,48257.0,536.1888888888889,2.8927211530862595,57,40656.0,0.10743952987124807,57,40656.0
10280.0,59,48453.0,526.6630434782609,2.700376472112516,59,40702.0,0.11305323784004027,59,40702.0
10285.0,67,48773.0,548.0112359550562,2.0847667002223016,67,40787.0,0.07182122078972186,67,40787.0
10290.0,75,49133.0,539.9230769230769,1.9628237473029262,75,40957.0,0.0666157527220473,75,40957.0
10295.0,71,49430.0,561.7045454545455,1.4591349558872315,71,41110.0,0.047544922948171794,71,41110.0
10300.0,67,49711.0,534.5268817204301,2.252432294634912,67,41197.0,0.10304561539826923,67,41197.0
10305.0,70,50056.0,538.236559139785,2.6680620568878384,70,41317.0,0.08999807173816071,70,41317.0
10310.0,72,50414.0,536.3191489361702,2.8043703801981152,72,41474.0,0.09187844784570523,72,41474.0
10315.0,73,50779.0,570.5505617977528,2.3749979030183663,73,41649.0,0.07098030775744033,73,41649.0
10320.0,67,50818.0,570.9887640449438,1.789719152964594,67,41358.0,0.07123053698920605,67,41358.0
10325.0,63,50650.0,595.8823529411765,2.232818891458672,63,40477.0,0.10185644381953028,63,40477.0
10330.0,55,50566.0,568.1573033707865,3.083161361980583,55,39659.0,0.11944877362654623,55,39659.0
10335.0,51,50517.0,567.6067415730337,3.329462067527756,51,39590.0,0.16041938650452384,51,39590.0
10340.0,54,50697.0,569.629213483146,3.2389527364059205,54,39580.0,0.13817313450397867,54,39580.0
10345.0,62,50991.0,579.4431818181819,2.5740721231558736,62,39680.0,0.09415312227521755,62,39680.0
10350.0,71,51325.0,583.2386363636364,1.5742170879736,71,39824.0,0.0661534500880945,71,39824.0
10355.0,68,51507.0,620.566265060241,1.1528945436457834,68,39927.0,0.06963943805172344,68,39927.0
10360.0,63,51686.0,601.0,1.851413053957205,63,39951.0,0.07786109354666353,63,39951.0
10365.0,62,51991.0,590.8068181818181,2.9521382884794933,62,39965.0,0.09849294087346726,62,39965.0
10370.0,63,52302.0,568.5,3.5731277782923554,63,40048.0,0.15571428164387796,63,40048.0
10375.0,61,52393.0,588.685393258427,2.52360916249247,61,39850.0,0.10634900840875036,61,39850.0
10380.0,59,52385.0,616.2941176470588,2.160518999139363,59,39380.0,0.08445512984809322,59,39380.0
10385.0,58,52511.0,603.5747126436781,3.1493643961737234,58,38955.0,0.12182391084541709,58,38955.0
10390.0,51,52621.0,626.4404761904761,2.350412295874862,51,38853.0,0.09005442316249879,51,38853.0
10395.0,53,52828.0,628.9047619047619,2.9066494049324993,53,38872.0,0.12872416335147002,53,38872.0
10400.0,55,53097.0,655.5185185185185,2.892076325318439,55,38904.0,0.07978351740424201,55,38904.0
10405.0,60,53386.0,635.547619047619,3.3765557831987354,60,38999.0,0.12578807797356698,60,38999.0
10410.0,62,53695.0,646.9277108433735,3.060612008046151,62,39118.0,0.11658285100827372,62,39118.0
10415.0,65,54014.0,675.175,2.122093402657525,65,39247.0,0.06832684054530268,65,39247.0
10420.0,68,54349.0,696.7820512820513,1.6533065493151253,68,39392.0,0.07505310691862101,68,39392.0
10425.0,68,54689.0,701.1410256410256,1.2979188154465682,68,39542.0,0.06245329487230947,68,39542.0
10430.0,64,54677.0,683.4625,1.7548856515711364,64,39551.0,0.07915045052690747,64,39551.0
10435.0,58,54795.0,660.1807228915662,2.4833795808779695,58,39447.0,0.10160174429318432,58,39447.0
10440.0,60,55095.0,688.6875,2.7962166509408077,60,39391.0,0.08407065919822711,60,39391.0
10445.0,58,55354.0,636.2528735632184,2.8313574033360065,58,39477.0,0.11822380718280477,58,39477.0
10450.0,62,55658.0,687.1358024691358,2.2897870799370934,62,39574.0,0.06568207839302496,62,39574.0
10455.0,66,55982.0,666.452380952381,2.751300341359561,66,39708.0,0.072167873035558,66,39708.0
10460.0,66,56312.0,712.8101265822785,2.13129543845764,66,39848.0,0.07510935579873956,66,39848.0
10465.0,61,56533.0,715.6075949367089,1.602439211910815,61,39927.0,0.10041716912681901,61,39927.0
10470.0,64,56841.0,728.7307692307693,2.144487046724707,64,39984.0,0.08838785263685252,64,39984.0
10475.0,65,57162.0,697.0975609756098,2.2327238733579002,65,40115.0,0.07737546714906772,65,40115.0
10480.0,62,57437.0,683.7738095238095,2.3048907818270266,62,40227.0,0.10568102040652914,62,40227.0
10485.0,62,57737.0,687.3452380952381,2.420434892607471,62,40315.0,0.10575212856404115,62,40315.0
10490.0,64,58051.0,691.0833333333334,2.714945785045129,64,40434.0,0.07752081425334979,64,40434.0
10495.0,60,57758.0,687.5952380952381,2.43909252855133,60,40248.0,0.09122003257691981,60,40248.0
10500.0,54,57286.0,716.075,2.6395916032072932,54,39776.0,0.09571967470388508,54,39776.0
10505.0,51,57154.0,697.0,3.618303515533139,51,39128.0,0.14873241323763253,51,39128.0
10510.0,46,57115.0,741.7532467532468,3.005215240327915,46,39117.0,0.12534743494339456,46,39117.0
10515.0,49,57316.0,707.604938271605,3.4098854622172516,49,39134.0,0.17299616974425852,49,39134.0
10520.0,53,57574.0,728.7848101265823,3.6240132519675203,53,39196.0,0.13523508634795048,53,39196.0
10525.0,58,57848.0,714.1728395061729,2.9490278646939596,58,39281.0,0.11075610286369987,58,39281.0
10530.0,63,58154.0,765.1842105263158,2.2102034438962277,63,39397.0,0.07838146296380473,63,39397.0
10535.0,63,58469.0,759.3376623376623,2.0869450040185673,63,39522.0,0.09078172683924653,63,39522.0
10540.0,65,58791.0,783.88,1.7613730135085386,65,39654.0,0.07912154429652957,65,39654.0
10545.0,65,59116.0,777.8421052631579,1.711158470305283,65,39789.0,0.07597998292409104,65,39789.0
10550.0,61,59155.0,730.3086419753087,2.3255254468493254,61,39802.0,0.12936664175093893,61,39802.0
10555.0,56,59350.0,723.780487804878,2.96234104620058,56,39733.0,0.13913315158061493,56,39733.0
10560.0,62,59646.0,727.390243902439,2.7029978616181243,62,39749.0,0.0760899860615375,62,39749.0
10565.0,59,59926.0,730.8048780487804,2.2755654761963746,59,39854.0,0.08183928970909948,59,39854.0
10570.0,61,60231.0,752.8875,2.520898978800922,61,39954.0,0.09335779456593955,61,39954.0
10575.0,63,60539.0,776.1410256410256,2.4980554144622054,63,40072.0,0.06877344018318764,63,40072.0
10580.0,63,60854.0,800.7105263157895,2.088733079690382,63,40197.0,0.09052773919604802,63,40197.0
10585.0,64,61171.0,794.4285714285714,2.0214692662440235,64,40324.0,0.1152092231441874,64,40324.0
10590.0,66,61495.0,768.6875,1.9205032118963394,66,40458.0,0.09545939781586513,66,40458.0
10595.0,67,61828.0,772.85,1.57605967873324,67,40601.0,0.06535848340617205,67,40601.0
10600.0,65,62022.0,756.3658536585366,1.7129600826885005,65,40682.0,0.09597347424873408,65,40682.0
10605.0,66,62342.0,769.6543209876543,1.9777391370642547,66,40740.0,0.08143441744371582,66,40740.0
10610.0,68,62677.0,728.8023255813954,2.252492227594187,68,40880.0,0.07315781652538045,68,40880.0
10615.0,64,62966.0,767.8780487804878,1.740191325933189,64,41005.0,0.06460428408991141,64,41005.0
10620.0,63,63277.0,762.3734939759037,2.3796866060611457,63,41100.0,0.07627662726203321,63,41100.0
10625.0,66,63599.0,739.5232558139535,2.879346928994545,66,41233.0,0.0986538908198315,66,41233.0
10630.0,68,63934.0,752.1647058823529,2.2470893757839643,68,41378.0,0.06270094587666118,68,41378.0
10635.0,67,64251.0,783.5487804878048,1.8624601070046107,67,41506.0,0.07921174950223869,67,41506.0
10640.0,67,64586.0,768.8809523809524,2.2071249879439847,67,41650.0,0.09322506109742736,67,41650.0
10645.0,70,64932.0,782.3132530120482,1.9157666153356911,70,41806.0,0.07482993877058611,70,41806.0
10650.0,67,65256.0,786.2168674698795,1.487482017003016,67,41950.0,0.07505427210518002,67,41950.0
10655.0,67,65591.0,799.890243902439,2.08500575475399,67,42085.0,0.07244777254014108,67,42085.0
10660.0,69,65931.0,740.7977528089888,2.8376334133328163,69,42235.0,0.10280312513622035,69,42235.0
10665.0,64,65365.0,769.0,2.3805231130373814,64,41897.0,0.08247464251997469,64,41897.0
10670.0,57,64416.0,749.0232558139535,2.7536324026700507,57,41144.0,0.11771040209847232,57,41144.0
10675.0,53,64004.0,771.1325301204819,3.4897602523144693,53,40107.0,0.13187289772568137,53,40107.0
10680.0,47,63750.0,768.0722891566265,2.9883338474204306,47,40148.0,0.1260317636895964,47,40148.0
10685.0,52,63798.0,807.5696202531645,2.8377193068194875,52,40198.0,0.12673008920017914,52,40198.0
10690.0,57,64075.0,771.9879518072289,3.168553936470148,57,40285.0,0.11854440471128215,57,40285.0
10695.0,62,64373.0,757.3294117647059,2.7064611247970105,62,40393.0,0.11073859379664205,62,40393.0
10700.0,66,64694.0,770.1666666666666,2.2160782321655472,66,40524.0,0.09440983094257027,66,40524.0
10705.0,73,65040.0,783.6144578313254,1.6546806006758699,73,40681.0,0.07125021862691154,73,40681.0
10710.0,67,65228.0,767.3882352941176,1.8643560704100135,67,40472.0,0.10759116597510815,67,40472.0
10715.0,62,65319.0,786.9759036144578,1.9062306266847908,62,39965.0,0.08203333861994497,62,39965.0
10720.0,59,65531.0,753.2298850574713,3.1569156521518336,59,39370.0,0.11894514794646788,59,39370.0
10725.0,54,65660.0,772.4705882352941,2.6502115521714384,54,39437.0,0.09867525038736127,54,39437.0
10730.0,57,65934.0,757.8620689655172,3.0570050354589355,57,39503.0,0.14971013471863437,57,39503.0
10735.0,61,66232.0,761.2873563218391,2.9911004445790574,61,39609.0,0.10142360725419522,61,39609.0
10740.0,66,66550.0,782.9411764705883,2.385048454308309,66,39737.0,0.09055402589142167,66,39737.0
10745.0,71,66895.0,825.8641975308642,1.6326282745688299,71,39892.0,0.07357776830419352,71,39892.0
10750.0,71,67250.0,810.2409638554217,1.5963209747062157,71,40057.0,0.06115579634458738,71,40057.0
10755.0,68,67098.0,798.7857142857143,1.6920777215432998,68,40031.0,0.07910731206147863,68,40031.0
10760.0,60,66998.0,817.0487804878048,1.8909841749455913,60,39841.0,0.06781916108740632,60,39841.0
10765.0,60,67269.0,755.8314606741573,3.490719764751097,60,39630.0,0.1437123360390453,60,39630.0
10770.0,56,67519.0,776.080459770115,2.6982294522584196,56,39710.0,0.1117344165492053,56,39710.0
10775.0,64,67825.0,788.6627906976744,2.3943068827123652,64,39806.0,0.07339902397976125,64,39806.0
10780.0,69,68162.0,801.9058823529411,2.5153756213641776,69,39953.0,0.07327170890462856,69,39953.0
10785.0,69,68507.0,815.5595238095239,2.1242891970511057,69,40108.0,0.057012461777867264,69,40108.0
10790.0,65,68741.0,848.6543209876543,1.8828855665029147,65,40157.0,0.07827724413522141,65,40157.0
10795.0,60,68975.0,851.5432098765432,2.203907877774656,60,40143.0,0.09945029859186752,60,40143.0
10800.0,63,69287.0,855.395061728395,2.7882875265654223,63,40194.0,0.07085007519426285,63,40194.0
10805.0,63,69568.0,799.6321839080459,2.6568966841682653,63,40301.0,0.10854438054407743,63,40301.0
10810.0,63,69881.0,862.7283950617284,2.306673439614587,63,40409.0,0.0872917183151067,63,40409.0
10815.0,67,70206.0,825.9529411764706,2.748315977816463,67,40543.0,0.07412424854502163,67,40543.0
10820.0,67,70541.0,881.7625,2.0843655810920807,67,40688.0,0.07393016326938834,67,40688.0
10825.0,63,70810.0,874.1975308641976,1.676356809608763,63,40786.0,0.09366053886955648,63,40786.0
10830.0,67,71138.0,900.4810126582279,1.7367355612728304,67,40905.0,0.06758259784070539,67,40905.0
10835.0,69,71475.0,861.144578313253,1.9549830095507899,69,41052.0,0.06278370563020982,69,41052.0
10840.0,66,71763.0,834.453488372093,1.9517513901871222,66,41181.0,0.09339939203339448,66,41181.0
10845.0,66,72085.0,828.5632183908046,2.2862794809530795,66,41289.0,0.10521914154117402,66,41289.0
10850.0,70,72427.0,823.0340909090909,2.700208447160529,70,41434.0,0.07343326664906284,70,41434.0
10855.0,70,72777.0,846.2441860465116,2.384503386558165,70,41594.0,0.08963212923901355,70,41594.0
10860.0,66,72341.0,893.0987654320987,1.425509596137697,66,41296.0,0.06415834831604185,66,41296.0
10865.0,58,71614.0,832.7209302325581,2.6858962733481144,58,40247.0,0.11062679060978836,58,40247.0
10870.0,55,71218.0,847.8333333333334,3.345956942604661,55,39721.0,0.12883897493396682,55,39721.0
10875.0,50,71086.0,807.7954545454545,2.9359409380051242,50,39762.0,0.14347811475722494,50,39762.0
10880.0,53,71265.0,869.0853658536586,3.0694519540080902,53,39796.0,0.1587267859856302,53,39796.0
10885.0,58,71541.0,812.9659090909091,3.290587855533254,58,39880.0,0.12332271086056389,58,39880.0
10890.0,63,71845.0,855.297619047619,2.529029717662095,63,39994.0,0.07890293957268074,63,39994.0
10895.0,68,72168.0,880.0975609756098,1.827053807247124,68,40130.0,0.06904075731790617,68,40130.0
10900.0,70,72515.0,895.2469135802469,1.73026011882941,70,40287.0,0.07338452490942056,70,40287.0
10905.0,70,72865.0,899.5679012345679,1.609102286488074,70,40447.0,0.06268031517617076,70,40447.0
10910.0,66,72893.0,837.8505747126437,2.033044689308606,66,40476.0,0.11193708060558859,66,40476.0
10915.0,62,73074.0,830.3863636363636,2.6785419175775758,62,40409.0,0.13205385665191005,62,40409.0
10920.0,66,73395.0,834.0340909090909,2.401496498732933,66,40414.0,0.07643665147847108,66,40414.0
10925.0,65,73685.0,827.9213483146067,2.18228295251753,65,40534.0,0.08071348703286302,65,40534.0
10930.0,66,74014.0,860.6279069767442,2.457633355304892,66,40653.0,0.08854017140323844,66,40653.0
10935.0,68,74349.0,885.1071428571429,2.4387249466181604,68,40798.0,0.06240415004873552,68,40798.0
10940.0,68,74689.0,899.8674698795181,2.3568756195127474,68,40948.0,0.07287031812908898,68,40948.0
10945.0,63,74616.0,909.9512195121952,2.1102850267300752,63,40693.0,0.09868726658956364,63,40693.0
10950.0,57,74345.0,874.6470588235294,2.546773535390602,57,40075.0,0.11668035149328657,57,40075.0
10955.0,56,74386.0,885.547619047619,2.950796163097345,56,39426.0,0.0955997971688798,56,39426.0
10960.0,52,74392.0,865.0232558139535,2.8846603404604605,52,39490.0,0.12266054788905775,52,39490.0
10965.0,55,74587.0,909.5975609756098,2.6754304101240036,55,39547.0,0.08917166595937792,55,39547.0
10970.0,60,74876.0,891.3809523809524,3.0061441221001415,60,39646.0,0.0940822646265892,60,39646.0
10975.0,62,75182.0,951.6708860759494,2.085366680095774,62,39763.0,0.0734478499329677,62,39763.0
10980.0,67,75506.0,980.5974025974026,1.3873167779257,67,39897.0,0.061075084758008026,67,39897.0
10985.0,68,75846.0,924.9512195121952,1.9831887839053666,68,40047.0,0.1058448582653597,68,40047.0
10990.0,70,76190.0,896.3529411764706,1.591678332586009,70,40201.0,0.06311437689251381,70,40201.0
10995.0,69,64564.0,768.6190476190476,1.4923375753491324,69,38371.0,0.07439290654066949,69,38371.0
11000.0,59,44948.0,516.6436781609195,2.3901810463858904,59,34532.0,0.1045793335498933,59,34532.0
11005.0,56,29305.0,336.8390804597701,3.2021994001809837,56,29708.0,0.12525304430408843,56,29708.0
11010.0,47,13598.0,156.29885057471265,3.177010847847689,47,28821.0,0.14572309660851784,47,28821.0
11015.0,47,1883.0,22.963414634146343,3.0016870271973053,47,28898.0,0.12901768472531408,47,28898.0
11020.0,54,2138.0,23.23913043478261,3.4265040390031603,54,29022.0,0.14924184320045628,54,29022.0
11025.0,61,2425.0,26.0752688172043,2.405017900428688,61,29179.0,0.0962633352588517,61,29179.0
11030.0,73,2762.0,29.382978723404257,1.5899204469377872,73,29387.0,0.0863667879199479,73,29387.0
11035.0,80,3146.0,33.46808510638298,1.072670477307432,80,29642.0,0.04436868734206616,80,29642.0
11040.0,86,3568.0,36.40816326530612,1.4263196678345245,86,29934.0,0.05317825845737678,86,29934.0
11045.0,86,3998.0,41.645833333333336,1.1712849418086773,86,30234.0,0.051997996802538735,86,30234.0
11050.0,88,4433.0,44.33,1.4457182733720202,88,30539.0,0.05654070264271336,88,30539.0
11055.0,89,4873.0,47.310679611650485,1.603464248579909,89,30849.0,0.07712849270399742,89,30849.0
11060.0,92,5321.0,50.198113207547166,1.513684637607403,92,31168.0,0.05923376558551222,92,31168.0
11065.0,94,5786.0,55.63461538461539,1.2352004599395061,94,31503.0,0.05551043296414232,94,31503.0
11070.0,94,6256.0,58.467289719626166,1.3017971524858776,94,31843.0,0.054450822091446346,94,31843.0
11075.0,92,5870.0,56.44230769230769,0.9255687499648021,92,31881.0,0.04318229542514642,92,31881.0
11080.0,82,5263.0,49.18691588785047,1.6830418627910804,82,31620.0,0.07409605816551917,82,31620.0
11085.0,79,5182.0,47.98148148148148,2.3005983707643787,79,31203.0,0.07862400177563279,79,31203.0
11090.0,69,5387.0,48.972727272727276,2.7098907751059875,69,31410.0,0.13296796293958657,69,31410.0
11095.0,75,5749.0,53.728971962616825,2.4018334337452827,75,31618.0,0.10038529707993751,75,31618.0
11100.0,82,6146.0,57.9811320754717,2.0289980271607813,82,31885.0,0.05554329750137231,82,31885.0
11105.0,89,6581.0,62.67619047619048,1.7819682243747859,89,32190.0,0.05459742950147602,89,32190.0
11110.0,86,6139.0,60.18627450980392,1.3698194210230765,86,31989.0,0.05541011985686492,86,31989.0
11115.0,79,5265.0,51.61764705882353,1.8160957558173407,79,31325.0,0.08771833868857032,79,31325.0
11120.0,73,4926.0,48.294117647058826,2.4576113112104063,73,30390.0,0.07126392970493163,73,30390.0
11125.0,68,4634.0,44.99029126213592,2.4015691961381367,68,30595.0,0.11700869643147799,68,30595.0
11130.0,71,4837.0,48.85858585858586,2.1391111237395766,71,30788.0,0.08978535177618831,71,30788.0
11135.0,79,5215.0,50.14423076923077,2.3066384506768283,79,31034.0,0.059514911541639355,79,31034.0
11140.0,84,5625.0,54.08653846153846,1.7926020308299764,84,31314.0,0.058155208167476595,84,31314.0
11145.0,89,6060.0,60.6,1.0412551259389058,89,31619.0,0.0393792653161732,89,31619.0
11150.0,92,6513.0,63.85294117647059,1.2614877417879118,92,31942.0,0.05624343024796001,92,31942.0
11155.0,94,6975.0,67.71844660194175,1.128154919987847,94,32274.0,0.036997919198408925,94,32274.0
11160.0,94,7445.0,72.99019607843137,1.0222513419927883,94,32614.0,0.03784767167671689,94,32614.0
11165.0,90,7469.0,68.5229357798165,0.971390389905185,90,32610.0,0.0567191255467816,90,32610.0
11170.0,87,7216.0,66.81481481481481,1.436615292006454,87,32326.0,0.06190966742787753,87,32326.0
11175.0,82,7106.0,62.333333333333336,2.2632084956874703,82,31883.0,0.0809746967785692,82,31883.0
11180.0,75,6218.0,57.04587155963303,1.9061951727708784,75,30171.0,0.08986372363006982,75,30171.0
11185.0,69,4901.0,43.3716814159292,2.4923082500255296,69,26475.0,0.11348391208781605,69,26475.0
11190.0,68,3955.0,36.620370370370374,2.3454262155980192,68,20856.0,0.07973438236694665,68,20856.0
11195.0,68,2698.0,24.75229357798165,2.236550011850325,68,21075.0,0.09407332375568003,68,21075.0
11200.0,62,2100.0,19.444444444444443,2.774181177363903,62,21232.0,0.13334955103111545,62,21232.0
11205.0,70,2430.0,21.696428571428573,2.7140258854105683,70,21401.0,0.11021145031904672,70,21401.0
11210.0,74,2301.0,20.18421052631579,2.151169731807089,74,21205.0,0.08943358058179465,74,21205.0
11215.0,78,1883.0,16.37391304347826,1.8203459270473716,78,20637.0,0.06915338291680029,78,20637.0
11220.0,82,1856.0,16.280701754385966,2.1909252932939736,82,19864.0,0.06482560931762804,82,19864.0
11225.0,81,1886.0,16.4,1.960524246858444,81,20165.0,0.07917131412993617,81,20165.0
11230.0,77,2003.0,18.376146788990827,1.7450964129505169,77,20419.0,0.07099405843280256,77,20419.0
11235.0,81,2396.0,20.478632478632477,2.5419281608740345,81,20708.0,0.10897743519107338,81,20708.0
11240.0,87,2818.0,24.504347826086956,2.4219528653519715,87,21026.0,0.0828035023677553,87,21026.0
11245.0,91,3261.0,27.871794871794872,2.148575019679054,91,21399.0,0.07969136166388976,91,21399.0
11250.0,97,3734.0,33.63963963963964,1.4366569486046818,97,21802.0,0.03398766943838091,97,21802.0
11255.0,98,4223.0,38.39090909090909,1.37104837721748,98,22221.0,0.061271245825236104,98,22221.0
11260.0,99,4714.0,42.85454545454545,1.1801646250652404,99,22642.0,0.037383425059492284,99,22642.0
11265.0,100,5213.0,47.39090909090909,1.2351341263436395,100,23071.0,0.037093410439734846,100,23071.0
11270.0,100,5713.0,50.557522123893804,1.3420813986536837,100,23501.0,0.054532614503626405,100,23501.0
11275.0,102,6218.0,54.54385964912281,1.2222732589476744,102,23936.0,0.04637756373717655,102,23936.0
11280.0,104,6735.0,59.60176991150443,0.9587119983954548,104,24383.0,0.035931195037733905,104,24383.0
11285.0,99,6903.0,60.02608695652174,1.2852114951210376,99,24398.0,0.05541392828973645,99,24398.0
11290.0,91,6847.0,60.5929203539823,1.333923084883011,91,23788.0,0.04993249319905973,91,23788.0
11295.0,87,7058.0,62.46017699115044,2.1118116694016167,87,23491.0,0.061106790746803454,87,23491.0
11300.0,79,7187.0,64.16964285714286,1.8727266765984993,79,23817.0,0.07296014238805511,79,23817.0
11305.0,84,7543.0,70.49532710280374,1.7558993269396774,84,24138.0,0.07661387682198703,84,24138.0
11310.0,87,7972.0,70.54867256637168,2.2435908389353454,87,24497.0,0.06993708874578498,87,24497.0
11315.0,91,8417.0,77.22018348623853,1.5368871418544088,91,24872.0,0.04604940611455361,91,24872.0
11320.0,96,8885.0,83.03738317757009,1.187495984599682,96,25270.0,0.03852597678966152,96,25270.0
11325.0,97,9369.0,89.22857142857143,0.9617993753754059,97,25684.0,0.03833827318083214,97,25684.0
11330.0,92,8955.0,84.48113207547169,0.9681037491576245,92,25589.0,0.044838093749731446,92,25589.0
11335.0,85,8088.0,77.02857142857142,1.52393758915075,85,25030.0,0.054326632061764336,85,25030.0
11340.0,80,7202.0,66.68518518518519,2.259460000668854,80,24095.0,0.07594688469718532,80,24095.0
11345.0,67,6392.0,59.18518518518518,2.3998515440892763,67,24365.0,0.1151475446790657,67,24365.0
11350.0,68,6274.0,58.092592592592595,2.569201003742322,68,24590.0,0.10305774211905429,68,24590.0
11355.0,75,6639.0,61.47222222222222,2.348557055184837,75,24886.0,0.07920487594273135,75,24886.0
11360.0,82,7033.0,63.93636363636364,1.899438657931515,82,25211.0,0.05186855911182974,82,25211.0
11365.0,89,7461.0,69.08333333333333,1.213818359524336,89,25570.0,0.0421351123548811,89,25570.0
11370.0,96,7923.0,72.68807339449542,0.9393593410898144,96,25963.0,0.033702787385254014,96,25963.0
11375.0,101,8420.0,77.24770642201835,0.9560483528750244,101,26391.0,0.034560858624473244,101,26391.0
11380.0,95,8721.0,76.5,1.0534810780313468,95,26361.0,0.06409241706888961,95,26361.0
11385.0,91,8895.0,78.71681415929204,1.3402979432780202,91,25910.0,0.05826210389027957,91,25910.0
11390.0,85,9124.0,77.98290598290598,2.339791923839116,85,25184.0,0.08477489718175323,85,25184.0
11395.0,75,9227.0,80.93859649122807,2.155812440644368,75,25489.0,0.08838809176546582,75,25489.0
11400.0,75,9493.0,84.00884955752213,2.427298299269121,75,25765.0,0.10680266514856533,75,25765.0
11405.0,81,9885.0,87.47787610619469,2.24293606283998,81,26084.0,0.07137069039279151,81,26084.0
11410.0,88,10308.0,89.63478260869566,2.060695834343209,88,26437.0,0.07055040760391212,88,26437.0
11415.0,94,10764.0,94.42105263157895,1.3242972594113214,94,26823.0,0.05456101078601431,94,26823.0
11420.0,100,11251.0,95.34745762711864,1.2141417962132872,100,27241.0,0.05008115258689632,100,27241.0
11425.0,107,11774.0,102.38260869565218,0.9040132666036621,107,27694.0,0.03307999587630281,107,27694.0
11430.0,101,12102.0,101.69747899159664,1.230452757621691,101,27743.0,0.05595169813040981,101,27743.0
11435.0,95,12291.0,106.87826086956522,1.282929134085649,95,27414.0,0.056019171464998234,95,27414.0
11440.0,87,12519.0,107.0,2.0557322474820934,87,26843.0,0.068002775594663,87,26843.0
11445.0,80,12676.0,108.34188034188034,2.599474086434693,80,26805.0,0.09505661208624011,80,26805.0
11450.0,74,12885.0,112.04347826086956,2.4869069157857333,74,27032.0,0.11743642847663945,74,27032.0
11455.0,76,13244.0,114.17241379310344,2.58413436192956,76,27290.0,0.12204199744868197,76,27290.0
11460.0,85,13649.0,116.65811965811966,2.315758600246678,85,27613.0,0.08177524201049374,85,27613.0
11465.0,87,13104.0,112.0,1.7106790890586168,87,27402.0,0.056649239337924436,87,27402.0
11470.0,85,12035.0,106.50442477876106,1.7918912935775242,85,26795.0,0.0682856102139559,85,26795.0
11475.0,83,11551.0,100.44347826086957,2.518307973074965,83,25824.0,0.08601953266363546,83,25824.0
11480.0,77,11114.0,101.03636363636363,1.795459474596034,77,26125.0,0.06383909995024609,77,26125.0
11485.0,78,11284.0,102.58181818181818,2.142393625169849,78,26400.0,0.10860779659431016,78,26400.0
11490.0,86,11695.0,103.49557522123894,2.229252484940542,86,26730.0,0.06910561656616734,86,26730.0
11495.0,89,12135.0,105.52173913043478,1.9556824118191274,89,27100.0,0.048723086787082474,89,27100.0
11500.0,88,12301.0,110.81981981981981,1.2707043188523048,88,27280.0,0.0456655327726236,88,27280.0
11505.0,85,12293.0,109.75892857142857,1.5696788261974466,85,27244.0,0.06102148970438112,85,27244.0
11510.0,82,12377.0,109.53097345132744,2.1271242875895333,82,27091.0,0.06684319515075841,82,27091.0
11515.0,76,12423.0,108.97368421052632,2.1682476527381156,76,27402.0,0.09361043738996996,76,27402.0
11520.0,74,12690.0,116.42201834862385,2.280833507584287,74,27679.0,0.09390593555590053,74,27679.0
11525.0,81,13080.0,115.75221238938053,2.3615363763089943,81,27997.0,0.10052017137755938,81,27997.0
11530.0,87,13501.0,125.00925925925925,1.2827377671329845,87,28349.0,0.04060586827694189,87,28349.0
11535.0,95,13965.0,128.11926605504587,1.2379641416640692,95,28743.0,0.0629390550334561,95,28743.0
11540.0,99,14451.0,135.05607476635515,0.9504520486089821,99,29159.0,0.036008794058761735,99,29159.0
11545.0,99,14946.0,132.26548672566372,1.5473769563841826,99,29584.0,0.04769074914137503,99,29584.0
11550.0,101,15443.0,140.3909090909091,1.0733775522237936,101,30011.0,0.034228578398451906,101,30011.0
11555.0,101,15948.0,144.98181818181817,1.0836955232119077,101,30446.0,0.03243515302703643,101,30446.0
11560.0,95,16188.0,143.2566371681416,1.3712515807168397,95,30644.0,0.05515555409224584,95,30644.0
11565.0,88,16248.0,143.78761061946904,1.4344549077978461,88,30592.0,0.06146951145491798,88,30592.0
11570.0,85,16388.0,142.50434782608696,2.3182717362082723,85,30392.0,0.08007090992748317,85,30392.0
11575.0,77,16499.0,143.4695652173913,2.1790144492271923,77,30707.0,0.09691740128619333,77,30707.0
11580.0,79,16849.0,153.1727272727273,2.2490796230517494,79,31009.0,0.09997164066076186,79,31009.0
11585.0,85,17260.0,152.7433628318584,2.0724412291777017,85,31350.0,0.07475649135782918,85,31350.0
11590.0,91,17702.0,163.90740740740742,1.198985160208405,91,31722.0,0.034012774624351656,91,31722.0
11595.0,97,18177.0,163.75675675675674,1.5022660245235824,97,32127.0,0.09551016117815049,97,32127.0
11600.0,101,18667.0,171.25688073394497,0.9145942934469566,101,32547.0,0.035568369689922316,101,32547.0
11605.0,101,19172.0,166.71304347826086,1.5980792458044224,101,32982.0,0.06897895401586392,101,32982.0
11610.0,96,19470.0,173.83928571428572,1.1256768598547935,96,33179.0,0.04311505841091478,96,33179.0
11615.0,88,19632.0,172.21052631578948,1.8579760976447717,88,33020.0,0.06644789723020551,88,33020.0
11620.0,84,19840.0,174.03508771929825,2.381823470807343,84,32927.0,0.08130002468353376,84,32927.0
11625.0,75,20071.0,179.20535714285714,2.001616493288153,75,33233.0,0.07706381142255951,75,33233.0
11630.0,80,20462.0,182.69642857142858,2.302284990967006,80,33534.0,0.10924528926614695,80,33534.0
11635.0,89,20886.0,186.48214285714286,1.9603890869324208,89,33888.0,0.06629811191612764,89,33888.0
11640.0,96,21352.0,195.88990825688074,1.4573395732279646,96,34284.0,0.035092795405309817,96,34284.0
11645.0,91,20849.0,191.27522935779817,1.488656919118105,91,33970.0,0.06742081128225401,91,33970.0
11650.0,85,19683.0,183.9532710280374,1.5069274012032603,85,33063.0,0.06054180678548389,85,33063.0
11655.0,79,18908.0,173.4678899082569,2.451828246552377,79,31657.0,0.08258521443508948,79,31657.0
11660.0,71,18293.0,167.8256880733945,2.2253136182083946,71,31941.0,0.08933075291675371,71,31941.0
11665.0,71,18152.0,169.6448598130841,2.413091787134312,71,32196.0,0.11206148608397791,71,32196.0
11670.0,77,18525.0,166.8918918918919,2.306360960040616,77,32498.0,0.07268837195480038,77,32498.0
11675.0,84,18932.0,175.2962962962963,1.470711749047282,84,32835.0,0.048504773811991905,84,32835.0
11680.0,92,19372.0,177.72477064220183,1.1556604948701883,92,33205.0,0.05394718704216996,92,33205.0
11685.0,98,19848.0,182.09174311926606,0.9858805841951921,98,33611.0,0.03732207779065065,98,33611.0
11690.0,101,20346.0,178.47368421052633,1.423818939426423,101,34040.0,0.05045176259374656,101,34040.0
11695.0,103,20854.0,187.87387387387386,0.9392079553330602,103,34478.0,0.035912784231070916,103,34478.0
11700.0,98,20920.0,188.46846846846847,0.7778342668827516,98,34618.0,0.04167386449098327,98,34618.0
11705.0,91,20690.0,179.91304347826087,1.5416661615151885,91,34476.0,0.06456176616262911,91,34476.0
11710.0,87,20602.0,174.59322033898306,2.0965311584824953,87,34176.0,0.07229673382697172,87,34176.0
11715.0,78,20689.0,176.82905982905982,2.0476941433231954,78,34497.0,0.08784003205535523,78,34497.0
11720.0,80,21055.0,183.08695652173913,2.2014939311953587,80,34796.0,0.1049842924631554,80,34796.0
11725.0,88,21478.0,188.40350877192984,2.086310072498592,88,35144.0,0.06842894406896169,88,35144.0
11730.0,94,21933.0,194.09734513274336,1.6036966100883834,94,35529.0,0.03689228884497759,94,35529.0
11735.0,99,22418.0,207.57407407407408,1.0599458231765475,99,35944.0,0.03497449696268039,99,35944.0
11740.0,93,22763.0,199.67543859649123,1.2819561894418166,93,36117.0,0.0643850138909106,93,36117.0
11745.0,91,23025.0,207.43243243243242,1.3942815782938467,91,36077.0,0.05659831627673443,91,36077.0
11750.0,83,23298.0,199.12820512820514,2.287392476694683,83,35917.0,0.08854590122475141,83,35917.0
11755.0,77,23612.0,207.12280701754386,2.183762865477955,77,36228.0,0.08909121173272068,77,36228.0
11760.0,83,24003.0,212.41592920353983,2.108942212527317,83,36526.0,0.08792755210357087,83,36526.0
11765.0,89,24434.0,220.12612612612614,2.092844893376524,89,36880.0,0.06151685208779766,89,36880.0
11770.0,88,24813.0,223.54054054054055,1.748999304490275,88,37094.0,0.056954126651019225,88,37094.0
11775.0,83,25141.0,234.9626168224299,1.7093067850048438,83,37189.0,0.07548736294589922,83,37189.0
11780.0,80,25517.0,231.97272727272727,2.4513007724837115,80,37294.0,0.09572954566405945,80,37294.0
11785.0,84,25929.0,240.08333333333334,2.552591796835626,84,37549.0,0.10858459628316337,84,37549.0
11790.0,82,26264.0,243.1851851851852,1.8137657818911976,82,37860.0,0.06587375794486154,82,37860.0
11795.0,82,26655.0,256.2980769230769,1.8950408241853458,82,38156.0,0.05988611539969035,82,38156.0
11800.0,84,27074.0,260.3269230769231,2.359228559217995,84,38484.0,0.07318793898059286,84,38484.0
11805.0,79,26631.0,261.0882352941176,1.9228199006177313,79,38014.0,0.06044913222623049,79,38014.0
11810.0,74,25625.0,258.83838383838383,2.038550854973926,74,36504.0,0.0825295371415048,74,36504.0
11815.0,70,24893.0,248.93,2.8798992496070177,70,35003.0,0.10582873939381786,70,35003.0
11820.0,58,24112.0,246.0408163265306,2.4078138214456852,58,35220.0,0.10030422918488437,58,35220.0
11825.0,58,23774.0,245.09278350515464,2.8883904136207494,58,35394.0,0.14314892928136833,58,35394.0
11830.0,63,24083.0,243.26262626262627,2.918881582975493,63,35620.0,0.11119254790880731,63,35620.0
11835.0,66,24343.0,238.65686274509804,2.3384605326302332,66,35236.0,0.09365368921725734,66,35236.0
11840.0,67,24577.0,250.78571428571428,1.9816677325335017,67,34239.0,0.0709354802414557,67,34239.0
11845.0,69,24857.0,239.0096153846154,2.8312939148153813,69,33267.0,0.11139648534732531,69,33267.0
11850.0,61,25076.0,248.27722772277227,2.5442124338658787,61,33498.0,0.11854833002523064,61,33498.0
11855.0,64,25363.0,256.19191919191917,2.5010959159468737,64,33698.0,0.12498616323969829,64,33698.0
11860.0,72,25706.0,254.5148514851485,2.58520046428968,72,33961.0,0.09229989375526693,72,33961.0
11865.0,79,26084.0,253.24271844660194,2.099403316970141,79,34269.0,0.051077228066909404,79,34269.0
11870.0,77,26012.0,257.54455445544556,1.784210107188151,77,34422.0,0.07025118858733634,77,34422.0
11875.0,71,25847.0,258.47,1.7095017014016782,71,34396.0,0.07768379484614162,71,34396.0
11880.0,73,26139.0,264.030303030303,2.186628668966469,73,34309.0,0.08469464512474613,73,34309.0
11885.0,76,26509.0,250.08490566037736,2.7543156900669414,76,34436.0,0.11699377656239959,76,34436.0
11890.0,75,26830.0,265.64356435643566,1.900500044906633,75,34721.0,0.058826261078090615,75,34721.0
11895.0,78,27201.0,266.6764705882353,2.3885056817276014,78,34997.0,0.08397827335601175,78,34997.0
11900.0,78,27591.0,287.40625,2.3946729764413073,78,35307.0,0.06364720661686495,78,35307.0
11905.0,78,27981.0,288.4639175257732,2.2577438439765762,78,35627.0,0.0713597050004567,78,35627.0
11910.0,80,28381.0,305.1720430107527,1.8080150724851152,80,35957.0,0.06536819744606101,80,35957.0
11915.0,80,28781.0,312.8369565217391,1.329924488934536,80,36287.0,0.036874424500760665,80,36287.0
11920.0,76,29013.0,308.6489361702128,1.7645362628632533,76,36522.0,0.0812024699773715,76,36522.0
11925.0,73,29307.0,305.28125,2.0451304410175513,73,36695.0,0.08595628256936264,73,36695.0
11930.0,76,29681.0,309.1770833333333,2.381594675692916,76,36929.0,0.07508739227174334,76,36929.0
11935.0,74,30038.0,309.6701030927835,2.1370623229954355,74,37224.0,0.08070180655857506,74,37224.0
11940.0,74,30408.0,330.5217391304348,2.0618474916538974,74,37516.0,0.06439890928695753,74,37516.0
11945.0,76,30787.0,327.52127659574467,2.4461240411246408,76,37825.0,0.08460260310118496,76,37825.0
11950.0,76,31167.0,346.3,1.9707925220811937,76,38135.0,0.06535474551560674,76,38135.0
11955.0,73,31497.0,338.6774193548387,1.938492390865513,73,38407.0,0.10442487296099029,73,38407.0
11960.0,79,31876.0,354.1777777777778,1.603241243044219,79,38704.0,0.06755853396749036,79,38704.0
11965.0,79,32271.0,336.15625,1.873610285057658,79,39029.0,0.07078860880660388,79,39029.0
11970.0,77,31961.0,347.4021739130435,1.470228883094048,77,38679.0,0.07228266526874763,77,38679.0
11975.0,68,31161.0,328.0105263157895,2.036690593855274,68,37946.0,0.0810009702433057,68,37946.0
11980.0,65,30583.0,321.9263157894737,2.9184526647914435,65,36803.0,0.10845650417543208,65,36803.0
11985.0,57,30024.0,322.83870967741933,3.227809628599867,57,36251.0,0.12141948665641297,57,36251.0
11990.0,52,29853.0,324.4891304347826,3.4078415489211182,52,36269.0,0.1713736603065347,52,36269.0
11995.0,50,29957.0,325.6195652173913,3.152460016921634,50,36341.0,0.1553338748670151,50,36341.0
12000.0,57,30219.0,324.93548387096774,3.0722824491312153,57,36424.0,0.10799119758572441,57,36424.0
12005.0,64,30522.0,324.70212765957444,3.210806203530178,64,36622.0,0.12152624421852186,64,36622.0
12010.0,67,30854.0,331.76344086021504,2.711195105329247,67,36909.0,0.08324095469179527,67,36909.0
12015.0,73,31207.0,346.74444444444447,2.0601831513121636,73,37256.0,0.07008393794064718,73,37256.0
12020.0,71,31413.0,349.03333333333336,1.9841195862797734,71,37322.0,0.07539514586212673,71,37322.0
12025.0,64,31526.0,354.2247191011236,2.5123265514012125,64,37066.0,0.10959849258061695,64,37066.0
12030.0,59,31647.0,343.9891304347826,3.153543644838536,59,36580.0,0.12182408677957757,59,36580.0
12035.0,52,31788.0,365.37931034482756,2.4322749318926813,52,36741.0,0.09883708266848173,52,36741.0
12040.0,58,32029.0,363.96590909090907,2.8472737034531646,58,36877.0,0.12342115431939507,58,36877.0
12045.0,62,32334.0,367.4318181818182,2.493158025812667,62,37053.0,0.07646363586853774,62,37053.0
12050.0,69,32668.0,367.0561797752809,2.2885309565852467,69,37257.0,0.07761412351717753,69,37257.0
12055.0,73,33025.0,388.52941176470586,1.5189137283454432,73,37484.0,0.06164865197359817,73,37484.0
12060.0,77,33400.0,392.94117647058823,1.3057314160198943,77,37729.0,0.04764326529360742,77,37729.0
12065.0,77,33785.0,371.2637362637363,1.7910702253781092,77,37984.0,0.0873073909719083,77,37984.0
12070.0,80,34179.0,375.5934065934066,1.259171964492051,80,38248.0,0.04667361320931725,80,38248.0
12075.0,83,34590.0,371.93548387096774,1.4544828939584589,83,38529.0,0.06391116206455147,83,38529.0
12080.0,83,35005.0,372.3936170212766,1.3080134727465007,83,38814.0,0.04418932014084394,83,38814.0
12085.0,79,34854.0,366.88421052631577,1.7004106022404208,79,38886.0,0.07416285304504004,79,38886.0
12090.0,70,34703.0,361.4895833333333,1.8912305298175631,70,38769.0,0.07769377702322837,70,38769.0
12095.0,69,34988.0,368.29473684210524,2.759791569530502,69,38617.0,0.09342480972326232,69,38617.0
12100.0,67,35297.0,352.97,2.6345769990843433,67,38769.0,0.11857228174113145,67,38769.0
12105.0,73,35649.0,375.2526315789474,2.1689107172304016,73,38977.0,0.06364603938199134,73,38977.0
12110.0,79,36036.0,371.50515463917526,2.387426167365425,79,39234.0,0.08372634144125593,79,39234.0
12115.0,74,35956.0,386.6236559139785,2.056509209375989,74,39113.0,0.07639433135529584,74,39113.0
12120.0,67,35579.0,382.5698924731183,2.267085109283192,67,38440.0,0.07635161905662424,67,38440.0
12125.0,62,35460.0,385.4347826086956,3.1585488215371442,62,38161.0,0.11729844553220645,62,38161.0
12130.0,55,35434.0,393.7111111111111,2.4421394360708484,55,38299.0,0.10920154118017113,55,38299.0
12135.0,62,35635.0,395.94444444444446,2.9293200522835297,62,38445.0,0.13459227064831375,62,38445.0
12140.0,66,35955.0,382.5,2.9727964772083806,66,38635.0,0.11583208299328747,66,38635.0
12145.0,71,36298.0,394.54347826086956,2.100673242124652,71,38848.0,0.0768301608782134,71,38848.0
12150.0,75,36667.0,394.26881720430106,2.013532867141296,75,39087.0,0.09128278558427726,75,39087.0
12155.0,80,37058.0,416.3820224719101,1.303173545511629,80,39348.0,0.04320081637277861,80,39348.0
12160.0,80,37458.0,411.6263736263736,1.5923467544576455,80,39618.0,0.06500465867344579,80,39618.0
12165.0,81,37859.0,420.65555555555557,1.2269216375270031,81,39889.0,0.04437996410181859,81,39889.0
12170.0,76,37856.0,386.2857142857143,2.0295432664472846,76,39946.0,0.10657207490275832,76,39946.0
12175.0,73,37712.0,392.8333333333333,1.8621297450136753,73,39832.0,0.08777982015984634,73,39832.0
12180.0,69,37908.0,386.81632653061223,2.7096716204980864,69,39662.0,0.1007492726997432,69,39662.0
12185.0,68,38211.0,389.90816326530614,2.433734911810838,68,39863.0,0.10396897124353953,68,39863.0
12190.0,72,38562.0,410.2340425531915,2.0633817164449697,72,40107.0,0.07203235560578855,72,40107.0
12195.0,77,38942.0,405.6458333333333,2.431189796077316,77,40440.0,0.06400894909286754,77,40440.0
12200.0,78,39332.0,427.5217391304348,1.79879316721386,78,40795.0,0.04148497866162439,78,40795.0
12205.0,80,39729.0,422.6489361702128,1.851359788569686,80,41136.0,0.07356068392514402,80,41136.0
12210.0,81,40132.0,431.5268817204301,1.6622833728233128,81,41453.0,0.07751049466232748,81,41453.0
12215.0,78,40365.0,434.03225806451616,0.9637531749391385,78,41578.0,0.04950704255378578,78,41578.0
12220.0,72,40527.0,426.6,1.9317832369220669,72,41558.0,0.08142860988082999,72,41558.0
12225.0,75,40885.0,417.1938775510204,2.3810897683055083,75,41554.0,0.086853917241963,75,41554.0
12230.0,70,41196.0,424.70103092783506,1.9816686077265513,70,41679.0,0.06382594737954402,70,41679.0
12235.0,75,41557.0,428.4226804123711,2.6081034178823863,75,41827.0,0.087467164876377,75,41827.0
12240.0,76,41934.0,460.8131868131868,2.065121464358112,76,42008.0,0.04528391544684455,76,42008.0
12245.0,73,41629.0,438.2,2.0944553005844617,73,41797.0,0.08594190063195253,73,41797.0
12250.0,67,40994.0,460.60674157303373,1.8490502039870276,67,41224.0,0.07447405954753791,67,41224.0
12255.0,63,40660.0,432.5531914893617,2.9159233234661555,63,40399.0,0.1143715353722925,63,40399.0
12260.0,55,40464.0,449.6,2.681145636804514,55,40479.0,0.12450336047457009,55,40479.0
12265.0,57,40497.0,445.02197802197804,2.6783972950466444,57,40527.0,0.12386163519873691,57,40527.0
12270.0,64,40805.0,448.4065934065934,2.9227114589499728,64,40635.0,0.09673666084811253,64,40635.0
12275.0,69,41139.0,447.1630434782609,2.4423738468650797,69,40779.0,0.06317613932399355,69,40779.0
12280.0,74,41502.0,446.258064516129,2.106310698982492,74,40952.0,0.08862753417790588,74,40952.0
12285.0,78,41880.0,455.2173913043478,1.5191913227223788,78,41140.0,0.06260835984759283,78,41140.0
12290.0,82,42282.0,459.5869565217391,1.4833061873739108,82,41354.0,0.06379213884115895,82,41354.0
12295.0,82,42692.0,454.17021276595744,1.396274851480853,82,41574.0,0.06487186565249413,82,41574.0
12300.0,84,43107.0,468.55434782608694,1.0636967427420014,84,41799.0,0.04049225339404325,84,41799.0
12305.0,84,43527.0,453.40625,1.5457017998848732,84,42029.0,0.08497395386959776,84,42029.0
12310.0,86,43951.0,462.6421052631579,1.2225965962943397,86,42263.0,0.041731392061342534,86,42263.0
12315.0,87,44382.0,430.8932038834951,1.9938554690822958,87,42504.0,0.09056718599906993,87,42504.0
12320.0,87,44817.0,452.6969696969697,1.1429348919237008,87,42749.0,0.04227590453319617,87,42749.0
12325.0,85,44704.0,429.84615384615387,1.5331301288774895,85,42775.0,0.08366202850702281,85,42775.0
12330.0,79,44466.0,440.25742574257424,1.5923757609624996,79,42591.0,0.07081765440195927,79,42591.0
12335.0,73,44601.0,424.77142857142854,2.672711207839614,73,42301.0,0.10187879915003155,73,42301.0
12340.0,72,44917.0,436.0873786407767,2.417209756994276,72,42453.0,0.1103755731797055,72,42453.0
12345.0,76,45280.0,448.3168316831683,2.0425985692368256,76,42608.0,0.06653540103214058,76,42608.0
12350.0,82,45678.0,443.4757281553398,2.5336669755898154,82,42812.0,0.08073701167315064,82,42812.0
12355.0,83,46093.0,456.36633663366337,1.9868139269556269,83,43037.0,0.0631881632437731,83,43037.0
12360.0,87,46522.0,474.7142857142857,1.5295590685580538,87,43276.0,0.04213967911387675,87,43276.0
12365.0,81,46811.0,472.83838383838383,1.7134542958070376,81,43346.0,0.07914637917248082,81,43346.0
12370.0,77,47013.0,484.6701030927835,1.5368102951344256,77,43275.0,0.06620719412890991,77,43275.0
12375.0,74,47353.0,478.3131313131313,2.391455308900383,74,43222.0,0.08049589981041311,74,43222.0
12380.0,74,47021.0,470.21,2.0519054218194324,74,42863.0,0.0773522475645698,74,42863.0
12385.0,71,46363.0,468.3131313131313,2.378296859942347,71,41904.0,0.08248311058731182,71,41904.0
12390.0,66,45873.0,463.3636363636364,2.902112548013982,66,40919.0,0.11434337338046348,66,40919.0
12395.0,57,45460.0,478.5263157894737,2.092013974369009,57,40984.0,0.08004803485274088,57,40984.0
12400.0,57,45477.0,478.70526315789476,2.761701908771193,57,40997.0,0.13613362621134648,57,40997.0
12405.0,62,45776.0,481.85263157894735,2.6537683592699652,62,41039.0,0.08290538218378102,62,41039.0
12410.0,70,46115.0,465.80808080808083,3.0495753114494906,70,41181.0,0.09712694819466614,70,41181.0
12415.0,73,46471.0,494.3723404255319,2.1983639716030963,73,41347.0,0.06699078851245417,73,41347.0
12420.0,79,46852.0,503.78494623655916,1.7727792070689143,79,41538.0,0.041774112163292236,79,41538.0
12425.0,81,47253.0,508.0967741935484,1.656115632871239,81,41749.0,0.08429285328455198,81,41749.0
12430.0,77,47454.0,510.258064516129,0.7254208891094017,77,41517.0,0.04935008277503062,77,41517.0
12435.0,74,47568.0,500.7157894736842,1.8376427946927798,74,40942.0,0.08853784120870639,74,40942.0
12440.0,66,47732.0,482.14141414141415,2.6945785227914585,66,40130.0,0.09689460383304926,66,40130.0
12445.0,62,47875.0,493.55670103092785,2.472445590467007,62,40239.0,0.11231137750826607,62,40239.0
12450.0,64,48132.0,506.65263157894736,2.311655145024351,64,40328.0,0.10937208179558974,64,40328.0
12455.0,70,48472.0,515.6595744680851,2.3315943977160885,70,40475.0,0.08307186049046135,70,40475.0
12460.0,73,48831.0,488.31,2.5586315534028525,73,40644.0,0.09761236537579046,73,40644.0
12465.0,79,49211.0,518.0105263157894,1.732376345121891,79,40834.0,0.06189246197184839,79,40834.0
12470.0,83,49618.0,511.5257731958763,1.7233481965530026,83,41051.0,0.06826408430354888,83,41051.0
12475.0,85,50039.0,532.3297872340426,1.1132242121344869,85,41282.0,0.042190200579913954,85,41282.0
12480.0,86,50469.0,520.2989690721649,1.4447459447408757,86,41522.0,0.048162308773439785,86,41522.0
12485.0,81,50274.0,523.6875,1.3227137681198122,81,41501.0,0.05768132884780482,81,41501.0
12490.0,73,49814.0,508.3061224489796,1.771935239816859,73,41237.0,0.06939291466798213,73,41237.0
12495.0,68,49831.0,483.79611650485435,3.0056650637915343,68,40840.0,0.1230778357369737,68,40840.0
12500.0,64,50098.0,481.71153846153845,2.536249672021442,64,40954.0,0.1183735057876768,64,40954.0
12505.0,71,50442.0,499.4257425742574,2.443727091313858,71,41088.0,0.1004106698903141,71,41088.0
12510.0,79,50823.0,503.1980198019802,2.464126799345288,79,41279.0,0.07832272698648812,79,41279.0
12515.0,83,51231.0,539.2736842105263,1.6314153109286627,83,41497.0,0.04334743355611743,83,41497.0
12520.0,78,51534.0,536.8125,1.52620863151607,78,41527.0,0.06370113883464822,78,41527.0
12525.0,73,51761.0,544.8526315789474,1.7900817771293123,73,41344.0,0.06278804648549514,73,41344.0
12530.0,69,52070.0,510.4901960784314,2.9834573959175867,69,41262.0,0.11579359582835436,69,41262.0
12535.0,69,52373.0,529.020202020202,2.4652402119918535,69,41402.0,0.10828663539844387,69,41402.0
12540.0,74,52729.0,543.5979381443299,2.0476253596821192,74,41544.0,0.0632210904984384,74,41544.0
12545.0,79,53116.0,547.5876288659794,2.6036355441555092,79,41738.0,0.06530977243542975,79,41738.0
12550.0,74,52891.0,562.6702127659574,1.9520554982315972,74,41469.0,0.06383415675833372,74,41469.0
12555.0,69,52333.0,562.7204301075269,2.1119138477508765,69,40893.0,0.09317141237240963,69,40893.0
12560.0,62,52179.0,573.3956043956044,2.589314166683342,62,40014.0,0.08449993176327088,62,40014.0
12565.0,58,51863.0,557.6666666666666,2.7363859873948715,58,40008.0,0.1360010756742447,58,40008.0
12570.0,52,51866.0,576.2888888888889,2.759846838503432,52,39895.0,0.11918781168921337,52,39895.0
12575.0,61,52156.0,560.8172043010753,2.821849839424913,61,39865.0,0.10084764311279087,61,39865.0
12580.0,63,52338.0,568.8913043478261,1.9991676251297381,63,39942.0,0.06578928098926343,63,39942.0
12585.0,63,52581.0,584.2333333333333,2.3097404660264935,63,39987.0,0.09579677652976176,63,39987.0
12590.0,68,52909.0,587.8777777777777,2.7238674272738432,68,40056.0,0.07928987833781388,68,40056.0
12595.0,68,53249.0,598.3033707865169,2.9198677734678014,68,40199.0,0.11169948079829642,68,40199.0
12600.0,68,53589.0,637.9642857142857,2.0880283610442114,68,40349.0,0.05234684606913698,68,40349.0
12605.0,71,53938.0,606.0449438202247,2.3317735109669084,71,40508.0,0.09861205308699185,71,40508.0
12610.0,73,54299.0,646.4166666666666,1.2390071984845525,73,40679.0,0.04894899279620849,73,40679.0
12615.0,76,54674.0,621.2954545454545,1.702940401172944,76,40864.0,0.0734724827899315,76,40864.0
12620.0,76,55054.0,632.8045977011494,1.4637226556280305,76,41054.0,0.056573921801945454,76,41054.0
12625.0,72,55178.0,613.0888888888888,1.323837668232729,72,41128.0,0.0754308733772188,72,41128.0
12630.0,69,55400.0,629.5454545454545,1.9531696152128084,69,41117.0,0.09558631096902946,69,41117.0
12635.0,69,55745.0,605.9239130434783,2.4196393413111155,69,41152.0,0.07993245500829818,69,41152.0
12640.0,68,56042.0,589.9157894736842,2.6005502698224467,68,41281.0,0.10633350109092775,68,41281.0
12645.0,68,56374.0,606.1720430107526,2.493807751349224,68,41400.0,0.09075429800452832,68,41400.0
12650.0,71,56722.0,630.2444444444444,2.5547844529053614,71,41553.0,0.07258753480442073,71,41553.0
12655.0,72,57082.0,634.2444444444444,2.615680229427099,72,41723.0,0.09215733820707497,72,41723.0
12660.0,66,56877.0,677.1071428571429,1.9177507680108612,66,41405.0,0.06278141858891241,66,41405.0
12665.0,61,56391.0,640.8068181818181,2.684171772009837,61,40811.0,0.10615456620229186,61,40811.0
12670.0,54,56086.0,675.7349397590361,3.040564301027045,54,39964.0,0.12124524182559433,54,39964.0
12675.0,50,55992.0,636.2727272727273,3.4399304944832774,50,40013.0,0.17498105941449937,50,40013.0
12680.0,54,56145.0,684.6951219512196,3.027392627988918,54,40074.0,0.1464185599248339,54,40074.0
12685.0,59,56430.0,641.25,3.1225615254962737,59,40169.0,0.11392975640400355,59,40169.0
12690.0,65,56748.0,667.6235294117647,2.2128615566729577,65,40297.0,0.08302686457711406,65,40297.0
12695.0,69,57086.0,687.7831325301205,1.5735269658228523,69,40445.0,0.06997621190399295,69,40445.0
12700.0,73,57446.0,692.1204819277109,1.5738028501123704,73,40616.0,0.07214194653024172,73,40616.0
12705.0,73,57811.0,680.1294117647059,1.7359682821680333,73,40791.0,0.05260540786297866,73,40791.0
12710.0,75,58181.0,653.7191011235955,1.889272671524887,75,40971.0,0.09705098736320138,75,40971.0
12715.0,76,58559.0,657.9662921348314,1.6069363921770712,76,41159.0,0.09868640328557393,76,41159.0
12720.0,76,58539.0,657.7415730337078,0.9284258757269307,76,41202.0,0.05039491912011809,76,41202.0
12725.0,68,58635.0,630.483870967742,2.2207877592553653,68,41119.0,0.11165899961893752,68,41119.0
12730.0,71,58983.0,627.4787234042553,2.4405485232824797,71,41056.0,0.08557724794213316,71,41056.0
12735.0,68,59276.0,630.5957446808511,1.7133004257298368,68,41190.0,0.0454300804108024,68,41190.0
12740.0,71,59619.0,641.0645161290323,2.3899393379581313,71,41319.0,0.09000302812908934,71,41319.0
12745.0,71,59974.0,644.8817204301075,2.6055521937232626,71,41477.0,0.08359426920404613,71,41477.0
12750.0,68,60252.0,647.8709677419355,2.3759983433919345,68,41583.0,0.10034608923628281,68,41583.0
12755.0,71,60591.0,704.546511627907,1.6662566658651974,71,41680.0,0.06865958990871382,71,41680.0
12760.0,75,60957.0,662.5760869565217,2.155329515679424,75,41847.0,0.07001202225510599,75,41847.0
12765.0,70,61266.0,696.2045454545455,1.5391283870891983,70,42002.0,0.05047678827517591,70,42002.0
12770.0,68,61595.0,684.3888888888889,2.2883032541641493,68,42112.0,0.09045677070766264,68,42112.0
12775.0,70,61944.0,703.9090909090909,2.659444114985113,70,42264.0,0.07253442886925546,70,42264.0
12780.0,70,62294.0,707.8863636363636,2.386585144241486,70,42424.0,0.04972884353461557,70,42424.0
12785.0,68,62615.0,728.0813953488372,2.2339641530533942,68,42559.0,0.09831403638813842,68,42559.0
12790.0,71,62959.0,749.5119047619048,1.6019606637937718,71,42709.0,0.07638715178162135,71,42709.0
12795.0,74,63323.0,736.3139534883721,1.8116994633563908,74,42883.0,0.06678765987217762,74,42883.0
12800.0,70,62945.0,731.9186046511628,1.425898653295864,70,42513.0,0.07292177357468077,70,42513.0
12805.0,62,62112.0,713.9310344827586,2.164179466859106,62,41684.0,0.0951877888140552,62,41684.0
12810.0,58,61710.0,685.6666666666666,3.2586472680211096,58,40546.0,0.11881583615300428,58,40546.0
12815.0,51,61401.0,722.364705882353,2.650692404657582,51,40588.0,0.11972412327513149,51,40588.0
12820.0,51,61311.0,688.8876404494382,3.098715690051038,51,40560.0,0.14811718740348778,51,40560.0
12825.0,56,61575.0,699.7159090909091,3.2770970495261267,56,40597.0,0.1341462338841003,56,40597.0
12830.0,62,61870.0,679.8901098901099,3.0844659607979255,62,40690.0,0.12427148857648432,62,40690.0
12835.0,66,62192.0,714.8505747126437,2.347729764491607,66,40822.0,0.07065229180948551,66,40822.0
12840.0,70,62532.0,735.6705882352941,1.6631578946123227,70,40972.0,0.07546782006530102,70,40972.0
12845.0,73,62893.0,748.7261904761905,1.67545200010894,73,41143.0,0.07180771621607127,73,41143.0
12850.0,73,63258.0,727.1034482758621,1.8005833436750278,73,41318.0,0.07177716500338487,73,41318.0
12855.0,70,63400.0,720.4545454545455,1.8322969517191283,70,41393.0,0.09423794219668748,70,41393.0
12860.0,67,63699.0,692.3804347826087,2.638636124619636,67,41417.0,0.10881603002233171,67,41417.0
12865.0,73,64047.0,703.8131868131868,2.5979411671577646,73,41537.0,0.07158417972359218,73,41537.0
12870.0,67,64084.0,704.2197802197802,2.316267945540138,67,41235.0,0.0881849826647482,67,41235.0
12875.0,61,63908.0,751.8588235294118,2.363908810688553,61,40576.0,0.10388415434316078,61,40576.0
12880.0,55,63928.0,734.8045977011494,3.0778226931866874,55,39667.0,0.1107992367714513,55,39667.0
12885.0,51,63900.0,760.7142857142857,2.7400068319215345,51,39707.0,0.13171549134938712,51,39707.0
12890.0,47,63947.0,752.3176470588236,3.00489646477291,47,39680.0,0.15369603115821884,47,39680.0
12895.0,53,64204.0,737.9770114942529,3.6688245495536744,53,39686.0,0.1547172464810918,53,39686.0
12900.0,59,64488.0,758.6823529411764,2.921812189260533,59,39771.0,0.08504651443760639,59,39771.0
12905.0,65,64806.0,753.5581395348837,2.9459181473687854,65,39899.0,0.07822674770159328,65,39899.0
12910.0,61,65019.0,802.7037037037037,2.1773656363452596,61,39975.0,0.08295740245679484,61,39975.0
12915.0,64,65330.0,826.9620253164557,1.9746495848857426,64,40043.0,0.0909897394157901,64,40043.0
12920.0,65,65654.0,831.0632911392405,1.8332005001154146,65,40177.0,0.058023988523055604,65,40177.0
12925.0,63,65936.0,775.7176470588236,2.2115931706710272,63,40289.0,0.1078507080060396,63,40289.0
12930.0,63,66248.0,807.9024390243902,2.278673944911201,63,40393.0,0.09428680314127084,63,40393.0
12935.0,66,66574.0,783.2235294117647,2.6934854422589027,66,40527.0,0.06482978337757576,66,40527.0
12940.0,69,66914.0,806.1927710843373,2.2561127914499073,69,40677.0,0.07320826132749098,69,40677.0
12945.0,69,67259.0,830.358024691358,1.7859174401266895,69,40832.0,0.06773521237420722,69,40832.0
12950.0,65,67530.0,833.7037037037037,1.8298891363880978,65,40935.0,0.08269676626201758,65,40935.0
12955.0,66,67856.0,837.7283950617284,1.8966596400186138,66,41049.0,0.07956285327047455,66,41049.0
12960.0,69,68197.0,841.9382716049382,1.891877362540881,69,41200.0,0.04975753944389992,69,41200.0
12965.0,66,68507.0,787.4367816091954,2.100685178279207,66,41332.0,0.09707760767396521,66,41332.0
12970.0,66,68837.0,819.4880952380952,2.243607598337497,66,41460.0,0.08414721201855385,66,41460.0
12975.0,70,69178.0,786.1136363636364,2.607695663217704,70,41611.0,0.07036875682551413,70,41611.0
12980.0,64,68964.0,821.0,2.4206653224455943,64,41299.0,0.08298857514451446,64,41299.0
12985.0,55,68410.0,824.2168674698795,2.588577594225,55,40353.0,0.11844175397227087,55,40353.0
12990.0,53,68244.0,832.2439024390244,3.5206390546295765,53,39662.0,0.1379378717432994,53,39662.0
12995.0,46,68055.0,829.939024390244,3.1289861404194577,46,39498.0,0.13015053927828255,46,39498.0
13000.0,53,68205.0,863.3544303797469,3.1586469445527015,53,39547.0,0.1490314345247098,53,39547.0
13005.0,57,68479.0,825.0481927710844,3.3356213204927307,57,39631.0,0.14380980825462122,57,39631.0
13010.0,63,68773.0,859.6625,2.1883792609345756,63,39736.0,0.08691353174905465,63,39736.0
13015.0,66,69096.0,842.6341463414634,2.2330771024893483,66,39869.0,0.08482542202694356,66,39869.0
13020.0,63,58488.0,749.8461538461538,1.6016745416712075,63,38013.0,0.05953532356918697,63,38013.0
13025.0,55,42401.0,517.0853658536586,2.6814754324974253,55,34150.0,0.12003667379321123,55,34150.0
13030.0,50,26305.0,328.8125,3.411551751619669,50,28304.0,0.12059463369576502,50,28304.0
13035.0,41,10155.0,118.0813953488372,3.6003128060813547,41,28382.0,0.1892791492664162,41,28382.0
13040.0,43,1283.0,15.457831325301205,3.554515453748331,43,28446.0,0.16532668632312134,43,28446.0
13045.0,53,1528.0,17.563218390804597,3.284320639639058,53,28561.0,0.15468779755849144,53,28561.0
13050.0,61,1817.0,20.885057471264368,2.339527312770146,61,28720.0,0.10085437833695318,61,28720.0
13055.0,69,2141.0,23.788888888888888,1.828847263930652,69,28914.0,0.07045855434853956,69,28914.0
13060.0,76,2506.0,27.844444444444445,1.4941548495072596,76,29149.0,0.06630230480548364,76,29149.0
13065.0,80,2900.0,31.86813186813187,1.3654131454001452,80,29414.0,0.04720562376250406,80,29414.0
13070.0,82,3309.0,34.83157894736842,1.700324006154082,82,29693.0,0.085902053907918,82,29693.0
13075.0,84,3722.0,38.770833333333336,1.3451889388104885,84,29976.0,0.07107027696834693,84,29976.0
13080.0,87,4150.0,42.78350515463917,1.1908668839920329,87,30274.0,0.04081567143112924,87,30274.0
13085.0,88,4590.0,45.9,1.5274539736986552,88,30584.0,0.06461256550433862,88,30584.0
13090.0,85,4403.0,44.474747474747474,1.0478870173598183,85,30660.0,0.05020454957621131,85,30660.0
13095.0,77,4197.0,42.39393939393939,1.664601831649472,77,30540.0,0.07685580710443495,77,30540.0
13100.0,74,4449.0,43.19417475728155,2.488984667545727,74,30351.0,0.08301516092224993,74,30351.0
13105.0,71,4763.0,46.69607843137255,2.208366944422012,71,30563.0,0.09643553705093191,71,30563.0
13110.0,76,5121.0,49.71844660194175,2.2813574986570666,76,30770.0,0.09480994668279956,76,30770.0
13115.0,82,5518.0,55.73737373737374,1.9308114100841447,82,31030.0,0.0418478443555722,82,31030.0
13120.0,78,5190.0,51.9,1.8485424627189053,78,30841.0,0.06542209807914715,78,30841.0
13125.0,71,4411.0,46.43157894736842,1.743328897842433,71,30228.0,0.06156771800371524,71,30228.0
13130.0,65,3973.0,40.13131313131313,2.6873115921842046,65,29658.0,0.10796592621207861,65,29658.0
13135.0,59,3802.0,40.02105263157895,2.313036718769539,59,29702.0,0.10113345436749382,59,29702.0
13140.0,63,3974.0,42.276595744680854,2.20461348493805,63,29853.0,0.09171433137073544,63,29853.0
13145.0,69,4306.0,44.391752577319586,2.6796698891361466,69,30051.0,0.0999470507464645,69,30051.0
13150.0,74,4664.0,46.64,2.1291534790912423,74,30279.0,0.05283875218567357,74,30279.0
13155.0,81,5055.0,52.65625,1.5233691379770171,81,30540.0,0.0643098759142147,81,30540.0
13160.0,78,5320.0,54.845360824742265,1.1154381373881608,78,30410.0,0.05296381358324704,78,30410.0
13165.0,75,5519.0,56.896907216494846,1.9075228569443403,75,29932.0,0.08073519798648608,75,29932.0
13170.0,72,5801.0,57.43564356435643,2.588933322536803,72,29435.0,0.08132194099262567,72,29435.0
13175.0,68,6038.0,62.895833333333336,2.023927885004067,68,29640.0,0.07522650873800682,68,29640.0
13180.0,68,6331.0,62.68316831683168,2.5801597835205308,68,29814.0,0.12053348603010808,68,29814.0
13185.0,73,6684.0,67.51515151515152,2.633406918015302,73,30027.0,0.08425729115209342,73,30027.0
13190.0,78,7063.0,70.63,2.3055287466494714,78,30276.0,0.07183798776393828,78,30276.0
13195.0,84,7469.0,79.45744680851064,1.2575887980661093,84,30552.0,0.041326325108403436,84,30552.0
13200.0,85,7894.0,83.09473684210526,1.333590374017929,85,30847.0,0.050210066633257,85,30847.0
13205.0,85,8319.0,87.56842105263158,1.1561815408023735,85,31142.0,0.046088389442665,85,31142.0
13210.0,81,8128.0,82.93877551020408,1.2684010679735023,81,31125.0,0.06112906881179884,81,31125.0
13215.0,75,7540.0,74.65346534653466,2.090560371290185,75,30837.0,0.10775517512928753,75,30837.0
13220.0,69,7361.0,70.1047619047619,2.7216276740837775,69,30404.0,0.11068972927497238,69,30404.0
13225.0,65,7514.0,72.25,2.526387416152853,65,30586.0,0.11245023286472577,65,30586.0
13230.0,69,7843.0,76.14563106796116,2.6298456692578265,69,30766.0,0.11148996749112586,69,30766.0
13235.0,75,8205.0,82.87878787878788,2.229071468604029,75,30992.0,0.053576320965918786,75,30992.0
13240.0,80,8595.0,86.81818181818181,2.111771840847801,80,31252.0,0.051629902537837835,80,31252.0
13245.0,85,9013.0,94.87368421052632,1.3249117020688896,85,31540.0,0.040836731044547964,85,31540.0
13250.0,79,9285.0,92.85,2.001428583316005,79,31579.0,0.11047118407959428,79,31579.0
13255.0,72,9456.0,95.51515151515152,1.7909263197672514,72,31393.0,0.08348415207079761,72,31393.0
13260.0,69,9676.0,95.8019801980198,2.467975662793934,69,31154.0,0.07947103562682596,69,31154.0
13265.0,69,9981.0,97.8529411764706,2.5579958919896626,69,31354.0,0.10823993877927311,69,31354.0
13270.0,73,10330.0,104.34343434343434,2.0837979507446183,73,31558.0,0.06762830978157973,73,31558.0
13275.0,80,10714.0,108.22222222222223,2.3736816600704347,80,31809.0,0.06494270906671,80,31809.0
13280.0,81,11118.0,117.03157894736842,1.7485146118880956,81,32083.0,0.037370756363376126,81,32083.0
13285.0,83,11532.0,120.125,1.6044293956220372,83,32367.0,0.0724764081684403,83,32367.0
13290.0,78,11805.0,122.96875,1.7061520478893744,78,32486.0,0.0836260317099437,78,32486.0
13295.0,73,11971.0,122.15306122448979,1.922464505933725,73,32479.0,0.07160941508416183,73,32479.0
13300.0,72,12297.0,125.4795918367347,2.7449826585549104,72,32474.0,0.09679639504844485,72,32474.0
13305.0,71,12620.0,130.10309278350516,1.8896522378438787,71,32683.0,0.07393853653507376,71,32683.0
13310.0,75,12987.0,136.70526315789473,2.100190565734516,75,32905.0,0.06558074952770346,75,32905.0
13315.0,78,13376.0,139.33333333333334,2.2562991516284745,78,33163.0,0.06450820932181467,78,33163.0
13320.0,73,13679.0,150.3186813186813,1.516657854832957,73,33336.0,0.0460885148121043,73,33336.0
13325.0,69,13983.0,148.75531914893617,2.477422418171993,69,33440.0,0.12842103464872343,69,33440.0
13330.0,72,14338.0,154.1720430107527,2.3817603476132843,72,33613.0,0.06380530098289965,72,33613.0
13335.0,72,14670.0,156.06382978723406,2.0063121198606364,72,33832.0,0.07811913276045623,72,33832.0
13340.0,72,15028.0,163.34782608695653,2.1865312064451805,72,34046.0,0.06705659785655986,72,34046.0
13345.0,73,15389.0,165.4731182795699,2.488307747953252,73,34274.0,0.08044069796379222,73,34274.0
13350.0,74,15759.0,177.06741573033707,2.042508345528358,74,34514.0,0.06961993033729658,74,34514.0
13355.0,68,15052.0,169.12359550561797,1.7046556942495168,68,34183.0,0.06574912833640305,68,34183.0
13360.0,64,13814.0,156.97727272727272,2.3702487661915863,64,33388.0,0.11247650924842173,64,33388.0
13365.0,59,13159.0,143.0326086956522,3.0997429723944294,59,32211.0,0.11695090367165697,59,32211.0
13370.0,52,12582.0,141.37078651685394,3.0177702888070885,52,32334.0,0.14209160442164712,52,32334.0
13375.0,53,12631.0,143.5340909090909,2.8322912166981764,53,32426.0,0.13082313564011697,53,32426.0
13380.0,61,12919.0,146.8068181818182,2.7003492206754327,61,32577.0,0.0702521972289219,61,32577.0
13385.0,62,13012.0,144.57777777777778,2.469662273503165,62,32670.0,0.1062708883558986,62,32670.0
13390.0,64,13272.0,154.32558139534885,2.090831478945468,64,32719.0,0.08238791542699281,64,32719.0
13395.0,68,13606.0,144.74468085106383,2.7768542328390655,68,32874.0,0.09606048767143022,68,32874.0
13400.0,68,13907.0,154.5222222222222,2.2473556555336387,68,33072.0,0.0814977040339962,68,33072.0
13405.0,68,14238.0,156.46153846153845,2.4465876905386685,68,33251.0,0.09864825819328125,68,33251.0
13410.0,70,14586.0,165.75,2.7155053205792807,70,33464.0,0.07478664048570635,70,33464.0
13415.0,64,14668.0,166.6818181818182,2.5754300330783413,64,33198.0,0.098515759816887,64,33198.0
13420.0,59,14576.0,177.7560975609756,2.184654310089827,59,32563.0,0.10731804689126588,59,32563.0
13425.0,54,14621.0,174.0595238095238,3.1791059257851284,54,31732.0,0.12024429734330311,54,31732.0
13430.0,50,14687.0,172.78823529411764,2.9776387447834383,50,31839.0,0.14980945549388772,50,31839.0
13435.0,52,14823.0,178.59036144578315,3.157887933031733,52,31931.0,0.15819952601716025,52,31931.0
13440.0,57,15097.0,177.61176470588236,2.948272478252288,57,32071.0,0.08416322918937683,57,32071.0
13445.0,62,15400.0,183.33333333333334,2.563669856923882,62,32244.0,0.1018110086119559,62,32244.0
13450.0,67,15724.0,194.12345679012347,1.7275130992753907,67,32438.0,0.05724809788221821,67,32438.0
13455.0,71,16070.0,198.39506172839506,1.6618571857320077,71,32654.0,0.0717960465701787,71,32654.0
13460.0,71,16425.0,202.77777777777777,1.5165002274210324,71,32879.0,0.06396189161726387,71,32879.0
13465.0,67,16499.0,194.10588235294117,2.0810845153417086,67,32983.0,0.09862129521035415,67,32983.0
13470.0,63,16731.0,192.31034482758622,2.3113986130091146,63,33007.0,0.1179625647992012,63,33007.0
13475.0,68,17063.0,196.1264367816092,2.3205561378309536,68,33127.0,0.057977333001030924,68,33127.0
13480.0,71,17411.0,195.62921348314606,2.115106931137535,71,33345.0,0.07007453952501741,71,33345.0
13485.0,67,17701.0,205.82558139534885,1.6122107270533446,67,33541.0,0.0509031934091039,67,33541.0
13490.0,65,18017.0,209.5,2.2518826476693508,65,33700.0,0.10092936855827704,65,33700.0
13495.0,67,18350.0,215.88235294117646,2.7100336733119614,67,33894.0,0.07171092886458147,67,33894.0
13500.0,66,18669.0,222.25,2.0412851728995967,66,34083.0,0.06808575076946351,66,34083.0
13505.0,70,19014.0,226.35714285714286,2.094297357550941,70,34298.0,0.09361118855301258,70,34298.0
13510.0,73,19367.0,225.19767441860466,1.472242502422054,73,34521.0,0.06804526719728451,73,34521.0
13515.0,71,19242.0,226.3764705882353,1.323041074764701,71,34307.0,0.06615558763411356,71,34307.0
13520.0,64,18816.0,213.8181818181818,2.316255882832604,64,33701.0,0.10013523719992541,64,33701.0
13525.0,58,18740.0,210.56179775280899,2.991921960897103,58,32862.0,0.09884485986184773,58,32862.0
13530.0,55,18511.0,207.98876404494382,2.7918126247661728,55,32962.0,0.12263017274614424,55,32962.0
13535.0,49,18563.0,226.3780487804878,2.357899962443078,49,32993.0,0.1067490166773572,49,32993.0
13540.0,55,18827.0,209.1888888888889,3.6575398249741067,55,33037.0,0.16049303731652428,55,33037.0
13545.0,58,19111.0,217.17045454545453,3.49947079143665,58,33166.0,0.12096431516572916,58,33166.0
13550.0,61,19312.0,219.45454545454547,2.41443164690249,61,33283.0,0.0933299398290797,61,33283.0
13555.0,67,19629.0,239.3780487804878,2.2365392842056755,67,33428.0,0.0823131195697473,67,33428.0
13560.0,69,19967.0,237.70238095238096,2.060019393321095,69,33632.0,0.05026231138519816,69,33632.0
13565.0,65,20239.0,246.8170731707317,1.946677751091549,65,33819.0,0.07304627534109526,65,33819.0
13570.0,61,20522.0,247.25301204819277,2.464613453998066,61,33951.0,0.09582111801298863,61,33951.0
13575.0,62,20829.0,239.41379310344828,3.356881639142511,62,34104.0,0.1268840384167105,62,34104.0
13580.0,65,21148.0,245.90697674418604,2.998712742854217,65,34293.0,0.10591595080464926,65,34293.0
13585.0,68,21479.0,258.7831325301205,2.2456667008684628,68,34494.0,0.08048603966026274,68,34494.0
13590.0,69,21821.0,266.109756097561,2.0298698169496645,69,34706.0,0.09752585958689536,69,34706.0
13595.0,63,21778.0,275.67088607594934,1.5619165276455869,63,34507.0,0.07186018056331718,63,34507.0
13600.0,56,21536.0,259.4698795180723,2.7190435357078595,56,34107.0,0.11624899882990829,56,34107.0
13605.0,54,21501.0,262.2073170731707,3.140209311859091,54,33529.0,0.10758160028752715,54,33529.0
13610.0,49,21558.0,256.64285714285717,3.240509605177453,49,33638.0,0.16773365554807837,49,33638.0
13615.0,53,21748.0,268.4938271604938,3.0647870702401265,53,33753.0,0.1532696057433942,53,33753.0
13620.0,58,22025.0,268.5975609756098,2.5929222687098035,58,33900.0,0.10578628306401572,58,33900.0
13625.0,62,22328.0,272.2926829268293,2.2938238538106117,62,34074.0,0.0776818370266332,62,34074.0
13630.0,65,22650.0,286.7088607594937,1.6975110107605336,65,34266.0,0.07309577130088792,65,34266.0
13635.0,69,22992.0,280.390243902439,1.9489490544631232,69,34478.0,0.071053819440784,69,34478.0
13640.0,69,23337.0,295.40506329113924,1.4765776915053157,69,34693.0,0.06421684849381978,69,34693.0
13645.0,66,23330.0,281.0843373493976,1.5897574047231582,66,34764.0,0.10764654560948876,66,34764.0
13650.0,61,23472.0,276.1411764705882,2.431001270986237,61,34740.0,0.11770836445419755,61,34740.0
13655.0,66,23788.0,267.2808988764045,2.8910371358421565,66,34763.0,0.09104544809318196,66,34763.0
13660.0,64,24059.0,279.75581395348837,1.9965095913354955,64,34936.0,0.05734514119442902,64,34936.0
13665.0,64,24369.0,286.6941176470588,2.4433516862694504,64,35090.0,0.09970736871251211,64,35090.0
13670.0,65,24692.0,293.95238095238096,2.690466238360383,65,35273.0,0.07817063386257389,65,35273.0
13675.0,66,25022.0,297.8809523809524,2.6410504513399133,66,35473.0,0.08484947944327115,66,35473.0
13680.0,66,25352.0,325.02564102564105,1.684273048868843,66,35673.0,0.058857053308721693,66,35673.0
13685.0,63,25577.0,304.48809523809524,1.8690002966208694,63,35820.0,0.10909010914929815,63,35820.0
13690.0,68,25901.0,315.8658536585366,1.7285057677739735,68,35961.0,0.06988204613469305,68,35961.0
13695.0,70,26246.0,298.25,2.1624694106056768,70,36172.0,0.07307322303509803,70,36172.0
13700.0,73,26608.0,313.0352941176471,1.5977531943957461,73,36404.0,0.05804200040095839,73,36404.0
13705.0,70,26886.0,309.0344827586207,1.5010739166006741,70,36601.0,0.08792785188394195,70,36601.0
13710.0,67,27195.0,319.94117647058823,1.6942268640954825,67,36761.0,0.07273595395672515,67,36761.0
13715.0,67,27530.0,309.3258426966292,2.730172411245077,67,36936.0,0.08713596699741087,67,36936.0
13720.0,70,27870.0,309.6666666666667,2.881566029115316,70,37146.0,0.09235102869563022,70,37146.0
13725.0,70,28220.0,320.6818181818182,2.242264253154154,70,37366.0,0.09235066094885439,70,37366.0
13730.0,69,28508.0,335.38823529411764,1.6787713129398059,69,37544.0,0.08014594531371244,69,37544.0
13735.0,69,28853.0,327.875,2.14329993702609,69,37739.0,0.0814034649440177,69,37739.0
13740.0,73,29213.0,343.6823529411765,1.7549562504255531,73,37969.0,0.04604638550780453,73,37969.0
13745.0,69,28775.0,326.9886363636364,1.8925106240204281,69,37707.0,0.08296917799854903,69,37707.0
13750.0,61,27957.0,328.90588235294115,2.325106389275407,61,37067.0,0.0946071654247534,61,37067.0
13755.0,57,27628.0,303.6043956043956,3.36402614528276,57,36128.0,0.12994432741942658,57,36128.0
13760.0,51,23033.0,267.8255813953488,2.979652897636835,51,34299.0,0.13985684960774797,51,34299.0
13765.0,46,15958.0,183.42528735632183,2.8396210672800724,46,30489.0,0.13888617185368973,46,30489.0
13770.0,49,10462.0,120.25287356321839,3.489879452276994,49,24773.0,0.1445955522514911,49,24773.0
13775.0,42,4015.0,45.625,2.93329178159327,42,24844.0,0.1322841814974454,42,24844.0
13780.0,40,417.0,4.905882352941177,2.9941460161584232,40,24835.0,0.13829896829447358,40,24835.0
13785.0,45,583.0,6.625,3.4134240241085307,45,24827.0,0.14309709014124916,45,24827.0
13790.0,52,816.0,8.5,3.7058198785300918,52,24909.0,0.16962156285796923,52,24909.0
13795.0,59,1095.0,11.526315789473685,3.4276345747193226,59,25087.0,0.14680204490882773,59,25087.0
13800.0,69,1418.0,15.41304347826087,2.2909108377764893,69,25334.0,0.0576750763712696,69,25334.0
13805.0,75,1787.0,19.21505376344086,2.4305272785753123,75,25633.0,0.08989166026666622,75,25633.0
13810.0,71,1895.0,21.53409090909091,1.3956780602138406,71,25823.0,0.06203178551226812,71,25823.0
13815.0,69,2175.0,25.0,1.7308347391641905,69,25950.0,0.06770729677181181,69,25950.0
13820.0,72,2528.0,27.78021978021978,2.5432041265112075,72,26164.0,0.0702894226330943,72,26164.0
13825.0,67,2812.0,30.9010989010989,2.00754044357104,67,26418.0,0.06912776140882834,67,26418.0
13830.0,68,3138.0,34.48351648351648,2.500144127141289,68,26646.0,0.11229107766511191,68,26646.0
13835.0,69,3479.0,39.53409090909091,2.5755196780277276,69,26905.0,0.07018477087917697,69,26905.0
13840.0,67,3359.0,37.741573033707866,2.196112557239827,67,26715.0,0.0790182370549232,67,26715.0
13845.0,60,2958.0,34.8,2.357365092167227,60,26167.0,0.0842480984902593,60,26167.0
13850.0,56,2808.0,31.90909090909091,3.1839748072764746,56,25373.0,0.11480731542003564,56,25373.0
13855.0,50,2743.0,32.654761904761905,2.8210314644111003,50,25549.0,0.11372386112594741,50,25549.0
13860.0,51,2889.0,35.23170731707317,2.641667144413333,51,25685.0,0.11434119109613215,51,25685.0
13865.0,57,3163.0,36.77906976744186,3.3510645342946344,57,25884.0,0.12917002070237996,57,25884.0
13870.0,60,3457.0,39.735632183908045,2.8411457183218944,60,26108.0,0.09731746056454504,60,26108.0
13875.0,69,3785.0,46.15853658536585,1.709174839162258,69,26366.0,0.07482576353496503,69,26366.0
13880.0,66,3879.0,46.734939759036145,1.489779404822188,66,26530.0,0.08237611149999818,66,26530.0
13885.0,65,4143.0,49.91566265060241,2.1284674392501364,65,26643.0,0.09952058545888076,65,26643.0
13890.0,66,4469.0,51.367816091954026,2.4736177338979903,66,26841.0,0.076121231350923,66,26841.0
13895.0,63,4743.0,56.464285714285715,2.3200430584799068,63,27075.0,0.08008510714943595,63,27075.0
13900.0,62,5045.0,57.32954545454545,2.7691441115575257,62,27284.0,0.1279358507157817,62,27284.0
13905.0,65,5369.0,63.16470588235294,2.781336495693139,65,27531.0,0.08146221138438868,65,27531.0
13910.0,65,5676.0,64.5,2.5437455862244276,65,27768.0,0.09267585260364124,65,27768.0
13915.0,69,6011.0,74.20987654320987,1.8876788775072142,69,28033.0,0.07514738676811755,69,28033.0
13920.0,70,6357.0,76.59036144578313,1.6301440401211924,70,28309.0,0.05412656419858156,70,28309.0
13925.0,67,6301.0,77.79012345679013,1.4748094437546178,67,28174.0,0.07636145936495395,67,28174.0
13930.0,59,6031.0,71.79761904761905,2.313694147937968,59,27676.0,0.1061235430518362,59,27676.0
13935.0,58,6052.0,68.77272727272727,3.4127818336055977,58,27026.0,0.14513206432141712,58,27026.0
13940.0,56,6084.0,69.13636363636364,2.7737607950760164,56,27231.0,0.12961343657993404,56,27231.0
13945.0,61,6291.0,74.89285714285714,2.1293532660108143,61,27456.0,0.09508368848290766,61,27456.0
13950.0,70,6618.0,76.06896551724138,1.6663425468473205,70,27713.0,0.08392188017589658,70,27713.0
13955.0,67,6735.0,79.23529411764706,0.9753266441601648,67,27908.0,0.04249214206761738,67,27908.0
13960.0,66,6818.0,78.36781609195403,1.7676778774771318,66,28022.0,0.07704650884817793,66,28022.0
13965.0,59,7053.0,79.24719101123596,2.8386802478444224,59,28090.0,0.09237710727380827,59,28090.0
13970.0,59,7348.0,79.8695652173913,3.594221490710982,59,28241.0,0.1746917922422026,59,28241.0
13975.0,61,7652.0,85.97752808988764,3.7057855888489195,61,28410.0,0.16753172643820638,61,28410.0
13980.0,65,7967.0,93.72941176470589,2.6343486988712885,65,28643.0,0.08851769671672799,65,28643.0
13985.0,67,8301.0,96.52325581395348,2.725540271199618,67,28907.0,0.07529610989104218,67,28907.0
13990.0,67,8636.0,104.04819277108433,2.2910656302524264,67,29172.0,0.09251843504818079,67,29172.0
13995.0,64,8822.0,107.58536585365853,1.8882359745031136,64,29362.0,0.08448646213645776,64,29362.0
14000.0,63,9133.0,115.60759493670886,2.2263642424486627,63,29533.0,0.08400306656954734,63,29533.0
14005.0,66,9453.0,111.21176470588236,2.7517547434799696,66,29779.0,0.09730062811002482,66,29779.0
14010.0,61,9732.0,117.25301204819277,2.108728353189499,61,30006.0,0.08870262952219023,61,30006.0
14015.0,63,10046.0,121.03614457831326,2.4178561736185795,63,30232.0,0.08966230895493132,63,30232.0
14020.0,67,10373.0,124.97590361445783,2.6290315275991145,67,30489.0,0.06777289936813718,67,30489.0
14025.0,67,10708.0,130.58536585365854,2.395677492276768,67,30754.0,0.07317416930969871,67,30754.0
14030.0,62,10509.0,134.73076923076923,1.772470490660259,62,30599.0,0.0807418586447566,62,30599.0
14035.0,55,10081.0,127.60759493670886,2.2917675413968333,55,30186.0,0.10774244231080818,55,30186.0
14040.0,52,10001.0,126.59493670886076,3.3118599450353137,52,29594.0,0.11333294748311085,52,29594.0
14045.0,47,9888.0,117.71428571428571,3.0800908500550728,47,29824.0,0.14861362936619657,47,29824.0
14050.0,51,10095.0,129.42307692307693,2.8733486576274103,51,30027.0,0.1355241792890364,51,30027.0
14055.0,58,10369.0,124.92771084337349,3.091004752320197,58,30239.0,0.12166639960273949,58,30239.0
14060.0,57,10491.0,132.79746835443038,2.413608524817789,57,30359.0,0.08974957584217322,57,30359.0
14065.0,60,10763.0,134.5375,2.532272415916537,60,30429.0,0.11166930011911701,60,30429.0
14070.0,62,11073.0,140.16455696202533,2.57181930991622,62,30593.0,0.0746555276169068,62,30593.0
14075.0,58,11325.0,145.19230769230768,2.0810872223893577,58,30743.0,0.08341698987419123,58,30743.0
14080.0,59,11614.0,145.175,2.9193519440056597,59,30874.0,0.1296318064838381,59,30874.0
14085.0,61,11914.0,145.29268292682926,3.220067821902587,61,31044.0,0.11184657054419639,61,31044.0
14090.0,64,12226.0,156.74358974358975,2.1385582905519827,64,31226.0,0.07549287081855573,64,31226.0
14095.0,65,12551.0,160.9102564102564,2.1107221283929554,65,31421.0,0.08772760123310902,65,31421.0
14100.0,66,12877.0,171.69333333333333,1.4489682313540642,66,31617.0,0.05437519339316754,66,31617.0
14105.0,61,13113.0,163.9125,1.8589202068513266,61,31758.0,0.09387989514103022,61,31758.0
14110.0,65,13431.0,174.42857142857142,1.857974645642624,65,31911.0,0.0764075639716461,65,31911.0
14115.0,65,13756.0,158.11494252873564,2.556036981588679,65,32106.0,0.1117987676230897,65,32106.0
14120.0,65,14039.0,169.14457831325302,1.9115147233904186,65,32287.0,0.09770207263392648,65,32287.0
14125.0,64,14351.0,168.83529411764707,2.275432541031848,64,32446.0,0.11695104002691628,64,32446.0
14130.0,67,14683.0,172.74117647058824,2.6858456297727376,67,32643.0,0.07692658161102292,67,32643.0
14135.0,61,14485.0,170.41176470588235,2.41770900700142,61,32433.0,0.09223856879292486,61,32433.0
14140.0,58,14172.0,172.82926829268294,2.5074396929901743,58,31926.0,0.10722414680825432,58,31926.0
14145.0,52,13985.0,172.65432098765433,3.4674197526501147,52,31207.0,0.1362387949055425,52,31207.0
14150.0,48,13873.0,169.1829268292683,2.833839377027321,48,31284.0,0.14821385102413975,48,31284.0
14155.0,53,14062.0,173.60493827160494,2.8894536378470885,53,31387.0,0.13501159125038312,53,31387.0
14160.0,60,14349.0,177.14814814814815,2.289163009120003,60,31544.0,0.09135075241610457,60,31544.0
14165.0,59,14518.0,179.23456790123456,1.5194676335502078,59,31667.0,0.06702057560187309,59,31667.0
14170.0,57,14732.0,184.15,2.2346089010718466,57,31734.0,0.09283894052630284,57,31734.0
14175.0,60,15024.0,183.21951219512195,2.755223756985488,60,31840.0,0.07641676615193131,60,31840.0
14180.0,60,15324.0,186.8780487804878,3.4468699958817397,60,32000.0,0.10177942973299522,60,32000.0
14185.0,60,15624.0,192.88888888888889,3.0888081896242547,60,32170.0,0.11277283395456203,60,32170.0
14190.0,62,15933.0,199.1625,2.7313720935365486,62,32349.0,0.10966331431819426,62,32349.0
14195.0,64,16251.0,213.82894736842104,1.5990012690990405,64,32537.0,0.055426394043075665,64,32537.0
14200.0,68,16584.0,209.9240506329114,1.7852775031803174,68,32740.0,0.07224773780374405,68,32740.0
14205.0,62,16772.0,215.02564102564102,1.9561550823070615,62,32872.0,0.0865126184495342,62,32872.0
14210.0,63,17073.0,210.77777777777777,2.199200469391655,63,32977.0,0.0980784271409925,63,32977.0
14215.0,65,17395.0,217.4375,2.2240052435826687,65,33161.0,0.07464045553373075,65,33161.0
14220.0,69,17727.0,218.85185185185185,1.7289097394793342,69,33363.0,0.055900470278545375,69,33363.0
14225.0,70,18073.0,220.40243902439025,1.5580219765640277,70,33579.0,0.08642169220817258,70,33579.0
14230.0,68,18325.0,215.58823529411765,1.5178096404853103,68,33757.0,0.08107971226178794,68,33757.0
14235.0,65,18620.0,216.51162790697674,2.079898500531078,65,33885.0,0.07530464526463798,65,33885.0
14240.0,67,18955.0,212.97752808988764,2.985749482579607,67,34071.0,0.10259842495243024,67,34071.0
14245.0,67,19274.0,221.54022988505747,2.3327483451008892,67,34260.0,0.08177847039997865,67,34260.0
14250.0,71,19621.0,233.58333333333334,1.5434822916276945,71,34477.0,0.06539639960488065,71,34477.0
14255.0,73,19984.0,240.7710843373494,1.4893902468681242,73,34710.0,0.06857450683045506,73,34710.0
14260.0,74,20350.0,231.25,1.5252344637505921,74,34946.0,0.08697024807817612,74,34946.0
14265.0,72,20617.0,234.2840909090909,1.16633143343702,72,35149.0,0.054760258193607046,72,35149.0
14270.0,69,20915.0,227.33695652173913,1.9457596066311378,69,35302.0,0.08909521600769187,69,35302.0
14275.0,70,21264.0,231.1304347826087,2.7013143729311353,70,35474.0,0.08565201812209672,70,35474.0
14280.0,70,21599.0,237.35164835164835,2.031998967805075,70,35679.0,0.07612969886416264,70,35679.0
14285.0,75,21963.0,246.77528089887642,1.7321533018792237,75,35913.0,0.06466980900201603,75,35913.0
14290.0,77,22344.0,248.26666666666668,1.3403984072304849,77,36164.0,0.06348693571167961,77,36164.0
14295.0,74,22654.0,251.7111111111111,1.38543674204195,74,36388.0,0.09018484892834923,74,36388.0
14300.0,70,22963.0,244.2872340425532,2.1354011613512442,70,36554.0,0.09201844995576024,70,36554.0
14305.0,73,23322.0,242.9375,2.7854437023555936,73,36748.0,0.09417706369048948,73,36748.0
14310.0,74,23692.0,246.79166666666666,2.896047599190504,74,36988.0,0.09586193002753175,74,36988.0
14315.0,74,24062.0,264.4175824175824,2.240525936817599,74,37228.0,0.055295593759892035,74,37228.0
14320.0,70,23423.0,263.17977528089887,1.8680973417480555,70,36902.0,0.08189518321413862,70,36902.0
14325.0,63,22264.0,258.8837209302326,2.0963524784272307,63,36080.0,0.10110460046505247,63,36080.0
14330.0,56,21642.0,235.2391304347826,3.228358063898984,56,34915.0,0.141953783213086,56,34915.0
14335.0,52,21264.0,236.26666666666668,2.913027877394855,52,35041.0,0.13986875081891925,52,35041.0
14340.0,53,21219.0,243.89655172413794,2.675327003102484,53,35142.0,0.12008656549460021,53,35142.0
14345.0,61,21513.0,241.7191011235955,2.955687878812508,61,35304.0,0.09847140007352749,61,35304.0
14350.0,67,21839.0,248.17045454545453,2.097342886772616,67,35500.0,0.09050288782179834,67,35500.0
14355.0,73,22191.0,249.3370786516854,1.6099181102840592,73,35722.0,0.066957420204816,73,35722.0
14360.0,76,22563.0,259.3448275862069,1.341969245963066,76,35966.0,0.06373399317326595,76,35966.0
14365.0,79,22949.0,252.1868131868132,1.5475711071142584,79,36222.0,0.08283145022723543,79,36222.0
14370.0,80,23348.0,253.7826086956522,1.5847460235426885,80,36491.0,0.06611725673930444,80,36491.0
14375.0,84,23754.0,247.4375,1.5134520807907126,84,36767.0,0.03933907844634422,84,36767.0
14380.0,78,23727.0,249.7578947368421,1.6821512953521671,78,36882.0,0.07228688887232565,78,36882.0
14385.0,69,23787.0,253.0531914893617,1.7646083870408416,69,36841.0,0.0847832214574083,69,36841.0
14390.0,72,24140.0,251.45833333333334,2.7954351580518257,72,36821.0,0.10382708507152721,72,36821.0
14395.0,75,24505.0,255.26041666666666,2.605714812911535,75,36998.0,0.07559170094130799,75,36998.0
14400.0,70,24817.0,272.7142857142857,1.7649857962465771,70,37213.0,0.0454185380602454,70,37213.0
14405.0,70,25153.0,262.0104166666667,2.724292611509703,70,37397.0,0.10998034865012786,70,37397.0
14410.0,71,25506.0,283.4,2.4436960040618283,71,37609.0,0.0699031052138548,71,37609.0
14415.0,68,25397.0,273.0860215053763,2.358407324623474,68,37299.0,0.08438118965705292,68,37299.0
14420.0,62,24976.0,293.83529411764704,2.1179210013185616,62,36527.0,0.09293890988809099,62,36527.0
14425.0,56,24785.0,275.3888888888889,3.126022062737615,56,35569.0,0.1267920821541843,56,35569.0
14430.0,53,24704.0,283.95402298850576,2.86713810502766,53,35689.0,0.1254283490951804,53,35689.0
14435.0,53,24749.0,298.1807228915663,2.321176901142476,53,35784.0,0.10409724689124863,53,35784.0
14440.0,61,25040.0,281.34831460674155,3.201287528447951,61,35941.0,0.11961067919333451,61,35941.0
14445.0,66,25358.0,278.65934065934067,2.486387598078437,66,36129.0,0.10023041823261122,66,36129.0
14450.0,72,25702.0,295.42528735632186,1.7527522582944488,72,36343.0,0.07142574458286388,72,36343.0
14455.0,75,26071.0,289.6777777777778,2.025896664034483,75,36582.0,0.06418079486487163,75,36582.0
14460.0,78,26452.0,304.04597701149424,1.354241034035629,78,36833.0,0.04590199142109905,78,36833.0
14465.0,78,26842.0,305.02272727272725,1.3695097560270497,78,37093.0,0.08468577671364681,78,37093.0
14470.0,75,26900.0,305.6818181818182,1.057611276182547,75,37214.0,0.05344183447086955,75,37214.0
14475.0,69,27108.0,282.375,2.672942899567167,69,37210.0,0.14107997221811083,69,37210.0
14480.0,72,27460.0,289.05263157894734,2.5579933701512805,72,37328.0,0.08703941727649679,72,37328.0
14485.0,72,27775.0,283.4183673469388,2.2292048744848736,72,37534.0,0.09106052745740024,72,37534.0
14490.0,73,28138.0,302.55913978494624,2.2763311404592614,73,37747.0,0.09035055243253581,73,37747.0
14495.0,73,28503.0,306.48387096774195,2.3363987364170664,73,37981.0,0.08985322543398344,73,37981.0
14500.0,75,28875.0,313.85869565217394,2.2714698281176946,75,38223.0,0.07008315095724806,75,38223.0
14505.0,75,29250.0,332.3863636363636,1.785872513387453,75,38468.0,0.07440382228085834,75,38468.0
14510.0,72,29501.0,324.1868131868132,1.8740767142510046,72,38652.0,0.09105002752566677,72,38652.0
14515.0,71,29851.0,331.6777777777778,2.1897229278562516,71,38806.0,0.09058593452395144,71,38806.0
14520.0,76,30221.0,332.0989010989011,2.0369642027649175,76,39042.0,0.05807861531516616,76,39042.0
14525.0,73,30556.0,335.7802197802198,1.7229011057849843,73,39270.0,0.06926736115670498,73,39270.0
14530.0,72,30911.0,347.314606741573,2.1644284750014537,72,39478.0,0.0809827795976125,72,39478.0
14535.0,72,31271.0,347.4555555555556,2.391752566700722,72,39702.0,0.058107740775023536,72,39702.0
14540.0,74,31641.0,359.5568181818182,2.066229298393404,74,39942.0,0.07039589679175727,74,39942.0
14545.0,71,31968.0,367.44827586206895,1.851987177126365,71,40147.0,0.08864284240236868,71,40147.0
14550.0,74,32326.0,363.2134831460674,1.6738065250853065,74,40367.0,0.07044799188850488,74,40367.0
14555.0,77,32706.0,371.65909090909093,1.474268151948784,77,40617.0,0.05084834988271128,77,40617.0
14560.0,74,32309.0,355.04395604395603,1.592039693098655,74,40267.0,0.0732228474646098,74,40267.0
14565.0,65,31392.0,356.72727272727275,2.01887491661003,65,39342.0,0.08237775223664155,65,39342.0
14570.0,62,30798.0,331.16129032258067,3.2228535997387304,62,38014.0,0.1285440533163232,62,38014.0
14575.0,51,25648.0,288.17977528089887,2.5803578365973903,51,36186.0,0.10252993731271005,51,36186.0
14580.0,48,17594.0,199.9318181818182,3.058712518665972,48,31396.0,0.13179352303035424,48,31396.0
14585.0,49,11490.0,126.26373626373626,3.210028201666992,49,26649.0,0.1287609496123509,49,26649.0
14590.0,46,4395.0,47.25806451612903,3.042199062403832,46,26745.0,0.15275759975686226,46,26745.0
14595.0,43,434.0,4.769230769230769,2.6987090497958572,43,26723.0,0.11607965950616413,43,26723.0
14600.0,47,613.0,6.319587628865979,3.3474300381719937,47,26756.0,0.1503469750077848,47,26756.0
14605.0,57,877.0,8.858585858585858,3.173933574691129,57,26873.0,0.12299322756666918,57,26873.0
14610.0,65,1190.0,11.9,3.365533308119731,65,27080.0,0.13315013029571324,65,27080.0
14615.0,74,1540.0,16.041666666666668,2.3841826377840096,74,27356.0,0.04610446030673819,74,27356.0
14620.0,79,1929.0,19.683673469387756,2.505765935030969,79,27676.0,0.09340943732889682,79,27676.0
14625.0,75,2033.0,21.86021505376344,1.6994600096562864,75,27480.0,0.059979144971278514,75,27480.0
14630.0,67,1942.0,20.442105263157895,2.3560850332752357,67,26923.0,0.10669415097685513,67,26923.0
14635.0,63,1919.0,20.634408602150536,3.0955827845838852,63,26027.0,0.11612187865576473,63,26027.0
14640.0,56,1951.0,21.206521739130434,2.5311437403781274,56,26233.0,0.11168602546296431,56,26233.0
14645.0,59,2155.0,24.488636363636363,2.5548764377507402,59,26435.0,0.12479005039636552,59,26435.0
14650.0,65,2470.0,26.559139784946236,2.437275404289031,65,26680.0,0.07392345905443239,65,26680.0
14655.0,72,2820.0,29.68421052631579,2.135336265237984,72,26960.0,0.0925692968912973,72,26960.0
14660.0,75,3190.0,33.229166666666664,1.8999086161957273,75,27260.0,0.0977759789966306,75,27260.0
14665.0,83,3591.0,38.202127659574465,1.3785159866709293,83,27591.0,0.06336925013399738,83,27591.0
14670.0,84,4011.0,40.92857142857143,1.8639127054049167,84,27941.0,0.0686371033171015,84,27941.0
14675.0,86,4435.0,46.68421052631579,1.2929988409370148,86,28295.0,0.04175336808111264,86,28295.0
14680.0,80,4631.0,48.239583333333336,1.2220398248166275,80,28234.0,0.06317354156442483,80,28234.0
14685.0,75,4674.0,48.18556701030928,1.704811374109477,75,27907.0,0.06977147342657151,75,27907.0
14690.0,70,4855.0,47.13592233009709,3.193312493860766,70,27343.0,0.13612613687804914,70,27343.0
14695.0,66,4990.0,49.40594059405941,2.4396224429372535,66,27589.0,0.10519574317044358,66,27589.0
14700.0,71,5292.0,54.0,2.2655053789536086,71,27833.0,0.08266161777965349,71,27833.0
14705.0,75,5657.0,56.57,2.5113603469040795,75,28127.0,0.07850409052805932,75,28127.0
14710.0,80,6048.0,61.714285714285715,1.9159918533324116,80,28448.0,0.04665529459038332,80,28448.0
14715.0,84,6460.0,67.29166666666667,1.6519654272051634,84,28790.0,0.059645633718821714,84,28790.0
14720.0,86,6885.0,74.03225806451613,1.0137062644573172,86,29145.0,0.03163453861031176,86,29145.0
14725.0,86,7315.0,74.64285714285714,1.616896322810033,86,29505.0,0.08193692008522195,86,29505.0
14730.0,89,7748.0,78.26262626262626,1.1405765845518745,89,29868.0,0.05698477809612388,89,29868.0
14735.0,90,8198.0,81.98,1.127851233265083,90,30248.0,0.04346001276006673,90,30248.0
14740.0,86,7708.0,75.56862745098039,1.2004953631516664,86,30291.0,0.04326734577567595,86,30291.0
14745.0,80,6966.0,68.29411764705883,1.61353050251927,80,29757.0,0.06191249582366662,80,29757.0
14750.0,73,6762.0,65.01923076923077,2.3725248829963705,73,29581.0,0.09282154795168153,73,29581.0
14755.0,65,6894.0,65.0377358490566,2.248263843821039,65,29835.0,0.0983299170839323,65,29835.0
14760.0,70,7233.0,72.33,2.444771035022315,70,30090.0,0.09572222512766378,70,30090.0
14765.0,77,7602.0,72.4,2.201068843364076,77,30389.0,0.09077016476406903,77,30389.0
14770.0,86,8012.0,78.54901960784314,1.3962249815662828,86,30729.0,0.03902335661674115,86,30729.0
14775.0,90,8456.0,82.09708737864078,1.529734185667469,90,31130.0,0.07216739437384502,90,31130.0
14780.0,91,8907.0,89.07,1.004154312834167,91,31576.0,0.03938053606283929,91,31576.0
14785.0,87,9187.0,86.66981132075472,1.4324525692609689,87,31754.0,0.06574893011619276,87,31754.0
14790.0,80,9354.0,91.70588235294117,1.578159299669217,80,31680.0,0.06736734659112624,80,31680.0
14795.0,76,9557.0,90.16037735849056,2.3651761279919845,76,31472.0,0.07799218195517657,76,31472.0
14800.0,71,9820.0,91.77570093457943,2.3975640413687964,71,31713.0,0.11473084106021658,71,31713.0
14805.0,74,10169.0,94.1574074074074,2.33607029965626,74,31908.0,0.08666256014088906,74,31908.0
14810.0,82,10568.0,100.64761904761905,2.2733674761235414,82,32173.0,0.06822654862580832,82,32173.0
14815.0,81,10912.0,104.92307692307692,1.8001752971635108,81,32300.0,0.06100279766432914,81,32300.0
14820.0,77,11209.0,114.37755102040816,1.7367406011538635,77,32267.0,0.06378360595142483,77,32267.0
14825.0,75,11555.0,112.18446601941747,2.7710220345867205,75,32331.0,0.1075855102506796,75,32331.0
14830.0,73,11874.0,118.74,2.1017279576049557,73,32550.0,0.07360769926328155,73,32550.0
14835.0,77,12240.0,118.83495145631068,2.5115058786595665,77,32761.0,0.10635997699295445,77,32761.0
14840.0,80,12634.0,127.61616161616162,2.3219625293987933,80,33020.0,0.05752564476090943,80,33020.0
14845.0,77,12142.0,121.42,2.151406421815134,77,32764.0,0.08988484155886176,77,32764.0
14850.0,71,11120.0,117.05263157894737,2.1586542953954684,71,32189.0,0.08676795089088474,71,32189.0
14855.0,65,10627.0,109.55670103092784,2.702865516125085,65,31499.0,0.100023352224393,65,31499.0
14860.0,59,10315.0,108.57894736842105,2.9124896439929433,59,31443.0,0.13105250322985754,59,31443.0
14865.0,59,10342.0,114.91111111111111,2.056717404570343,59,31573.0,0.0928439046103672,59,31573.0
14870.0,68,10667.0,111.11458333333333,2.947496398168449,68,31763.0,0.1056290268633428,68,31763.0
14875.0,65,10933.0,113.88541666666667,2.609108131740612,65,31616.0,0.11235611608046296,65,31616.0
14880.0,64,11156.0,118.68085106382979,1.9859318560286616,64,31212.0,0.07484501514909522,64,31212.0
14885.0,63,11446.0,120.48421052631579,2.826037115696175,63,30828.0,0.12094642574707976,63,30828.0
14890.0,61,11697.0,125.7741935483871,2.2813086053841025,61,30807.0,0.08955887334723178,61,30807.0
14895.0,65,12004.0,133.37777777777777,2.244170485469029,65,30969.0,0.09391406793698685,65,30969.0
14900.0,68,12339.0,134.1195652173913,2.2246598234413626,68,31173.0,0.05439486009729736,68,31173.0
14905.0,74,12703.0,138.07608695652175,2.2498837149207076,74,31407.0,0.09095646608803538,74,31407.0
14910.0,76,13081.0,140.65591397849462,1.8236645043550719,76,31655.0,0.08337410492879983,76,31655.0
14915.0,80,13471.0,149.67777777777778,1.1833250041757142,80,31915.0,0.048335618198582446,80,31915.0
14920.0,82,13878.0,147.63829787234042,1.5037936276217698,82,32192.0,0.05537481405564482,82,32192.0
14925.0,84,14291.0,153.66666666666666,1.1898772362746846,84,32475.0,0.039811816469704726,84,32475.0
14930.0,79,14114.0,148.56842105263158,1.1817890054625748,79,32507.0,0.06882877296589196,79,32507.0
14935.0,72,13631.0,145.01063829787233,1.3941436936201907,72,32322.0,0.05020923382964056,72,32322.0
14940.0,69,13646.0,139.24489795918367,2.4231456508155764,69,31972.0,0.07463316469788832,69,31972.0
14945.0,61,13865.0,138.65,2.591003856424669,61,32139.0,0.1227048537160603,61,32139.0
14950.0,67,14171.0,141.71,2.5535858910947153,67,32293.0,0.1075381699878064,67,32293.0
14955.0,74,14525.0,148.21428571428572,2.419873043970379,74,32506.0,0.062303744478561254,74,32506.0
14960.0,80,14915.0,153.76288659793815,2.027026607658484,80,32766.0,0.0507201095328439,80,32766.0
14965.0,82,15322.0,161.2842105263158,1.8352887182026876,82,33043.0,0.06567779600317708,82,33043.0
14970.0,78,15263.0,162.37234042553192,1.184877261165223,78,32977.0,0.06152793068650219,78,32977.0
14975.0,72,15038.0,163.45652173913044,1.6652704964398226,72,32601.0,0.07125972245809839,72,32601.0
14980.0,67,15027.0,147.3235294117647,3.0447790808892012,67,32067.0,0.12596743644887595,67,32067.0
14985.0,67,15168.0,154.77551020408163,2.4094334674075553,67,32247.0,0.09272556850330793,67,32247.0
14990.0,69,15500.0,159.79381443298968,2.337386161856616,69,32423.0,0.11648098973059447,69,32423.0
14995.0,74,15859.0,165.19791666666666,2.2047250084503456,74,32650.0,0.0555000732894362,74,32650.0
15000.0,79,16245.0,169.21875,2.0883197991429685,79,32906.0,0.0591690707068658,79,32906.0
15005.0,80,16644.0,182.9010989010989,1.3691111814859411,80,33175.0,0.04918820030941224,80,33175.0
15010.0,82,17052.0,185.34782608695653,1.4019091276939348,82,33453.0,0.05093171438515028,82,33453.0
15015.0,82,17462.0,181.89583333333334,1.8778767703881254,82,33733.0,0.09517574589252772,82,33733.0
15020.0,85,17878.0,182.42857142857142,1.5344284666399017,85,34019.0,0.07342045801061929,85,34019.0
15025.0,82,17837.0,182.01020408163265,1.3015752946909802,82,33995.0,0.06592198593175878,82,33995.0
15030.0,76,17492.0,173.1881188118812,1.8788385490387403,76,33698.0,0.07743868711829927,76,33698.0
15035.0,72,17357.0,173.57,2.6292469578228985,72,33372.0,0.09261725635815965,72,33372.0
15040.0,58,17426.0,177.81632653061226,2.0564445042355812,58,33435.0,0.09696706798642268,58,33435.0
15045.0,65,17740.0,179.1919191919192,2.5903709092444234,65,33591.0,0.10637590813439907,65,33591.0
15050.0,72,18087.0,177.3235294117647,2.8686281020024165,72,33808.0,0.12449354724260639,72,33808.0
15055.0,78,18466.0,186.5252525252525,2.0376565236766773,78,34057.0,0.06675350928536135,78,34057.0
15060.0,85,18883.0,196.69791666666666,1.365432765675381,85,34344.0,0.06288304816337478,85,34344.0
15065.0,86,19313.0,201.17708333333334,1.11556586716354,86,34644.0,0.046291182094320545,86,34644.0
15070.0,82,19576.0,199.75510204081633,1.4288654681704573,82,34706.0,0.06559744040777066,82,34706.0
15075.0,73,19711.0,197.11,1.9931028980661358,73,34550.0,0.08384241362164957,73,34550.0
15080.0,70,19888.0,202.9387755102041,2.4548524510589247,70,34268.0,0.0806246693031813,70,34268.0
15085.0,64,20150.0,197.54901960784315,2.7585684701823006,64,34450.0,0.13949544471339767,64,34450.0
15090.0,67,20478.0,206.84848484848484,2.373622773983746,67,34630.0,0.09612296807234126,67,34630.0
15095.0,78,20849.0,208.49,2.035091038835237,78,34871.0,0.043516300836443346,78,34871.0
15100.0,78,21183.0,216.1530612244898,1.929985854695002,78,34989.0,0.06452406762666608,78,34989.0
15105.0,69,21455.0,221.18556701030928,2.006053261727277,69,34985.0,0.07202702792176283,69,34985.0
15110.0,70,21788.0,226.95833333333334,2.632694111641526,70,34997.0,0.09039924743884718,70,34997.0
15115.0,69,21369.0,222.59375,2.257458878442536,69,34792.0,0.09326662647247573,69,34792.0
15120.0,67,20779.0,225.8586956521739,2.14721223564103,67,34191.0,0.06469353621496407,67,34191.0
15125.0,66,20434.0,210.659793814433,3.161808354627121,66,33604.0,0.12319270929145607,66,33604.0
15130.0,59,20266.0,220.2826086956522,2.3294077858042765,59,33744.0,0.09211010225833516,59,33744.0
15135.0,58,20398.0,219.33333333333334,2.7004382074184154,58,33822.0,0.1262949029055924,58,33822.0
15140.0,63,20706.0,225.06521739130434,2.777995575213056,63,33937.0,0.0867463098325655,63,33937.0
15145.0,67,21032.0,226.1505376344086,2.962330231593174,67,34130.0,0.09458827030239678,67,34130.0
15150.0,71,21380.0,240.22471910112358,2.4922231098989274,71,34348.0,0.07082260827419828,71,34348.0
15155.0,69,21507.0,250.08139534883722,1.3439665141560928,69,34451.0,0.05181065098970048,69,34451.0
15160.0,62,21599.0,245.4431818181818,2.4793509016495787,62,34460.0,0.13003479063361492,62,34460.0
15165.0,64,21915.0,238.20652173913044,3.0829284443909613,64,34450.0,0.11717834675424373,64,34450.0
15170.0,65,22184.0,246.48888888888888,2.2001379445630493,65,34618.0,0.0783762994535203,65,34618.0
15175.0,68,22516.0,252.98876404494382,2.4387292099641398,68,34793.0,0.09615083139528079,68,34793.0
15180.0,68,22856.0,265.7674418604651,2.390713052479754,68,35001.0,0.05023525576802169,68,35001.0
15185.0,70,23205.0,263.6931818181818,2.5451833346042627,70,35220.0,0.0796768909282646,70,35220.0
15190.0,70,23555.0,287.2560975609756,1.7173158147618972,70,35440.0,0.06337255137708148,70,35440.0
15195.0,66,23765.0,270.0568181818182,2.147832829014698,66,35577.0,0.13152379359540542,66,35577.0
15200.0,67,24051.0,279.66279069767444,2.074240154355446,67,35673.0,0.09643990476771507,67,35673.0
15205.0,71,24394.0,265.1521739130435,2.583116892356577,71,35849.0,0.07964796515755378,71,35849.0
15210.0,68,24278.0,275.8863636363636,2.2122574808926747,68,35659.0,0.0794259353641223,68,35659.0
15215.0,59,23941.0,272.0568181818182,2.542745290178293,59,35094.0,0.09742150465414492,59,35094.0
15220.0,57,23803.0,276.77906976744185,3.2343481950818997,57,34367.0,0.12099084225845212,57,34367.0
15225.0,52,23748.0,286.12048192771084,2.584947234816279,52,34458.0,0.10661791326324317,52,34458.0
15230.0,47,23844.0,280.5176470588235,3.0599504035952703,47,34489.0,0.15714956269168062,47,34489.0
15235.0,53,24102.0,280.25581395348837,3.5013904328238135,53,34541.0,0.143823898042308,53,34541.0
15240.0,53,24310.0,289.4047619047619,2.5561407984287388,53,34636.0,0.09694365073771334,53,34636.0
15245.0,64,24609.0,296.49397590361446,2.155843823570654,64,34788.0,0.06921531138657668,64,34788.0
15250.0,70,24948.0,304.2439024390244,1.9042356731779295,70,34997.0,0.05571329444522956,70,34997.0
15255.0,67,25221.0,315.2625,1.2157880301083925,67,35176.0,0.039671819827483246,67,35176.0
15260.0,59,25462.0,314.34567901234567,2.218802399896631,59,35307.0,0.10555717390517416,59,35307.0
15265.0,60,25759.0,303.0470588235294,3.0802663467542364,60,35417.0,0.10785463657171529,60,35417.0
15270.0,61,26061.0,299.55172413793105,3.502698454911412,61,35575.0,0.13196820910665244,61,35575.0
15275.0,64,26376.0,325.6296296296296,2.2859742215582086,64,35760.0,0.060402266105266465,64,35760.0
15280.0,67,26707.0,321.7710843373494,2.418007118285075,67,35961.0,0.07793687389542375,67,35961.0
15285.0,61,26687.0,346.5844155844156,1.8305218275563933,61,35809.0,0.08239638644523194,61,35809.0
15290.0,54,26575.0,324.0853658536585,2.6940097260395337,54,35347.0,0.11126299938913159,54,35347.0
15295.0,53,26578.0,336.43037974683546,3.322723360933012,53,34798.0,0.11354501383710798,53,34798.0
15300.0,48,26641.0,341.55128205128204,2.5847906998131855,48,34905.0,0.09913267536809024,48,34905.0
15305.0,52,26895.0,340.44303797468353,3.120627413429844,52,35016.0,0.1466888333850701,52,35016.0
15310.0,55,27166.0,335.38271604938274,2.9187283187694915,55,35156.0,0.09634529167114496,55,35156.0
15315.0,62,27465.0,352.11538461538464,2.191618686995094,62,35325.0,0.08060279887861965,62,35325.0
15320.0,65,27786.0,360.85714285714283,1.9077032761311907,65,35516.0,0.09384256034613885,65,35516.0
15325.0,67,28115.0,365.12987012987014,1.7259237334145816,67,35715.0,0.07921024507327674,67,35715.0
15330.0,67,28450.0,355.625,2.0771646687984475,67,35920.0,0.07186838166623537,67,35920.0
15335.0,62,28402.0,364.12820512820514,1.7654301601635205,62,35972.0,0.05872396129833856,62,35972.0
15340.0,55,28481.0,339.0595238095238,2.850803263552281,55,35899.0,0.14494500683689898,55,35899.0
15345.0,60,28769.0,346.6144578313253,3.176322939875812,60,35873.0,0.10858886028462468,60,35873.0
15350.0,59,29037.0,337.63953488372096,2.5235543038195556,59,36022.0,0.08499865972991018,59,36022.0
15355.0,63,29348.0,362.320987654321,2.704646839113687,63,36192.0,0.08544572736926037,63,36192.0
15360.0,64,29665.0,366.2345679012346,2.5865443404354123,64,36379.0,0.08255755498815329,64,36379.0
15365.0,65,29988.0,379.59493670886076,2.2479738075929556,65,36572.0,0.07820112948480588,65,36572.0
15370.0,65,30313.0,383.7088607594937,1.974381291549615,65,36767.0,0.08500225437583164,65,36767.0
15375.0,62,30512.0,376.69135802469134,2.1636415690383206,62,36896.0,0.12767590471702592,62,36896.0
15380.0,61,30788.0,362.21176470588233,2.7384058821305217,61,36983.0,0.1288359510556675,61,36983.0
15385.0,68,31113.0,366.0352941176471,2.5032848522266495,68,37153.0,0.07808931123228943,68,37153.0
15390.0,68,31453.0,370.0352941176471,2.0235849304553746,68,37363.0,0.08496207177634613,68,37363.0
15395.0,72,31808.0,392.69135802469134,1.3694234309739526,72,37588.0,0.07241637376525956,72,37588.0
15400.0,68,32050.0,390.8536585365854,0.9247127578691707,68,37763.0,0.05840244852217545,68,37763.0
15405.0,64,32332.0,384.9047619047619,1.9944791147603467,64,37896.0,0.09747493450093511,64,37896.0
15410.0,65,32654.0,354.9347826086956,2.883695903803486,65,38048.0,0.12207284281594462,65,38048.0
15415.0,68,32988.0,362.5054945054945,3.0415679436138237,68,38248.0,0.11035733849315661,68,38248.0
15420.0,64,32627.0,366.59550561797755,2.4549101675845306,64,38066.0,0.07613976406526153,64,38066.0
15425.0,58,32029.0,372.43023255813955,2.65558689243024,58,37530.0,0.10650017452910218,58,37530.0
15430.0,55,31853.0,374.74117647058824,3.163381034508946,55,36814.0,0.11305828855332371,55,36814.0
15435.0,53,31789.0,378.4404761904762,2.6996779726594267,53,36928.0,0.11864454527938025,53,36928.0
15440.0,54,31997.0,405.0253164556962,2.518837745850928,54,37032.0,0.10756236194447702,54,37032.0
15445.0,58,32275.0,379.70588235294116,3.2808253350931795,58,37174.0,0.1241095541062368,58,37174.0
15450.0,62,32578.0,387.8333333333333,2.8925495322089483,62,37347.0,0.1074023124528872,62,37347.0
15455.0,68,32901.0,406.18518518518516,1.6644124416540589,68,37540.0,0.04799499542668254,68,37540.0
15460.0,70,33247.0,415.5875,1.5744848796137698,70,37756.0,0.07039019652156739,70,37756.0
15465.0,70,33597.0,404.7831325301205,1.68608622872693,70,37976.0,0.06115913137754161,70,37976.0
15470.0,66,33594.0,409.6829268292683,1.7638989617576404,66,38058.0,0.079095682563788,66,38058.0
15475.0,59,33718.0,406.2409638554217,2.1977120217236275,59,38016.0,0.1049585994729679,59,38016.0
15480.0,62,34024.0,414.9268292682927,2.589179250742423,62,38026.0,0.08811793402382932,62,38026.0
15485.0,60,34300.0,376.9230769230769,2.767219924273112,60,38184.0,0.10766374372239532,60,38184.0
15490.0,64,34613.0,407.21176470588233,2.475005339243674,64,38355.0,0.0841212229738312,64,38355.0
15495.0,68,34947.0,406.36046511627904,2.7172006926004446,68,38559.0,0.08706062214710387,68,38559.0
15500.0,62,35210.0,429.390243902439,2.443403386788665,62,38717.0,0.0829833701671278,62,38717.0
15505.0,63,35522.0,427.9759036144578,2.5357491591777657,63,38861.0,0.08712374352303565,63,38861.0
15510.0,66,35849.0,448.1125,2.2977960800762136,66,39058.0,0.07754789221077824,66,39058.0
15515.0,61,35703.0,446.2875,1.6778059480566347,61,38884.0,0.07445301614279683,61,38884.0
15520.0,56,35375.0,431.4024390243902,2.6871953660715246,56,38170.0,0.1281806514826147,56,38170.0
15525.0,55,35359.0,415.98823529411766,3.288095157653466,55,37742.0,0.1321644351678467,55,37742.0
15530.0,51,35274.0,424.9879518072289,2.6997411797050366,51,37831.0,0.11324440074284516,51,37831.0
15535.0,50,35460.0,432.4390243902439,2.972770084517512,50,37873.0,0.13661084119959108,50,37873.0
15540.0,54,35721.0,446.5125,3.030705846282289,54,37953.0,0.0872005723530676,54,37953.0
15545.0,59,36009.0,450.1125,3.1118982552451464,59,38110.0,0.12621712860073026,59,38110.0
15550.0,60,36308.0,471.53246753246754,2.672378836377197,60,38279.0,0.07136022784649494,60,38279.0
15555.0,62,36615.0,446.5243902439024,3.106230075175967,62,38456.0,0.13337142363813398,62,38456.0
15560.0,63,36926.0,479.5584415584416,2.1394936265838753,63,38637.0,0.1006618375832956,63,38637.0
15565.0,60,37031.0,462.8875,1.958101017496476,60,38728.0,0.11043154585272749,60,38728.0
15570.0,62,37303.0,478.2435897435897,2.337190363890753,62,38770.0,0.10066847824708838,62,38770.0
15575.0,62,37613.0,470.1625,2.419456320820384,62,38934.0,0.04133497509067652,62,38934.0
15580.0,66,37935.0,474.1875,2.1891459865816087,66,39132.0,0.07574294423718658,66,39132.0
15585.0,60,38175.0,489.4230769230769,1.7073420607125747,60,39330.0,0.07862188395375826,60,39330.0
15590.0,59,38453.0,468.9390243902439,2.7095228106140574,59,39531.0,0.1511824099235069,59,39531.0
15595.0,61,38752.0,461.3333333333333,3.2558740208814023,61,39788.0,0.12034491923551457,61,39788.0
15600.0,63,39063.0,476.3780487804878,2.752801356078762,63,40049.0,0.06940533445203907,63,40049.0
15605.0,66,39387.0,486.25925925925924,2.5000674747470026,66,40293.0,0.09414393887458622,66,40293.0
15610.0,61,39240.0,509.61038961038963,1.6856288226980785,61,40147.0,0.07744503557232127,61,40147.0
15615.0,55,38963.0,499.52564102564105,2.399865064249494,55,39653.0,0.0938947544508657,55,39653.0
15620.0,54,38918.0,486.475,3.564814439019891,54,39021.0,0.13030502178872008,54,39021.0
15625.0,46,38944.0,492.9620253164557,2.8993679175279445,46,39055.0,0.12462481469868804,46,39055.0
15630.0,52,39194.0,489.925,3.1812939613932705,52,39093.0,0.15871270589391753,52,39093.0
15635.0,55,39460.0,505.8974358974359,2.8196128552405155,55,39169.0,0.09215547924462306,55,39169.0
15640.0,62,39752.0,496.9,2.5863155525122377,62,39272.0,0.07534336078625355,62,39272.0
15645.0,64,40071.0,541.5,1.57553661728797,64,39401.0,0.06568912915266126,64,39401.0
15650.0,61,40262.0,522.8831168831168,1.5531093838485663,61,39317.0,0.08557521356805282,61,39317.0
15655.0,58,40453.0,532.2763157894736,2.055910339851062,58,39071.0,0.08311087101977402,58,39071.0
15660.0,58,40668.0,508.35,2.5677262548162845,58,38818.0,0.07356761997515936,58,38818.0
15665.0,54,40894.0,504.8641975308642,2.6924127676951275,54,38889.0,0.14161806217960698,54,38889.0
15670.0,56,41156.0,508.0987654320988,2.518798889285369,56,38935.0,0.11967285627608688,56,38935.0
15675.0,61,41455.0,505.5487804878049,2.992216198974405,61,39035.0,0.08381483618161861,61,39035.0
15680.0,64,41773.0,522.1625,2.3475460253229667,64,39163.0,0.05457844722481875,64,39163.0
15685.0,66,42100.0,539.7435897435897,2.0103786593069755,66,39300.0,0.07782017930685685,66,39300.0
15690.0,66,42430.0,551.038961038961,1.7156078623245972,66,39440.0,0.0806012840815518,66,39440.0
15695.0,61,42203.0,555.3026315789474,1.7079702773442,61,39367.0,0.06593998217540527,61,39367.0
15700.0,52,41990.0,499.8809523809524,3.256839106048092,52,39042.0,0.16486130300944735,52,39042.0
15705.0,52,42192.0,514.5365853658536,3.199518058906472,52,38820.0,0.1273738302530125,52,38820.0
15710.0,53,42432.0,499.2,2.8386663223582347,53,38881.0,0.12150998132853015,53,38881.0
15715.0,60,42719.0,533.9875,2.67610014975394,60,38967.0,0.09271461366091499,60,38967.0
15720.0,63,43029.0,537.8625,2.7523501336253298,63,39087.0,0.05771725376485152,63,39087.0
15725.0,64,43349.0,562.974025974026,2.3610094338524275,64,39217.0,0.08174667980051512,64,39217.0
15730.0,65,43670.0,590.1351351351351,1.3850384038763492,65,39348.0,0.07376266499888127,65,39348.0
15735.0,61,43853.0,548.1625,2.36647726567898,61,39351.0,0.12926637599926807,61,39351.0
15740.0,53,43995.0,536.5243902439024,2.9762374430149876,53,39227.0,0.143175967221837,53,39227.0
15745.0,59,44275.0,533.433734939759,3.1808951801101126,59,39212.0,0.11340895010097696,59,39212.0
15750.0,57,44538.0,536.6024096385543,2.3979943497749123,57,39299.0,0.09051803085866283,57,39299.0
15755.0,60,44836.0,574.8205128205128,2.3827117001607965,60,39393.0,0.08755083119167349,60,39393.0
15760.0,62,45142.0,571.4177215189874,2.7700425017578025,62,39509.0,0.08892700138927953,62,39509.0
15765.0,62,45452.0,582.7179487179487,2.6001586635701446,62,39629.0,0.07642722008087857,62,39629.0
15770.0,58,45662.0,563.7283950617284,2.7744456700055062,58,39690.0,0.14723644107939013,58,39690.0
15775.0,58,45940.0,588.974358974359,2.305358032500533,58,39726.0,0.10915229785254124,58,39726.0
15780.0,63,46249.0,578.1125,2.472558748494227,63,39839.0,0.07255948579118554,63,39839.0
15785.0,60,46526.0,581.575,2.0218474179446315,60,39942.0,0.08527740165366388,60,39942.0
15790.0,60,46826.0,608.1298701298701,2.264838340423628,60,40036.0,0.07765557404407547,60,40036.0
15795.0,61,47128.0,589.1,2.7769223393771485,61,40148.0,0.08213385409605574,61,40148.0
15800.0,62,47438.0,624.1842105263158,2.2053673151612365,62,40268.0,0.08244040422662414,62,40268.0
15805.0,60,47726.0,604.126582278481,2.410361447047653,60,40366.0,0.12854447676295477,60,40366.0
15810.0,63,48036.0,615.8461538461538,1.9136197254837997,63,40486.0,0.08682031077583442,63,40486.0
15815.0,69,48368.0,597.1358024691358,1.6486463235830116,69,40628.0,0.06532824707893466,69,40628.0
15820.0,65,48662.0,608.275,1.3890848503041784,65,40758.0,0.059599787749630054,65,40758.0
15825.0,64,48976.0,590.0722891566265,2.276852851185726,64,40862.0,0.09025608738143909,64,40862.0
15830.0,65,49297.0,593.9397590361446,2.6966209102306733,65,40987.0,0.07764765332416647,65,40987.0
15835.0,66,49625.0,597.8915662650602,2.550035929861556,66,41125.0,0.08112176074232409,66,41125.0
15840.0,65,49939.0,648.5584415584416,1.5421309373176957,65,41249.0,0.055440420906416314,65,41249.0
15845.0,67,50266.0,598.4047619047619,1.970654817208788,67,41386.0,0.09653521613728983,67,41386.0
15850.0,73,50617.0,609.843373493976,1.449142361661736,73,41547.0,0.06539364612398639,73,41547.0
15855.0,70,49913.0,580.3837209302326,1.3348976735152567,70,41269.0,0.07526448223181982,70,41269.0
15860.0,63,48795.0,574.0588235294117,2.049686880593093,63,40593.0,0.0916526097614225,63,40593.0
15865.0,58,48420.0,532.0879120879121,3.236914290177959,58,39697.0,0.12574822280040346,58,39697.0
15870.0,53,40745.0,473.77906976744185,2.939456138588636,53,37713.0,0.12948917492023995,53,37713.0
15875.0,50,29477.0,350.9166666666667,2.759247456744196,50,33804.0,0.12168163104937242,50,33804.0
15880.0,48,18277.0,207.6931818181818,3.3563435115501234,48,27947.0,0.1269232575647294,48,27947.0
15885.0,42,6845.0,77.7840909090909,3.108785439423622,42,27969.0,0.1554403914806807,42,27969.0
15890.0,40,457.0,5.313953488372093,3.0057433316046827,40,27866.0,0.12574513036428808,40,27866.0
15895.0,44,604.0,6.711111111111111,3.8323199687070066,44,27820.0,0.16673406677436337,44,27820.0
15900.0,50,831.0,9.337078651685394,3.218371481876238,50,27839.0,0.11757246676817297,50,27839.0
15905.0,58,1104.0,11.870967741935484,3.7287669630492686,58,27932.0,0.14191864799157106,58,27932.0
15910.0,65,1415.0,15.898876404494382,2.7841248775060152,65,28105.0,0.06450905945813523,65,28105.0
15915.0,71,1765.0,18.978494623655912,2.926648045961724,71,28325.0,0.12152006108231536,71,28325.0
15920.0,72,2122.0,24.113636363636363,2.073576466342638,72,28552.0,0.08160522924368406,72,28552.0
15925.0,71,2136.0,23.733333333333334,1.9036358644554718,71,28647.0,0.10142762870103585,71,28647.0
15930.0,65,2298.0,26.413793103448278,2.125298390942695,65,28638.0,0.10045270393682551,65,28638.0
15935.0,68,2633.0,29.584269662921347,2.492991516054774,68,28682.0,0.06828261628916278,68,28682.0
15940.0,67,2931.0,32.93258426966292,2.278096171636972,67,28873.0,0.0806709105156842,67,28873.0
15945.0,67,3260.0,37.906976744186046,2.420077428390584,67,29054.0,0.09009746493301796,67,29054.0
15950.0,69,3598.0,39.53846153846154,3.040470307317096,69,29257.0,0.10537142062061357,69,29257.0
15955.0,64,3870.0,43.48314606741573,2.6102380101692644,64,29426.0,0.1051427003718447,64,29426.0
15960.0,70,4205.0,49.470588235294116,1.8510707954532437,70,29595.0,0.0626682482087359,70,29595.0
15965.0,71,4559.0,52.40229885057471,2.1863835427096574,71,29819.0,0.08361475963036567,71,29819.0
15970.0,67,4324.0,50.870588235294115,1.7388740528899074,67,29578.0,0.07908263323851293,67,29578.0
15975.0,60,3761.0,45.31325301204819,1.7179699639821833,60,28948.0,0.06658283722607282,60,28948.0
15980.0,58,3603.0,41.41379310344828,3.1381328955228542,58,28130.0,0.1212232218600914,58,28130.0
15985.0,55,3575.0,40.625,3.6020127548710366,55,27780.0,0.15181485272253922,55,27780.0
15990.0,52,3620.0,42.093023255813954,3.263174542251741,52,27655.0,0.15159099267590778,52,27655.0
15995.0,48,3749.0,45.16867469879518,2.767769701470082,48,27675.0,0.10651654375510909,48,27675.0
16000.0,55,4000.0,47.05882352941177,3.369050243261116,55,27701.0,0.13497800685345887,55,27701.0
16005.0,57,4279.0,52.82716049382716,3.201859580355891,57,27825.0,0.10094870844977871,57,27825.0
16010.0,61,4577.0,56.50617283950617,3.0463229233748588,61,27992.0,0.10306492259187636,61,27992.0
16015.0,61,4882.0,63.4025974025974,2.6541768705708133,61,28167.0,0.08615158696818653,61,28167.0
16020.0,57,4983.0,66.44,1.6512364101382677,57,28248.0,0.06786911991189586,57,28248.0
16025.0,57,5237.0,68.01298701298701,2.8278698055109395,57,28292.0,0.15163010376251937,57,28292.0
16030.0,61,5531.0,68.28395061728395,2.628529913561708,61,28426.0,0.08493057473457827,61,28426.0
16035.0,60,5780.0,73.16455696202532,1.8920607030295118,60,28581.0,0.06373345132333308,60,28581.0
16040.0,59,6064.0,77.74358974358974,2.4779372848096792,59,28703.0,0.10287397547459393,59,28703.0
16045.0,59,6359.0,80.49367088607595,3.0601869781499222,59,28864.0,0.10143663125969396,59,28864.0
16050.0,61,6661.0,85.3974358974359,2.8155429950061386,61,29036.0,0.09115335759511485,61,29036.0
16055.0,62,6967.0,96.76388888888889,1.6439709728144596,62,29212.0,0.06254908216777123,62,29212.0
16060.0,57,7195.0,91.07594936708861,2.4403872767511694,57,29340.0,0.1516426986461412,57,29340.0
16065.0,62,7493.0,97.31168831168831,2.0724512907541226,62,29478.0,0.08956727721991181,62,29478.0
16070.0,66,7816.0,94.16867469879519,2.1549888024683264,66,29671.0,0.08115813393931687,66,29671.0
16075.0,63,8094.0,102.45569620253164,1.8069103063723735,63,29846.0,0.08614738063153125,63,29846.0
16080.0,61,8394.0,106.25316455696202,2.120819323478002,61,29994.0,0.10321859483906055,61,29994.0
16085.0,63,8704.0,107.45679012345678,2.7758385952573894,63,30169.0,0.08183392900069819,63,30169.0
16090.0,57,8434.0,102.85365853658537,2.83458588977749,57,29980.0,0.10850930227310325,57,29980.0
16095.0,52,7970.0,99.625,2.8288100309008817,52,29489.0,0.14515234059805368,52,29489.0
16100.0,50,7879.0,94.92771084337349,3.7481273309977814,50,28878.0,0.15721649245468014,50,28878.0
16105.0,47,7927.0,97.8641975308642,3.1142428650719576,47,28972.0,0.13798168487398865,47,28972.0
16110.0,52,8165.0,104.67948717948718,2.890256965823479,52,29064.0,0.14528974281885354,52,29064.0
16115.0,56,8436.0,109.55844155844156,2.7725276388275026,56,29201.0,0.06529771097610573,56,29201.0
16120.0,60,8729.0,113.36363636363636,2.593484559926057,60,29364.0,0.09477254382830928,60,29364.0
16125.0,56,8917.0,122.15068493150685,2.082513650757457,56,29306.0,0.0835551378802775,56,29306.0
16130.0,52,9088.0,115.0379746835443,3.6592560662352422,52,29098.0,0.18039564527975044,52,29098.0
16135.0,51,9302.0,119.25641025641026,3.3829126380560846,51,28905.0,0.144899375565311,51,28905.0
16140.0,52,9531.0,125.40789473684211,2.62386808430932,52,29016.0,0.11351533561901829,52,29016.0
16145.0,56,9805.0,129.01315789473685,2.5545301276368146,56,29148.0,0.10968851899781121,56,29148.0
16150.0,59,10095.0,136.4189189189189,2.254204349931342,59,29308.0,0.046855990942821175,59,29308.0
16155.0,61,10398.0,138.64,2.372857653168913,61,29481.0,0.08460941343605925,61,29481.0
16160.0,61,10703.0,150.74647887323943,1.6503465725406818,61,29656.0,0.07277031540680713,61,29656.0
16165.0,57,10587.0,139.30263157894737,2.082115379832556,57,29666.0,0.11133870130402945,57,29666.0
16170.0,49,10574.0,137.32467532467533,3.234480459869466,49,29545.0,0.1605997516976382,49,29545.0
16175.0,49,10819.0,136.9493670886076,3.2638333994645405,49,29430.0,0.12312157480933529,49,29430.0
16180.0,53,11049.0,141.65384615384616,2.518164466088025,53,29541.0,0.08538834977374218,53,29541.0
16185.0,57,11330.0,149.07894736842104,2.6615245799802,57,29681.0,0.10516242010122419,57,29681.0
16190.0,59,11619.0,154.92,2.774053652576428,59,29840.0,0.08438626425719549,59,29840.0
16195.0,59,11914.0,158.85333333333332,2.5890289635972046,59,30005.0,0.08577367761758989,59,30005.0
16200.0,55,12093.0,175.2608695652174,1.5520426116681718,55,30090.0,0.06667162196982541,55,30090.0
16205.0,53,12329.0,160.11688311688312,3.184958297624673,53,30139.0,0.1668486703821809,53,30139.0
16210.0,57,12607.0,165.8815789473684,2.808648111376283,57,30260.0,0.0926586975008001,57,30260.0
16215.0,58,12855.0,162.72151898734177,2.515448592680479,58,30402.0,0.08874942587708765,58,30402.0
16220.0,56,13132.0,177.45945945945945,2.6842442553507304,56,30529.0,0.0944641424451052,56,30529.0
16225.0,57,13413.0,174.19480519480518,3.1209233569431314,57,30676.0,0.09553741121117619,57,30676.0
16230.0,58,13702.0,190.30555555555554,2.485174989487102,58,30835.0,0.08455409835322897,58,30835.0
16235.0,55,13950.0,199.28571428571428,2.0972199596989203,55,30962.0,0.127312598577067,55,30962.0
16240.0,58,14231.0,192.3108108108108,2.5870788178159048,58,31104.0,0.13511905716720876,58,31104.0
16245.0,62,14529.0,186.26923076923077,2.0961711164639243,62,31272.0,0.0909991440736477,62,31272.0
16250.0,61,14799.0,194.72368421052633,1.5725613826146527,61,31439.0,0.0775930250637437,61,31439.0
16255.0,60,15092.0,191.0379746835443,2.2465541129095374,60,31582.0,0.09943647157374019,60,31582.0
16260.0,60,15392.0,197.33333333333334,2.6825189159891374,60,31745.0,0.06625794249723324,60,31745.0
16265.0,62,15697.0,196.2125,2.937107762604268,62,31920.0,0.1023886091264944,62,31920.0
16270.0,62,16007.0,216.3108108108108,2.0499137900089592,62,32100.0,0.07410766792822121,62,32100.0
16275.0,59,16267.0,198.3780487804878,2.752668309829901,59,32243.0,0.14800258459279617,59,32243.0
16280.0,64,16576.0,212.51282051282053,1.9377321001193992,64,32409.0,0.08541366952805102,64,32409.0
16285.0,67,16908.0,201.28571428571428,1.9707494693532173,67,32611.0,0.07497513958493869,67,32611.0
16290.0,65,17198.0,214.975,1.6668870165201461,65,32799.0,0.0796774009716489,65,32799.0
16295.0,63,17507.0,216.1358024691358,2.3361767600844834,63,32953.0,0.08024612399663905,63,32953.0
16300.0,65,17825.0,214.75903614457832,2.890991570221668,65,33138.0,0.07950390364720754,65,33138.0
16305.0,65,18150.0,226.875,2.4960573336886513,65,33333.0,0.09360640285208484,65,33333.0
16310.0,63,18452.0,222.3132530120482,2.3786858745122608,63,33505.0,0.12619906341532475,63,33505.0
16315.0,67,18777.0,228.9878048780488,1.975945317150426,67,33700.0,0.0957658415607672,67,33700.0
16320.0,72,19125.0,230.42168674698794,1.5321030289761488,72,33918.0,0.05984286627871619,72,33918.0
16325.0,68,19443.0,231.46428571428572,1.333239801362698,68,34126.0,0.07212988031864762,68,34126.0
16330.0,68,19777.0,232.6705882352941,2.149767058998731,68,34317.0,0.08591830543623305,68,34317.0
16335.0,70,20120.0,233.95348837209303,2.37662621342861,70,34523.0,0.07188932722743395,70,34523.0
16340.0,70,20470.0,240.8235294117647,2.3009143211674834,70,34743.0,0.07218988096005989,70,34743.0
16345.0,67,20777.0,247.3452380952381,2.0817492957665036,67,34929.0,0.09834893559968935,67,34929.0
16350.0,70,21118.0,245.5581395348837,1.701054339752846,70,35131.0,0.08172490677022054,70,35131.0
16355.0,75,21485.0,249.82558139534885,1.4274720120052802,75,35368.0,0.03591816315841227,75,35368.0
16360.0,72,20584.0,228.7111111111111,1.773164789177489,72,35085.0,0.0775151205412176,72,35085.0
16365.0,63,19149.0,222.6627906976744,1.8896473727909107,63,34351.0,0.07091868952000152,63,34351.0
16370.0,60,18554.0,203.8901098901099,3.1293271409098344,60,33357.0,0.12265295734458016,60,33357.0
16375.0,51,18296.0,212.74418604651163,2.7381769129641427,51,33453.0,0.1337306973984205,51,33453.0
16380.0,50,18353.0,218.48809523809524,2.5117235457077123,50,33476.0,0.11423014862465437,50,33476.0
16385.0,56,18619.0,211.57954545454547,3.406044013279521,56,33562.0,0.14310046002989252,56,33562.0
16390.0,56,18826.0,211.52808988764045,2.723067811296259,56,33354.0,0.10516322768093032,56,33354.0
16395.0,59,19012.0,226.33333333333334,2.487315482756688,59,32877.0,0.10210782083797308,59,32877.0
16400.0,56,19248.0,223.8139534883721,3.289589099090178,56,32338.0,0.12038804532787528,56,32338.0
16405.0,53,19428.0,234.0722891566265,2.6408580233611345,53,32450.0,0.11495230562908217,53,32450.0
16410.0,52,19647.0,239.59756097560975,2.5444317650554726,52,32535.0,0.11521022810432942,52,32535.0
16415.0,56,19921.0,249.0125,2.6962145227848957,56,32641.0,0.07390216941922682,56,32641.0
16420.0,61,20223.0,232.44827586206895,3.6376262689787495,61,32812.0,0.14002730381536693,61,32812.0
16425.0,61,20528.0,253.4320987654321,2.5780526970122177,61,32987.0,0.07828987223397818,61,32987.0
16430.0,61,20558.0,253.80246913580248,2.0230578692547714,61,33052.0,0.09887005110600267,61,33052.0
16435.0,59,20758.0,269.5844155844156,2.022982274396293,59,33049.0,0.09806265826473269,59,33049.0
16440.0,59,21053.0,259.91358024691357,2.9514222995808588,59,33127.0,0.11032508821683851,59,33127.0
16445.0,57,21299.0,266.2375,2.5112587341784014,57,33263.0,0.08434500426893303,57,33263.0
16450.0,57,21582.0,273.1898734177215,2.7248874526575206,57,33393.0,0.10218696134424998,57,33393.0
16455.0,59,21872.0,270.0246913580247,3.2906348748608707,59,33551.0,0.12394319154256095,59,33551.0
16460.0,59,22167.0,273.6666666666667,2.8376468335253784,59,33716.0,0.1385756418268126,59,33716.0
16465.0,58,18998.0,246.72727272727272,1.6572347286877016,58,31908.0,0.09248019588161599,58,31908.0
16470.0,53,13538.0,169.225,2.536453616795875,53,28144.0,0.11907711397182268,53,28144.0
16475.0,49,9215.0,116.64556962025317,3.338209456130931,49,22432.0,0.11999813975396277,49,22432.0
16480.0,40,4222.0,53.44303797468354,3.1393276939383736,40,22551.0,0.1424179776378556,40,22551.0
16485.0,37,1529.0,19.857142857142858,3.7300149231829174,37,22615.0,0.1836344939895332,37,22615.0
16490.0,45,1736.0,20.423529411764704,4.288444607280317,45,22739.0,0.20431883603290535,45,22739.0
16495.0,53,1980.0,22.75862068965517,3.274828225324661,53,22913.0,0.12003679905945926,53,22913.0
16500.0,61,2264.0,26.63529411764706,2.0531398369528673,61,23128.0,0.06233006396597905,61,23128.0
16505.0,64,2001.0,23.0,2.0223585706705682,64,23024.0,0.07755111549227041,64,23024.0
16510.0,59,1503.0,18.10843373493976,2.2583757701060136,59,22641.0,0.0781616581720821,59,22641.0
16515.0,57,1450.0,16.666666666666668,3.4481861379669456,57,22148.0,0.12581201103865622,57,22148.0
16520.0,53,1619.0,19.50602409638554,2.6337136027108032,53,22348.0,0.09661985326188834,53,22348.0
16525.0,61,1907.0,22.435294117647057,2.8405742977171182,61,22560.0,0.1271445439937792,61,22560.0
16530.0,64,2221.0,26.129411764705882,2.7167273670807703,64,22804.0,0.11559913295139865,64,22804.0
16535.0,70,2556.0,31.170731707317074,1.4909060804335124,70,23069.0,0.06717158224475628,70,23069.0
16540.0,73,2916.0,35.13253012048193,1.5872442181413684,73,23359.0,0.06098207809507455,73,23359.0
16545.0,74,3282.0,38.61176470588235,1.464830116682604,74,23655.0,0.04501698379500014,74,23655.0
16550.0,75,3657.0,43.535714285714285,1.3669733683642429,75,23960.0,0.06963279517754263,75,23960.0
16555.0,75,4032.0,46.3448275862069,1.4267565990755608,75,24265.0,0.0464843344960337,75,24265.0
16560.0,71,3780.0,44.470588235294116,1.386723597770485,71,24340.0,0.050415689696476695,71,24340.0
16565.0,62,3483.0,37.858695652173914,2.6745219048399833,62,24199.0,0.14186460383812838,62,24199.0
16570.0,60,3654.0,40.15384615384615,2.633824970948043,60,23996.0,0.09674720311912086,60,23996.0
16575.0,61,3935.0,41.421052631578945,2.552885418703075,61,24222.0,0.11423428287654254,61,24222.0
16580.0,67,4251.0,47.233333333333334,2.289244823332073,67,24454.0,0.07731803384338398,67,24454.0
16585.0,71,4601.0,50.56043956043956,2.487723604085579,71,24733.0,0.07762189729365229,71,24733.0
16590.0,73,4966.0,57.08045977011494,1.9822952448244002,73,25028.0,0.0703423139448713,73,25028.0
16595.0,69,5221.0,60.01149425287356,1.6703930186236164,69,25172.0,0.07367295741705218,69,25172.0
16600.0,62,5413.0,60.82022471910113,2.599993207369921,62,25177.0,0.12905760030305868,62,25177.0
16605.0,67,5737.0,61.68817204301075,2.6550783380599428,67,25306.0,0.09473014589322783,67,25306.0
16610.0,66,6030.0,65.54347826086956,2.1695356139316995,66,25556.0,0.07671803136596769,66,25556.0
16615.0,69,6360.0,69.89010989010988,2.362959254949624,69,25793.0,0.08533310630264343,69,25793.0
16620.0,70,6706.0,77.08045977011494,2.4341327200750604,70,26065.0,0.05036641735175061,70,26065.0
16625.0,71,7060.0,80.22727272727273,2.514851509615319,71,26349.0,0.08078608889810422,71,26349.0
16630.0,71,7415.0,90.42682926829268,1.436683710126673,71,26634.0,0.05266791273276856,71,26634.0
16635.0,67,7631.0,84.78888888888889,2.36462434808316,67,26841.0,0.1382483839399526,67,26841.0
16640.0,67,7919.0,91.02298850574712,2.0154876091750733,67,27000.0,0.09177705519564539,67,27000.0
16645.0,72,8272.0,88.94623655913979,2.427733955187015,72,27245.0,0.07834389621802808,72,27245.0
16650.0,69,8587.0,95.41111111111111,2.2159833065198726,69,27515.0,0.07999696135184683,69,27515.0
16655.0,67,8916.0,103.67441860465117,2.288594829491176,67,27755.0,0.08498667619926649,67,27755.0
16660.0,69,9254.0,106.36781609195403,2.6594392183759514,69,28017.0,0.07439632235673958,69,28017.0
16665.0,69,9599.0,114.27380952380952,2.2697687110312907,69,28292.0,0.09540608808795004,69,28292.0
16670.0,68,9923.0,114.05747126436782,2.088562477239102,68,28546.0,0.10247295979919827,68,28546.0
16675.0,73,10276.0,118.11494252873563,1.7549549224179948,73,28829.0,0.07776732119007998,73,28829.0
16680.0,77,10653.0,121.05681818181819,1.4790576016532795,77,29136.0,0.04546482071203301,77,29136.0
16685.0,72,10974.0,124.70454545454545,1.3494907267567282,72,29418.0,0.06714179388949872,72,29418.0
16690.0,71,11325.0,127.24719101123596,2.0732994908937896,71,29672.0,0.088803145986984,71,29672.0
16695.0,73,11682.0,129.8,2.358325182962946,73,29955.0,0.06635801774084125,73,29955.0
16700.0,69,10976.0,123.32584269662921,2.0711185876627742,69,29712.0,0.07952802589450711,69,29712.0
16705.0,61,9790.0,111.25,2.561240104015091,61,29002.0,0.10871939179714177,61,29002.0
16710.0,56,8956.0,99.5111111111111,2.970617904328639,56,27958.0,0.11030492650852008,56,27958.0
16715.0,48,8652.0,100.6046511627907,2.698566477081741,48,28126.0,0.12718291146376548,48,28126.0
16720.0,52,8728.0,100.32183908045977,3.1652113242183915,52,28272.0,0.15710912492251974,52,28272.0
16725.0,57,9001.0,105.89411764705882,2.922802357748715,57,28469.0,0.09481971255730992,57,28469.0
16730.0,64,9303.0,105.7159090909091,2.6475569188787618,64,28701.0,0.08691172406430948,64,28701.0
16735.0,67,9634.0,116.07228915662651,1.8293923503349006,67,28962.0,0.07499902452362095,67,28962.0
16740.0,72,9983.0,121.7439024390244,1.3623889283597723,72,29241.0,0.05790437676502414,72,29241.0
16745.0,67,10176.0,116.96551724137932,1.9710478032342806,67,29109.0,0.09828587991731315,67,29109.0
16750.0,61,10248.0,113.86666666666666,2.270159280837504,61,28628.0,0.083968838965874,61,28628.0
16755.0,59,10423.0,117.11235955056179,3.0525242252339266,59,28083.0,0.11902161297250469,59,28083.0
16760.0,53,10599.0,119.08988764044943,2.9111085381150574,53,28181.0,0.13199369607763015,53,28181.0
16765.0,59,10863.0,126.31395348837209,2.7635452615915024,59,28373.0,0.11584621303110527,59,28373.0
16770.0,65,11174.0,128.4367816091954,2.7694893355087844,65,28614.0,0.08823377268019822,65,28614.0
16775.0,68,11507.0,140.32926829268294,1.7893089123571175,68,28877.0,0.05180555274208274,68,28877.0
16780.0,71,11862.0,136.3448275862069,2.2148578978599733,71,29162.0,0.10412245319569942,71,29162.0
16785.0,72,12218.0,143.74117647058824,1.3491781346262566,72,29448.0,0.05503038992385521,72,29448.0
16790.0,77,12598.0,143.1590909090909,1.4327789069977752,77,29758.0,0.09059775265264645,77,29758.0
16795.0,77,12983.0,149.22988505747125,1.2570028797787591,77,30073.0,0.055734408813870116,77,30073.0
16800.0,79,13375.0,146.97802197802199,1.5341500376304167,79,30395.0,0.05987552398435032,79,30395.0
16805.0,79,13770.0,153.0,1.4012792229968978,79,30720.0,0.059550104588283165,79,30720.0
16810.0,75,13540.0,145.59139784946237,1.8200636703105162,75,30809.0,0.088473373122066,75,30809.0
16815.0,66,13280.0,138.33333333333334,2.4826701378579283,66,30696.0,0.12668631344175701,66,30696.0
16820.0,64,13488.0,136.24242424242425,2.7891918522037757,64,30522.0,0.11027168530292715,64,30522.0
16825.0,66,13783.0,142.09278350515464,2.49249083079883,66,30769.0,0.11342394276148526,66,30769.0
16830.0,71,14118.0,144.0612244897959,2.412600984807437,71,31017.0,0.09457641156009836,71,31017.0
16835.0,75,14489.0,155.79569892473117,2.244068175606822,75,31313.0,0.04764811732177426,75,31313.0
16840.0,77,14873.0,161.66304347826087,2.148995754796061,77,31627.0,0.0788638303497868,77,31627.0
16845.0,77,15258.0,171.43820224719101,1.5204741170172125,77,31942.0,0.050676513917332876,77,31942.0
16850.0,73,15506.0,163.22105263157894,2.260555438445299,73,32105.0,0.12212404592687284,73,32105.0
16855.0,68,15675.0,168.5483870967742,1.92354421388462,68,32157.0,0.0939223468918608,68,32157.0
16860.0,70,16022.0,168.65263157894736,2.657710015856354,70,32252.0,0.09889653551701218,70,32252.0
16865.0,69,16333.0,171.92631578947368,2.067339036895968,69,32515.0,0.07492710736724216,69,32515.0
16870.0,73,16693.0,183.43956043956044,1.9627862374980927,73,32783.0,0.05375278449461504,73,32783.0
16875.0,75,17065.0,183.49462365591398,2.562818487566636,75,33085.0,0.08009382248445293,75,33085.0
16880.0,75,17440.0,195.95505617977528,2.1176252587194364,75,33390.0,0.04846433413123014,75,33390.0
16885.0,76,17816.0,197.95555555555555,1.8575625536049585,76,33721.0,0.08645149937667274,76,33721.0
16890.0,78,18202.0,204.51685393258427,1.330996931401115,78,34101.0,0.07579470494162936,78,34101.0
16895.0,77,17801.0,195.6153846153846,1.1683331145256035,77,34001.0,0.05400897851214212,77,34001.0
16900.0,70,17018.0,182.98924731182797,2.276479028145476,70,33242.0,0.08801933170310161,70,33242.0
16905.0,63,16486.0,173.53684210526316,2.913805131350626,63,32676.0,0.10369920511551094,63,32676.0
16910.0,58,16156.0,175.6086956521739,2.4972041610748517,58,32760.0,0.11208349157095528,58,32760.0
16915.0,56,16158.0,175.6304347826087,2.7267469723871383,56,32725.0,0.12835883134393805,56,32725.0
16920.0,61,16456.0,184.8988764044944,2.3615299824718745,61,32731.0,0.06894407338471706,61,32731.0
16925.0,66,16645.0,171.5979381443299,2.5277303202406314,66,32870.0,0.1019911251506424,66,32870.0
16930.0,65,16902.0,185.73626373626374,2.0735138867899625,65,32971.0,0.04936756118094253,65,32971.0
16935.0,69,17240.0,185.3763440860215,2.942855760504022,69,33133.0,0.10498483016223135,69,33133.0
16940.0,69,17585.0,202.1264367816092,2.754871483167878,69,33340.0,0.08653942320239079,69,33340.0
16945.0,70,17931.0,203.76136363636363,2.5240527739663943,70,33556.0,0.09436542961596814,70,33556.0
16950.0,65,18146.0,216.02380952380952,2.227538684112532,65,33705.0,0.08262477858410863,65,33705.0
16955.0,63,18452.0,217.08235294117648,2.4420708800941324,63,33812.0,0.08810850707841515,63,33812.0
16960.0,67,18780.0,215.86206896551724,2.7898322152815034,67,34001.0,0.10382852488665431,67,34001.0
16965.0,65,19090.0,219.42528735632183,1.909234956891814,65,34193.0,0.0714460589550089,65,34193.0
16970.0,69,19427.0,228.5529411764706,2.188835656683342,69,34388.0,0.07983210854264702,69,34388.0
16975.0,69,19772.0,227.26436781609195,2.67392808522769,69,34603.0,0.10330266938331742,69,34603.0
16980.0,69,20117.0,248.35802469135803,1.6824762147335162,69,34818.0,0.05891378340636713,69,34818.0
16985.0,65,20019.0,235.51764705882354,1.8186606521739905,65,34575.0,0.085118438177273,65,34575.0
16990.0,59,19627.0,236.46987951807228,2.4031615475085366,59,33979.0,0.09957822872365107,59,33979.0
16995.0,53,19451.0,213.74725274725276,3.4386517236608825,53,33134.0,0.15145705631206177,53,33134.0
17000.0,50,19424.0,223.26436781609195,3.015223531456947,50,33247.0,0.14060954072519993,50,33247.0
17005.0,50,19614.0,225.44827586206895,2.883307300354026,50,33334.0,0.14097566335262834,50,33334.0
17010.0,58,19897.0,234.08235294117648,3.071177635356154,58,33482.0,0.09831982197291986,58,33482.0
17015.0,64,20208.0,243.46987951807228,2.375913715163189,64,33663.0,0.058799139212938334,64,33663.0
17020.0,69,20546.0,256.825,1.7946411808021459,69,33872.0,0.07492651060932144,69,33872.0
17025.0,69,20891.0,257.91358024691357,1.6901376668922907,69,34087.0,0.0866311161035339,69,34087.0
17030.0,65,20948.0,246.4470588235294,1.9969116092914028,65,34179.0,0.1211385263763733,65,34179.0
17035.0,62,21171.0,243.3448275862069,2.8466830407693804,62,34196.0,0.14337485766396477,62,34196.0
17040.0,68,21493.0,247.04597701149424,2.6229873215252426,68,34299.0,0.07119807233279553,68,34299.0
17045.0,65,21787.0,250.42528735632183,1.9632516510447973,65,34480.0,0.06952887195318307,65,34480.0
17050.0,65,22112.0,260.1411764705882,2.469755406985992,65,34658.0,0.08886564291867882,65,34658.0
17055.0,66,22438.0,270.33734939759034,2.431271666530127,66,34854.0,0.0762706331987723,66,34854.0
17060.0,67,22773.0,271.10714285714283,2.490948511856076,67,35059.0,0.07650898892992425,67,35059.0
17065.0,67,23108.0,285.28395061728395,1.9368895635031878,67,35264.0,0.10365081829016456,67,35264.0
17070.0,70,23454.0,275.9294117647059,2.052063506814334,70,35480.0,0.08671288540585434,70,35480.0
17075.0,72,23811.0,286.87951807228916,1.323693566437781,72,35707.0,0.04955822106329217,72,35707.0
17080.0,71,24035.0,279.4767441860465,1.344810970681593,71,35875.0,0.07323721792241104,71,35875.0
17085.0,70,24375.0,286.7647058823529,1.9900954949744474,70,36020.0,0.08010491381411554,70,36020.0
17090.0,72,24728.0,274.75555555555553,2.2979143503182136,72,36234.0,0.06944888666873177,72,36234.0
17095.0,74,25095.0,288.44827586206895,1.7839597152254534,74,36471.0,0.06162604570583401,74,36471.0
17100.0,70,25376.0,295.06976744186045,1.128336561170157,70,36666.0,0.05596912103667883,70,36666.0
17105.0,70,25708.0,285.64444444444445,2.129915322098646,70,36839.0,0.10040569015013015,70,36839.0
17110.0,73,26065.0,277.28723404255317,2.727333446570712,73,37051.0,0.08391080973572515,73,37051.0
17115.0,72,26404.0,287.0,2.0910223753849992,72,37260.0,0.06935737506791734,72,37260.0
17120.0,75,26775.0,297.5,1.6744780202870813,75,37501.0,0.0668188407086406,75,37501.0
17125.0,78,27163.0,301.81111111111113,1.6790922541841167,78,37759.0,0.06664820708871602,78,37759.0
17130.0,74,27479.0,305.3222222222222,1.3495503764237555,74,37984.0,0.07125258231882962,74,37984.0
17135.0,71,27822.0,309.1333333333333,2.066728031509971,71,38164.0,0.07731865969633579,71,38164.0
17140.0,73,28181.0,293.5520833333333,2.733530054706899,73,38387.0,0.10114946730259702,73,38387.0
17145.0,75,28550.0,310.32608695652175,2.3139784693260768,75,38626.0,0.06710732263019488,75,38626.0
17150.0,69,28031.0,301.40860215053766,2.003236680598312,69,38290.0,0.08530330270492853,69,38290.0
17155.0,65,26927.0,309.5057471264368,2.0928148582605837,65,37459.0,0.09780433688316537,65,37459.0
17160.0,58,26206.0,287.97802197802196,2.9503736870308264,58,36306.0,0.104881899853021,58,36306.0
17165.0,51,25846.0,290.40449438202245,3.114630960292147,51,36427.0,0.14207055291592713,51,36427.0
17170.0,52,25872.0,300.83720930232556,2.6879055459786327,52,36521.0,0.13774192634633797,52,36521.0
17175.0,60,26162.0,287.4945054945055,3.208175191556785,60,36672.0,0.12116112701245056,60,36672.0
17180.0,66,26479.0,287.8152173913044,2.478399588821307,66,36859.0,0.10352472172049756,66,36859.0
17185.0,74,26828.0,304.8636363636364,1.6293404318505131,74,37078.0,0.06736496176098554,74,37078.0
17190.0,77,27204.0,302.26666666666665,1.7511696881476029,77,37325.0,0.09048274883359637,77,37325.0
17195.0,78,27590.0,317.1264367816092,1.1728615945169611,78,37581.0,0.04392322606124831,78,37581.0
17200.0,79,27984.0,307.5164835164835,1.726982928620517,79,37845.0,0.0681900090151195,79,37845.0
17205.0,79,28379.0,318.86516853932585,1.2221113311771112,79,38110.0,0.04675767102971153,79,38110.0
17210.0,75,28421.0,296.0520833333333,2.0981785246710345,75,38234.0,0.10820851328397674,75,38234.0
17215.0,71,28595.0,301.0,1.9236424057380548,71,38247.0,0.08584942040578332,71,38247.0
17220.0,75,28969.0,298.64948453608247,2.3839859211191925,75,38325.0,0.07009853458489353,75,38325.0
17225.0,75,29308.0,299.0612244897959,2.0694617365450503,75,38556.0,0.07142345465343784,75,38556.0
17230.0,75,29677.0,322.57608695652175,1.8535229241414717,75,38778.0,0.06154224328724444,75,38778.0
17235.0,77,30055.0,316.36842105263156,2.4738593029792835,77,39021.0,0.06684632827634367,77,39021.0
17240.0,71,29989.0,333.2111111111111,2.0449943705750764,71,38741.0,0.07438270023110821,71,38741.0
17245.0,64,29613.0,318.4193548387097,2.5398753388805466,64,37966.0,0.10933728830471916,64,37966.0
17250.0,59,29320.0,322.1978021978022,2.9344741908440475,59,36925.0,0.1063001907932611,59,36925.0
17255.0,50,29219.0,321.0879120879121,2.7224322048937237,50,37048.0,0.12343144674594538,50,37048.0
17260.0,55,29400.0,337.9310344827586,2.832694738589176,55,37166.0,0.13581245643981604,55,37166.0
17265.0,61,29692.0,326.2857142857143,2.7231425770914806,61,37328.0,0.0812275707395937,61,37328.0
17270.0,64,29938.0,344.11494252873564,2.0141817943792772,64,37151.0,0.08275084951612537,64,37151.0
17275.0,58,30147.0,346.51724137931035,2.3745646230389785,58,36681.0,0.10435616243353472,58,36681.0
17280.0,59,30395.0,357.5882352941176,3.002504310029522,59,36112.0,0.10552752622002938,59,36112.0
17285.0,53,30624.0,336.5274725274725,2.9063824039517403,53,36243.0,0.1327730039703835,53,36243.0
17290.0,59,30905.0,363.5882352941176,2.3391846399189817,59,36379.0,0.09109725435642722,59,36379.0
17295.0,66,31222.0,350.80898876404495,2.6241176249818166,66,36566.0,0.08416999277544207,66,36566.0
17300.0,69,31561.0,371.3058823529412,1.9537544657334693,69,36775.0,0.05777182182452045,69,36775.0
17305.0,67,31809.0,378.67857142857144,1.434803068865688,67,36778.0,0.09346198480302592,67,36778.0
17310.0,63,32020.0,381.1904761904762,2.1011283025087404,63,36701.0,0.09349079222181608,63,36701.0
17315.0,62,32294.0,371.1954022988506,2.784335739398869,62,36589.0,0.08330680164041852,62,36589.0
17320.0,61,32559.0,365.8314606741573,2.9235790572440896,61,36751.0,0.12941055744334934,61,36751.0
17325.0,64,32860.0,382.09302325581393,2.190199856330605,64,36899.0,0.1042051036420084,64,36899.0
17330.0,67,33187.0,381.4597701149425,2.729764276182469,67,37092.0,0.08798581843444553,67,37092.0
17335.0,68,33525.0,380.96590909090907,2.469841339162629,68,37300.0,0.06156143014368796,68,37300.0
17340.0,66,33203.0,415.0375,1.5956280522741646,66,37269.0,0.059523685516770154,66,37269.0
17345.0,57,32752.0,394.6024096385542,2.271344039451668,57,37004.0,0.10208781984340519,57,37004.0
17350.0,53,32803.0,400.0365853658537,3.0574908098842584,53,36637.0,0.10718725840504646,53,36637.0
17355.0,49,33009.0,375.10227272727275,3.78565307669886,49,36738.0,0.19525175156968758,49,36738.0
17360.0,55,33272.0,400.86746987951807,2.9751221190898867,55,36849.0,0.11921882529391425,55,36849.0
17365.0,64,33565.0,390.2906976744186,2.8295037201959525,64,37012.0,0.09583463420858365,64,37012.0
17370.0,67,33897.0,418.48148148148147,2.2188442741105345,67,37214.0,0.07344415103101515,67,37214.0
17375.0,68,34234.0,438.8974358974359,1.5868934337518827,68,37421.0,0.05303076516222623,68,37421.0
17380.0,64,34431.0,435.8354430379747,1.6537526269134706,64,37448.0,0.08640174134102864,64,37448.0
17385.0,57,34535.0,426.358024691358,2.292329578835257,57,37330.0,0.09299498439617608,57,37330.0
17390.0,57,34786.0,399.8390804597701,3.595593071147505,57,37252.0,0.17680800558400486,57,37252.0
17395.0,53,35013.0,411.91764705882355,3.0714826794705212,53,37341.0,0.15367450808460903,53,37341.0
17400.0,61,35298.0,425.27710843373495,2.438507538116252,61,37472.0,0.07679561853002898,61,37472.0
17405.0,65,35619.0,429.144578313253,2.770949259310639,65,37663.0,0.09231586256109083,65,37663.0
17410.0,65,35944.0,443.75308641975306,2.1974112001743946,65,37858.0,0.05910057974057579,65,37858.0
17415.0,61,36162.0,469.6363636363636,1.7594066104359456,61,37972.0,0.07482549905697657,61,37972.0
17420.0,57,36370.0,460.37974683544303,2.449029649466101,57,38002.0,0.09836967136717839,57,38002.0
17425.0,59,36665.0,452.65432098765433,3.1971679714855163,59,38085.0,0.11334941974064754,59,38085.0
17430.0,57,36917.0,444.7831325301205,2.7603995231303458,57,38229.0,0.11845471559138829,57,38229.0
17435.0,59,37207.0,470.9746835443038,2.4394653241589603,59,38367.0,0.07442474605035729,59,38367.0
17440.0,63,37516.0,463.1604938271605,2.727184855626337,63,38546.0,0.08386402550395493,63,38546.0
17445.0,63,37831.0,497.7763157894737,2.1080404682526726,63,38731.0,0.07774284131235557,63,38731.0
17450.0,60,38079.0,494.53246753246754,1.5841189016538084,60,38871.0,0.0910299061706065,60,38871.0
17455.0,63,38390.0,511.8666666666667,1.9782189958589467,63,39030.0,0.08176911003137252,63,39030.0
17460.0,64,38707.0,496.2435897435897,1.712757609957229,64,39217.0,0.061805256260376806,64,39217.0
17465.0,62,38971.0,481.12345679012344,1.9610659468428118,62,39384.0,0.1082347723618005,62,39384.0
17470.0,62,39270.0,473.13253012048193,2.2735422208337566,62,39533.0,0.10186945773699976,62,39533.0
17475.0,65,39590.0,471.3095238095238,2.780156282351168,65,39760.0,0.07805320145396208,65,39760.0
17480.0,64,39892.0,474.9047619047619,2.3201323733999595,64,40023.0,0.0788654461918978,64,40023.0
17485.0,67,40222.0,502.775,2.001782052951171,67,40312.0,0.07554379930939581,67,40312.0
17490.0,68,40558.0,494.609756097561,1.5792389247133967,68,40589.0,0.06863225860098414,68,40589.0
17495.0,71,40911.0,511.3875,1.4003001835223308,71,40853.0,0.0728008448441046,71,40853.0
17500.0,67,41172.0,473.2413793103448,1.6144613170876085,67,41044.0,0.09748728353903699,67,41044.0
17505.0,67,41480.0,476.7816091954023,2.071307805169393,67,41171.0,0.08418571022013122,67,41171.0
17510.0,70,41823.0,454.5978260869565,2.77329957017009,70,41304.0,0.09429610071162639,70,41304.0
17515.0,70,42173.0,479.2386363636364,2.573927623354094,70,41464.0,0.07284825800484426,70,41464.0
17520.0,70,42523.0,483.21590909090907,2.3585013210874326,70,41624.0,0.08927680150459603,70,41624.0
17525.0,72,42879.0,522.9146341463414,1.4422321794175175,72,41790.0,0.06898979752123047,72,41790.0
17530.0,72,43239.0,502.77906976744185,1.7740208145944905,72,41960.0,0.09655979591789073,72,41960.0
17535.0,73,43601.0,484.4555555555556,1.9241699684499345,73,42132.0,0.08609936426739902,73,42132.0
17540.0,77,43980.0,478.04347826086956,1.8498198530092447,77,42321.0,0.09649993315872364,77,42321.0
17545.0,80,44373.0,493.03333333333336,1.431545060194261,80,42524.0,0.06312606840788289,80,42524.0
17550.0,80,44773.0,476.3085106382979,1.8700901102876035,80,42734.0,0.07791875643880276,80,42734.0
17555.0,80,45173.0,491.0108695652174,1.463006299369853,80,42944.0,0.046644988593731306,80,42944.0
17560.0,76,45314.0,492.54347826086956,1.4251645057018791,76,43044.0,0.07623896654478421,76,43044.0
17565.0,75,45612.0,490.4516129032258,1.8362171882403728,75,43073.0,0.07506138015566027,75,43073.0
17570.0,75,45987.0,469.2551020408163,2.741873648164663,75,43188.0,0.09519851035559745,75,43188.0
17575.0,73,46316.0,482.4583333333333,2.043605175200772,73,43350.0,0.07447308007420057,73,43350.0
17580.0,74,46680.0,496.59574468085106,2.066531740870466,74,43504.0,0.07196560355324488,74,43504.0
17585.0,76,47060.0,500.63829787234044,2.458031742714117,76,43691.0,0.06808919908443106,76,43691.0
17590.0,76,47440.0,527.1111111111111,1.8944027406659423,76,43881.0,0.06090810287407025,76,43881.0
17595.0,75,47773.0,524.978021978022,1.5472175878187182,75,44040.0,0.07099113367950366,75,44040.0
17600.0,76,48152.0,547.1818181818181,1.6667511647211846,76,44213.0,0.06495986482516387,76,44213.0
17605.0,78,48536.0,516.3404255319149,2.006969395533809,78,44407.0,0.07709057763398629,78,44407.0
17610.0,74,48869.0,537.021978021978,1.1517088986966457,74,44576.0,0.04675895240457792,74,44576.0
17615.0,75,49239.0,523.8191489361702,2.06150327493754,75,44734.0,0.08048389220960876,75,44734.0
17620.0,77,49618.0,527.8510638297872,2.235294724010349,77,44919.0,0.07164539626132271,77,44919.0
17625.0,72,43137.0,458.90425531914894,2.1561128383388897,72,43109.0,0.0753678367680404,72,43109.0
17630.0,65,32075.0,356.3888888888889,2.3307466695304107,65,38298.0,0.09534455532288706,65,38298.0
17635.0,60,23283.0,253.07608695652175,3.1863081293515436,60,33497.0,0.1345926181197835,60,33497.0
17640.0,49,13280.0,150.9090909090909,2.945102236240478,49,31637.0,0.12806048507260756,49,31637.0
17645.0,51,7841.0,87.12222222222222,3.57077453807333,51,31733.0,0.17037038158523826,51,31733.0
17650.0,56,8109.0,91.11235955056179,3.0078081703870776,56,31878.0,0.11937066258856902,56,31878.0
17655.0,64,8411.0,89.47872340425532,2.5665820469549505,64,32060.0,0.09447069504784744,64,32060.0
17660.0,72,8756.0,94.15053763440861,1.7684502994680122,72,32285.0,0.07406565602466507,72,32285.0
17665.0,81,9139.0,94.21649484536083,1.6542520130930178,81,32548.0,0.06423650575046501,81,32548.0
17670.0,80,9318.0,97.0625,1.6163862366030906,80,32739.0,0.07171789517485518,80,32739.0
17675.0,76,9654.0,97.51515151515152,2.10530974900337,76,32852.0,0.07662342218174181,76,32852.0
17680.0,80,10048.0,102.53061224489795,2.236768991769889,80,33097.0,0.0637528299444438,80,33097.0
17685.0,75,8331.0,85.01020408163265,2.0138238366273824,75,32592.0,0.07314133121029334,75,32592.0
17690.0,70,5856.0,61.642105263157895,2.3728206870467035,70,31402.0,0.09476272136701414,70,31402.0
17695.0,63,3707.0,38.614583333333336,2.9922229021758433,63,29619.0,0.11615781144914562,63,29619.0
17700.0,52,2284.0,24.82608695652174,2.559537334854005,52,29747.0,0.11046337351857341,52,29747.0
17705.0,51,2002.0,21.76086956521739,3.0408192439488575,51,29807.0,0.15393763454617912,51,29807.0
17710.0,56,2265.0,24.095744680851062,3.2808093098973594,56,29898.0,0.12924827961734514,56,29898.0
17715.0,60,2485.0,25.1010101010101,2.2711053525103377,60,30028.0,0.09719727113078819,60,30028.0
17720.0,72,2825.0,29.427083333333332,1.9268936902228975,72,30219.0,0.06940007933275491,72,30219.0
17725.0,79,3211.0,31.792079207920793,1.843482625399267,79,30487.0,0.06392659797234636,79,30487.0
17730.0,81,3548.0,36.577319587628864,1.4653907494603555,81,30752.0,0.06423654977901502,81,30752.0
17735.0,75,3886.0,40.479166666666664,1.679650538993375,75,30961.0,0.06249055754986912,75,30961.0
17740.0,77,4266.0,43.09090909090909,2.661586449536644,77,31178.0,0.09170179265439657,77,31178.0
17745.0,73,4384.0,45.1958762886598,2.0419610108158865,73,30734.0,0.07440475035953312,73,30734.0
17750.0,69,4336.0,44.244897959183675,2.2619307801356827,69,29665.0,0.08803926199863905,69,29665.0
17755.0,64,4370.0,45.520833333333336,2.760121525402569,64,28419.0,0.11107556254207354,64,28419.0
17760.0,54,4261.0,45.329787234042556,2.5589200279167263,54,28336.0,0.11596666196134235,54,28336.0
17765.0,51,4330.0,46.55913978494624,3.0042279955421933,51,28417.0,0.13935259304985106,51,28417.0
17770.0,58,4607.0,48.49473684210526,3.123712823425497,58,28548.0,0.13391108280686204,58,28548.0
17775.0,63,4841.0,51.5,2.1747526975326683,63,28216.0,0.07984114683316368,63,28216.0
17780.0,64,5064.0,53.87234042553192,2.343746062530091,64,27471.0,0.09213580254143171,64,27471.0
17785.0,62,5303.0,55.82105263157895,2.9577319611690465,62,26521.0,0.10262037705715754,62,26521.0
17790.0,58,5488.0,57.166666666666664,2.7386047593147613,58,26668.0,0.1274246368424234,58,26668.0
17795.0,56,5720.0,63.55555555555556,2.478417534173351,56,26776.0,0.11533453203265595,56,26776.0
17800.0,63,6020.0,62.708333333333336,3.0305884372274385,63,26933.0,0.12364543140469376,63,26933.0
17805.0,70,6356.0,69.08695652173913,2.245598055128626,70,27149.0,0.062024930830003495,70,27149.0
17810.0,76,6724.0,73.89010989010988,1.895894549347854,76,27397.0,0.0658492432853989,76,27397.0
17815.0,71,6965.0,79.14772727272727,1.644881834196171,71,27288.0,0.06541162715197181,71,27288.0
17820.0,64,7104.0,80.72727272727273,2.1637097305900865,64,27230.0,0.09195745990713185,64,27230.0
17825.0,61,7306.0,78.55913978494624,3.4722092879057653,61,27036.0,0.1401520081624156,61,27036.0
17830.0,58,7522.0,81.76086956521739,2.4222682473398205,58,27198.0,0.10404728200242129,58,27198.0
17835.0,65,7833.0,89.01136363636364,2.2744957338746445,65,27379.0,0.10735736111224266,65,27379.0
17840.0,68,8169.0,89.76923076923077,2.265174109397637,68,27595.0,0.050351677592528045,68,27595.0
17845.0,74,8526.0,94.73333333333333,2.1171286770900557,74,27832.0,0.0693578278953939,74,27832.0
17850.0,70,8780.0,99.77272727272727,1.5113207589780286,70,27940.0,0.06777301476585698,70,27940.0
17855.0,67,9000.0,105.88235294117646,1.9194120964477661,67,27959.0,0.07178022094118204,67,27959.0
17860.0,65,9290.0,97.78947368421052,3.193554760481816,65,28023.0,0.12777392517657277,65,28023.0
17865.0,66,9564.0,106.26666666666667,2.4475960593328274,66,28209.0,0.10302395832842146,66,28209.0
17870.0,66,9882.0,108.5934065934066,2.376687686637586,66,28379.0,0.09669437589345611,66,28379.0
17875.0,71,10229.0,114.93258426966293,2.404779223678728,71,28602.0,0.05011526391523611,71,28602.0
17880.0,73,10594.0,120.38636363636364,2.328414508337549,73,28847.0,0.049467414315641674,73,28847.0
17885.0,67,10145.0,119.3529411764706,1.930697995887949,67,28791.0,0.06569088234739283,67,28791.0
17890.0,59,9534.0,112.16470588235295,2.362019105857151,59,28469.0,0.09479958534068726,59,28469.0
17895.0,55,9453.0,106.21348314606742,3.5629244774103785,55,28018.0,0.15604754933146192,55,28018.0
17900.0,48,9621.0,108.10112359550561,3.418925542149172,48,28133.0,0.17005347085885944,48,28133.0
17905.0,57,9888.0,114.97674418604652,3.0304438467273287,57,28271.0,0.1361014632373531,57,28271.0
17910.0,64,10192.0,117.14942528735632,2.64340128708277,64,28455.0,0.08426453400967772,64,28455.0
17915.0,71,10535.0,126.92771084337349,1.9000921897891379,71,28678.0,0.046268484610382944,71,28678.0
17920.0,71,10890.0,136.125,1.3739713181717819,71,28913.0,0.08341786357420809,71,28913.0
17925.0,67,11103.0,135.40243902439025,1.292880339045259,67,28931.0,0.05572993790879962,67,28931.0
17930.0,59,11217.0,126.03370786516854,3.10994366433784,59,28700.0,0.15795001921071222,59,28700.0
17935.0,55,11407.0,128.1685393258427,3.266671955645865,55,28562.0,0.13309346408555214,55,28562.0
17940.0,55,11641.0,133.80459770114942,2.65244082483741,55,28694.0,0.114158418784948,55,28694.0
17945.0,63,11939.0,138.82558139534885,2.5354505885181613,63,28854.0,0.10124730322488523,63,28854.0
17950.0,67,12271.0,147.84337349397592,2.2190486172500443,67,29066.0,0.04114698350753084,67,29066.0
17955.0,69,12616.0,150.1904761904762,2.2665460740814276,69,29291.0,0.07362845515963898,69,29291.0
17960.0,63,12843.0,164.65384615384616,1.4594524968079634,63,29388.0,0.06758088452041693,63,29388.0
17965.0,57,13011.0,154.89285714285714,2.630906273975786,57,29400.0,0.13557135177889806,57,29400.0
17970.0,59,13301.0,156.48235294117646,3.214852618877967,59,29423.0,0.13165662446502882,59,29423.0
17975.0,60,13567.0,159.61176470588236,2.0054201274756482,60,29587.0,0.07357854143639976,60,29587.0
17980.0,65,13880.0,167.2289156626506,2.4448038361101263,65,29764.0,0.08184612329035133,65,29764.0
17985.0,65,14205.0,169.10714285714286,2.868823564597604,65,29967.0,0.07680885801367722,65,29967.0
17990.0,66,14531.0,179.39506172839506,2.2319476454640568,66,30173.0,0.06367886920021941,66,30173.0
17995.0,62,12744.0,161.31645569620252,1.8275716464880887,62,28403.0,0.08533336411230542,62,28403.0
18000.0,55,9550.0,125.65789473684211,2.0121772113741283,55,24656.0,0.08160886750622216,55,24656.0
18005.0,52,7042.0,81.88372093023256,3.648396613689135,52,18962.0,0.1613515270966646,52,18962.0
18010.0,42,4110.0,50.1219512195122,2.882278659233934,42,19108.0,0.12812698238297443,42,19108.0
18015.0,45,2598.0,31.301204819277107,3.5485111249337655,45,19230.0,0.16916085550579263,45,19230.0
18020.0,51,2842.0,33.833333333333336,3.2690483487082025,51,19414.0,0.11483628833807431,51,19414.0
18025.0,59,3119.0,35.44318181818182,2.8492624241447264,59,19632.0,0.09816605102207411,59,19632.0
18030.0,66,3436.0,39.95348837209303,1.8484348885055146,66,19889.0,0.07688052392934958,66,19889.0
18035.0,75,3791.0,43.07954545454545,1.291784623709316,75,20184.0,0.040393654985084355,75,20184.0
18040.0,79,4181.0,44.956989247311824,1.7309747366548003,79,20514.0,0.08493439831486,79,20514.0
18045.0,76,4372.0,47.01075268817204,0.9995062748979523,76,18898.0,0.06445709483305107,76,18898.0
18050.0,73,4444.0,46.77894736842105,1.989351896257892,73,15353.0,0.09315204774914557,73,15353.0
18055.0,65,4563.0,46.09090909090909,2.6261856228390266,65,9884.0,0.09745371303092887,65,9884.0
18060.0,58,4559.0,47.98947368421052,2.434803741342564,58,10171.0,0.11117764205014193,58,10171.0
18065.0,57,4729.0,48.75257731958763,2.9763526008672336,57,10417.0,0.1444161856623285,57,10417.0
18070.0,65,5036.0,51.38775510204081,2.733849018544106,65,10717.0,0.08390169146783108,65,10717.0
18075.0,72,5383.0,49.842592592592595,2.797410324958573,72,11064.0,0.11723970629880731,72,11064.0
18080.0,82,5767.0,55.99029126213592,1.3572833552622492,82,11449.0,0.04429351174840074,82,11449.0
18085.0,89,6207.0,56.944954128440365,1.7097913828904263,89,11889.0,0.0694204403518047,89,11889.0
18090.0,95,6678.0,63.6,1.0403201244602025,95,12360.0,0.03860663126375868,95,12360.0
18095.0,91,6446.0,60.81132075471698,1.1423796571469573,91,12568.0,0.05046355877660315,91,12568.0
18100.0,84,6022.0,56.2803738317757,1.5343720992896217,84,12530.0,0.07081972403583482,84,12530.0
18105.0,79,6115.0,56.10091743119266,2.34089983812356,79,12362.0,0.08467048714987421,79,12362.0
18110.0,74,6418.0,57.30357142857143,2.5921548380024624,74,12719.0,0.12267249693662306,74,12719.0
18115.0,78,6794.0,62.330275229357795,2.1248494163553713,78,13077.0,0.08565217977243426,78,13077.0
18120.0,85,7208.0,67.3644859813084,1.919891614909494,85,13489.0,0.040177048813323867,85,13489.0
18125.0,85,7267.0,67.91588785046729,2.007276325857301,85,13045.0,0.07597253281173491,85,13045.0
18130.0,79,7065.0,69.26470588235294,1.59556834730945,79,11699.0,0.06572091363707667,79,11699.0
18135.0,73,6981.0,67.77669902912622,2.4402982638746016,73,9483.0,0.07789137335785286,73,9483.0
18140.0,61,6769.0,65.08653846153847,2.440032087380949,61,9802.0,0.09800938705201458,61,9802.0
18145.0,64,6801.0,67.33663366336634,2.6199504729149106,64,10093.0,0.12742225735768214,64,10093.0
18150.0,70,7138.0,67.33962264150944,2.5221690170047903,70,10428.0,0.08963962375412221,70,10428.0
18155.0,82,7529.0,71.02830188679245,1.6135090852935559,82,10819.0,0.06396892422116973,82,10819.0
18160.0,88,7955.0,72.31818181818181,1.5256120491955218,88,11245.0,0.06830189973448923,88,11245.0
18165.0,97,8419.0,77.23853211009174,0.9581431559193365,97,11709.0,0.027649867370523773,97,11709.0
18170.0,101,8921.0,78.25438596491227,1.4784284780996506,101,12211.0,0.051347322181680394,101,12211.0
18175.0,96,9042.0,81.45945945945945,1.1869794426877782,96,12429.0,0.04159631629381594,96,12429.0
18180.0,88,8966.0,80.77477477477477,1.4249670428761103,88,12294.0,0.0527825951478686,88,12294.0
18185.0,84,8968.0,78.66666666666667,2.3252527480318257,84,12268.0,0.07529569020797756,84,12268.0
18190.0,78,9271.0,82.04424778761062,2.0783105478952653,78,12654.0,0.0874119110434291,78,12654.0
18195.0,83,9675.0,87.95454545454545,2.048493485266572,83,13046.0,0.09319132621219904,83,13046.0
18200.0,90,10110.0,90.26785714285714,1.9174223816272107,90,13481.0,0.04946512087876252,90,13481.0
18205.0,90,8591.0,78.1,1.7895159338388902,90,13230.0,0.062311436183754274,90,13230.0
18210.0,80,6073.0,55.71559633027523,1.9785634782817407,80,12290.0,0.08257573139296472,80,12290.0
18215.0,77,4497.0,42.424528301886795,2.289041591863552,77,10819.0,0.07359040900601489,77,10819.0
18220.0,66,3473.0,31.862385321100916,2.634314961329293,66,11158.0,0.1232554440102859,66,11158.0
18225.0,68,3335.0,32.37864077669903,2.434909928663701,68,11480.0,0.09703131747890384,68,11480.0
18230.0,76,3700.0,33.944954128440365,2.6196064503795826,76,11846.0,0.1153656813818837,76,11846.0
18235.0,82,4100.0,37.61467889908257,1.709999751680285,82,12246.0,0.060304943670465384,82,12246.0
18240.0,91,4542.0,41.29090909090909,1.4100674252464025,91,12688.0,0.044539749003488754,91,12688.0
18245.0,97,5014.0,46.0,0.9916174152609523,97,13160.0,0.037330899612692835,97,13160.0
18250.0,101,5511.0,49.205357142857146,1.2015143203648917,101,13658.0,0.05612095644584777,101,13658.0
18255.0,101,6016.0,53.23893805309734,1.1932905888436536,101,14163.0,0.05169907143819131,101,14163.0
18260.0,99,6113.0,52.24786324786325,1.310424186760518,99,14384.0,0.056283843859214686,99,14384.0
18265.0,92,5940.0,51.206896551724135,1.7101799628759675,92,14348.0,0.07635323947818853,92,14348.0
18270.0,89,5936.0,49.88235294117647,2.3171708063922236,89,14150.0,0.0809693106910033,89,14150.0
18275.0,80,6150.0,53.47826086956522,2.119216942137124,80,14547.0,0.09190431488760793,80,14547.0
18280.0,82,6545.0,57.92035398230089,2.051988645429928,82,14921.0,0.08898047797383815,82,14921.0
18285.0,88,6974.0,61.716814159292035,2.0222195180437113,88,15344.0,0.04586016267413912,88,15344.0
18290.0,89,7023.0,61.60526315789474,1.9545714222199089,89,15092.0,0.06963877070284183,89,15092.0
18295.0,85,6813.0,62.5045871559633,1.5845023916276582,85,14214.0,0.06167548336778874,85,14214.0
18300.0,80,6723.0,61.11818181818182,2.3060755899193506,80,13223.0,0.08044816796562368,80,13223.0
18305.0,72,6565.0,60.22935779816514,2.262458964421422,72,13272.0,0.10219218940778901,72,13272.0
18310.0,72,6623.0,64.30097087378641,2.0125170667350067,72,13601.0,0.08878716350175525,72,13601.0
18315.0,78,7002.0,63.08108108108108,2.5218495940985792,78,13977.0,0.08784481328607632,78,13977.0
18320.0,82,7146.0,66.78504672897196,1.6882357262852214,82,14119.0,0.060004513256179365,82,14119.0
18325.0,77,7146.0,64.37837837837837,2.1208858867235083,77,14063.0,0.10272961899599645,77,14063.0
18330.0,79,7249.0,65.30630630630631,2.07885780294533,79,13894.0,0.07005393397046862,79,13894.0
18335.0,77,7533.0,67.25892857142857,2.151474926653825,77,14270.0,0.09136189257666034,77,14270.0
18340.0,81,7927.0,71.41441441441441,2.1655217268285814,81,14648.0,0.06541530865057685,81,14648.0
18345.0,87,8350.0,76.60550458715596,1.9288901418510789,87,15071.0,0.04207119776620343,87,15071.0
18350.0,93,8803.0,83.04716981132076,1.612712420695117,93,15524.0,0.05797450975699764,93,15524.0
18355.0,89,8972.0,86.26923076923077,0.8933623590078539,89,15381.0,0.052855212590499766,89,15381.0
18360.0,83,8952.0,86.9126213592233,1.4669841179428877,83,14709.0,0.0586022603370872,83,14709.0
18365.0,77,8958.0,80.70270270270271,2.3453504521088857,77,13964.0,0.08519101593487251,77,13964.0
18370.0,69,8935.0,83.50467289719626,2.1762166740986784,69,14053.0,0.08643921226984834,69,14053.0
18375.0,70,9178.0,85.77570093457943,2.4944927633242275,70,14357.0,0.12802735742753024,70,14357.0
18380.0,78,9544.0,90.0377358490566,2.274733930912303,78,14714.0,0.06720036181506898,78,14714.0
18385.0,84,9948.0,88.82142857142857,2.3119889392696176,84,15118.0,0.06446014895405136,84,15118.0
18390.0,90,10385.0,97.97169811320755,1.392226197480636,90,15555.0,0.04063478151368603,90,15555.0
18395.0,95,10849.0,103.32380952380953,1.2190360571639287,95,16019.0,0.05185310777170789,95,16019.0
18400.0,96,11325.0,103.89908256880734,1.3018613754242172,96,16495.0,0.05901852122068579,96,16495.0
18405.0,94,11396.0,100.84955752212389,1.157722971745084,94,16691.0,0.04330743162451784,94,16691.0
18410.0,89,11204.0,100.93693693693693,1.596669199525118,89,16649.0,0.07496906834288633,89,16649.0
18415.0,83,11173.0,97.15652173913044,2.1092682783352426,83,16457.0,0.07007630988597494,83,16457.0
18420.0,75,11351.0,102.26126126126127,2.09551069152999,75,16827.0,0.09038608854908944,75,16827.0
18425.0,78,11724.0,103.75221238938053,2.435537631403411,78,17179.0,0.10499559155469328,78,17179.0
18430.0,85,12133.0,111.31192660550458,2.072811272791269,85,17582.0,0.048617211851991644,85,17582.0
18435.0,90,12571.0,111.24778761061947,2.3033823027175777,90,18020.0,0.0755385281343036,90,18020.0
18440.0,95,13039.0,119.62385321100918,1.4579218966607392,95,18488.0,0.03652441010273747,95,18488.0
18445.0,97,13524.0,124.07339449541284,1.4031887785147452,97,18973.0,0.07032543935205329,97,18973.0
18450.0,97,14009.0,130.92523364485982,0.9905647212171065,97,19458.0,0.03894246378997052,97,19458.0
18455.0,93,13996.0,130.80373831775702,1.0686369908926894,93,19375.0,0.056282930800447856,93,19375.0
18460.0,85,13643.0,125.1651376146789,1.593772337151173,85,19068.0,0.07147878435554116,85,19068.0
18465.0,80,13376.0,120.50450450450451,2.4480740046032867,80,18399.0,0.08341387178239483,80,18399.0
18470.0,73,13293.0,118.6875,2.492676966455791,73,18758.0,0.12034124395281039,73,18758.0
18475.0,75,13433.0,122.11818181818182,2.3197664604747263,75,19098.0,0.10170027528372802,75,19098.0
18480.0,82,13828.0,124.57657657657657,2.0386608261654704,82,19493.0,0.05641516259611298,82,19493.0
18485.0,90,14260.0,126.19469026548673,1.6694752896346268,90,19925.0,0.06328049373889406,90,19925.0
18490.0,96,14734.0,135.1743119266055,1.208936262447016,96,20399.0,0.037042484999999306,96,20399.0
18495.0,99,15225.0,139.67889908256882,1.0657365412826485,99,20890.0,0.03403788921047219,99,20890.0
18500.0,101,15724.0,144.25688073394497,1.0421705658906886,101,21389.0,0.03671873120749604,101,21389.0
18505.0,101,16229.0,144.90178571428572,1.1662403847834166,101,21894.0,0.0401072095922203,101,21894.0
18510.0,103,16737.0,145.5391304347826,1.0197620326420889,103,22402.0,0.03802145458562967,103,22402.0
18515.0,107,17267.0,152.8053097345133,0.7080585275547729,107,22932.0,0.034042570862476924,107,22932.0
18520.0,103,15535.0,131.65254237288136,0.8895146121803494,103,21842.0,0.03452050789110034,103,21842.0
18525.0,96,12660.0,108.2051282051282,1.5003292435495204,96,20490.0,0.05048613607710076,96,20490.0
18530.0,88,9756.0,81.98319327731092,2.11698267775006,88,18197.0,0.06564018881552028,88,18197.0
18535.0,83,7212.0,62.172413793103445,2.5967861903547576,83,16853.0,0.09776565410631485,83,16853.0
18540.0,74,5304.0,46.526315789473685,2.5355155986197873,74,16343.0,0.1184945733460649,74,16343.0
18545.0,77,5670.0,49.30434782608695,2.4457476643965554,77,16681.0,0.11724986499447185,77,16681.0
18550.0,85,6081.0,51.10084033613445,2.381732784196251,85,17086.0,0.09260704735559144,85,17086.0
18555.0,92,6527.0,55.313559322033896,1.724864020030257,92,17533.0,0.05856669056145544,92,17533.0
18560.0,99,7009.0,57.925619834710744,1.3809366980114293,99,18015.0,0.051231061092072774,99,18015.0
18565.0,106,7524.0,62.7,0.9386238835286957,106,18531.0,0.03232445555273753,106,18531.0
18570.0,111,8066.0,66.11475409836065,1.0227866728357144,111,19074.0,0.04322234828336079,111,19074.0
18575.0,105,7993.0,66.60833333333333,1.0811467724672414,105,19092.0,0.03843620173035916,105,19092.0
18580.0,95,7491.0,59.928,1.8889369600639443,95,18706.0,0.0698210096856527,95,18706.0
18585.0,92,7169.0,59.247933884297524,2.216830614023162,92,17936.0,0.06846153698266727,92,17936.0
18590.0,83,6963.0,57.07377049180328,2.242893722786844,83,18357.0,0.08731260644970697,83,18357.0
18595.0,84,7097.0,62.25438596491228,1.974217392662983,84,18762.0,0.08730670666605249,84,18762.0
18600.0,90,7532.0,63.294117647058826,2.025523775843446,90,19197.0,0.05931701541433681,90,19197.0
18605.0,91,6895.0,58.93162393162393,1.56524177789412,91,19112.0,0.047216224985777336,91,19112.0
18610.0,85,5539.0,48.58771929824562,1.668758413559767,85,18538.0,0.08061041134432136,85,18538.0
18615.0,84,4550.0,39.224137931034484,2.351732521862735,84,17550.0,0.08923252699300538,84,17550.0
18620.0,75,3591.0,30.692307692307693,2.2953392038485734,75,17508.0,0.11167685760714197,75,17508.0
18625.0,68,3019.0,26.955357142857142,2.2642134039105994,68,17114.0,0.10722332203039199,68,17114.0
18630.0,70,3183.0,27.205128205128204,2.832515165956547,70,16464.0,0.11569504536259823,70,16464.0
18635.0,68,3313.0,28.808695652173913,2.1154690936238154,68,16765.0,0.10067410200694545,68,16765.0
18640.0,73,3559.0,30.94782608695652,1.8307043467085247,73,17046.0,0.0809310951911073,73,17046.0
18645.0,85,3956.0,33.81196581196581,2.139638037660864,85,17408.0,0.07255996511219501,85,17408.0
18650.0,94,4411.0,37.0672268907563,2.337217828987908,94,17865.0,0.07829925536088174,94,17865.0
18655.0,97,4890.0,41.440677966101696,1.9380506345374988,97,18344.0,0.04774227269160929,97,18344.0
18660.0,100,5384.0,47.64601769911504,1.4009041680132313,100,18838.0,0.03607742489874315,100,18838.0
18665.0,101,5889.0,54.027522935779814,0.8973921298381228,101,19343.0,0.03220925104026713,101,19343.0
18670.0,101,6394.0,58.6605504587156,0.9169510243374114,101,19848.0,0.03328740828322309,101,19848.0
18675.0,97,6579.0,60.357798165137616,0.6164421941369187,97,19809.0,0.03930226848079206,97,19809.0
18680.0,89,6549.0,60.08256880733945,1.3607289084425955,89,19275.0,0.05796790704768942,89,19275.0
18685.0,82,6596.0,57.356521739130436,2.339980620673717,82,18330.0,0.09483061300195689,82,18330.0
18690.0,73,6518.0,57.175438596491226,2.1182289916534924,73,18695.0,0.08981767632860177,73,18695.0
18695.0,75,6646.0,58.8141592920354,2.2779045985606285,75,19021.0,0.1061521728525891,75,19021.0
18700.0,81,7037.0,62.27433628318584,2.2014747915616026,81,19403.0,0.07194155033469725,81,19403.0
18705.0,88,7464.0,63.794871794871796,1.9252425456995461,88,19830.0,0.05113792133641038,88,19830.0
18710.0,95,7926.0,70.14159292035399,1.1449725658270422,95,20292.0,0.03808164160851366,95,20292.0
18715.0,100,8414.0,73.16521739130435,1.0951684670986999,100,20780.0,0.030863863003449517,100,20780.0
18720.0,105,8933.0,79.05309734513274,0.925952611056705,105,21299.0,0.03189998954172516,105,21299.0
18725.0,100,9252.0,77.74789915966386,1.02838763588209,100,21320.0,0.05428549378195083,100,21320.0
18730.0,97,9447.0,80.74358974358974,1.383289229684738,97,20687.0,0.05097686608910687,97,20687.0
18735.0,91,9657.0,79.8099173553719,2.0762334341393185,91,20164.0,0.06980621152543312,91,20164.0
18740.0,79,9791.0,83.68376068376068,1.9103304608782485,79,20565.0,0.08214758957622414,79,20565.0
18745.0,78,10065.0,86.76724137931035,2.232514009211848,78,20911.0,0.09615052456237747,78,20911.0
18750.0,84,10475.0,89.52991452991454,2.147437263450807,84,21316.0,0.06423142392558961,84,21316.0
18755.0,91,10917.0,90.975,1.9256264683356754,91,21758.0,0.07462592895304905,91,21758.0
18760.0,98,11392.0,95.73109243697479,1.2468634808574772,98,22234.0,0.04718559010973761,98,22234.0
18765.0,107,11905.0,96.78861788617886,1.243057205345474,107,22747.0,0.05362621369968233,107,22747.0
18770.0,111,12453.0,104.6470588235294,0.8868552823623437,111,23295.0,0.03191437557563287,111,23295.0
18775.0,105,12170.0,98.9430894308943,1.0672582399278323,105,23269.0,0.04316031659159843,105,23269.0
18780.0,99,11328.0,95.19327731092437,1.4129095157742595,99,22629.0,0.05453776016121251,99,22629.0
18785.0,91,10846.0,88.17886178861788,2.3521193170675843,91,21867.0,0.07707272153569222,91,21867.0
18790.0,83,10572.0,88.84033613445378,2.184023331197699,83,22277.0,0.08666125074340249,83,22277.0
18795.0,84,10748.0,91.08474576271186,2.108572465024704,84,22662.0,0.1047589000327026,84,22662.0
18800.0,90,11185.0,95.5982905982906,2.039694779723542,90,23094.0,0.059089168103107964,90,23094.0
18805.0,90,11270.0,93.91666666666667,1.8233927576998457,90,23067.0,0.07372680080378123,90,23067.0
18810.0,87,11118.0,97.52631578947368,1.5864902923458761,87,22967.0,0.06455295490290365,87,22967.0
18815.0,83,11028.0,96.73684210526316,2.254301380721564,83,22592.0,0.07759868699583253,83,22592.0
18820.0,75,10934.0,97.625,2.1037442306436387,75,22968.0,0.09550162189066445,75,22968.0
18825.0,73,11018.0,100.16363636363636,2.3277146783104388,73,23306.0,0.10216060394788345,73,23306.0
18830.0,79,11402.0,99.14782608695653,2.4296455530967873,79,23689.0,0.09607083092636834,79,23689.0
18835.0,88,11821.0,98.50833333333334,1.8569429923996996,88,24108.0,0.07377338589694213,88,24108.0
18840.0,95,12281.0,106.79130434782608,1.0300591623456945,95,24568.0,0.03714949923646145,95,24568.0
18845.0,104,12787.0,108.36440677966101,1.0399015937003973,104,25074.0,0.04866034497102197,104,25074.0
18850.0,108,13322.0,112.89830508474576,1.0227337457620773,108,25609.0,0.03171142282696178,108,25609.0
18855.0,102,13473.0,116.14655172413794,1.0013355676684654,102,25629.0,0.037321552588674166,102,25629.0
18860.0,93,13355.0,115.12931034482759,1.2780930074296701,93,25309.0,0.05459372900632842,93,25309.0
18865.0,88,13375.0,114.31623931623932,2.2682000393598236,88,24703.0,0.07674610823063331,88,24703.0
18870.0,82,13256.0,113.2991452991453,2.0425477866744792,82,24765.0,0.0909895193418432,82,24765.0
18875.0,74,13064.0,116.64285714285714,1.7931093774490476,74,24624.0,0.0772948027115134,74,24624.0
18880.0,79,13149.0,113.35344827586206,2.3553359888025955,79,24496.0,0.10358982458945898,79,24496.0
18885.0,70,12982.0,115.91071428571429,1.862611677818371,70,24568.0,0.07176969250871375,70,24568.0
18890.0,67,13041.0,116.4375,2.448791171501149,67,24810.0,0.10758701652283163,67,24810.0
18895.0,76,13403.0,120.74774774774775,2.3556005313320854,76,25120.0,0.08584847781464074,76,25120.0
18900.0,82,13801.0,118.97413793103448,2.482186970352242,82,25513.0,0.08684372068008155,82,25513.0
18905.0,89,14232.0,123.75652173913043,1.7231450910483228,89,25944.0,0.05889915336402316,89,25944.0
18910.0,98,14702.0,125.65811965811966,1.3981802819361968,98,26414.0,0.049661490594853606,98,26414.0
18915.0,104,15215.0,135.84821428571428,0.9199877959123849,104,26927.0,0.03514177658360005,104,26927.0
18920.0,104,15735.0,136.82608695652175,1.1807380469078597,104,27447.0,0.032708681510832,104,27447.0
18925.0,98,16019.0,143.02678571428572,1.1091897458917457,98,27627.0,0.04040199493439363,98,27627.0
18930.0,88,16132.0,144.03571428571428,1.530131801906577,88,27545.0,0.06848825012894777,88,27545.0
18935.0,83,16269.0,145.25892857142858,2.2760725258386802,83,27173.0,0.0769069955992845,83,27173.0
18940.0,76,16416.0,140.30769230769232,2.935768093228224,76,27004.0,0.11838797056025477,76,27004.0
18945.0,73,16584.0,149.40540540540542,2.5110136385513595,73,27352.0,0.11775184251430419,73,27352.0
18950.0,78,16953.0,148.71052631578948,2.595816591163947,78,27699.0,0.12473349387610977,78,27699.0
18955.0,83,17356.0,153.5929203539823,2.343528046880066,83,28095.0,0.07880177672709598,83,28095.0
18960.0,89,17792.0,152.06837606837607,1.9370197742084345,89,28531.0,0.05775976746107495,89,28531.0
18965.0,96,18258.0,160.1578947368421,1.3189518580105233,96,28997.0,0.04169746381529392,96,28997.0
18970.0,101,18757.0,163.10434782608695,1.200305447912877,101,29496.0,0.05647811934765989,101,29496.0
18975.0,104,19275.0,166.16379310344828,1.1372723263473328,104,30014.0,0.05348669814947169,104,30014.0
18980.0,106,19803.0,165.025,1.2978763511160243,106,30542.0,0.050849281575273415,106,30542.0
18985.0,103,19658.0,163.81666666666666,1.127525912546532,103,30521.0,0.03992027044665142,103,30521.0
18990.0,96,19166.0,158.39669421487602,1.6447679541909208,96,30021.0,0.0676630762696161,96,30021.0
18995.0,90,18829.0,158.2268907563025,2.141689364184571,90,29240.0,0.06974275797475701,90,29240.0
19000.0,82,18671.0,158.22881355932202,2.0947432771774777,82,29646.0,0.08136153693193157,82,29646.0
19005.0,83,18865.0,168.4375,1.7728539752092642,83,30039.0,0.08333808480928949,83,30039.0
19010.0,90,19300.0,166.3793103448276,2.138386294296601,90,30474.0,0.08281570398258838,90,30474.0
19015.0,89,19349.0,165.3760683760684,1.5136107906689227,89,30643.0,0.05972799836938299,89,30643.0
19020.0,87,19143.0,167.92105263157896,1.5015325498118706,87,30523.0,0.05789073267419665,87,30523.0
19025.0,85,19016.0,165.35652173913044,2.0928573984288303,85,30393.0,0.0771349338541479,85,30393.0
19030.0,72,18813.0,167.97321428571428,1.8875249995083467,72,30666.0,0.07240226673024092,72,30666.0
19035.0,73,18965.0,169.33035714285714,2.354025103572468,73,30988.0,0.1042568880383642,73,30988.0
19040.0,78,19348.0,174.3063063063063,2.2485706992879786,78,31365.0,0.0737232258346973,78,31365.0
19045.0,84,19759.0,171.81739130434784,1.9247101735909888,84,31776.0,0.07364083833821795,84,31776.0
19050.0,92,20203.0,175.6782608695652,1.165245574662578,92,32220.0,0.0473326388975627,92,32220.0
19055.0,102,20695.0,178.4051724137931,1.1260642796694584,102,32712.0,0.03410112115387316,102,32712.0
19060.0,106,21221.0,182.93965517241378,0.9070066044318044,106,33238.0,0.03333167724787668,106,33238.0
19065.0,102,21371.0,184.23275862068965,0.7629028868381403,102,33271.0,0.03940570302945979,102,33271.0
19070.0,95,21271.0,183.3706896551724,1.4042679125612447,95,32965.0,0.04919098811375829,95,32965.0
19075.0,89,21312.0,179.0924369747899,2.1348453036835964,89,32380.0,0.06953205051647013,89,32380.0
19080.0,81,21392.0,187.64912280701753,1.9582701124697506,81,32783.0,0.0860834140122141,81,32783.0
19085.0,83,21732.0,188.97391304347826,2.072675705820473,83,33158.0,0.09701755171743613,83,33158.0
19090.0,90,22169.0,192.77391304347827,1.9710200683763495,90,33554.0,0.05616509027627868,90,33554.0
19095.0,95,22635.0,196.82608695652175,1.6955653654389315,95,33980.0,0.03862592848276865,95,33980.0
19100.0,98,23120.0,210.1818181818182,1.1635863792256196,98,34425.0,0.03620802323292806,98,34425.0
19105.0,100,23618.0,216.67889908256882,1.015693618108598,100,34883.0,0.03335108052517775,100,34883.0
19110.0,100,24118.0,223.3148148148148,0.9393416435658198,100,35343.0,0.0353378143026194,100,35343.0
19115.0,94,24116.0,217.26126126126127,1.0640204669553963,94,35438.0,0.046303728471026095,94,35438.0
19120.0,88,23780.0,212.32142857142858,1.6028587023742276,88,35152.0,0.07504851705743916,88,35152.0
19125.0,84,23594.0,203.39655172413794,1.9535547922190721,84,34771.0,0.06995159583396517,84,34771.0
19130.0,76,23334.0,208.33928571428572,1.9124857501880423,76,34968.0,0.08531946117940649,76,34968.0
19135.0,73,23238.0,203.8421052631579,2.5126952097447717,73,35250.0,0.11070807629255057,73,35250.0
19140.0,79,23618.0,209.00884955752213,2.5530560948530847,79,35586.0,0.07493231459887845,79,35586.0
19145.0,78,23946.0,211.91150442477877,1.8606324495408701,78,35674.0,0.07419029481542039,78,35674.0
19150.0,78,24251.0,214.61061946902655,1.8502222816976746,78,35328.0,0.06408682249473487,78,35328.0
19155.0,77,24590.0,206.6386554621849,2.445487857407975,77,34997.0,0.09826310691976727,77,34997.0
19160.0,75,24889.0,214.56034482758622,2.0341653630218532,75,35334.0,0.08821817926019639,75,35334.0
19165.0,77,25253.0,219.59130434782608,2.294168491885833,77,35615.0,0.10159073639401899,77,35615.0
19170.0,83,25656.0,223.09565217391304,2.2892899246920075,83,35921.0,0.07396338388121443,83,35921.0
19175.0,84,25527.0,221.97391304347826,1.7598645481506308,84,35748.0,0.06841052867244524,84,35748.0
19180.0,86,25053.0,221.7079646017699,1.6418192145499928,86,35226.0,0.06932059040380223,86,35226.0
19185.0,82,24873.0,218.18421052631578,2.2406707444309104,82,34453.0,0.0742244896359365,82,34453.0
19190.0,78,24840.0,214.13793103448276,2.38477225440307,78,34734.0,0.11038641824397949,78,34734.0
19195.0,80,25158.0,222.63716814159292,2.0941844770176408,80,34998.0,0.08513388583900587,80,34998.0
19200.0,86,25581.0,224.39473684210526,2.034972366364574,86,35320.0,0.05452659856308292,86,35320.0
19205.0,88,25771.0,228.06194690265488,1.7192908076760605,88,35323.0,0.06323217400361116,88,35323.0
19210.0,84,25804.0,234.5818181818182,1.6838967248409775,84,35150.0,0.063467171707096,84,35150.0
19215.0,80,25911.0,239.91666666666666,2.030398208866654,80,34739.0,0.06019934601222377,80,34739.0
19220.0,70,25920.0,237.7981651376147,2.299808951398902,70,34997.0,0.09844637855253016,70,34997.0
19225.0,70,26128.0,246.49056603773585,2.5182398209579113,70,35217.0,0.10930625751165458,70,35217.0
19230.0,79,26500.0,236.60714285714286,2.5482267948405664,79,35485.0,0.09393773149269487,79,35485.0
19235.0,86,26916.0,251.55140186915887,1.529205244849631,86,35801.0,0.03979795227763838,86,35801.0
19240.0,94,27375.0,258.25471698113205,0.9536087355829144,94,36160.0,0.04926328059246006,94,36160.0
19245.0,98,27859.0,262.8207547169811,0.8916192329316127,98,36545.0,0.03699542431811829,98,36545.0
19250.0,98,28349.0,257.7181818181818,1.249529653340682,98,36935.0,0.05561571042402306,98,36935.0
19255.0,94,24566.0,225.37614678899084,1.1824196023093894,94,35349.0,0.04082367830443046,94,35349.0
19260.0,86,18631.0,166.34821428571428,1.7533612614985319,86,31787.0,0.06177935233715648,86,31787.0
19265.0,81,11975.0,105.04385964912281,2.3855044965292223,81,26277.0,0.09057817937496386,81,26277.0
19270.0,74,5990.0,52.08695652173913,2.3054394300376004,74,26608.0,0.10375528757067146,74,26608.0
19275.0,76,3552.0,32.58715596330275,2.2220418688839265,76,26931.0,0.09887936269789557,76,26931.0
19280.0,83,3951.0,34.060344827586206,2.185858566476285,83,27290.0,0.08092545090345513,83,27290.0
19285.0,90,4388.0,37.827586206896555,1.4648034827808771,90,27687.0,0.05154991327183311,90,27687.0
19290.0,97,4859.0,41.17796610169491,1.3131752087393984,97,28119.0,0.04394049669436905,97,28119.0
19295.0,103,5360.0,46.206896551724135,0.8714703869680629,103,28580.0,0.03301762222972926,103,28580.0
19300.0,108,5890.0,48.67768595041322,1.2562957834029926,108,29072.0,0.055494348064115406,108,29072.0
19305.0,106,5752.0,48.74576271186441,0.8576654509113995,106,29020.0,0.04000153990846401,106,29020.0
19310.0,97,5162.0,42.31147540983606,1.5300047314654155,97,28572.0,0.05808556625577867,97,28572.0
19315.0,91,4851.0,40.425,2.1738816519296646,91,27805.0,0.06857961801498093,91,27805.0
19320.0,83,4793.0,40.27731092436975,1.889068198508065,83,28166.0,0.07815160778669318,83,28166.0
19325.0,83,4995.0,44.203539823008846,1.8378146481259343,83,28507.0,0.08311472559566471,83,28507.0
19330.0,88,5428.0,46.0,2.1502625797100237,88,28894.0,0.0817616121977568,88,28894.0
19335.0,96,5893.0,49.940677966101696,1.8402517006347938,96,29319.0,0.060106253034303225,96,29319.0
19340.0,99,6381.0,55.008620689655174,1.3830459764683274,99,29767.0,0.061922310480405716,99,29767.0
19345.0,104,6892.0,61.535714285714285,0.9029222794879183,104,30238.0,0.03523245937632392,104,30238.0
19350.0,98,7234.0,62.36206896551724,1.3007026451491142,98,30291.0,0.05571335706556853,98,30291.0
19355.0,92,7463.0,66.04424778761062,1.5033900880440316,92,30011.0,0.05663422280615971,92,30011.0
19360.0,86,7756.0,68.03508771929825,2.1777383109379413,86,29571.0,0.06561020041490627,86,29571.0
19365.0,80,8011.0,72.17117117117117,1.9460737378878457,80,29922.0,0.07776882999362,80,29922.0
19370.0,83,8412.0,75.10714285714286,2.1214015917298727,83,30260.0,0.09386866529899475,83,30260.0
19375.0,87,8840.0,78.92857142857143,2.2932163152868172,87,30644.0,0.0704809552632455,87,30644.0
19380.0,92,9288.0,85.21100917431193,1.5994320389628485,92,31052.0,0.04099893283834857,92,31052.0
19385.0,96,9761.0,93.85576923076923,0.9800167265537859,96,31485.0,0.036081681795556826,96,31485.0
19390.0,96,10241.0,98.47115384615384,0.9904584555282606,96,31925.0,0.03618977382269954,96,31925.0
19395.0,92,9678.0,92.17142857142858,0.8795798090006,92,31779.0,0.04144237383470092,92,31779.0
19400.0,83,8410.0,80.86538461538461,1.5954060384390134,83,31102.0,0.058675504036405514,83,31102.0
19405.0,76,7288.0,66.86238532110092,2.4734325652430735,76,30399.0,0.09658608440028216,76,30399.0
19410.0,66,6267.0,58.02777777777778,2.4669458896323664,66,30687.0,0.11258426316928528,66,30687.0
19415.0,69,5878.0,54.93457943925234,2.4499746786972456,69,30950.0,0.10981409922847149,69,30950.0
19420.0,76,6243.0,58.345794392523366,2.287194003272855,76,31270.0,0.07597308452480878,76,31270.0
19425.0,82,6641.0,60.372727272727275,1.9220917457220024,82,31628.0,0.056147705722386435,82,31628.0
19430.0,89,7070.0,65.46296296296296,1.3101034230710054,89,32019.0,0.0314257973920912,89,32019.0
19435.0,90,7389.0,67.78899082568807,1.0833441982528393,90,31966.0,0.04325314241259456,90,31966.0
19440.0,86,7637.0,71.37383177570094,1.4935231142646914,86,31460.0,0.056767841538192976,86,31460.0
19445.0,80,7905.0,69.34210526315789,2.3685581189115905,80,30714.0,0.09652734000430656,80,30714.0
19450.0,73,8107.0,73.7,2.188854446701409,73,30823.0,0.09323111886779008,73,30823.0
19455.0,73,8382.0,76.2,2.509282190340478,73,31120.0,0.10200010483382278,73,31120.0
19460.0,80,8767.0,80.43119266055047,2.1656073509658276,80,31460.0,0.0783494913385318,80,31460.0
19465.0,79,8589.0,76.00884955752213,1.5530003196769862,79,31399.0,0.0707809270542504,79,31399.0
19470.0,82,8158.0,73.49549549549549,1.6324322762248256,82,31055.0,0.06587300656800615,82,31055.0
19475.0,81,8037.0,69.28448275862068,2.1958323847189014,81,30521.0,0.06847777492514187,81,30521.0
19480.0,82,8141.0,70.79130434782608,2.016699407098882,82,30875.0,0.0877900321351211,82,30875.0
19485.0,85,8505.0,73.31896551724138,2.2574933228099368,85,31206.0,0.08663973470213804,85,31206.0
19490.0,90,8940.0,79.82142857142857,2.065760212875182,90,31598.0,0.049603060640313536,90,31598.0
19495.0,93,9398.0,84.66666666666667,1.8719073820852767,93,32016.0,0.03643790579955279,93,32016.0
19500.0,90,9576.0,91.2,1.420053425255182,90,31930.0,0.04492611885979227,90,31930.0
19505.0,81,9552.0,91.84615384615384,1.5485859732031035,81,31385.0,0.06763257759274457,81,31385.0
19510.0,76,9601.0,92.3173076923077,2.354285969465004,76,30420.0,0.08185795206963949,76,30420.0
19515.0,65,9593.0,88.82407407407408,2.6720533256409853,65,30714.0,0.13167848078178437,65,30714.0
19520.0,66,9675.0,93.02884615384616,2.6918773509358633,66,30984.0,0.11075564213853423,66,30984.0
19525.0,74,10025.0,94.5754716981132,2.342403898984464,74,31295.0,0.09209143895428612,74,31295.0
19530.0,82,10418.0,97.3644859813084,1.6638407882255477,82,31649.0,0.06259855334028662,82,31649.0
19535.0,82,10728.0,101.20754716981132,1.045002193585596,82,31602.0,0.05536419134819388,82,31602.0
19540.0,83,11003.0,100.02727272727273,1.655605552549843,83,31625.0,0.057105877730569576,83,31625.0
19545.0,80,11318.0,102.89090909090909,2.4555438231696156,80,31680.0,0.09181800821301346,80,31680.0
19550.0,68,11178.0,98.92035398230088,2.6160599456404157,68,31650.0,0.12583308907406046,68,31650.0
19555.0,64,10848.0,99.5229357798165,2.464702795343951,64,31341.0,0.11667049550359898,64,31341.0
19560.0,70,10908.0,97.39285714285714,2.824780789147156,70,30870.0,0.11069279872479769,70,30870.0
19565.0,69,10971.0,97.95535714285714,1.8826351989920627,69,31080.0,0.08176168868740995,69,31080.0
19570.0,76,11242.0,101.27927927927928,1.7747713677045058,76,31247.0,0.08253469940896885,76,31247.0
19575.0,85,11643.0,103.95535714285714,1.8972228256153036,85,31454.0,0.04030332233006846,85,31454.0
19580.0,91,12089.0,107.9375,2.1895276888240836,91,31752.0,0.06003883322873073,91,31752.0
19585.0,92,12549.0,115.12844036697248,1.8529412945349024,92,32082.0,0.05463586692140568,92,32082.0
19590.0,92,13009.0,119.34862385321101,1.7541504178674356,92,32412.0,0.07125483144167297,92,32412.0
19595.0,88,13206.0,126.98076923076923,1.0911624731702005,88,32507.0,0.04868061885937422,88,32507.0
19600.0,82,13225.0,123.59813084112149,1.7384154450683535,82,32417.0,0.06347761046547525,82,32417.0
19605.0,75,13238.0,126.07619047619048,2.300911772364554,75,32119.0,0.07601669819651426,75,32119.0
19610.0,70,13303.0,125.5,2.771849956337012,70,32021.0,0.1080419951644525,70,32021.0
19615.0,64,13417.0,132.84158415841586,2.586093962310029,64,32192.0,0.11417869897344006,64,32192.0
19620.0,66,13717.0,131.89423076923077,2.600491214278859,66,32336.0,0.12315733197040443,66,32336.0
19625.0,72,14068.0,130.25925925925927,2.879148365462007,72,32538.0,0.12400446906188693,72,32538.0
19630.0,82,14459.0,132.651376146789,2.1506486953298016,82,32799.0,0.06497000550059692,82,32799.0
19635.0,89,14893.0,140.5,1.4486659669152055,89,33103.0,0.045459200151921744,89,33103.0
19640.0,95,15357.0,147.66346153846155,1.0890247259828514,95,33438.0,0.043832279581000444,95,33438.0
19645.0,95,15832.0,150.78095238095239,1.1679675158859344,95,33783.0,0.048469855783006006,95,33783.0
19650.0,97,16309.0,151.00925925925927,1.2634958645365788,97,34130.0,0.030941379548951698,97,34130.0
19655.0,97,16794.0,159.94285714285715,1.0082965851705246,97,34485.0,0.03390745633413592,97,34485.0
19660.0,92,17008.0,151.85714285714286,1.3411643765869972,92,34643.0,0.08072545672527115,92,34643.0
19665.0,89,17054.0,153.63963963963963,1.410767143030324,89,34604.0,0.05983835515579137,89,34604.0
19670.0,85,17179.0,148.0948275862069,2.040807945863076,85,34410.0,0.06732093956336928,85,34410.0
19675.0,75,17211.0,152.30973451327435,2.193676782685288,75,34659.0,0.09340986757981648,75,34659.0
19680.0,74,17463.0,157.32432432432432,2.3266680582901254,74,34864.0,0.11440372353013549,74,34864.0
19685.0,80,17851.0,160.81981981981983,2.3733317002456635,80,35116.0,0.08156328381449646,80,35116.0
19690.0,87,18270.0,164.59459459459458,1.946538179757767,87,35405.0,0.06270917041569442,87,35405.0
19695.0,94,18726.0,167.19642857142858,1.6228889813613832,94,35732.0,0.07597484203602958,94,35732.0
19700.0,99,19211.0,171.52678571428572,1.2600121027796047,99,36087.0,0.05289066276528076,99,36087.0
19705.0,101,19714.0,176.01785714285714,1.2202604541924151,101,36460.0,0.04982060688145295,101,36460.0
19710.0,102,20221.0,175.83478260869566,1.310090557671455,102,36837.0,0.05174072660260327,102,36837.0
19715.0,98,19843.0,178.76576576576576,1.0192928436700537,98,36698.0,0.04094359428293648,98,36698.0
19720.0,88,18956.0,164.83478260869566,1.7748930458111816,88,36115.0,0.06339752903875548,88,36115.0
19725.0,84,18470.0,162.01754385964912,2.246666559490868,84,35309.0,0.06790577212173994,84,35309.0
19730.0,77,18483.0,160.72173913043477,2.3627775950490313,77,35560.0,0.11881307853891619,77,35560.0
19735.0,82,18814.0,169.4954954954955,1.9665520134801653,82,35812.0,0.09269046212855944,82,35812.0
19740.0,87,19236.0,168.73684210526315,1.9147690795513,87,36105.0,0.07189940172164534,87,36105.0
19745.0,95,19693.0,174.27433628318585,1.5007530925843828,95,36433.0,0.04156008293984623,95,36433.0
19750.0,92,19731.0,182.69444444444446,1.0857189712914377,92,36474.0,0.03873413786278388,92,36474.0
19755.0,87,19476.0,180.33333333333334,1.3812029531644838,87,36198.0,0.059148123205242334,87,36198.0
19760.0,80,19346.0,179.12962962962962,2.1001019441213176,80,35723.0,0.06508234603740498,80,35723.0
19765.0,70,18999.0,169.63392857142858,2.4944638356684146,70,35571.0,0.11239935903377399,70,35571.0
19770.0,63,18827.0,174.32407407407408,2.5118628154438323,63,35084.0,0.11565353226170218,63,35084.0
19775.0,67,18987.0,169.52678571428572,2.732398268996054,67,34529.0,0.11180260432176599,67,34529.0
19780.0,67,19105.0,173.6818181818182,1.9858815379108299,67,34687.0,0.07883208679143108,67,34687.0
19785.0,72,19373.0,174.53153153153153,2.209522805010789,72,34813.0,0.07914157641384388,72,34813.0
19790.0,83,19770.0,181.37614678899084,2.0310989256967003,83,35029.0,0.05129847490326248,83,35029.0
19795.0,87,20195.0,185.27522935779817,2.334421646916014,87,35317.0,0.07104229130557815,87,35317.0
19800.0,89,20639.0,196.56190476190477,2.0412710396840175,89,35631.0,0.04136766268367806,89,35631.0
19805.0,87,17877.0,167.07476635514018,1.582426392619353,87,33966.0,0.07589379475851173,87,33966.0
19810.0,81,12994.0,126.15533980582525,1.5347221661824828,81,30330.0,0.07023612163873358,81,30330.0
19815.0,76,9161.0,84.82407407407408,2.2625238062496016,76,24751.0,0.08697584607158547,76,24751.0
19820.0,67,4732.0,45.06666666666667,2.1541521686112772,67,25017.0,0.09669981528427574,67,25017.0
19825.0,66,2425.0,23.095238095238095,2.56377617976397,66,25238.0,0.11138739867410066,66,25238.0
19830.0,71,2771.0,26.64423076923077,2.446870760241779,71,25507.0,0.08356156962557376,71,25507.0
19835.0,79,3150.0,29.166666666666668,2.1958473041596824,79,25816.0,0.08114111775331294,79,25816.0
19840.0,86,3566.0,32.41818181818182,1.8661561584813144,86,26162.0,0.0733358035501208,86,26162.0
19845.0,94,4019.0,36.207207207207205,1.305379032484812,94,26545.0,0.045775554213804144,94,26545.0
19850.0,100,4515.0,41.80555555555556,0.9643785252820772,100,26971.0,0.03598258766935104,100,26971.0
19855.0,94,4568.0,41.527272727272724,1.03221082755456,94,27035.0,0.05549189968617852,94,27035.0
19860.0,87,4425.0,40.97222222222222,1.3843112170117247,87,26816.0,0.0595207077268757,87,26816.0
19865.0,82,4522.0,40.375,2.253279914427331,82,26522.0,0.07480310781851227,82,26522.0
19870.0,80,4840.0,45.23364485981308,1.8235177640007327,80,26842.0,0.06713031167002617,80,26842.0
19875.0,83,5240.0,47.207207207207205,2.436842442363862,83,27152.0,0.11015068371812355,83,27152.0
19880.0,86,5665.0,52.4537037037037,2.2466429219583866,86,27502.0,0.06434232128817026,86,27502.0
19885.0,89,6103.0,56.50925925925926,1.987106205384031,89,27870.0,0.047734281900289305,89,27870.0
19890.0,92,6561.0,65.61,1.0820738738087583,92,28258.0,0.038488107082974364,92,28258.0
19895.0,92,7021.0,69.51485148514851,1.244737727507965,92,28648.0,0.040926420662293655,92,28648.0
19900.0,86,6678.0,66.78,1.1618303536334127,86,28547.0,0.048183720338730814,86,28547.0
19905.0,77,5792.0,57.34653465346535,2.054246532534996,77,27701.0,0.07875930128406736,77,27701.0
19910.0,72,5141.0,48.96190476190476,2.8650942229861505,72,26868.0,0.12102673278876887,72,26868.0
19915.0,61,4300.0,41.34615384615385,2.5231114443012426,61,27109.0,0.11549913443322832,61,27109.0
19920.0,65,4036.0,39.568627450980394,2.4859604288708534,65,27334.0,0.10938734574613798,65,27334.0
19925.0,72,4382.0,42.54368932038835,2.4061750479236945,72,27610.0,0.10341373739130702,72,27610.0
19930.0,78,4761.0,45.34285714285714,1.8329315293820725,78,27919.0,0.052769873823529746,78,27919.0
19935.0,86,5173.0,50.71568627450981,1.0930597072075807,86,28264.0,0.040989132396660966,86,28264.0
19940.0,92,5623.0,54.06730769230769,1.0265203714021591,92,28644.0,0.03740110711176738,92,28644.0
19945.0,96,6101.0,57.556603773584904,1.2634133090589448,96,29053.0,0.05662413949547079,96,29053.0
19950.0,97,6582.0,60.94444444444444,1.1433218655631088,97,29464.0,0.05228103641008679,97,29464.0
19955.0,98,7070.0,65.46296296296296,0.9535886331773286,98,29882.0,0.035613888369870485,98,29882.0
19960.0,95,7302.0,67.61111111111111,0.6773807136066269,95,29796.0,0.04208524631310716,95,29796.0
19965.0,88,7361.0,68.1574074074074,1.4178933503747901,88,29235.0,0.05411317410900472,88,29235.0
19970.0,83,7481.0,66.79464285714286,2.2668554719077325,83,28283.0,0.07035708606713616,83,28283.0
19975.0,71,7469.0,69.1574074074074,2.1099638171137314,71,28568.0,0.0837899160506413,71,28568.0
19980.0,68,7620.0,70.55555555555556,2.5559854720622606,68,28800.0,0.1115561231615797,68,28800.0
19985.0,75,7984.0,71.92792792792793,2.5520409633035817,75,29085.0,0.0936315819820291,75,29085.0
19990.0,83,8388.0,72.93913043478261,2.0145468204519865,83,29419.0,0.06775566964850369,83,29419.0
19995.0,91,8832.0,79.56756756756756,1.1466938812008391,91,29795.0,0.041885558262554495,91,29795.0
20000.0,99,9311.0,81.67543859649123,1.083937192866952,99,30204.0,0.03534986821143123,99,30204.0
