step,system_total_stopped,system_total_waiting_time,system_mean_waiting_time,system_mean_speed,t_stopped,t_accumulated_waiting_time,t_average_speed,agents_total_stopped,agents_total_accumulated_waiting_time
5.0,0,0.0,0.0,12.10573996146006,0,0.0,0.9143602797637452,0,0.0
10.0,0,0.0,0.0,12.072501541607094,0,0.0,0.9106595284484441,0,0.0
15.0,2,2.0,0.1111111111111111,7.504012001590425,2,2.0,0.44545438005130905,2,2.0
20.0,8,37.0,2.0555555555555554,7.005788506454175,8,37.0,0.39309713800181684,8,37.0
25.0,9,78.0,3.7142857142857144,6.406114433735646,9,78.0,0.4106274111475712,9,78.0
30.0,10,127.0,6.35,6.193256524271632,10,127.0,0.33953863634116815,10,127.0
35.0,10,177.0,7.695652173913044,6.667532148002973,10,177.0,0.32374447900557884,10,177.0
40.0,6,146.0,5.407407407407407,8.113224148614618,6,176.0,0.499884382959537,6,176.0
45.0,6,176.0,5.866666666666666,7.859631199247038,6,176.0,0.4280420776741085,6,176.0
50.0,12,224.0,8.0,6.1165424030570845,12,224.0,0.28083812368485106,12,224.0
55.0,10,259.0,8.633333333333333,5.480838477200328,10,270.0,0.2893210497143562,10,270.0
60.0,10,309.0,12.875,6.279913600985594,10,309.0,0.33300700423557256,10,309.0
65.0,12,364.0,12.133333333333333,7.782398371929414,12,364.0,0.34587614203826755,12,364.0
70.0,12,424.0,16.307692307692307,6.410524951736866,12,424.0,0.24582444056198519,12,424.0
75.0,14,489.0,14.818181818181818,7.31306758226379,14,489.0,0.4515511875355101,14,489.0
80.0,14,559.0,18.633333333333333,6.960095704631606,14,559.0,0.4195804602448907,14,559.0
85.0,17,632.0,18.58823529411765,4.690302252500312,17,632.0,0.2568519692680063,17,632.0
90.0,22,739.0,22.393939393939394,4.367294571955526,22,739.0,0.20350980391160814,22,739.0
95.0,16,437.0,12.852941176470589,4.038362545079886,16,682.0,0.24768524147620466,16,682.0
100.0,15,371.0,10.911764705882353,5.207164707763929,15,508.0,0.29284958617223855,15,508.0
105.0,16,451.0,11.868421052631579,6.172229651527519,16,451.0,0.24326738009123763,16,451.0
110.0,15,492.0,12.615384615384615,5.71177601088624,15,516.0,0.3182542795488033,15,516.0
115.0,14,559.0,15.527777777777779,6.720603054116402,14,562.0,0.3953543208261981,14,562.0
120.0,15,630.0,17.5,6.394354030352678,15,630.0,0.25249175078596015,15,630.0
125.0,19,716.0,20.457142857142856,5.354665665286683,19,716.0,0.2280309990894082,19,716.0
130.0,20,816.0,24.727272727272727,4.124607426134953,20,816.0,0.15410894519084625,20,816.0
135.0,22,926.0,27.235294117647058,4.498261133829365,22,926.0,0.24896097218173377,22,926.0
140.0,22,1036.0,31.393939393939394,3.454419400995897,22,1036.0,0.17246379383436117,22,1036.0
145.0,18,724.0,19.05263157894737,5.363555833400029,18,983.0,0.3084511346106972,18,983.0
150.0,10,508.0,11.813953488372093,6.813148703330886,10,789.0,0.38944109874760746,10,789.0
155.0,12,568.0,14.2,6.823952442411615,12,620.0,0.32124350732688106,12,620.0
160.0,17,609.0,14.5,4.876222708580706,17,678.0,0.21063695975389476,17,678.0
165.0,20,702.0,18.972972972972972,5.107027941928952,20,754.0,0.1764734237847008,20,754.0
170.0,22,808.0,20.2,5.886469691829212,22,860.0,0.19830823682341991,22,860.0
175.0,22,918.0,25.5,5.248758348602155,22,970.0,0.20274401023792119,22,970.0
180.0,17,911.0,27.606060606060606,3.2981187940463323,17,995.0,0.14813632965170326,17,995.0
185.0,16,963.0,25.342105263157894,5.89073684055477,16,992.0,0.31118088436513197,16,992.0
190.0,19,1048.0,26.2,5.984738070995689,19,1048.0,0.26926558336796946,19,1048.0
195.0,18,1104.0,28.307692307692307,4.419646814481868,18,1122.0,0.17241271639203073,18,1122.0
200.0,20,1204.0,31.68421052631579,5.107233463375079,20,1204.0,0.22499153476943096,20,1204.0
205.0,20,1304.0,34.31578947368421,5.750092826491923,20,1304.0,0.22067375711662748,20,1304.0
210.0,22,1411.0,38.13513513513514,5.131851005647696,22,1411.0,0.21919764970058644,22,1411.0
215.0,22,1521.0,47.53125,3.6666598396168824,22,1521.0,0.1807146260601313,22,1521.0
220.0,18,1550.0,35.22727272727273,5.0053041783162575,18,1575.0,0.3052414778639302,18,1575.0
225.0,22,1655.0,41.375,4.7652336264045685,22,1655.0,0.26672392589616356,22,1655.0
230.0,26,1772.0,38.52173913043478,3.7095301171644777,26,1772.0,0.15006275432092253,26,1772.0
235.0,26,1861.0,43.27906976744186,3.389531981293965,26,1888.0,0.1658998947475465,26,1888.0
240.0,24,1977.0,44.93181818181818,4.060485807302767,24,1981.0,0.1899961273524512,24,1981.0
245.0,26,2101.0,47.75,5.179647886500399,26,2101.0,0.17518010693110012,26,2101.0
250.0,26,2231.0,50.70454545454545,5.1182141198498785,26,2231.0,0.2106431555549435,26,2231.0
255.0,25,2338.0,50.82608695652174,5.131786569509789,25,2338.0,0.25868491835058327,25,2338.0
260.0,25,2463.0,53.54347826086956,4.209971691039503,25,2463.0,0.19104296897497916,25,2463.0
265.0,33,2613.0,58.06666666666667,3.513496053015586,33,2613.0,0.1414771378328318,33,2613.0
270.0,28,2729.0,59.32608695652174,3.730806526796379,28,2748.0,0.2091535296281138,28,2748.0
275.0,28,2869.0,66.72093023255815,3.912939330590575,28,2869.0,0.1508359306171749,28,2869.0
280.0,30,3013.0,61.48979591836735,5.202838157612982,30,3013.0,0.20188126362185824,30,3013.0
285.0,30,3163.0,70.28888888888889,4.384814027817502,30,3163.0,0.16013222984812198,30,3163.0
290.0,28,3289.0,67.12244897959184,4.044479686565032,28,3289.0,0.24901351180265288,28,3289.0
295.0,32,3444.0,70.28571428571429,3.782347662867277,32,3444.0,0.20248357002503978,32,3444.0
300.0,36,3615.0,72.3,2.667367154853452,36,3615.0,0.1079812339768108,36,3615.0
305.0,35,3753.0,73.58823529411765,2.474392005267656,35,3779.0,0.13170080340300266,35,3779.0
310.0,35,3924.0,76.94117647058823,3.0250012748150117,35,3928.0,0.12589459269752193,35,3928.0
315.0,37,4102.0,74.58181818181818,4.476141633450793,37,4102.0,0.14521826849383393,37,4102.0
320.0,37,4287.0,82.4423076923077,3.9466127022035287,37,4287.0,0.15457248181060715,37,4287.0
325.0,36,4432.0,82.07407407407408,3.2925574680235763,36,4441.0,0.17075503717721377,36,4441.0
330.0,37,4616.0,87.09433962264151,2.628256965119138,37,4616.0,0.11409425218213855,37,4616.0
335.0,44,4818.0,86.03571428571429,2.5900112698789783,44,4818.0,0.1114314395258304,44,4818.0
340.0,40,4978.0,88.89285714285714,1.9814010531973365,40,5004.0,0.08308877890506178,40,5004.0
345.0,39,5166.0,90.63157894736842,3.409945434629978,39,5167.0,0.1463119329712208,39,5167.0
350.0,39,5361.0,92.43103448275862,3.911290041899993,39,5361.0,0.11734074354341886,39,5361.0
355.0,41,5566.0,97.64912280701755,3.671948747003897,41,5566.0,0.11803008825010092,41,5566.0
360.0,41,5771.0,113.15686274509804,2.2260138975712054,41,5771.0,0.09225975002599181,41,5771.0
365.0,40,5922.0,100.37288135593221,2.6145420641988704,40,5938.0,0.16806728092381754,40,5938.0
370.0,45,6133.0,103.94915254237289,2.5920690156030273,45,6133.0,0.10357560409116573,45,6133.0
375.0,49,6370.0,99.53125,2.558210916753739,49,6370.0,0.09580497854346044,49,6370.0
380.0,45,6562.0,107.57377049180327,2.3125036043898755,45,6586.0,0.10437533618846173,45,6586.0
385.0,45,6777.0,105.890625,3.0638932535617855,45,6783.0,0.1365022242736776,45,6783.0
390.0,46,7005.0,111.19047619047619,3.5890046964523252,46,7005.0,0.10932998695771588,46,7005.0
395.0,46,7235.0,116.69354838709677,3.098410249084222,46,7235.0,0.11386849892536352,46,7235.0
400.0,45,7437.0,119.95161290322581,2.246631331448426,45,7439.0,0.11584393281190286,45,7439.0
405.0,51,7680.0,118.15384615384616,2.4351603744797705,51,7680.0,0.10575591699113712,51,7680.0
410.0,53,7942.0,122.18461538461538,2.35327301598534,53,7942.0,0.09409450181541555,53,7942.0
415.0,49,8153.0,125.43076923076923,2.040254454420618,49,8176.0,0.11552947230218753,49,8176.0
420.0,48,8392.0,131.125,2.6055043070278106,48,8393.0,0.09715313751471545,48,8393.0
425.0,50,8637.0,125.17391304347827,3.438833225071073,50,8637.0,0.12322454659194547,50,8637.0
430.0,50,8887.0,136.72307692307692,2.886678254121598,50,8887.0,0.09420836312784224,50,8887.0
435.0,48,9112.0,128.33802816901408,2.5619581359718264,48,9112.0,0.1307042739571743,48,9112.0
440.0,54,9378.0,142.0909090909091,2.136668585518001,54,9378.0,0.10942256014898347,54,9378.0
445.0,56,9653.0,134.06944444444446,2.252352924111993,56,9653.0,0.09746424527367002,56,9653.0
450.0,60,9947.0,146.27941176470588,1.4437615284746153,60,9947.0,0.08304884414935201,60,9947.0
455.0,56,10155.0,141.04166666666666,1.599297339412464,56,10204.0,0.08755742431864509,56,10204.0
460.0,54,10402.0,144.47222222222223,2.557811949177964,54,10423.0,0.11865803085470751,54,10423.0
465.0,54,10672.0,140.42105263157896,3.4981349049149912,54,10675.0,0.13308881909892378,54,10675.0
470.0,56,10945.0,149.93150684931507,2.9889696315342165,56,10945.0,0.08721933948703929,56,10945.0
475.0,56,11225.0,158.09859154929578,2.6708903291107218,56,11225.0,0.11828943218027102,56,11225.0
480.0,53,11438.0,170.71641791044777,1.6116340229981787,53,11457.0,0.07120621692335992,53,11457.0
485.0,54,11708.0,167.25714285714287,2.586987821549883,54,11708.0,0.11313237049386028,54,11708.0
490.0,57,11984.0,171.2,2.080425096343755,57,11984.0,0.08378088899046456,57,11984.0
495.0,58,12273.0,175.32857142857142,1.831271594442638,58,12273.0,0.09252840261791252,58,12273.0
500.0,54,12481.0,178.3,1.679427452245545,54,12520.0,0.09208745118917891,54,12520.0
505.0,52,12737.0,172.1216216216216,2.703790347017059,52,12743.0,0.11528417346158033,52,12743.0
510.0,54,13003.0,171.0921052631579,3.6115715589161748,54,13003.0,0.13215079931603244,54,13003.0
515.0,56,13275.0,186.9718309859155,2.5138850641154984,56,13275.0,0.0680826726035967,56,13275.0
520.0,58,13561.0,185.76712328767124,2.5962913360098705,58,13561.0,0.0834976988203323,58,13561.0
525.0,58,13851.0,203.69117647058823,1.8865180060663993,58,13851.0,0.08643423018503198,58,13851.0
530.0,54,14069.0,198.1549295774648,1.7880532572267058,54,14091.0,0.095974682678797,54,14091.0
535.0,57,14352.0,205.02857142857144,2.2800762912474397,57,14352.0,0.08733158473343121,57,14352.0
540.0,60,14642.0,200.57534246575344,1.9844025993194117,60,14642.0,0.05547585311475787,60,14642.0
545.0,55,14883.0,209.61971830985917,1.9155447985594583,55,14910.0,0.08549326604288025,55,14910.0
550.0,54,15149.0,207.5205479452055,2.6657761798080934,54,15153.0,0.111610752543857,54,15153.0
555.0,56,15422.0,211.26027397260273,2.9435934064499913,56,15422.0,0.08848037753747125,56,15422.0
560.0,55,15690.0,217.91666666666666,2.294838036433004,55,15690.0,0.09779184648006284,55,15690.0
565.0,58,15973.0,224.9718309859155,2.2272739177280108,58,15973.0,0.08204313595295117,58,15973.0
570.0,60,16267.0,225.93055555555554,1.899905213085079,60,16267.0,0.08189075573235031,60,16267.0
575.0,56,16506.0,239.2173913043478,1.2109587634604666,56,16538.0,0.06438818055144134,56,16538.0
580.0,56,16775.0,220.72368421052633,2.4694741756686263,56,16782.0,0.12500121033877318,56,16782.0
585.0,58,17057.0,224.43421052631578,2.9277078710786615,58,17057.0,0.07978582081953166,58,17057.0
590.0,54,14326.0,183.66666666666666,3.0621927152065176,54,16197.0,0.13186634220584714,54,16197.0
595.0,46,12362.0,174.11267605633802,2.750127692813321,46,14569.0,0.12956922008752203,46,14569.0
600.0,47,12570.0,169.86486486486487,3.243174282533833,47,13053.0,0.11607125418051058,47,13053.0
605.0,46,12773.0,174.97260273972603,2.91684005651758,46,13279.0,0.10740696066185472,46,13279.0
610.0,50,13011.0,180.70833333333334,2.9852245732094533,50,13497.0,0.10383254843420045,50,13497.0
615.0,52,13266.0,189.5142857142857,3.3360459846560064,52,13749.0,0.09497653332433392,52,13749.0
620.0,52,13526.0,193.22857142857143,3.3412562381573356,52,14009.0,0.11724748207005263,52,14009.0
625.0,49,10844.0,166.83076923076922,2.301594461546214,49,13260.0,0.10857158945708906,49,13260.0
630.0,39,6795.0,101.41791044776119,3.0967207618935966,39,11542.0,0.1463274622185126,39,11542.0
635.0,35,4158.0,63.96923076923077,3.915205329001017,35,9054.0,0.1445446146048092,35,9054.0
640.0,25,1737.0,25.17391304347826,4.765477420188117,25,9182.0,0.24695197376805295,25,9182.0
645.0,26,729.0,11.950819672131148,4.136896077551608,26,9287.0,0.21697616564656302,26,9287.0
650.0,36,887.0,12.855072463768115,4.287697116527092,36,9445.0,0.19095757258336823,36,9445.0
655.0,40,1081.0,15.666666666666666,3.2682195922714845,40,9639.0,0.14932488409599587,40,9639.0
660.0,50,1309.0,18.43661971830986,2.151079720214579,50,9867.0,0.08821184021638236,50,9867.0
665.0,57,1583.0,21.684931506849313,1.9273765799202078,57,10141.0,0.07949430797293816,57,10141.0
670.0,63,1884.0,25.45945945945946,1.8294578232221315,63,10442.0,0.08093567070462074,63,10442.0
675.0,64,2204.0,29.783783783783782,1.8077584297895537,64,10762.0,0.08039620629733532,64,10762.0
680.0,64,2524.0,33.21052631578947,1.7475374904916374,64,11082.0,0.06906543900075117,64,11082.0
685.0,61,2274.0,29.532467532467532,1.7333099468414006,61,11190.0,0.08523714916421488,61,11190.0
690.0,52,2041.0,26.855263157894736,2.5146471284758776,52,11112.0,0.10388305617322076,52,11112.0
695.0,51,2226.0,28.53846153846154,3.168813047790832,51,10991.0,0.10535162439851468,51,10991.0
700.0,47,2431.0,31.986842105263158,2.8425673328898173,47,11215.0,0.1180246456369576,47,11215.0
705.0,53,2688.0,35.36842105263158,2.788359202247968,53,11453.0,0.0961387634728262,53,11453.0
710.0,58,2970.0,40.13513513513514,2.826867161916158,58,11735.0,0.08718624773800382,58,11735.0
715.0,58,3260.0,44.657534246575345,2.8523483594627073,58,12025.0,0.08718151478187007,58,12025.0
720.0,54,3437.0,50.544117647058826,1.5348589091680134,54,12190.0,0.041274914922173694,54,12190.0
725.0,49,3586.0,49.12328767123287,2.8357855859335275,49,12266.0,0.1408607953538207,49,12266.0
730.0,50,3835.0,53.263888888888886,3.4583547606311518,50,12402.0,0.12041310133123219,50,12402.0
735.0,50,4048.0,54.7027027027027,2.8381065718029834,50,12631.0,0.10222058413011118,50,12631.0
740.0,52,4306.0,62.405797101449274,2.7739041985602837,52,12873.0,0.0890411382027544,52,12873.0
745.0,54,4570.0,63.47222222222222,3.447472104922642,54,13137.0,0.09305830451053895,54,13137.0
750.0,54,4840.0,71.17647058823529,2.6781493639154674,54,13407.0,0.09477695613772445,54,13407.0
755.0,49,5008.0,78.25,1.377329611303478,49,13622.0,0.08995409772626188,49,13622.0
760.0,52,5263.0,79.74242424242425,2.457084195166305,52,13821.0,0.1100340176108947,52,13821.0
765.0,55,5528.0,78.97142857142858,2.438080038227152,55,14086.0,0.08637927576629721,55,14086.0
770.0,51,5738.0,83.15942028985508,2.170011846569688,51,14330.0,0.09855548369591678,51,14330.0
775.0,50,5977.0,87.8970588235294,2.6132722025968143,50,14540.0,0.11811597970873444,50,14540.0
780.0,50,6227.0,91.57352941176471,3.1604116900287336,50,14785.0,0.07403277046942067,50,14785.0
785.0,52,6483.0,93.95652173913044,2.9853299321423417,52,15041.0,0.12695265096389408,52,15041.0
790.0,52,6743.0,107.03174603174604,2.1010841093696224,52,15301.0,0.08713152249194522,52,15301.0
795.0,54,7008.0,100.11428571428571,2.831682151013327,54,15566.0,0.13873733819464043,54,15566.0
800.0,54,7278.0,110.27272727272727,2.2075559021747213,54,15836.0,0.1078622615623595,54,15836.0
805.0,51,7412.0,102.94444444444444,2.577466960988015,51,16035.0,0.13156443432196052,51,16035.0
810.0,52,7667.0,112.75,2.3648081716396927,52,16226.0,0.10489352119447336,52,16226.0
815.0,55,7938.0,110.25,2.6043472531114062,55,16496.0,0.10547736616270517,55,16496.0
820.0,52,7142.0,100.59154929577464,2.193328634450125,52,15610.0,0.09474231019275241,52,15610.0
825.0,45,5628.0,80.4,2.5746897518167216,45,13605.0,0.1258986616679219,45,13605.0
830.0,41,4281.0,59.458333333333336,3.8911499993566645,41,11194.0,0.16942261026110195,41,11194.0
835.0,31,2954.0,42.81159420289855,3.2624348463540978,31,10808.0,0.16161350550136885,31,10808.0
840.0,22,2140.0,31.940298507462686,3.86163809324433,22,10852.0,0.19931400162105012,22,10852.0
845.0,32,2281.0,31.680555555555557,4.323710042605859,32,10916.0,0.19265557204357053,32,10916.0
850.0,39,2455.0,33.63013698630137,3.921060723366064,39,11073.0,0.17053304118253695,39,11073.0
855.0,46,2664.0,35.52,3.4600693621148593,46,11282.0,0.11569390016444747,46,11282.0
860.0,53,2910.0,39.863013698630134,2.6371300808886127,53,11530.0,0.078449720037831,53,11530.0
865.0,60,3189.0,43.68493150684932,2.3853483475241264,60,11813.0,0.0875738347209453,60,11813.0
870.0,60,3489.0,48.458333333333336,2.160340785789675,60,12113.0,0.10790756297593013,60,12113.0
875.0,61,3791.0,52.65277777777778,1.5420436069899173,61,12415.0,0.0616459499336543,61,12415.0
880.0,64,4109.0,55.527027027027025,1.6720725338643507,64,12733.0,0.07898027602760732,64,12733.0
885.0,64,4429.0,59.851351351351354,1.4972173281406325,64,13053.0,0.06472468278761426,64,13053.0
890.0,60,4395.0,55.63291139240506,1.9549160137235466,60,13232.0,0.08663134456572803,60,13232.0
895.0,55,4503.0,59.25,2.170728981420941,55,13302.0,0.08911237738363621,55,13302.0
900.0,58,4783.0,60.54430379746835,2.8389139953239066,58,13418.0,0.09006561945056703,58,13418.0
905.0,55,5018.0,64.33333333333333,2.218288433652372,55,13679.0,0.05984393467657807,55,13679.0
910.0,56,5292.0,67.84615384615384,2.914484811092632,56,13931.0,0.10881018958311123,56,13931.0
915.0,57,5576.0,74.34666666666666,3.0117979659971197,57,14211.0,0.09018818322202861,57,14211.0
920.0,58,5866.0,78.21333333333334,2.8897166112977097,58,14501.0,0.08413314543761033,58,14501.0
925.0,53,6053.0,86.47142857142858,2.288992426177462,53,14733.0,0.10844055157795351,53,14733.0
930.0,52,6312.0,87.66666666666667,2.899043397750374,52,14936.0,0.12157592935951038,52,14936.0
935.0,56,6587.0,94.1,2.4152817129617414,56,15211.0,0.05062411332172929,56,15211.0
940.0,52,6247.0,84.41891891891892,2.750576911073009,52,14319.0,0.12640419268235842,52,14319.0
945.0,44,5495.0,77.3943661971831,3.009237126186923,44,12309.0,0.13152444623083442,44,12309.0
950.0,40,4927.0,66.58108108108108,3.779398629714516,40,9385.0,0.15844043688580245,40,9385.0
955.0,31,4140.0,59.142857142857146,3.655962315349028,31,9521.0,0.1823893862466542,31,9521.0
960.0,25,3735.0,54.9264705882353,3.6252071709075837,25,9574.0,0.1907585218126979,25,9574.0
965.0,33,3884.0,54.70422535211268,4.420584596325272,33,9663.0,0.19210852511461118,33,9663.0
970.0,41,4071.0,53.56578947368421,4.0173340651365494,41,9849.0,0.15867530940228666,41,9849.0
975.0,47,4289.0,57.95945945945946,2.8964924402257894,47,10068.0,0.09882047680519028,47,10068.0
980.0,55,4551.0,61.5,2.4473437561246008,55,10331.0,0.09449382000685495,55,10331.0
985.0,61,4842.0,67.25,1.8185925886451666,61,10623.0,0.085608735873021,61,10623.0
990.0,62,5151.0,68.68,2.1890907693852615,62,10932.0,0.1037295218093125,62,10932.0
995.0,62,5461.0,75.84722222222223,1.5406609740947654,62,11242.0,0.05773372020705535,62,11242.0
1000.0,58,5553.0,72.11688311688312,2.0735866297730174,58,11456.0,0.11127984507525146,58,11456.0
1005.0,57,5792.0,78.27027027027027,2.241325435489183,57,11613.0,0.10682753513545379,57,11613.0
1010.0,58,6081.0,76.0125,3.099077451463416,58,11862.0,0.10642745290696297,58,11862.0
1015.0,56,6328.0,80.10126582278481,2.6916589461912497,56,12130.0,0.10484836436547458,56,12130.0
1020.0,56,6601.0,86.85526315789474,2.8582143992128635,56,12383.0,0.10000292266963798,56,12383.0
1025.0,58,6888.0,90.63157894736842,3.0850290933880373,58,12669.0,0.08970053756976058,58,12669.0
1030.0,52,4634.0,62.62162162162162,2.8440554616328533,52,11802.0,0.11190746170213964,52,11802.0
1035.0,47,2586.0,35.916666666666664,2.8943653335340187,47,9801.0,0.11610322472048125,47,9801.0
1040.0,46,2780.0,38.611111111111114,3.7666263207356647,46,8604.0,0.14496742886645642,46,8604.0
1045.0,45,2487.0,35.028169014084504,2.6550989024104266,45,7702.0,0.08161375702541772,45,7702.0
1050.0,42,1864.0,27.82089552238806,2.7426005340124866,42,6500.0,0.09830079491422597,42,6500.0
1055.0,37,1327.0,19.514705882352942,4.036227837526115,37,4590.0,0.16314422036024262,37,4590.0
1060.0,28,710.0,10.757575757575758,3.2708667750521925,28,4699.0,0.14343242496770467,28,4699.0
1065.0,21,340.0,5.3125,4.131323425206178,21,4730.0,0.22238703636184629,21,4730.0
1070.0,29,468.0,6.882352941176471,4.285281855757477,29,4782.0,0.17668159029854472,29,4782.0
1075.0,30,382.0,5.305555555555555,3.537115991217657,30,4834.0,0.15509696913208665,30,4834.0
1080.0,41,509.0,7.3768115942028984,2.580419906766818,41,4855.0,0.07238334612528638,41,4855.0
1085.0,52,741.0,9.75,3.2856247229259288,52,5057.0,0.11623985911820081,52,5057.0
1090.0,50,931.0,12.930555555555555,2.666678475538258,50,5288.0,0.10006582911271283,50,5288.0
1095.0,47,1105.0,14.932432432432432,3.070507956411008,47,5474.0,0.12182996075051587,47,5474.0
1100.0,48,1345.0,19.214285714285715,3.467120156045467,48,5655.0,0.11306640325605904,48,5655.0
1105.0,48,1585.0,22.01388888888889,3.9218824391209526,48,5891.0,0.1538357613580718,48,5891.0
1110.0,48,1796.0,27.21212121212121,2.9696551190074882,48,6107.0,0.10667648125951579,48,6107.0
1115.0,49,2038.0,31.353846153846153,2.531229748193482,49,6344.0,0.09870603659288248,49,6344.0
1120.0,52,2296.0,35.875,2.1865247538715655,52,6602.0,0.08281452688013062,52,6602.0
1125.0,49,2489.0,38.890625,1.7198419872754518,49,6829.0,0.09604189904433062,49,6829.0
1130.0,46,2713.0,41.738461538461536,2.7619279741110194,46,7027.0,0.12358445327218417,46,7027.0
1135.0,48,2950.0,43.38235294117647,3.6852250154212878,48,7256.0,0.13148539409254542,48,7256.0
1140.0,48,3190.0,50.63492063492063,2.690481941023932,48,7496.0,0.06784631453774605,48,7496.0
1145.0,46,3403.0,53.171875,2.656623496955769,46,7713.0,0.13423963312512777,46,7713.0
1150.0,49,3641.0,60.68333333333333,2.1296623553138017,49,7947.0,0.09896604348627712,49,7947.0
1155.0,51,3892.0,57.23529411764706,2.7826077861530663,51,8198.0,0.12638316142245526,51,8198.0
1160.0,48,4100.0,64.0625,2.382466441118436,48,8430.0,0.13159458049957584,48,8430.0
1165.0,48,4326.0,63.61764705882353,2.8708180037717197,48,8639.0,0.1360784895172293,48,8639.0
1170.0,50,4574.0,67.26470588235294,3.595838516172277,50,8880.0,0.10001738926622829,50,8880.0
1175.0,44,4139.0,61.776119402985074,2.9948776802155135,44,8195.0,0.11128181485860214,44,8195.0
1180.0,41,3361.0,53.34920634920635,3.186285978617742,41,7244.0,0.14481047948971484,41,7244.0
1185.0,32,2571.0,38.95454545454545,4.125102926503536,32,5706.0,0.17352669932571635,32,5706.0
1190.0,25,1820.0,28.4375,4.00376860946493,25,5829.0,0.20906345565742152,25,5829.0
1195.0,24,1297.0,20.919354838709676,4.642422565459914,24,5920.0,0.229924909450678,24,5920.0
1200.0,31,1437.0,22.453125,4.138661781790073,31,6056.0,0.16581175562967662,31,6056.0
1205.0,39,1619.0,24.16417910447761,3.555566595223496,39,6238.0,0.1480902652973769,39,6238.0
1210.0,45,1834.0,27.37313432835821,2.4582929417297312,45,6453.0,0.09242109589885424,45,6453.0
1215.0,54,2087.0,29.3943661971831,2.299963508784064,54,6707.0,0.10496355488030984,54,6707.0
1220.0,58,2374.0,34.911764705882355,1.662107788580641,58,6994.0,0.07059478555086904,58,6994.0
1225.0,60,2670.0,37.605633802816904,1.8708282238654559,60,7290.0,0.10749510490214749,60,7290.0
1230.0,60,2970.0,41.25,1.8824427159004182,60,7590.0,0.11182773351640819,60,7590.0
1235.0,56,2923.0,40.59722222222222,1.3881302506100874,56,7748.0,0.06386082187808681,56,7748.0
1240.0,51,3036.0,38.92307692307692,2.8123441386099484,51,7807.0,0.12039125657025704,51,7807.0
1245.0,55,3307.0,43.51315789473684,3.056519741319434,55,7934.0,0.08374615065725947,55,7934.0
1250.0,57,3586.0,46.57142857142857,2.935820554451136,57,8206.0,0.08835785319623546,57,8206.0
1255.0,53,3797.0,52.013698630136986,2.1223859810121706,53,8459.0,0.05515956368340987,53,8459.0
1260.0,50,4030.0,55.97222222222222,2.6078198589332855,50,8668.0,0.09854068029072019,50,8668.0
1265.0,52,4286.0,61.22857142857143,3.106639644629283,52,8906.0,0.09462525448626061,52,8906.0
1270.0,46,4068.0,58.114285714285714,2.894555974872568,46,8429.0,0.10645409325743416,46,8429.0
1275.0,43,3535.0,52.76119402985075,2.959349141137778,43,7318.0,0.1198694862908296,43,7318.0
1280.0,38,3145.0,45.57971014492754,3.9371124174931587,38,6205.0,0.15686275376196293,38,6205.0
1285.0,26,2594.0,38.14705882352941,4.204567344443065,26,6338.0,0.20402217923247223,26,6338.0
1290.0,26,2340.0,36.0,4.317812704204965,26,6420.0,0.23289900479522674,26,6420.0
1295.0,33,2489.0,37.149253731343286,3.982980309204899,33,6547.0,0.14945815476051189,33,6547.0
1300.0,40,2678.0,36.189189189189186,3.7015584344959023,40,6736.0,0.1492677305999371,40,6736.0
1305.0,48,2901.0,40.859154929577464,2.355346754540212,48,6959.0,0.0925219275440217,48,6959.0
1310.0,58,3173.0,42.306666666666665,2.066547363571561,58,7232.0,0.10896577415045677,58,7232.0
1315.0,62,3478.0,48.30555555555556,1.644057132812821,62,7537.0,0.08578029962799655,62,7537.0
1320.0,58,3514.0,46.23684210526316,1.4831538666927273,58,7727.0,0.07143372353830256,58,7727.0
1325.0,57,3714.0,48.86842105263158,2.4646651191523903,57,7854.0,0.11634211029205724,57,7854.0
1330.0,58,4000.0,50.0,2.9268932226860302,58,8059.0,0.08594407857687268,58,8059.0
1335.0,61,4301.0,55.857142857142854,2.40784734690348,61,8360.0,0.07642027080161681,61,8360.0
1340.0,64,4612.0,59.896103896103895,1.6800232594915283,64,8671.0,0.07178861948975396,64,8671.0
1345.0,59,4806.0,64.94594594594595,1.4836744789387595,59,8940.0,0.09136450747493151,59,8940.0
1350.0,54,5006.0,65.01298701298701,2.45246408860115,54,9142.0,0.11310372109854094,54,9142.0
1355.0,54,5276.0,68.51948051948052,3.2465615504446492,54,9343.0,0.10492336830708017,54,9343.0
1360.0,54,5521.0,70.78205128205128,2.7657681180221263,54,9589.0,0.11583100273822182,54,9589.0
1365.0,60,5805.0,78.44594594594595,2.277898579400821,60,9873.0,0.08646991209196929,60,9873.0
1370.0,63,6111.0,79.36363636363636,2.0170271609423103,63,10180.0,0.0825043338868805,63,10180.0
1375.0,59,6348.0,83.52631578947368,1.9903764562577628,59,10455.0,0.10625169891444594,59,10455.0
1380.0,54,6563.0,87.50666666666666,1.912914914328094,54,10682.0,0.0799623963749863,54,10682.0
1385.0,56,6839.0,86.56962025316456,3.308314273497874,56,10904.0,0.12270558321882079,56,10904.0
1390.0,56,7119.0,91.26923076923077,3.5023909177166317,56,11178.0,0.11968596545776608,56,11178.0
1395.0,58,7403.0,98.70666666666666,2.8954998853565925,58,11462.0,0.0889807279235023,58,11462.0
1400.0,52,7006.0,95.97260273972603,2.6245114868284602,52,10991.0,0.10846817775353725,52,10991.0
1405.0,47,6143.0,85.31944444444444,2.9604543456786714,47,9767.0,0.12623909288982396,47,9767.0
1410.0,40,5496.0,78.51428571428572,3.8509985768592676,40,8534.0,0.1435763170641111,40,8534.0
1415.0,30,4665.0,66.64285714285714,3.872556000609288,30,8397.0,0.17747769586148587,30,8397.0
1420.0,30,4280.0,64.84848484848484,3.9368127923401968,30,8520.0,0.19922550639168446,30,8520.0
1425.0,36,4449.0,62.66197183098591,4.1148248757176,36,8687.0,0.1636882745856235,36,8687.0
1430.0,44,4651.0,63.71232876712329,2.9084810885701984,44,8890.0,0.12036976276835663,44,8890.0
1435.0,51,4893.0,67.02739726027397,1.974417007701638,51,9134.0,0.09316291772690344,51,9134.0
1440.0,59,5171.0,69.87837837837837,1.3188670913931468,59,9412.0,0.053716436020822024,59,9412.0
1445.0,66,5490.0,68.625,2.063075452209668,66,9732.0,0.1038214922950833,66,9732.0
1450.0,67,5821.0,74.62820512820512,1.3260847493171808,67,10063.0,0.05459117313161588,67,10063.0
1455.0,64,5798.0,69.02380952380952,1.7405335889008753,64,10260.0,0.08224967836060666,64,10260.0
1460.0,60,5919.0,73.9875,1.9918790564859816,60,10347.0,0.0903241153131489,60,10347.0
1465.0,63,6223.0,72.36046511627907,2.912992395721687,63,10481.0,0.10030492138889865,63,10481.0
1470.0,59,6474.0,78.95121951219512,2.297332999563771,59,10764.0,0.0809777149778776,59,10764.0
1475.0,60,6762.0,81.46987951807229,2.776481632243209,60,11026.0,0.09075791484854415,60,11026.0
1480.0,62,7068.0,88.35,2.9729098356872803,62,11326.0,0.08339426299660521,62,11326.0
1485.0,62,7378.0,93.39240506329114,2.535277589118919,62,11636.0,0.0639925677215284,62,11636.0
1490.0,58,7589.0,99.85526315789474,2.2246027318786323,58,11888.0,0.08536949503318855,58,11888.0
1495.0,56,7864.0,104.85333333333334,2.881241912666065,56,12111.0,0.13567446704728003,56,12111.0
1500.0,60,8154.0,110.1891891891892,2.3659222458640485,60,12396.0,0.057540460640439675,60,12396.0
1505.0,60,8454.0,108.38461538461539,2.173948457880342,60,12696.0,0.08012799717396106,60,12696.0
1510.0,64,8772.0,121.83333333333333,1.3510145265350124,64,13014.0,0.0764429636677601,64,13014.0
1515.0,60,9005.0,115.44871794871794,1.660342680355016,60,13294.0,0.1004976683620935,60,13294.0
1520.0,57,9269.0,118.83333333333333,2.3789462664253804,57,13538.0,0.10693831067782489,57,13538.0
1525.0,59,9562.0,115.20481927710843,3.3588993210735696,59,13804.0,0.12838184712444736,59,13804.0
1530.0,61,9863.0,124.84810126582279,2.9980669846458734,61,14105.0,0.08221492409893005,61,14105.0
1535.0,61,10168.0,132.05194805194805,2.3723563023434293,61,14410.0,0.10372558164494483,61,14410.0
1540.0,63,10479.0,139.72,1.9977538946460633,63,14721.0,0.08155786630779267,63,14721.0
1545.0,63,10794.0,140.1818181818182,2.315864489227677,63,15036.0,0.10077498795452247,63,15036.0
1550.0,59,11004.0,146.72,1.9587970884286816,59,15290.0,0.09329000510676239,59,15290.0
1555.0,59,11297.0,148.64473684210526,2.217820771028444,59,15541.0,0.08070695528235167,59,15541.0
1560.0,63,11604.0,152.68421052631578,2.0114421326795338,63,15846.0,0.06508894512976666,63,15846.0
1565.0,59,11874.0,154.2077922077922,2.0481056950844523,59,16134.0,0.09497128866972629,59,16134.0
1570.0,59,12169.0,160.1184210526316,2.381720036236205,59,16411.0,0.08605359603038043,59,16411.0
1575.0,61,12469.0,159.85897435897436,2.8636297044866548,61,16711.0,0.11010808416996531,61,16711.0
1580.0,61,12774.0,168.07894736842104,2.565491725953771,61,17016.0,0.08466356401977113,61,17016.0
1585.0,58,13032.0,173.76,2.2463836338701406,58,17285.0,0.10649841105150468,58,17285.0
1590.0,62,13333.0,177.77333333333334,1.9173744013432248,62,17575.0,0.08881175866258621,62,17575.0
1595.0,64,13648.0,181.97333333333333,1.6893774799479067,64,17890.0,0.05992289521076736,64,17890.0
1600.0,61,12870.0,165.0,1.6293669081121442,61,17368.0,0.0812662113926813,61,17368.0
1605.0,53,11371.0,149.6184210526316,2.177779067468477,53,16207.0,0.09074790711042935,53,16207.0
1610.0,49,10215.0,126.11111111111111,3.5692192814945884,49,14317.0,0.14195344560216952,49,14317.0
1615.0,39,8722.0,113.27272727272727,3.038247979568001,39,14482.0,0.12078571979813683,39,14482.0
1620.0,32,7946.0,107.37837837837837,3.2214637710399665,32,14572.0,0.15974660688271636,32,14572.0
1625.0,41,8130.0,102.9113924050633,3.626934113909528,41,14689.0,0.14260747706172588,41,14689.0
1630.0,47,8347.0,101.79268292682927,3.6414685552994452,47,14896.0,0.13740828099809632,47,14896.0
1635.0,53,8599.0,104.86585365853658,2.8986176785620037,53,15148.0,0.09671314608084661,53,15148.0
1640.0,62,8891.0,109.76543209876543,2.129149558337825,62,15441.0,0.08069746452323964,62,15441.0
1645.0,69,9224.0,115.3,1.690259940149139,69,15774.0,0.07368382047622,69,15774.0
1650.0,69,9569.0,118.1358024691358,1.7880478375238558,69,16119.0,0.08909476425962584,69,16119.0
1655.0,65,9687.0,122.62025316455696,1.388983920074046,65,16362.0,0.06058791278902995,65,16362.0
1660.0,62,9947.0,114.33333333333333,2.6649260957327896,62,16546.0,0.1187627126278408,62,16546.0
1665.0,67,10270.0,122.26190476190476,2.3326873152178997,67,16820.0,0.07593797924882549,67,16820.0
1670.0,65,10556.0,119.95454545454545,2.1935776223904675,65,17125.0,0.08152278178987328,65,17125.0
1675.0,64,10875.0,129.46428571428572,2.5469509130767887,64,17426.0,0.0850992505415533,64,17426.0
1680.0,64,11195.0,134.87951807228916,2.799758029454627,64,17745.0,0.08472894462932196,64,17745.0
1685.0,66,11522.0,144.025,2.330122645471273,66,18072.0,0.07784340473030094,66,18072.0
1690.0,66,11852.0,150.0253164556962,2.018012463322115,66,18402.0,0.08924245291402713,66,18402.0
1695.0,62,12102.0,153.18987341772151,2.11532960615498,62,18678.0,0.08743738097293118,62,18678.0
1700.0,62,12412.0,153.23456790123456,2.583566652207555,62,18962.0,0.09376889680621686,62,18962.0
1705.0,66,12731.0,159.1375,2.332797266345306,66,19281.0,0.0794288609699057,66,19281.0
1710.0,66,13061.0,161.2469135802469,1.9129261891144227,66,19611.0,0.08230030894744748,66,19611.0
1715.0,64,13349.0,175.64473684210526,1.225643356563569,64,19926.0,0.0766881675094239,64,19926.0
1720.0,64,13655.0,166.52439024390245,2.2747820231129356,64,20209.0,0.0986075854952267,64,20209.0
1725.0,64,13975.0,170.4268292682927,2.9220321734686854,64,20525.0,0.08060065275497183,64,20525.0
1730.0,62,14272.0,171.95180722891567,2.694921966179902,62,20822.0,0.11300629748033822,62,20822.0
1735.0,66,14593.0,184.72151898734177,1.7949159839340998,66,21143.0,0.07201821601738265,66,21143.0
1740.0,68,14933.0,186.6625,1.7049617138865787,68,21483.0,0.056877103693888376,68,21483.0
1745.0,65,14502.0,179.03703703703704,1.6698794018919814,65,20918.0,0.07908802058010976,65,20918.0
1750.0,57,13687.0,168.97530864197532,2.3280808091465692,57,19577.0,0.10283228945292107,57,19577.0
1755.0,54,12857.0,153.0595238095238,3.3663603329089424,54,17408.0,0.12878071158768656,54,17408.0
1760.0,41,11876.0,144.82926829268294,3.0901249540977633,41,17593.0,0.13682838378955314,41,17593.0
1765.0,37,11386.0,144.126582278481,3.1573993880682365,37,17696.0,0.17499660176628687,37,17696.0
1770.0,42,11585.0,141.28048780487805,3.456916668068563,42,17829.0,0.13470009330810995,42,17829.0
1775.0,48,11817.0,137.40697674418604,3.4388463824868367,48,18054.0,0.14362263116839277,48,18054.0
1780.0,58,12085.0,140.52325581395348,2.733259929089147,58,18322.0,0.08469999204392147,58,18322.0
1785.0,64,12397.0,144.15116279069767,2.322658711142785,64,18635.0,0.06842068818845419,64,18635.0
1790.0,72,12740.0,155.3658536585366,1.6032004926315333,72,18979.0,0.07210582546040419,72,18979.0
1795.0,72,13100.0,157.83132530120483,1.741270063029522,72,19339.0,0.07268005308880648,72,19339.0
1800.0,66,13248.0,161.5609756097561,1.5063529446328872,66,19599.0,0.056456878837547325,66,19599.0
1805.0,66,13548.0,155.72413793103448,2.2022723165252605,66,19811.0,0.0983580510950102,66,19811.0
1810.0,70,13894.0,161.5581395348837,2.4220534574520096,70,20133.0,0.07043106481819755,70,20133.0
1815.0,66,14202.0,161.38636363636363,2.2064607779801286,66,20458.0,0.08325851520425166,66,20458.0
1820.0,67,14535.0,173.03571428571428,2.3431039915482983,67,20774.0,0.07304937208329411,67,20774.0
1825.0,67,14870.0,170.91954022988506,2.83025416124144,67,21109.0,0.07864617633566467,67,21109.0
1830.0,69,15214.0,185.53658536585365,2.103792136514003,69,21453.0,0.07412813761862624,69,21453.0
1835.0,69,15559.0,196.9493670886076,1.2782447097192042,69,21798.0,0.07401526825485996,69,21798.0
1840.0,67,15854.0,195.7283950617284,1.6646460259370648,67,22109.0,0.08282139306088174,67,22109.0
1845.0,69,16191.0,190.48235294117646,2.042053175114604,69,22430.0,0.07592324526444531,69,22430.0
1850.0,71,16542.0,196.92857142857142,1.9144638257418376,71,22781.0,0.06951604649873386,71,22781.0
1855.0,73,16899.0,198.81176470588235,1.502597322432418,73,23138.0,0.0713436678973646,73,23138.0
1860.0,69,17184.0,212.14814814814815,0.9529508803160549,69,23465.0,0.06195083354338953,69,23465.0
1865.0,68,17508.0,201.24137931034483,1.9609248183154242,68,23760.0,0.09078181181832183,68,23760.0
1870.0,68,17848.0,205.1494252873563,2.64548718230347,68,24087.0,0.07515290795509318,68,24087.0
1875.0,67,18163.0,199.5934065934066,2.544403992636553,67,24403.0,0.10591324853830182,67,24403.0
1880.0,73,18514.0,217.81176470588235,1.7080643959241042,73,24745.0,0.06679272118038154,73,24745.0
1885.0,73,18879.0,212.12359550561797,2.024443117431255,73,25100.0,0.09158948704850356,73,25100.0
1890.0,77,19255.0,226.52941176470588,1.2187096733085774,77,25466.0,0.06791770314704264,77,25466.0
1895.0,73,14553.0,165.375,1.085810872212839,73,23861.0,0.06360816534345604,73,23861.0
1900.0,67,8285.0,93.08988764044943,1.935105065381296,67,20615.0,0.09634346083066367,67,20615.0
1905.0,61,5836.0,62.75268817204301,2.8442826695490506,61,17199.0,0.11569502217843862,61,17199.0
1910.0,55,5346.0,58.108695652173914,2.650762643563127,55,16762.0,0.10735835007902372,55,16762.0
1915.0,54,5447.0,60.522222222222226,2.892049702074131,54,16915.0,0.11934958916824655,54,16915.0
1920.0,54,5687.0,65.36781609195403,2.786051831128745,54,17059.0,0.09220087648208122,54,17059.0
1925.0,62,5985.0,68.01136363636364,3.5591064731619677,62,17299.0,0.11463223450855263,62,17299.0
1930.0,62,6295.0,76.76829268292683,2.999969475015597,62,17597.0,0.09593931029362637,62,17597.0
1935.0,64,6613.0,80.64634146341463,2.952272081596815,64,17915.0,0.08003602185750781,64,17915.0
1940.0,64,6933.0,90.03896103896103,2.1882872902463393,64,18235.0,0.0739094645507805,64,18235.0
1945.0,60,6152.0,80.94736842105263,1.802285191597249,60,17476.0,0.10569541277914835,60,17476.0
1950.0,51,4635.0,58.67088607594937,2.845402110554648,51,15831.0,0.1389381848381305,51,15831.0
1955.0,48,3471.0,44.5,3.331690817199892,48,13223.0,0.1038576598335877,48,13223.0
1960.0,40,2078.0,25.975,3.4983952490088086,40,13427.0,0.1632452855065862,40,13427.0
1965.0,40,1398.0,18.89189189189189,2.999310516129149,40,13602.0,0.1378687385136622,40,13602.0
1970.0,47,1618.0,19.73170731707317,3.428116404863553,47,13821.0,0.1322699018967786,47,13821.0
1975.0,54,1874.0,23.425,2.4020969403484442,54,14077.0,0.10106889960328785,54,14077.0
1980.0,62,2168.0,26.765432098765434,1.4981912529306303,62,14372.0,0.05486749303440199,62,14372.0
1985.0,68,2499.0,29.75,1.5769433395126222,68,14705.0,0.06869678988219488,68,14705.0
1990.0,76,2863.0,32.9080459770115,1.6140149546125622,76,15070.0,0.04687097712736205,76,15070.0
1995.0,76,3243.0,37.7093023255814,1.5591573171532687,76,15450.0,0.07033531665414716,76,15450.0
2000.0,78,3625.0,42.151162790697676,1.1485445270711108,78,15832.0,0.06188647258208275,78,15832.0
2005.0,78,4015.0,45.625,1.489298286512942,78,16222.0,0.06720912335328418,78,16222.0
2010.0,72,3796.0,42.17777777777778,1.3186133647668876,72,16380.0,0.060370318782875756,72,16380.0
2015.0,67,3567.0,40.07865168539326,1.9527608276268114,67,16347.0,0.06878880419256558,67,16347.0
2020.0,62,3783.0,39.82105263157895,3.323839187572477,62,16252.0,0.13969584324105958,62,16252.0
2025.0,63,4058.0,44.59340659340659,2.5401316186278873,63,16545.0,0.10057649797963229,63,16545.0
2030.0,68,4381.0,47.619565217391305,2.5023286676781273,68,16855.0,0.10172923733378868,68,16855.0
2035.0,72,4735.0,53.80681818181818,2.294932326744277,72,17204.0,0.06948075771191557,72,17204.0
2040.0,74,5097.0,56.63333333333333,2.176206025272497,74,17566.0,0.06799882529380219,74,17566.0
2045.0,69,5351.0,62.22093023255814,1.8531367859775572,69,17796.0,0.08001791676033061,69,17796.0
2050.0,61,5556.0,63.13636363636363,2.3114456592271257,61,17919.0,0.08545334400067466,61,17919.0
2055.0,65,5871.0,67.48275862068965,3.0723640865248587,65,18096.0,0.10302821068554832,65,18096.0
2060.0,63,6154.0,69.93181818181819,2.360851810639024,63,18396.0,0.07886569087295453,63,18396.0
2065.0,65,6474.0,76.16470588235295,2.57720488977589,65,18699.0,0.08869438987204657,65,18699.0
2070.0,66,6804.0,80.04705882352941,2.8831408273325847,66,19029.0,0.09950331127896442,66,19029.0
2075.0,66,7134.0,89.175,1.9534828229471661,66,19359.0,0.05275311869431355,66,19359.0
2080.0,62,7358.0,89.73170731707317,2.1652919776722004,62,19631.0,0.11098947347551433,62,19631.0
2085.0,63,7659.0,98.1923076923077,2.089327003449564,63,19870.0,0.08426607241266101,63,19870.0
2090.0,64,7979.0,94.98809523809524,2.7259328109124885,64,20186.0,0.09491519069483699,64,20186.0
2095.0,62,8254.0,100.65853658536585,2.0629800539506005,62,20485.0,0.0838791405503162,62,20485.0
2100.0,62,8560.0,107.0,2.2814033617875316,62,20771.0,0.09492042057958912,62,20771.0
2105.0,64,8876.0,108.2439024390244,2.740351468575857,64,21083.0,0.07493887162903735,64,21083.0
2110.0,58,8299.0,103.7375,2.684878789565005,58,20147.0,0.10608822591622177,58,20147.0
2115.0,50,7120.0,90.12658227848101,2.9019372873660587,50,18631.0,0.12226751672624211,50,18631.0
2120.0,45,6084.0,78.0,3.9180334245224424,45,16221.0,0.16143075769025497,45,16221.0
2125.0,36,4988.0,64.77922077922078,3.7081612299419375,36,15963.0,0.18113649060810869,36,15963.0
2130.0,36,4605.0,63.958333333333336,3.428591674421752,36,16122.0,0.16450903449769647,36,16122.0
2135.0,43,4805.0,62.4025974025974,3.5363955699800225,43,16320.0,0.12554594551004952,43,16320.0
2140.0,52,5050.0,64.74358974358974,2.6309045630429013,52,16565.0,0.0945533646669995,52,16565.0
2145.0,57,5324.0,68.25641025641026,1.7254186140303038,57,16839.0,0.07616234999613428,57,16839.0
2150.0,66,5633.0,70.4125,1.449066649294131,66,17148.0,0.07428170839578306,66,17148.0
2155.0,72,5981.0,72.9390243902439,1.5387471902005658,72,17497.0,0.06738934474668122,72,17497.0
2160.0,73,6343.0,77.35365853658537,1.2626158474285907,73,17859.0,0.04522134053753933,73,17859.0
2165.0,74,6712.0,76.27272727272727,1.8654779342444143,74,18228.0,0.08408033559205014,74,18228.0
2170.0,76,7087.0,82.40697674418605,1.2365998092226467,76,18603.0,0.04465740991956529,76,18603.0
2175.0,72,7104.0,78.93333333333334,1.5766070459129815,72,18840.0,0.08947394539829041,72,18840.0
2180.0,67,7262.0,82.52272727272727,1.742928889975562,67,18964.0,0.07616973456051945,67,18964.0
2185.0,70,7606.0,80.91489361702128,2.829742332157896,70,19137.0,0.09477740003072187,70,19137.0
2190.0,67,7900.0,87.77777777777777,2.098017755481682,67,19463.0,0.06694345014090589,67,19463.0
2195.0,68,8226.0,91.4,2.418613262986235,68,19766.0,0.08279266333874181,68,19766.0
2200.0,70,8574.0,97.43181818181819,2.7341857256539344,70,20105.0,0.07581971513894888,70,20105.0
2205.0,70,8924.0,101.4090909090909,2.537378278716715,70,20455.0,0.059497335213514545,70,20455.0
2210.0,66,9175.0,110.5421686746988,2.0615749585903216,66,20749.0,0.08039507375917754,66,20749.0
2215.0,65,9491.0,115.7439024390244,2.2478149128802483,65,21012.0,0.09879923226640619,65,21012.0
2220.0,68,9825.0,121.29629629629629,2.172432198279021,68,21341.0,0.05102325726719717,68,21341.0
2225.0,62,9573.0,113.96428571428571,2.084817300621769,62,20716.0,0.07933669404947709,62,20716.0
2230.0,56,8934.0,113.0886075949367,2.4696531425517105,56,19354.0,0.11053236475394136,56,19354.0
2235.0,50,8366.0,97.27906976744185,3.5441631081258884,50,17145.0,0.1549784986224671,50,17145.0
2240.0,42,7769.0,94.7439024390244,3.2172192144091265,42,17334.0,0.16118721899435473,42,17334.0
2245.0,37,7456.0,89.83132530120481,3.725228875438719,37,17451.0,0.1890185173959314,37,17451.0
2250.0,46,7668.0,91.28571428571429,3.8796408862839593,46,17610.0,0.16167468984701028,46,17610.0
2255.0,52,7913.0,92.01162790697674,3.254294338508348,52,17855.0,0.1105924512374509,52,17855.0
2260.0,61,8202.0,95.37209302325581,2.565050808683264,61,18145.0,0.0832251890586575,61,18145.0
2265.0,69,8531.0,98.05747126436782,2.1875254188639373,69,18476.0,0.0862131517778604,69,18476.0
2270.0,74,8891.0,105.8452380952381,1.6298464925088396,74,18837.0,0.07184819845856547,74,18837.0
2275.0,74,9261.0,110.25,1.553391940993439,74,19207.0,0.07151778121176977,74,19207.0
2280.0,69,9425.0,112.20238095238095,1.2506187673011715,69,19480.0,0.05101217844548497,69,19480.0
2285.0,67,9734.0,110.61363636363636,2.651024916140915,67,19694.0,0.10827788065068276,67,19694.0
2290.0,68,10071.0,115.75862068965517,2.312295139538622,68,20017.0,0.07516190305640565,68,20017.0
2295.0,67,10390.0,118.06818181818181,2.037106893088349,67,20340.0,0.08125802739009921,67,20340.0
2300.0,68,10730.0,126.23529411764706,2.2969654109377635,68,20676.0,0.08475944028922695,68,20676.0
2305.0,68,11070.0,127.24137931034483,2.5316165642005912,68,21016.0,0.10007946606958328,68,21016.0
2310.0,65,11004.0,127.95348837209302,1.8621238815903254,65,20569.0,0.08112460608369094,65,20569.0
2315.0,59,10675.0,130.1829268292683,2.1208411290782063,59,19673.0,0.08960205285325692,59,19673.0
2320.0,56,10459.0,120.2183908045977,3.1275998586596727,56,18467.0,0.13247581916279016,56,18467.0
2325.0,44,10158.0,122.3855421686747,2.9147588342729165,44,18383.0,0.13014275414209225,44,18383.0
2330.0,45,10001.0,119.05952380952381,3.3223908660127925,45,18557.0,0.16727318764411203,45,18557.0
2335.0,51,10244.0,121.95238095238095,3.2935945439512144,51,18785.0,0.13410466752690134,51,18785.0
2340.0,56,10514.0,119.47727272727273,2.4686814080668524,56,19045.0,0.09006100135225457,56,19045.0
2345.0,66,10827.0,123.0340909090909,1.8285194643396672,66,19349.0,0.07642010585343134,66,19349.0
2350.0,73,11177.0,125.58426966292134,1.3354331203707013,73,19689.0,0.04400554782280231,73,19689.0
2355.0,80,11568.0,128.53333333333333,1.4637977547134973,80,20070.0,0.06287318551305728,80,20070.0
2360.0,80,11968.0,131.5164835164835,1.4326706983159323,80,20460.0,0.05243839527640558,80,20460.0
2365.0,76,12017.0,130.6195652173913,1.6327340843730678,76,20708.0,0.07008896689259074,76,20708.0
2370.0,69,12203.0,129.81914893617022,2.276992414277418,69,20843.0,0.09785553405752309,69,20843.0
2375.0,72,12559.0,136.5108695652174,2.5011323865525097,72,21032.0,0.0747784234145412,72,21032.0
2380.0,70,12883.0,134.19791666666666,2.2417637917633666,70,21355.0,0.08692022233162212,70,21355.0
2385.0,74,13245.0,145.54945054945054,2.173851007070813,74,21683.0,0.0748088768473844,74,21683.0
2390.0,75,13618.0,144.87234042553192,2.441480347455902,75,22036.0,0.07068623232172695,75,22036.0
2395.0,76,13998.0,155.53333333333333,2.0031696774310572,76,22396.0,0.0640816282421029,76,22396.0
2400.0,71,14277.0,160.41573033707866,1.5128577813549051,71,22699.0,0.07261609735833496,71,22699.0
2405.0,74,14637.0,166.32954545454547,1.9852995498597594,74,22986.0,0.0826305176331798,74,22986.0
2410.0,75,15008.0,163.1304347826087,2.0863431664978362,75,23335.0,0.06777002844817688,75,23335.0
2415.0,72,15332.0,172.26966292134833,1.8004218599398167,72,23668.0,0.0691480902094404,72,23668.0
2420.0,70,15675.0,174.16666666666666,2.3429045943889517,70,23969.0,0.0932900983545674,70,23969.0
2425.0,70,16025.0,178.05555555555554,2.745377236917508,70,24292.0,0.07453788447340357,70,24292.0
2430.0,72,16384.0,182.04444444444445,2.526751883540438,72,24631.0,0.08480281345611351,72,24631.0
2435.0,71,16726.0,199.11904761904762,1.6805387398146507,71,24953.0,0.0611476833751066,71,24953.0
2440.0,71,17081.0,196.33333333333334,2.0386035003312464,71,25288.0,0.0912833204147156,71,25288.0
2445.0,73,17441.0,205.18823529411765,1.5010845115693872,73,25628.0,0.06918997980704977,73,25628.0
2450.0,71,17776.0,204.32183908045977,1.3375951561208617,71,25954.0,0.0878455537135833,71,25954.0
2455.0,74,18140.0,203.82022471910113,1.8932081903856253,74,26277.0,0.08229417193100848,74,26277.0
2460.0,74,18510.0,203.4065934065934,2.1555844681514738,74,26617.0,0.06384656793013631,74,26617.0
2465.0,72,18058.0,198.43956043956044,1.878544841457317,72,26230.0,0.07412374221037461,72,26230.0
2470.0,64,17184.0,193.07865168539325,2.2106144105892946,64,25382.0,0.09686804474597699,64,25382.0
2475.0,61,16304.0,179.16483516483515,3.025525010678913,61,24225.0,0.11666348256801293,61,24225.0
2480.0,47,15336.0,172.31460674157304,2.9038616720198336,47,24151.0,0.12777869274833162,47,24151.0
2485.0,48,14910.0,171.3793103448276,3.0743638881341173,48,24309.0,0.15073549810836326,48,24309.0
2490.0,54,15168.0,172.36363636363637,3.150000849446297,54,24537.0,0.12544513016016712,54,24537.0
2495.0,60,15455.0,169.83516483516485,2.357501075180388,60,24796.0,0.07542987764564199,60,24796.0
2500.0,69,15780.0,175.33333333333334,1.6268394337541119,69,25093.0,0.08034189816782221,69,25093.0
2505.0,77,16146.0,171.7659574468085,1.4068138689712733,77,25430.0,0.04879499863431631,77,25430.0
2510.0,84,16553.0,176.09574468085106,1.3677521006423734,84,25807.0,0.060726917434148805,84,25807.0
2515.0,84,16973.0,180.56382978723406,1.2809519597949397,84,26197.0,0.06610245817253957,84,26197.0
2520.0,80,13742.0,146.19148936170214,1.279078017327797,80,24605.0,0.049539358448831346,80,24605.0
2525.0,74,8078.0,80.78,1.9732384797566556,74,21027.0,0.08548751872930667,74,21027.0
2530.0,68,4208.0,42.93877551020408,2.447380447275698,68,15902.0,0.08346424915552389,68,15902.0
2535.0,60,2359.0,23.356435643564357,2.630070324229964,60,16203.0,0.12792502880903958,60,16203.0
2540.0,60,2550.0,26.288659793814432,2.7850565287543456,60,16485.0,0.11090634464572378,60,16485.0
2545.0,70,2881.0,29.397959183673468,2.5841054447677556,70,16816.0,0.0890720059816639,70,16816.0
2550.0,75,3244.0,34.88172043010753,1.7642462747651344,75,17179.0,0.05850307172583497,75,17179.0
2555.0,82,3642.0,39.58695652173913,1.3525803726062495,82,17577.0,0.03845420390850489,82,17577.0
2560.0,82,4052.0,44.04347826086956,1.417884966511696,82,17987.0,0.06048061746385914,82,17987.0
2565.0,77,3842.0,41.31182795698925,1.0271216960587286,77,18161.0,0.053203644911495096,77,18161.0
2570.0,72,3615.0,38.45744680851064,1.986575679678852,72,18149.0,0.09249490718966791,72,18149.0
2575.0,68,3848.0,39.265306122448976,2.694476370175422,68,18067.0,0.09670336860887906,68,18067.0
2580.0,66,4135.0,43.98936170212766,2.2673000924014155,66,18385.0,0.08727178532482462,66,18385.0
2585.0,71,4466.0,47.01052631578948,2.2218705019791316,71,18693.0,0.088030051041989,71,18693.0
2590.0,74,4833.0,52.53260869565217,2.3228617393130864,74,19052.0,0.049536265859588105,74,19052.0
2595.0,70,4529.0,47.67368421052632,2.619123291571734,70,18622.0,0.11668197468978149,70,18622.0
2600.0,66,3887.0,43.674157303370784,2.0733950786878252,66,17734.0,0.0889127632553228,66,17734.0
2605.0,59,3139.0,33.3936170212766,3.0861207522312246,59,16230.0,0.1155102836704595,59,16230.0
2610.0,50,2526.0,28.382022471910112,3.020336667978194,50,16482.0,0.14030279197045115,50,16482.0
2615.0,52,2242.0,25.477272727272727,2.9417791856055078,52,16698.0,0.1428421592988309,52,16698.0
2620.0,58,2515.0,27.63736263736264,3.237871585839256,58,16968.0,0.11789802279189135,58,16968.0
2625.0,65,2824.0,30.04255319148936,2.423007325876369,65,17278.0,0.08373515757930733,65,17278.0
2630.0,72,3172.0,34.10752688172043,1.7621043454975327,72,17626.0,0.07494938296420658,72,17626.0
2635.0,79,3553.0,37.4,1.3928056765797212,79,18007.0,0.04872437624306248,79,18007.0
2640.0,86,3972.0,42.255319148936174,1.1287319791888257,86,18426.0,0.03897871735371243,86,18426.0
2645.0,80,4200.0,43.75,1.4590474552330497,80,18179.0,0.0764536102184583,80,18179.0
2650.0,74,4284.0,44.625,1.7094453026449337,74,17214.0,0.06281030644639747,74,17214.0
2655.0,67,4390.0,44.343434343434346,2.7760312619614522,67,16238.0,0.10437141356409745,67,16238.0
2660.0,61,4467.0,45.58163265306123,2.6018129854197207,61,16534.0,0.11098221472994606,61,16534.0
2665.0,58,4627.0,48.197916666666664,2.881678596250899,58,16802.0,0.1389504603105347,58,16802.0
2670.0,66,4941.0,48.44117647058823,2.768890621565351,66,17115.0,0.09042061642801622,66,17115.0
2675.0,76,5305.0,52.524752475247524,1.7876436180618478,76,17479.0,0.05069110665334652,76,17479.0
2680.0,84,5707.0,55.407766990291265,1.322226925140225,84,17881.0,0.05250886020684631,84,17881.0
2685.0,92,6148.0,59.689320388349515,0.8913296553755942,92,18322.0,0.029191233376340338,92,18322.0
2690.0,96,6623.0,61.89719626168224,1.29004373924796,96,18797.0,0.061129638026666565,96,18797.0
2695.0,98,7106.0,67.67619047619047,0.8327307456336561,98,19280.0,0.02675096461299568,98,19280.0
2700.0,98,7596.0,70.33333333333333,1.151493738969134,98,19770.0,0.04115689431817568,98,19770.0
2705.0,98,8086.0,75.57009345794393,0.8576034609600693,98,20260.0,0.03568414654839385,98,20260.0
2710.0,95,7807.0,70.97272727272727,0.9533067344228892,95,20391.0,0.040795809211429515,95,20391.0
2715.0,88,7150.0,65.0,1.4931109323264249,88,20203.0,0.060180643278897994,88,20203.0
2720.0,82,6769.0,59.902654867256636,2.2052322757527056,82,19816.0,0.07878237249436593,82,19816.0
2725.0,72,6725.0,60.585585585585584,2.0166874478428825,72,20176.0,0.08718472594451114,72,20176.0
2730.0,73,7037.0,63.972727272727276,2.1748272095940773,73,20510.0,0.10458656831083508,73,20510.0
2735.0,80,7422.0,68.72222222222223,2.2192183922831954,80,20894.0,0.07815200811068732,80,20894.0
2740.0,86,7838.0,70.61261261261261,1.905458276220936,86,21301.0,0.0641325568668114,86,21301.0
2745.0,93,8290.0,77.4766355140187,1.2516710684326737,93,21743.0,0.03811553182172829,93,21743.0
2750.0,96,8768.0,81.18518518518519,1.325343562941356,96,22211.0,0.06874025494092596,96,22211.0
2755.0,97,9250.0,87.26415094339623,0.9655210644924426,97,22683.0,0.03584629128447024,97,22683.0
2760.0,92,9536.0,87.4862385321101,1.0964871159087188,92,22840.0,0.04966071325042671,92,22840.0
2765.0,86,9684.0,88.8440366972477,1.5439444275053147,86,22719.0,0.057528545149890455,86,22719.0
2770.0,81,9883.0,88.24107142857143,2.2882322879386296,81,22461.0,0.07586996837317195,81,22461.0
2775.0,71,10059.0,91.44545454545455,2.2795532468452326,71,22813.0,0.1056636121593609,71,22813.0
2780.0,75,10416.0,95.55963302752293,2.195662721930825,75,23139.0,0.10046714078400233,75,23139.0
2785.0,81,10809.0,100.08333333333333,2.244061051553581,81,23515.0,0.06712041050927527,81,23515.0
2790.0,81,11147.0,103.21296296296296,2.1053508224273907,81,23713.0,0.08461369059153223,81,23713.0
2795.0,77,11448.0,111.14563106796116,1.8391738389994994,77,23751.0,0.06560134671715087,77,23751.0
2800.0,72,11770.0,111.0377358490566,2.5659094698627927,72,23775.0,0.10134832186033456,72,23775.0
2805.0,71,12097.0,118.59803921568627,2.2226868285941985,71,24112.0,0.09879406561492814,71,24112.0
2810.0,75,12455.0,120.92233009708738,2.1494767657449754,75,24438.0,0.09348607391914435,75,24438.0
2815.0,84,12856.0,123.61538461538461,2.2604512059816715,84,24814.0,0.052870971681442315,84,24814.0
2820.0,86,13281.0,132.81,1.802289292228554,86,25219.0,0.061842867228743284,86,25219.0
2825.0,86,13711.0,138.4949494949495,1.6836997977148815,86,25629.0,0.059488017178070486,86,25629.0
2830.0,81,13998.0,142.83673469387756,1.5250005161835294,81,25912.0,0.0696742817874015,81,25912.0
2835.0,75,14204.0,144.9387755102041,1.7672408014773582,75,26070.0,0.0862259190664102,75,26070.0
2840.0,74,14544.0,145.44,2.5323704954354955,74,26243.0,0.09215873949810308,74,26243.0
2845.0,74,14881.0,145.8921568627451,2.290899450732322,74,26579.0,0.08598473715397849,74,26579.0
2850.0,77,15253.0,157.24742268041237,1.9343189876610776,77,26916.0,0.0525141267980039,77,26916.0
2855.0,79,15644.0,162.95833333333334,2.1648688337404094,79,27283.0,0.042921807366539125,79,27283.0
2860.0,80,16044.0,170.68085106382978,2.004195461394572,80,27663.0,0.055737619259461094,80,27663.0
2865.0,80,16444.0,178.7391304347826,1.6641861995918996,80,28043.0,0.05642062167864436,80,28043.0
2870.0,82,16850.0,185.16483516483515,1.334479593987784,82,28429.0,0.05509650210716718,82,28429.0
2875.0,82,17260.0,183.61702127659575,1.6200420338582775,82,28819.0,0.06048496249717283,82,28819.0
2880.0,77,15603.0,171.46153846153845,1.2043630579774163,77,27250.0,0.051383920163695085,77,27250.0
2885.0,69,12574.0,129.62886597938143,2.033810365617319,69,23728.0,0.09383845626576612,69,23728.0
2890.0,66,9928.0,103.41666666666667,2.6224249746686357,66,19005.0,0.09529542998994149,66,19005.0
2895.0,57,8995.0,91.78571428571429,2.652131496379156,57,19288.0,0.13003342523824313,57,19288.0
2900.0,62,9294.0,98.87234042553192,2.5990403233719976,62,19575.0,0.10122847254228676,62,19575.0
2905.0,70,9630.0,100.3125,2.5066108438306536,70,19911.0,0.0845759866095083,70,19911.0
2910.0,76,10001.0,107.53763440860214,2.0078720442231335,76,20282.0,0.0650127229558157,76,20282.0
2915.0,74,9977.0,110.85555555555555,1.0861578049994127,74,20486.0,0.047715921070145065,74,20486.0
2920.0,69,9872.0,108.48351648351648,2.18452639717512,69,20465.0,0.0866619751812959,69,20465.0
2925.0,66,10116.0,107.61702127659575,2.7188541089658202,66,20502.0,0.08727945834975608,66,20502.0
2930.0,63,10385.0,114.12087912087912,2.5592860471913808,63,20766.0,0.11015963377788968,63,20766.0
2935.0,67,10700.0,117.58241758241758,2.412718640704923,67,21057.0,0.09383904284647529,67,21057.0
2940.0,69,11045.0,126.95402298850574,2.3811386761071915,69,21393.0,0.04881363294679581,69,21393.0
2945.0,65,9690.0,108.87640449438203,2.7145926298864556,65,20641.0,0.11628732168401917,65,20641.0
2950.0,58,7199.0,87.79268292682927,2.3041842935934245,58,19281.0,0.0973252145532639,58,19281.0
2955.0,55,5260.0,59.10112359550562,3.5261239596523466,55,17090.0,0.1478012760088856,55,17090.0
2960.0,46,2976.0,35.01176470588236,3.0577193826145677,46,17319.0,0.14314908319376007,46,17319.0
2965.0,47,1817.0,21.376470588235293,3.186836153208104,47,17511.0,0.16767162729434523,47,17511.0
2970.0,54,2070.0,23.79310344827586,3.105461147826731,54,17760.0,0.11938992524391147,54,17760.0
2975.0,62,2360.0,25.934065934065934,2.484003923412626,62,18050.0,0.10052527545140043,62,18050.0
2980.0,70,2693.0,29.92222222222222,1.8615019336166547,70,18383.0,0.07306180789763511,70,18383.0
2985.0,75,3056.0,32.86021505376344,1.6525190235093994,75,18748.0,0.07408407835904489,75,18748.0
2990.0,81,3456.0,37.16129032258065,1.6025251032634196,81,19148.0,0.06409858408656646,81,19148.0
2995.0,81,3861.0,41.516129032258064,1.5679237093576979,81,19553.0,0.05533151758379652,81,19553.0
3000.0,78,3858.0,42.395604395604394,1.255302743931539,78,19747.0,0.04840071585208497,78,19747.0
3005.0,68,3685.0,40.05434782608695,2.100933845211064,68,19766.0,0.10625841373140306,68,19766.0
3010.0,66,3919.0,41.691489361702125,2.6898895873345228,66,19718.0,0.09046776481872128,66,19718.0
3015.0,64,4214.0,44.829787234042556,2.5493874906564074,64,20027.0,0.11060389700017494,64,20027.0
3020.0,69,4546.0,48.88172043010753,2.4066985762424733,69,20345.0,0.08323704644156484,69,20345.0
3025.0,73,4907.0,53.33695652173913,2.4817136406555473,73,20706.0,0.07044990907160258,73,20706.0
3030.0,75,5282.0,58.043956043956044,2.0528016056033147,75,21081.0,0.06892337849797855,75,21081.0
3035.0,78,5668.0,65.90697674418605,1.112849751000879,78,21467.0,0.046967748828519305,78,21467.0
3040.0,79,6062.0,68.11235955056179,1.4671383533397206,79,21861.0,0.06577385486525038,79,21861.0
3045.0,79,6457.0,72.5505617977528,1.2239541128771332,79,22256.0,0.046863251220113644,79,22256.0
3050.0,75,6659.0,72.3804347826087,1.416750067468235,75,22490.0,0.07151889228729545,75,22490.0
3055.0,69,6773.0,74.42857142857143,1.8528914835726342,69,22550.0,0.06965188526668693,69,22550.0
3060.0,70,7094.0,75.46808510638297,2.4542818041648715,70,22721.0,0.08432952931901967,70,22721.0
3065.0,67,7389.0,78.6063829787234,2.0269052624802124,67,23043.0,0.06640926880820514,67,23043.0
3070.0,71,7730.0,84.02173913043478,2.2290565428684093,71,23363.0,0.0791315646239845,71,23363.0
3075.0,73,8091.0,89.9,2.506342567390497,73,23717.0,0.07207949322208901,73,23717.0
3080.0,73,8456.0,95.01123595505618,2.2630182179469727,73,24082.0,0.07579844980070231,73,24082.0
3085.0,68,8704.0,101.20930232558139,1.8559257058501233,68,24355.0,0.07879842775978897,68,24355.0
3090.0,65,8982.0,102.06818181818181,2.568831889413998,65,24557.0,0.10274518647490048,65,24557.0
3095.0,68,9317.0,109.61176470588235,2.380743599912656,68,24856.0,0.05810495216350493,68,24856.0
3100.0,66,8823.0,99.13483146067416,2.2055550836842754,66,24094.0,0.09066122522988633,66,24094.0
3105.0,59,7779.0,91.51764705882353,2.662885610808056,59,22638.0,0.10756943365924146,59,22638.0
3110.0,52,6983.0,80.26436781609195,3.317313776211466,52,20285.0,0.12451001530708493,52,20285.0
3115.0,43,5921.0,72.20731707317073,3.0563514722745495,43,20484.0,0.1426197888099486,43,20484.0
3120.0,39,5403.0,66.70370370370371,3.114688468081324,39,20602.0,0.15417788493309525,39,20602.0
3125.0,46,5622.0,66.14117647058823,3.5198277851715414,46,20764.0,0.1434154918463736,46,20764.0
3130.0,53,5870.0,66.70454545454545,3.272405519184939,53,21010.0,0.10369573973991089,53,21010.0
3135.0,60,6154.0,70.73563218390805,2.6104952310245717,60,21294.0,0.07813481994174089,60,21294.0
3140.0,67,6474.0,74.41379310344827,2.1403875239483288,67,21615.0,0.07252461313339868,67,21615.0
3145.0,75,6829.0,80.34117647058824,1.6156975441351877,75,21970.0,0.07029059202060513,75,21970.0
3150.0,75,7204.0,82.80459770114942,1.7819161282246454,75,22345.0,0.08720336807909379,75,22345.0
3155.0,69,7338.0,86.32941176470588,1.3874178204132188,69,22612.0,0.05758854380173105,69,22612.0
3160.0,67,7627.0,85.69662921348315,2.4232109524525316,67,22795.0,0.11394922103681235,67,22795.0
3165.0,70,7968.0,90.54545454545455,2.3842344796974326,70,23109.0,0.07357579896063146,70,23109.0
3170.0,67,8283.0,91.02197802197803,2.280809440176127,67,23433.0,0.09949697692394378,67,23433.0
3175.0,69,8620.0,97.95454545454545,2.393017670570258,69,23746.0,0.08746473930653331,69,23746.0
3180.0,70,8970.0,103.10344827586206,2.4166356471511508,70,24086.0,0.07934341582443093,70,24086.0
3185.0,68,8916.0,103.67441860465117,1.9453247575798507,68,23415.0,0.08288940043141928,68,23415.0
3190.0,59,8588.0,102.23809523809524,2.3737070327291305,59,21809.0,0.11109818796959381,59,21809.0
3195.0,56,8377.0,96.28735632183908,3.396569900841674,56,19238.0,0.1318823975509787,56,19238.0
3200.0,44,7973.0,96.06024096385542,2.8002863316466136,44,19450.0,0.13487371146124896,44,19450.0
3205.0,44,7945.0,95.72289156626506,3.313495453930918,44,19622.0,0.16766909159875332,44,19622.0
3210.0,52,8191.0,96.36470588235294,3.0710575428903093,52,19849.0,0.10371143858912972,52,19849.0
3215.0,58,8469.0,97.34482758620689,2.442073843781748,58,20117.0,0.07117628581833965,58,20117.0
3220.0,67,8790.0,101.03448275862068,1.72040011210562,67,20428.0,0.07018004722479786,67,20428.0
3225.0,74,9142.0,103.88636363636364,1.2256888399243493,74,20771.0,0.07164052235603545,74,20771.0
3230.0,80,9528.0,105.86666666666666,1.4016283226016772,80,21151.0,0.06442961522604584,80,21151.0
3235.0,75,9723.0,105.68478260869566,1.3249224427331014,75,20523.0,0.07319923054766773,75,20523.0
3240.0,69,9787.0,107.54945054945055,1.764812495343757,69,19966.0,0.07042920972068968,69,19966.0
3245.0,65,9896.0,100.9795918367347,2.975460795220857,65,18942.0,0.11048995787890989,65,18942.0
3250.0,57,9933.0,107.96739130434783,2.1750571547933264,57,19205.0,0.10133925060721281,57,19205.0
3255.0,54,10046.0,106.87234042553192,2.8328337570917714,54,19420.0,0.1451539501298193,54,19420.0
3260.0,61,10342.0,107.72916666666667,2.7570426494090463,61,19685.0,0.09667161681177326,61,19685.0
3265.0,71,10680.0,104.70588235294117,2.576651900720586,71,20003.0,0.0952369605793014,71,20003.0
3270.0,78,11056.0,111.67676767676768,1.7123488764653738,78,20359.0,0.0636561770120298,78,20359.0
3275.0,87,11473.0,114.73,1.2579810235982551,87,20757.0,0.047049453306631406,87,20757.0
3280.0,90,11920.0,119.2,1.3101238119815435,90,21184.0,0.0588641335299295,90,21184.0
3285.0,90,12370.0,121.27450980392157,1.1986716848887498,90,21614.0,0.035800759281418286,90,21614.0
3290.0,86,12183.0,119.44117647058823,1.459449504069581,86,21812.0,0.06497480082686481,86,21812.0
3295.0,76,11931.0,114.72115384615384,1.6555876389639472,76,21787.0,0.067811992766492,76,21787.0
3300.0,75,12166.0,119.27450980392157,2.1499792370430573,75,21753.0,0.08512379313662809,75,21753.0
3305.0,71,12501.0,116.83177570093459,2.4520077024920512,71,22015.0,0.11436003674127236,71,22015.0
3310.0,78,12876.0,127.48514851485149,2.02136960430561,78,22360.0,0.05600217979639313,78,22360.0
3315.0,84,13281.0,127.70192307692308,2.382580043364103,84,22735.0,0.0828585481442784,84,22735.0
3320.0,80,13621.0,136.21,1.5811384806230098,80,22983.0,0.05492172560557187,80,22983.0
3325.0,74,13924.0,137.86138613861385,2.1964901165334827,74,23140.0,0.10436478531421804,74,23140.0
3330.0,78,14304.0,143.04,2.616729760419879,78,23351.0,0.08716295987304494,78,23351.0
3335.0,74,14634.0,146.34,1.7479412788035562,74,23675.0,0.05356698155184364,74,23675.0
3340.0,78,15016.0,153.22448979591837,2.132309147533415,78,24003.0,0.07647877257857666,78,24003.0
3345.0,78,15406.0,157.20408163265307,2.51899009026411,78,24363.0,0.08730260545019883,78,24363.0
3350.0,79,15798.0,164.5625,2.2447206127293753,79,24725.0,0.06944305455613375,79,24725.0
3355.0,80,16197.0,176.05434782608697,1.6674796100147768,80,25094.0,0.07637414381852649,80,25094.0
3360.0,75,16453.0,180.8021978021978,1.1227690266944028,75,25389.0,0.04896908775155924,75,25389.0
3365.0,74,16801.0,178.7340425531915,2.411508873706748,74,25639.0,0.10961061427470674,74,25639.0
3370.0,77,17177.0,182.7340425531915,2.189342362736658,77,25961.0,0.06742043867554512,77,25961.0
3375.0,75,17515.0,186.32978723404256,1.7678483313329187,75,26289.0,0.0705401336837874,75,26289.0
3380.0,74,17884.0,192.30107526881721,2.186328723491951,74,26609.0,0.08646517453451372,74,26609.0
3385.0,74,18254.0,194.19148936170214,2.3159242735162544,74,26944.0,0.06710797036983769,74,26944.0
3390.0,78,18637.0,196.17894736842106,2.2723425257367573,78,27287.0,0.0648528729981447,78,27287.0
3395.0,78,19027.0,216.2159090909091,1.2144992731280055,78,27637.0,0.05387621629331521,78,27637.0
3400.0,77,16400.0,182.22222222222223,1.104728211441847,77,26042.0,0.07072731722001221,77,26042.0
3405.0,68,11756.0,130.62222222222223,1.8361660998890132,68,22504.0,0.07918603508086226,68,22504.0
3410.0,63,7810.0,81.35416666666667,2.868969724787783,63,17354.0,0.11536571061508119,63,17354.0
3415.0,53,6134.0,66.67391304347827,2.6413911989099583,53,17616.0,0.1270309484743373,53,17616.0
3420.0,53,6229.0,67.70652173913044,2.8653344316047615,53,17835.0,0.13424100369049102,53,17835.0
3425.0,63,6524.0,72.4888888888889,2.6581932215552246,63,18121.0,0.08800727094417396,63,18121.0
3430.0,70,6857.0,76.18888888888888,2.243291227465255,70,18454.0,0.0516752365229989,70,18454.0
3435.0,74,7218.0,82.02272727272727,1.9016500857461323,74,18816.0,0.07073412449047077,74,18816.0
3440.0,69,6450.0,75.0,1.4204185515621564,69,18359.0,0.08016667766045603,69,18359.0
3445.0,64,4934.0,57.372093023255815,2.194673514938156,64,17586.0,0.10313975708985043,64,17586.0
3450.0,58,3767.0,41.855555555555554,3.2144746279819585,58,16256.0,0.12292813763787451,58,16256.0
3455.0,49,2152.0,25.31764705882353,2.673919197518117,49,16495.0,0.12019097316175349,49,16495.0
3460.0,49,1656.0,18.818181818181817,3.2065650494679274,49,16693.0,0.1726242416927289,49,16693.0
3465.0,54,1912.0,21.244444444444444,2.9176699242847803,54,16941.0,0.1109316413609205,54,16941.0
3470.0,64,2217.0,23.09375,2.6363921152283654,64,17246.0,0.10537304557195645,64,17246.0
3475.0,66,2018.0,21.698924731182796,2.033786173742058,66,17377.0,0.07685257674628206,66,17377.0
3480.0,63,1880.0,19.789473684210527,2.1181567074914796,63,17368.0,0.07845264297549222,63,17368.0
3485.0,68,2176.0,23.148936170212767,2.846376044422663,68,17359.0,0.10825389351193833,68,17359.0
3490.0,65,2487.0,26.45744680851064,2.229901910233083,65,17680.0,0.09011661386638485,65,17680.0
3495.0,71,2833.0,30.793478260869566,2.292325660420442,71,18016.0,0.0807664698304194,71,18016.0
3500.0,74,3202.0,34.80434782608695,2.4243661765578897,74,18385.0,0.07486580420776355,74,18385.0
3505.0,71,3489.0,38.766666666666666,2.0878782660528303,71,18651.0,0.07912771432924373,71,18651.0
3510.0,65,3771.0,42.37078651685393,2.486316351479896,65,18856.0,0.11951753350642502,65,18856.0
3515.0,69,4107.0,47.206896551724135,2.320587631515025,69,19137.0,0.07048844626920364,69,19137.0
3520.0,64,4063.0,45.651685393258425,2.257832804644759,64,18808.0,0.09150549855630818,64,18808.0
3525.0,58,3772.0,43.86046511627907,2.6458837835865356,58,18024.0,0.09917110983462213,58,18024.0
3530.0,54,3590.0,40.337078651685395,3.527908572918174,54,16685.0,0.1303222830566631,54,16685.0
3535.0,43,3200.0,37.64705882352941,3.231544743859069,43,16879.0,0.15176580237243387,43,16879.0
3540.0,41,3061.0,37.329268292682926,2.9796504558426076,41,17005.0,0.1290737856612437,41,17005.0
3545.0,49,3288.0,38.23255813953488,3.632829994706553,49,17177.0,0.15761169847932913,49,17177.0
3550.0,54,3547.0,40.30681818181818,3.4278317373864153,54,17427.0,0.14142665485039202,54,17427.0
3555.0,62,3838.0,42.175824175824175,2.882345687205523,62,17716.0,0.08635887061111608,62,17716.0
3560.0,64,3987.0,45.30681818181818,2.2460576471211344,64,17964.0,0.09958364140160487,64,17964.0
3565.0,68,4305.0,49.48275862068966,2.065306386131904,68,18197.0,0.0935802559343861,68,18197.0
3570.0,70,4654.0,54.116279069767444,2.1051387376959094,70,18535.0,0.05571232502926624,70,18535.0
3575.0,67,4775.0,55.52325581395349,1.8208680271992588,67,18270.0,0.07362124011048388,67,18270.0
3580.0,60,4737.0,55.72941176470588,2.4251281842642953,60,17475.0,0.09177048808079627,60,17475.0
3585.0,55,4731.0,55.01162790697674,3.335322319100118,55,16117.0,0.12873531031083774,55,16117.0
3590.0,47,4715.0,56.13095238095238,2.71844456648987,47,16348.0,0.10906874717984594,47,16348.0
3595.0,52,4806.0,58.609756097560975,2.7254194357922805,52,16590.0,0.13994307540059855,52,16590.0
3600.0,59,5088.0,60.57142857142857,1.693202889041741,59,16871.0,0.05637910396965939,59,16871.0
3605.0,63,5189.0,56.40217391304348,1.7400767818139289,63,17100.0,0.09510447857111833,63,17100.0
3610.0,63,5293.0,56.913978494623656,1.6426705505542005,63,17264.0,0.056885748990011836,63,17264.0
3615.0,66,5546.0,55.46,2.7820717658991443,66,17421.0,0.09708939109914905,66,17421.0
3620.0,70,5890.0,61.354166666666664,2.9309889428082414,70,17678.0,0.09227620933299573,70,17678.0
3625.0,71,6241.0,65.69473684210526,3.1264973019262663,71,17980.0,0.1318159857956674,71,17980.0
3630.0,72,6600.0,73.33333333333333,2.6388102741640345,72,18325.0,0.07323397177264554,72,18325.0
3635.0,72,6960.0,79.0909090909091,2.1372789389622153,72,18675.0,0.0636144279296398,72,18675.0
3640.0,68,7239.0,85.16470588235295,1.8186889994500297,68,18975.0,0.08010694467538758,68,18975.0
3645.0,69,7584.0,89.2235294117647,1.7572486470564026,69,19279.0,0.07236971696384452,69,19279.0
3650.0,73,7945.0,91.32183908045977,2.031316849712662,73,19630.0,0.07026946104160404,73,19630.0
3655.0,68,7924.0,91.08045977011494,1.6762398745742553,68,19303.0,0.07506908930478351,68,19303.0
3660.0,62,7704.0,91.71428571428571,2.015247041801093,62,19006.0,0.0858119299493684,62,19006.0
3665.0,58,7475.0,83.98876404494382,3.188069414928449,58,18401.0,0.11488356888948688,58,18401.0
3670.0,47,7152.0,85.14285714285714,2.720703031699647,47,18604.0,0.12658019950227495,47,18604.0
3675.0,42,6944.0,79.816091954023,3.4085353966841883,42,18698.0,0.17681505764257507,42,18698.0
3680.0,48,7166.0,81.43181818181819,3.4963326247804503,48,18848.0,0.15106506074816817,48,18848.0
3685.0,55,7428.0,78.18947368421053,3.4502388660284438,55,19076.0,0.13589745369007092,55,19076.0
3690.0,61,7622.0,84.68888888888888,2.22317209208127,61,19028.0,0.08655344846070386,61,19028.0
3695.0,59,7782.0,84.58695652173913,2.5904006662014547,59,18880.0,0.10938572297621836,59,18880.0
3700.0,60,7986.0,87.75824175824175,3.252837536136655,60,18536.0,0.12711129142116756,60,18536.0
3705.0,50,8104.0,90.04444444444445,2.699928531978568,50,18763.0,0.1261427759282455,50,18763.0
3710.0,51,8285.0,95.22988505747126,3.024310502710159,51,18955.0,0.15449649691770687,51,18955.0
3715.0,56,8556.0,94.02197802197803,3.1172879422689217,56,19196.0,0.12154505996326716,56,19196.0
3720.0,62,8855.0,96.25,2.4343750464715685,62,19475.0,0.07240903693559947,62,19475.0
3725.0,70,9195.0,98.87096774193549,1.97039308487895,70,19795.0,0.0848202541607627,70,19795.0
3730.0,80,9571.0,104.03260869565217,1.091215721999058,80,20151.0,0.04018508057748311,80,20151.0
3735.0,84,9982.0,103.97916666666667,1.5972161552740853,84,20543.0,0.07033940948439564,84,20543.0
3740.0,78,10193.0,106.17708333333333,1.3029526433131864,78,20665.0,0.06351135761443075,78,20665.0
3745.0,74,10296.0,106.14432989690722,1.8111749168962634,74,20608.0,0.08500279206778456,74,20608.0
3750.0,69,10395.0,102.92079207920793,2.715966103291087,69,20335.0,0.09895204047595749,69,20335.0
3755.0,60,10452.0,107.75257731958763,2.33467844446794,60,20603.0,0.09039010998590281,60,20603.0
3760.0,59,10582.0,110.22916666666667,2.655068745362237,59,20831.0,0.1480893403569451,59,20831.0
3765.0,65,10895.0,110.05050505050505,2.5821479072971107,65,21107.0,0.09627542613750108,65,21107.0
3770.0,73,11247.0,107.11428571428571,2.3668765903964193,73,21429.0,0.08463096811770275,73,21429.0
3775.0,80,11633.0,114.04901960784314,1.4318299455009675,80,21786.0,0.043293297388424565,80,21786.0
3780.0,89,12059.0,118.22549019607843,1.0554754501838655,89,22183.0,0.037789820973996566,89,22183.0
3785.0,93,12517.0,120.35576923076923,1.1928336306589673,93,22612.0,0.04966435676760605,93,22612.0
3790.0,96,12993.0,124.9326923076923,1.0247599663405074,96,23058.0,0.038354237147991195,96,23058.0
3795.0,96,13473.0,127.10377358490567,1.2407992025573302,96,23508.0,0.05553435502656652,96,23508.0
3800.0,92,13198.0,124.50943396226415,0.6821738464109117,92,23679.0,0.04479659640494427,92,23679.0
3805.0,86,12816.0,118.66666666666667,1.5781387040744657,86,23620.0,0.07514070823381838,86,23620.0
3810.0,79,12933.0,115.47321428571429,2.2154451598218183,79,23439.0,0.08173044935079936,79,23439.0
3815.0,75,13236.0,121.43119266055047,1.9837172386336437,75,23763.0,0.08488494639740804,75,23763.0
3820.0,79,13614.0,121.55357142857143,2.2861953773581822,79,24074.0,0.09281205331107656,79,24074.0
3825.0,87,14031.0,129.91666666666666,1.9161318257379287,87,24447.0,0.038567227575622025,87,24447.0
3830.0,92,14487.0,130.51351351351352,2.1214530800263387,92,24863.0,0.07231814244834353,92,24863.0
3835.0,92,14947.0,143.72115384615384,1.309550797296147,92,25283.0,0.0495945220280408,92,25283.0
3840.0,94,15411.0,148.18269230769232,1.1148904191695912,94,25707.0,0.05085899305081896,94,25707.0
3845.0,94,15881.0,149.82075471698113,1.3745166962802902,94,26137.0,0.05201767524780334,94,26137.0
3850.0,90,15797.0,147.6355140186916,1.0174590950774092,90,26184.0,0.04515146963882622,90,26184.0
3855.0,84,15337.0,143.33644859813083,1.8111060619511106,84,26047.0,0.0761548966425646,84,26047.0
3860.0,76,14954.0,137.19266055045873,2.4173436239391717,76,25634.0,0.08726382010802791,76,25634.0
3865.0,70,14673.0,137.13084112149534,2.5404959695824347,70,25938.0,0.1179947580975675,70,25938.0
3870.0,68,14499.0,138.0857142857143,2.2602034759495226,68,26209.0,0.1152351006291599,68,26209.0
3875.0,75,14863.0,137.62037037037038,2.531299800580008,75,26530.0,0.08724870352823562,75,26530.0
3880.0,81,15253.0,133.7982456140351,2.20660440074604,81,26880.0,0.0849591564894805,81,26880.0
3885.0,89,15679.0,142.53636363636363,1.2799907641553505,89,27267.0,0.04120000086822902,89,27267.0
3890.0,96,16149.0,140.42608695652174,1.2862425666031823,96,27689.0,0.053962069446733194,96,27689.0
3895.0,106,16661.0,146.14912280701753,0.89535049745902,106,28186.0,0.032701036101992494,106,28186.0
3900.0,106,17191.0,148.19827586206895,1.160081444858961,106,28716.0,0.042686251889697845,106,28716.0
3905.0,102,17191.0,148.19827586206895,0.7347179132555306,102,28910.0,0.03888612692511102,102,28910.0
3910.0,95,16842.0,142.72881355932202,1.4979565547878744,95,28800.0,0.062216542868732606,95,28800.0
3915.0,91,16750.0,138.4297520661157,2.0626726611783006,91,28520.0,0.07013509260193959,91,28520.0
3920.0,81,16889.0,141.92436974789916,1.9900937803729313,81,28872.0,0.08993604048504564,81,28872.0
3925.0,82,17278.0,143.98333333333332,2.3135116863311262,82,29195.0,0.10532191336245558,82,29195.0
3930.0,91,17712.0,154.01739130434783,1.8798374231975543,91,29571.0,0.05287305478567571,91,29571.0
3935.0,96,18183.0,158.11304347826086,1.6074373761730478,96,29992.0,0.033703552013221824,96,29992.0
3940.0,100,18680.0,165.30973451327435,1.345964335889429,100,30439.0,0.04836392100092764,100,30439.0
3945.0,102,19183.0,172.81981981981983,0.9778325359681891,102,30892.0,0.03871042779457114,102,30892.0
3950.0,97,19520.0,174.28571428571428,1.200831334061832,97,31097.0,0.05666314905380073,97,31097.0
3955.0,90,19736.0,173.12280701754386,1.4245553884201048,90,31064.0,0.056791370261966415,90,31064.0
3960.0,84,19975.0,175.21929824561403,2.1704515564967704,84,30913.0,0.06504743116762,84,30913.0
3965.0,80,20300.0,175.0,2.156020451603805,80,31232.0,0.09222218295337797,80,31232.0
3970.0,83,20701.0,186.4954954954955,1.960350131744963,83,31553.0,0.07182639207159519,83,31553.0
3975.0,89,21133.0,187.01769911504425,2.145261583360322,89,31919.0,0.06005843680850247,89,31919.0
3980.0,94,21596.0,196.3272727272727,1.6464643541788084,94,32322.0,0.03685200467142956,94,32322.0
3985.0,90,21957.0,201.44036697247705,1.4450393031752649,90,32555.0,0.07116711104422184,90,32555.0
3990.0,84,22247.0,209.87735849056602,1.611869596831154,84,32595.0,0.06407205027485134,84,32595.0
3995.0,81,22606.0,205.5090909090909,2.2030869941652242,81,32734.0,0.08124581389392731,81,32734.0
4000.0,79,22961.0,210.651376146789,2.1733764952972825,79,33029.0,0.0853316579633596,79,33029.0
4005.0,83,23358.0,216.27777777777777,1.979631467366292,83,33345.0,0.06582051521536897,83,33345.0
4010.0,87,23789.0,226.56190476190477,2.2508779296487282,87,33709.0,0.061226884663962554,87,33709.0
4015.0,87,24224.0,230.7047619047619,2.290606404515811,87,34084.0,0.06611134346708482,87,34084.0
4020.0,81,24546.0,245.46,1.600287659524106,81,34365.0,0.046531969333132174,81,34365.0
4025.0,77,24854.0,243.66666666666666,2.09530750739871,77,34572.0,0.08553826743715352,77,34572.0
4030.0,80,25249.0,255.04040404040404,2.2458493909823725,80,34818.0,0.06729081770833202,80,34818.0
4035.0,78,25616.0,251.13725490196077,2.1340714068154694,78,35129.0,0.0778356328577182,78,35129.0
4040.0,79,26011.0,268.1546391752577,2.3052633848363144,79,35442.0,0.07286722056372112,79,35442.0
4045.0,80,26407.0,266.73737373737373,2.385665160386639,80,35768.0,0.06845997261038339,80,35768.0
4050.0,81,26812.0,282.2315789473684,1.9352420330461644,81,36103.0,0.061360010544487024,81,36103.0
4055.0,82,27218.0,292.6666666666667,1.311478154127939,82,36439.0,0.07611863971404596,82,36439.0
4060.0,83,27631.0,297.10752688172045,1.3430228541963718,83,36782.0,0.061944521799831204,83,36782.0
4065.0,83,28046.0,289.1340206185567,1.7745153782035352,83,37127.0,0.08781178312290436,83,37127.0
4070.0,84,28462.0,296.4791666666667,1.4707547260119747,84,37473.0,0.06204134856727334,84,37473.0
4075.0,85,28887.0,297.8041237113402,1.6576287998157289,85,37828.0,0.07264720315479473,85,37828.0
4080.0,86,29314.0,308.5684210526316,1.1033524998324424,86,38185.0,0.04048233630381418,86,38185.0
4085.0,87,29749.0,303.5612244897959,1.4321499267489988,87,38550.0,0.06993767376701311,87,38550.0
4090.0,81,28836.0,297.2783505154639,1.0693461566989222,81,38207.0,0.04865685059609151,81,38207.0
4095.0,75,27034.0,270.34,2.1197699688113993,75,37183.0,0.09972434864087326,75,37183.0
4100.0,70,25660.0,254.05940594059405,2.7485377459052565,70,35473.0,0.10610410096896486,70,35473.0
4105.0,60,23796.0,240.36363636363637,2.3372046446810506,60,35704.0,0.10374592367174942,60,35704.0
4110.0,62,23235.0,234.6969696969697,2.8075077924925154,62,35907.0,0.1330497394715923,62,35907.0
4115.0,72,23568.0,238.06060606060606,2.233157410700283,72,36153.0,0.07934412991530312,72,36153.0
4120.0,77,23937.0,227.97142857142856,2.235848717070672,77,36443.0,0.08255382403485638,77,36443.0
4125.0,84,24338.0,236.29126213592232,1.2936679775244895,84,36767.0,0.044192946908599866,84,36767.0
4130.0,91,24782.0,233.79245283018867,1.3044123209279659,91,37132.0,0.05317499752775159,91,37132.0
4135.0,89,25075.0,238.8095238095238,1.2280353212799457,89,36795.0,0.04816058208893862,89,36795.0
4140.0,82,25238.0,233.6851851851852,1.8380727771310825,82,35817.0,0.06601660824979064,82,35817.0
4145.0,77,25449.0,237.84112149532712,2.5136420357656615,77,34175.0,0.09121900148055694,77,34175.0
4150.0,73,25599.0,237.02777777777777,2.215419131843845,73,34445.0,0.0921424206155791,73,34445.0
4155.0,71,25817.0,248.2403846153846,2.451464345932354,71,34692.0,0.11443588492304475,71,34692.0
4160.0,76,26185.0,240.22935779816513,2.412424615988405,76,34978.0,0.09072753491948343,76,34978.0
4165.0,83,26590.0,241.72727272727272,1.7412525201408655,83,35303.0,0.06994265827202183,83,35303.0
4170.0,89,27023.0,241.27678571428572,1.2612973211378353,89,35656.0,0.040274140504286175,89,35656.0
4175.0,99,27497.0,243.3362831858407,1.106158357455179,99,36048.0,0.03521221662200989,99,36048.0
4180.0,103,28008.0,243.54782608695652,1.1600518939966638,103,36469.0,0.047455845848284266,103,36469.0
4185.0,105,28529.0,252.46902654867256,0.861421520700544,105,36900.0,0.03156508729442516,105,36900.0
4190.0,99,28810.0,244.15254237288136,1.2817353049912672,99,36594.0,0.06970032412901975,99,36594.0
4195.0,93,28926.0,251.5304347826087,1.397152715991622,93,35864.0,0.0562880742314876,93,35864.0
4200.0,88,29115.0,244.6638655462185,2.14524994634669,88,34577.0,0.06989036078951409,88,34577.0
4205.0,79,29240.0,249.9145299145299,2.037759175646289,79,34886.0,0.08110073272123419,79,34886.0
4210.0,79,29435.0,255.95652173913044,2.202656203992917,79,35155.0,0.10295897424302453,79,35155.0
4215.0,85,29848.0,255.11111111111111,2.284665076481165,85,35472.0,0.07546878378981134,85,35472.0
4220.0,95,30304.0,244.38709677419354,2.0568234859043817,95,35840.0,0.06686615945251383,95,35840.0
4225.0,99,30793.0,254.48760330578511,1.1660593630238794,99,36241.0,0.03972595855722893,99,36241.0
4230.0,111,31327.0,254.6910569105691,0.969312983610339,111,36685.0,0.05267704733097573,111,36685.0
4235.0,113,31892.0,263.5702479338843,0.7870357741931153,113,37160.0,0.03170574786576576,113,37160.0
4240.0,114,32458.0,257.6031746031746,1.1575470655165596,114,37636.0,0.058697694798301746,114,37636.0
4245.0,114,33028.0,266.35483870967744,1.0012339992552675,114,38116.0,0.03053058419554599,114,38116.0
4250.0,108,32346.0,260.85483870967744,1.042158408638369,108,38144.0,0.043000606076703404,108,38144.0
4255.0,102,31196.0,253.6260162601626,1.3870471322592497,102,37570.0,0.05230279669946048,102,37570.0
4260.0,94,30720.0,247.74193548387098,2.1240935423286276,94,37074.0,0.0763030067013305,94,37074.0
4265.0,83,30378.0,249.0,2.0785131848873206,83,37243.0,0.08781581938271421,83,37243.0
4270.0,82,30627.0,255.225,2.385059403452801,82,37523.0,0.10219318774940857,82,37523.0
4275.0,89,31056.0,258.8,2.1133395403304727,89,37850.0,0.07606648590983213,89,37850.0
4280.0,95,31518.0,258.344262295082,1.6663291211853315,95,38212.0,0.06968539352025653,95,38212.0
4285.0,102,32013.0,264.5702479338843,1.2504968459691292,102,38609.0,0.042871056775742405,102,38609.0
4290.0,107,32540.0,275.76271186440675,0.8545397029009594,107,39038.0,0.03113027978477733,107,39038.0
4295.0,110,33090.0,278.06722689075633,0.9407542981363313,110,39488.0,0.032227180194816823,110,39488.0
4300.0,111,33642.0,280.35,0.8521365570967679,111,39940.0,0.03209947012061804,111,39940.0
4305.0,108,33971.0,283.09166666666664,0.6137445657830298,108,40012.0,0.037894668239535856,108,40012.0
4310.0,100,34152.0,282.24793388429754,1.1773405660288905,100,39740.0,0.04794336350538255,100,39740.0
4315.0,96,34351.0,274.808,1.9823491961081745,96,39259.0,0.06357910781114433,96,39259.0
4320.0,84,34496.0,282.75409836065575,1.8028918996200332,84,39574.0,0.06513032046039444,84,39574.0
4325.0,84,34810.0,285.327868852459,2.112386334299331,84,39837.0,0.09523212057921873,84,39837.0
4330.0,90,35248.0,293.73333333333335,2.0577827976309084,90,40153.0,0.06374227244543887,90,40153.0
4335.0,95,35716.0,295.1735537190083,1.877454056589401,95,40512.0,0.0608158883674881,95,40512.0
4340.0,102,36210.0,306.864406779661,1.418822506383611,102,40896.0,0.028459654878634406,102,40896.0
4345.0,106,36733.0,308.6806722689076,1.4889590273115805,106,41309.0,0.050305280080160476,106,41309.0
4350.0,107,37265.0,321.25,0.9794119397698285,107,41731.0,0.02699064471245896,107,41731.0
4355.0,102,32171.0,277.33620689655174,0.7105081397039834,102,40177.0,0.0368316073183389,102,40177.0
4360.0,95,23318.0,199.2991452991453,1.3410328130796478,95,36646.0,0.05669350210450251,95,36646.0
4365.0,91,16320.0,134.87603305785123,2.1107398603563245,91,31165.0,0.07248305694546922,91,31165.0
4370.0,80,9708.0,81.5798319327731,2.032509313352432,80,31515.0,0.08579058213277042,80,31515.0
4375.0,82,7424.0,62.91525423728814,2.263344106988044,82,31839.0,0.10171437115740006,82,31839.0
4380.0,90,7853.0,66.55084745762711,2.0806081141936863,90,32217.0,0.06469252084082282,90,32217.0
4385.0,95,8312.0,67.03225806451613,1.8322828088270886,95,32627.0,0.05644274198865561,95,32627.0
4390.0,102,8808.0,73.4,1.111916909120541,102,33069.0,0.0385872399388577,102,33069.0
4395.0,108,9337.0,75.29838709677419,1.1139245582848758,108,33539.0,0.03241794939421259,108,33539.0
4400.0,114,9899.0,81.13934426229508,0.9167613632755235,114,34041.0,0.03194788192951276,114,34041.0
4405.0,108,9273.0,75.39024390243902,0.8635073883687707,108,33596.0,0.04773218312578743,108,33596.0
4410.0,102,7843.0,64.28688524590164,1.3117577884222225,102,33042.0,0.05245627021844899,102,33042.0
4415.0,94,6783.0,53.833333333333336,2.0705279136259214,94,31996.0,0.06325681812689844,94,31996.0
4420.0,84,5265.0,43.51239669421488,1.98729250951986,84,32422.0,0.08210907030229171,84,32422.0
4425.0,84,4901.0,41.53389830508475,1.9406064816972903,84,32798.0,0.09829877286086319,84,32798.0
4430.0,90,5337.0,44.475,2.1649328216704586,90,33196.0,0.06621590822904601,90,33196.0
4435.0,98,5805.0,46.814516129032256,1.8592536964056658,98,33611.0,0.05937757512541824,98,33611.0
4440.0,102,6307.0,51.69672131147541,1.1316135666722498,102,34055.0,0.03540232662740712,102,34055.0
4445.0,110,6841.0,55.16935483870968,1.0550337166136563,110,34531.0,0.039480308583320474,110,34531.0
4450.0,114,7407.0,60.71311475409836,0.85279949129955,114,35037.0,0.030683856346446155,114,35037.0
4455.0,108,7769.0,63.16260162601626,1.0857289108303398,108,34975.0,0.049759408110269736,108,34975.0
4460.0,100,7988.0,64.9430894308943,1.4042623105212617,100,34402.0,0.05140291073628928,100,34402.0
4465.0,94,8248.0,67.60655737704919,1.8832810024848792,94,33298.0,0.04534876379005331,94,33298.0
4470.0,84,8442.0,69.76859504132231,1.9294612145040624,84,33656.0,0.08373057135364748,84,33656.0
4475.0,84,8695.0,74.95689655172414,1.9231346318974458,84,33974.0,0.08339861894028351,84,33974.0
4480.0,90,9135.0,74.87704918032787,2.155968290633982,90,34341.0,0.06861813881941871,90,34341.0
4485.0,90,8618.0,72.4201680672269,1.6906663214502649,90,34155.0,0.06342117440784577,90,34155.0
4490.0,87,7460.0,61.14754098360656,1.5936157697439046,87,33453.0,0.05918667576824963,87,33453.0
4495.0,87,6490.0,53.19672131147541,1.9503488425861208,87,32381.0,0.05981035086387403,87,32381.0
4500.0,82,5415.0,44.02439024390244,2.0393011532515506,82,32719.0,0.08277006526926102,82,32719.0
4505.0,84,5471.0,46.36440677966102,2.0894825660793974,84,33045.0,0.08266608616919233,84,33045.0
4510.0,91,5907.0,48.81818181818182,2.1587782709734484,91,33411.0,0.06470849624928811,91,33411.0
4515.0,97,6379.0,52.28688524590164,1.6615356527660872,97,33813.0,0.0537715772296646,97,33813.0
4520.0,104,6883.0,56.41803278688525,1.1521383416487834,104,34247.0,0.03687573951751591,104,34247.0
4525.0,111,7423.0,60.84426229508197,0.9175737141294801,111,34717.0,0.033888200912084436,111,34717.0
4530.0,114,7991.0,64.96747967479675,0.8556310625973161,114,35215.0,0.03486549656454474,114,35215.0
4535.0,109,8180.0,67.04918032786885,0.8656555089898513,109,35074.0,0.03459619031632416,109,35074.0
4540.0,99,8093.0,64.744,1.4835787460928045,99,34387.0,0.05647221856451243,99,34387.0
4545.0,95,8116.0,65.98373983739837,2.039485671386613,95,33108.0,0.06292483758880779,95,33108.0
4550.0,84,7826.0,63.6260162601626,2.189757431927032,84,32951.0,0.09927774960246945,84,32951.0
4555.0,77,7443.0,63.61538461538461,2.006061034298287,77,32324.0,0.09255038895708355,77,32324.0
4560.0,74,7436.0,60.45528455284553,2.4653160287364875,74,31269.0,0.0988905865964641,74,31269.0
4565.0,76,7483.0,61.33606557377049,2.515424529810288,76,30552.0,0.09296611018168442,76,30552.0
4570.0,78,7510.0,60.08,2.4480398967831327,78,30608.0,0.11033746793063696,78,30608.0
4575.0,79,7773.0,62.184,2.098332011332206,79,30826.0,0.08879088621488158,79,30826.0
4580.0,89,8193.0,64.0078125,2.3366334033884675,89,31077.0,0.09547755745546799,89,31077.0
4585.0,93,8653.0,68.13385826771653,2.2205277451154024,93,31424.0,0.0886969885448252,93,31424.0
4590.0,101,9144.0,70.33846153846154,1.9906400794651185,101,31829.0,0.06349129594978958,101,31829.0
4595.0,107,9669.0,76.73809523809524,1.3446392320539169,107,32275.0,0.03431941764366331,107,32275.0
4600.0,112,10222.0,80.48818897637796,1.3020585001716407,112,32751.0,0.046767402434793236,112,32751.0
4605.0,109,10463.0,85.0650406504065,1.0302274309655781,109,32568.0,0.03981109543654162,109,32568.0
4610.0,99,10480.0,84.51612903225806,1.6500805302695112,99,32441.0,0.05939467807046677,99,32441.0
4615.0,95,10582.0,86.03252032520325,2.205247459399648,95,32025.0,0.07074255309029215,95,32025.0
4620.0,81,10275.0,84.91735537190083,1.954243684807387,81,31899.0,0.08095875705772934,81,31899.0
4625.0,77,10038.0,85.7948717948718,2.0485590761801955,77,31310.0,0.10060688884028628,77,31310.0
4630.0,75,10087.0,83.36363636363636,2.351964887864288,75,30842.0,0.09711444465824418,75,30842.0
4635.0,69,9969.0,79.752,2.3709435849449436,69,30983.0,0.10477449417675007,69,30983.0
4640.0,72,10070.0,81.20967741935483,2.269883138579444,72,31166.0,0.09306533342644353,72,31166.0
4645.0,84,10462.0,83.696,2.4055526806341914,84,31422.0,0.1021145940468272,84,31422.0
4650.0,94,10915.0,86.62698412698413,2.004395162010757,94,31778.0,0.05642415672615051,94,31778.0
4655.0,97,11300.0,88.28125,1.4058093704692773,97,31967.0,0.04172152264861505,97,31967.0
4660.0,96,11651.0,93.208,1.4341101998023136,96,31966.0,0.049632803893079835,96,31966.0
4665.0,96,12044.0,95.58730158730158,2.040969982778158,96,31992.0,0.06901758328494446,96,31992.0
4670.0,86,12356.0,100.45528455284553,1.794737972272253,86,32329.0,0.06599212415379711,86,32329.0
4675.0,83,12700.0,104.09836065573771,2.2680704696551097,83,32613.0,0.09255740033947366,83,32613.0
4680.0,89,13133.0,107.64754098360656,2.1153019815296474,89,32945.0,0.06668678243612992,89,32945.0
4685.0,89,13509.0,108.94354838709677,1.4534843558302708,89,33165.0,0.05000786284566204,89,33165.0
4690.0,91,13875.0,116.59663865546219,1.505569589202027,91,33264.0,0.05671056899613933,91,33264.0
4695.0,89,14259.0,115.92682926829268,2.036783721056458,89,33252.0,0.0705278256015016,89,33252.0
4700.0,84,14591.0,121.59166666666667,1.9226558281828348,84,33561.0,0.07781761565242994,84,33561.0
4705.0,84,14986.0,122.8360655737705,2.43250740708202,84,33837.0,0.10315261937766941,84,33837.0
4710.0,91,15426.0,131.84615384615384,2.069545162369194,91,34175.0,0.05893072471204357,91,34175.0
4715.0,97,15898.0,135.8803418803419,1.7675417032999563,97,34547.0,0.04514935658659836,97,34547.0
4720.0,95,16276.0,142.7719298245614,1.4533720714494676,95,34820.0,0.052326817207899154,95,34820.0
4725.0,89,16578.0,146.7079646017699,1.4795803874694715,89,35030.0,0.05582918766817431,89,35030.0
4730.0,84,16903.0,148.2719298245614,2.5206024178788775,84,35171.0,0.09679008472990987,84,35171.0
4735.0,82,17282.0,150.27826086956523,2.7510466155441806,82,35357.0,0.10399048916236045,82,35357.0
4740.0,81,17625.0,161.69724770642202,1.991304676410824,81,35639.0,0.07820556599355329,81,35639.0
4745.0,84,18026.0,163.87272727272727,1.886526771002928,84,35913.0,0.07506686779943517,84,35913.0
4750.0,88,18462.0,170.94444444444446,2.1242786280669104,88,36237.0,0.04822450136498618,88,36237.0
4755.0,90,18911.0,173.4954128440367,2.3250968376672754,90,36576.0,0.06637251524738573,90,36576.0
4760.0,90,19361.0,189.81372549019608,1.4343344980655734,90,36916.0,0.046598175607861364,90,36916.0
4765.0,86,19668.0,190.95145631067962,1.3198373249189777,86,37164.0,0.0781158791053231,86,37164.0
4770.0,81,19911.0,195.2058823529412,1.774670556178757,81,37306.0,0.08066689565101025,81,37306.0
4775.0,80,20301.0,191.5188679245283,2.386222781014842,80,37424.0,0.0734441381888603,80,37424.0
4780.0,80,20658.0,198.6346153846154,2.0910321046930536,80,37698.0,0.07290185727659138,80,37698.0
4785.0,82,21054.0,202.44230769230768,2.295105382538147,82,37959.0,0.07766101033701488,82,37959.0
4790.0,84,21469.0,210.48039215686273,2.415485603392301,84,38262.0,0.06355178693996998,84,38262.0
4795.0,79,21811.0,222.5612244897959,1.819038165960956,79,38508.0,0.071569705111339,79,38508.0
4800.0,80,22183.0,235.98936170212767,1.493808439404148,80,38722.0,0.061142023773633716,80,38722.0
4805.0,80,22583.0,230.4387755102041,2.060768249305887,80,38991.0,0.07319733374284534,80,38991.0
4810.0,84,22994.0,237.05154639175257,1.6658777906017268,84,39292.0,0.06261420776670742,84,39292.0
4815.0,79,23326.0,242.97916666666666,1.328656655605589,79,39559.0,0.06393821324375407,79,39559.0
4820.0,77,23697.0,246.84375,1.933290670766257,77,39789.0,0.08457116707446374,77,39789.0
4825.0,77,24082.0,248.2680412371134,2.310882878793597,77,40045.0,0.06178261159410904,77,40045.0
4830.0,79,24477.0,252.340206185567,2.314725893807767,79,40320.0,0.06375001030818071,79,40320.0
4835.0,79,24872.0,270.3478260869565,1.6432426658808932,79,40595.0,0.057031530980602894,79,40595.0
4840.0,76,25210.0,271.0752688172043,1.3156848410905575,76,40829.0,0.0713095900078708,76,40829.0
4845.0,80,25608.0,281.4065934065934,1.3702697861884974,80,41091.0,0.0562694206634219,80,41091.0
4850.0,83,26013.0,268.17525773195877,1.7507551400663401,83,41376.0,0.059462237034786224,83,41376.0
4855.0,78,26361.0,283.4516129032258,1.3289737200456835,78,41640.0,0.05701836151443606,78,41640.0
4860.0,76,26730.0,284.36170212765956,1.6095968595071128,76,41865.0,0.07009023534852195,76,41865.0
4865.0,78,27119.0,282.4895833333333,2.34086782914549,78,42122.0,0.0660259060075898,78,42122.0
4870.0,78,27492.0,286.375,2.048299120728402,78,42375.0,0.06875285950215862,78,42375.0
4875.0,80,27891.0,303.1630434782609,1.6554380822918708,80,42654.0,0.06288375052890108,80,42654.0
4880.0,82,28296.0,301.02127659574467,1.379859983946179,82,42939.0,0.05965161365434647,82,42939.0
4885.0,78,28640.0,311.30434782608694,1.0711829314680887,78,43201.0,0.06975362593281541,78,43201.0
4890.0,78,29018.0,302.2708333333333,1.8651007061366343,78,43431.0,0.0885014762825373,78,43431.0
4895.0,78,29408.0,306.3333333333333,2.2201092513051477,78,43681.0,0.0512681192799423,78,43681.0
4900.0,76,28133.0,287.07142857142856,2.0614558956396083,76,43120.0,0.07673046963737368,76,43120.0
4905.0,68,25746.0,276.83870967741933,2.3410690974153012,68,41835.0,0.0956425149620081,68,41835.0
4910.0,63,23882.0,248.77083333333334,3.026223252890059,63,39751.0,0.11799748162891262,63,39751.0
4915.0,54,21938.0,241.07692307692307,2.9361504201988775,54,39883.0,0.13945807170776758,54,39883.0
4920.0,52,20561.0,228.45555555555555,2.871279969900551,52,39966.0,0.13265704247553795,52,39966.0
4925.0,60,20846.0,221.7659574468085,3.109926193290475,60,40117.0,0.11610487884822927,60,40117.0
4930.0,68,21168.0,220.5,2.239027242329587,68,40309.0,0.08893864279891936,68,40309.0
4935.0,76,21529.0,224.26041666666666,1.7597139318778743,76,40540.0,0.07011151411697171,76,40540.0
4940.0,84,21929.0,221.5050505050505,1.540099466289409,84,40810.0,0.04691149678931911,84,40810.0
4945.0,88,22361.0,225.86868686868686,1.4570869335407701,88,41112.0,0.057439611877583605,88,41112.0
4950.0,88,22801.0,232.66326530612244,1.2660264107254549,88,41422.0,0.09374556767420414,88,41422.0
4955.0,89,23242.0,237.16326530612244,1.047915845055268,89,41733.0,0.03988658606904736,89,41733.0
4960.0,84,20155.0,193.79807692307693,1.7293145178814266,84,40068.0,0.0857515873110914,84,40068.0
4965.0,78,14700.0,147.0,1.5671380804418686,78,36421.0,0.06460819499438177,78,36421.0
4970.0,72,10411.0,100.10576923076923,2.5313461554864287,72,30820.0,0.09030293507008308,72,30820.0
4975.0,62,6049.0,58.728155339805824,2.452412267114678,62,31065.0,0.11308249030334017,62,31065.0
4980.0,62,2869.0,28.405940594059405,2.584766298152879,62,31272.0,0.10618430902769117,62,31272.0
4985.0,69,3199.0,30.759615384615383,2.7358385434970387,69,31528.0,0.10226572481654703,69,31528.0
4990.0,77,3560.0,34.56310679611651,1.8769525293341631,77,31824.0,0.06755026117639801,77,31824.0
4995.0,85,3968.0,37.43396226415094,1.4910870882565712,85,32162.0,0.06906746749649918,85,32162.0
5000.0,93,4408.0,40.81481481481482,1.219020337715463,93,32533.0,0.05540530974773931,93,32533.0
5005.0,98,4890.0,44.45454545454545,1.4527513567336858,98,32946.0,0.05455701620309957,98,32946.0
5010.0,92,4705.0,43.56481481481482,1.1866021149735546,92,33112.0,0.04100728498140251,92,33112.0
5015.0,86,4460.0,41.2962962962963,1.5190015453801777,86,32974.0,0.056664998365943485,86,32974.0
5020.0,80,4694.0,42.67272727272727,2.317055620049959,80,32936.0,0.08125682621823019,80,32936.0
5025.0,79,5052.0,45.92727272727273,2.039689806757407,79,33242.0,0.08356795867483333,79,33242.0
5030.0,84,5459.0,51.018691588785046,1.962669111841653,84,33562.0,0.07345959316752475,84,33562.0
5035.0,89,5893.0,54.56481481481482,2.150725069584063,89,33925.0,0.052384754918341665,89,33925.0
5040.0,86,6260.0,61.372549019607845,1.4272724305549949,86,34154.0,0.04436195769610598,86,34154.0
5045.0,78,6571.0,63.18269230769231,1.961009321941101,78,34264.0,0.08347972731741087,78,34264.0
5050.0,80,6971.0,68.34313725490196,2.3186180007999466,80,34428.0,0.06917490201307946,80,34428.0
5055.0,76,7328.0,70.46153846153847,1.9700076266266515,76,34731.0,0.0731522732819264,76,34731.0
5060.0,82,7730.0,77.3,2.0385523991658374,82,35047.0,0.07397938620008217,82,35047.0
5065.0,83,8142.0,79.82352941176471,2.232285621916933,83,35389.0,0.05799009071183081,83,35389.0
5070.0,78,8480.0,85.65656565656566,2.0994046761952867,78,35685.0,0.06714471539040098,78,35685.0
5075.0,77,8849.0,90.29591836734694,2.090301352562165,77,35937.0,0.07082841626428042,77,35937.0
5080.0,79,9241.0,96.26041666666667,2.1040712132678796,79,36247.0,0.06345327504771175,79,36247.0
5085.0,76,9608.0,99.05154639175258,2.0286357096343135,76,36554.0,0.07833404634883909,76,36554.0
5090.0,78,9990.0,107.41935483870968,1.9654141237166665,78,36856.0,0.07862496091050705,78,36856.0
5095.0,78,10380.0,108.125,2.4469421791496346,78,37176.0,0.07546313973386283,78,37176.0
5100.0,72,9664.0,105.04347826086956,1.9884868026541558,72,36364.0,0.059756487188956334,72,36364.0
5105.0,64,8204.0,89.17391304347827,2.415771065589119,64,34626.0,0.10502780782026817,64,34626.0
5110.0,60,7089.0,78.76666666666667,2.9803876705960066,60,31875.0,0.09855018423044741,60,31875.0
5115.0,52,5921.0,64.3586956521739,2.9779133356223024,52,32067.0,0.13624097120796702,52,32067.0
5120.0,52,5109.0,59.406976744186046,2.9507854417000443,52,32233.0,0.1426879534509668,52,32233.0
5125.0,58,5381.0,58.48913043478261,3.1359123676712417,58,32437.0,0.14158555807116785,58,32437.0
5130.0,63,5525.0,59.40860215053763,2.1426712475722978,63,32600.0,0.10314110571528745,63,32600.0
5135.0,66,5831.0,60.739583333333336,2.1693239824588306,66,32761.0,0.08805092392048289,66,32761.0
5140.0,77,6189.0,63.1530612244898,2.2827875603731655,77,33035.0,0.06347822576546781,77,33035.0
5145.0,76,6530.0,67.31958762886597,1.8046645605613243,76,33331.0,0.07359345308999485,76,33331.0
5150.0,76,6910.0,72.73684210526316,1.935375153368578,76,33617.0,0.08113982889735272,76,33617.0
5155.0,78,7297.0,76.01041666666667,2.5056525410700616,78,33934.0,0.06798333685977379,78,33934.0
5160.0,74,7428.0,79.02127659574468,2.070046858451529,74,33163.0,0.060979841450344865,74,33163.0
5165.0,66,7385.0,81.15384615384616,2.4465890685639327,66,31474.0,0.10817012285887391,66,31474.0
5170.0,60,7320.0,79.56521739130434,3.0915177918567385,60,28781.0,0.10757109397265248,60,28781.0
5175.0,50,7254.0,80.6,2.7024160177339764,50,28942.0,0.13989407853542055,50,28942.0
5180.0,56,7377.0,84.79310344827586,2.5026117629564033,56,29112.0,0.1281478487128459,56,29112.0
5185.0,62,7675.0,83.42391304347827,2.1778214801790847,62,29340.0,0.0885752809288699,62,29340.0
5190.0,68,7874.0,81.17525773195877,1.9370683601376153,68,29550.0,0.0908900622906167,68,29550.0
5195.0,66,8120.0,84.58333333333333,1.7068334517239754,66,29721.0,0.05856751221104641,66,29721.0
5200.0,76,8474.0,83.07843137254902,2.7493809712448765,76,29943.0,0.09533880554241332,76,29943.0
5205.0,78,8856.0,92.25,2.450682261734361,78,30249.0,0.06479531985399545,78,30249.0
5210.0,73,9039.0,92.23469387755102,2.02163156610055,73,29518.0,0.0713537901738643,73,29518.0
5215.0,68,9095.0,98.8586956521739,1.9858416040060676,68,28814.0,0.07878030763289912,68,28814.0
5220.0,61,9190.0,97.76595744680851,2.8495907552592072,61,27593.0,0.0995156096209793,61,27593.0
5225.0,54,9207.0,101.17582417582418,2.772285805413517,54,27792.0,0.1298088958629806,54,27792.0
5230.0,52,9298.0,103.31111111111112,2.7829047867631784,52,27944.0,0.14058508903634698,52,27944.0
5235.0,60,9579.0,101.90425531914893,2.986692451638758,60,28148.0,0.11367474285897756,60,28148.0
5240.0,60,9811.0,101.14432989690722,2.294966867298024,60,27876.0,0.10738501113851977,60,27876.0
5245.0,63,10024.0,104.41666666666667,2.1838347686065895,63,27813.0,0.09994013806312112,63,27813.0
5250.0,65,10281.0,102.81,2.878706667572895,65,27632.0,0.11105692428994565,65,27632.0
5255.0,58,10486.0,109.22916666666667,2.2645714314454857,58,27855.0,0.09103209406408519,58,27855.0
5260.0,56,10717.0,110.48453608247422,2.9941280982933143,56,28036.0,0.15287023309958117,56,28036.0
5265.0,62,11015.0,112.39795918367346,2.709885882753675,62,28258.0,0.09791963063003929,62,28258.0
5270.0,70,11353.0,111.30392156862744,2.5851221578196584,70,28526.0,0.09186379315246716,70,28526.0
5275.0,80,11733.0,118.51515151515152,1.4901655487721088,80,28836.0,0.059787940663514616,80,28836.0
5280.0,86,12147.0,120.26732673267327,1.1186904108224611,86,29182.0,0.03464635410318931,86,29182.0
5285.0,92,12601.0,122.33980582524272,1.3886388220918995,92,29566.0,0.05576297339650543,92,29566.0
5290.0,94,13064.0,125.61538461538461,1.1741764097639065,94,29959.0,0.04234333664650476,94,29959.0
5295.0,88,13022.0,125.21153846153847,1.426834141408403,88,30159.0,0.06269573103810103,88,30159.0
5300.0,78,13009.0,121.57943925233644,2.1681000730832256,78,30187.0,0.09163728712919829,78,30187.0
5305.0,80,13374.0,126.16981132075472,2.5575094576076602,80,30190.0,0.09628211939599558,80,30190.0
5310.0,78,13748.0,128.48598130841123,2.29360465031411,78,30502.0,0.09852769530137268,78,30502.0
5315.0,83,14149.0,138.7156862745098,1.8401294901314678,83,30825.0,0.0545461715748682,83,30825.0
5320.0,86,14576.0,140.15384615384616,2.1972105592634636,86,31182.0,0.08669023633524596,86,31182.0
5325.0,86,15006.0,151.57575757575756,1.4920888018728562,86,31542.0,0.049396537676060115,86,31542.0
5330.0,82,15331.0,154.85858585858585,1.323223423686894,82,31797.0,0.06578407684786672,82,31797.0
5335.0,79,15655.0,156.55,1.9391806665377118,79,31991.0,0.08306206969127804,79,31991.0
5340.0,80,16055.0,160.55,2.2620841502721727,80,32250.0,0.06657715927160587,80,32250.0
5345.0,80,16413.0,164.13,1.882675083030623,80,32562.0,0.06753518204165655,80,32562.0
5350.0,78,16799.0,171.41836734693877,2.34062162976045,78,32858.0,0.09207060374364077,78,32858.0
5355.0,80,17193.0,175.4387755102041,2.4053083891160387,80,33178.0,0.06539359708319463,80,33178.0
5360.0,74,15293.0,162.69148936170214,1.977284694145154,74,31553.0,0.06307658111556923,74,31553.0
5365.0,68,11857.0,123.51041666666667,2.3062470646366884,68,27977.0,0.09310432882093299,68,27977.0
5370.0,63,9546.0,103.76086956521739,2.950315764305491,63,22495.0,0.10823276790226082,63,22495.0
5375.0,50,6028.0,65.52173913043478,2.7351402906716182,50,22751.0,0.12456246110634159,50,22751.0
5380.0,52,4407.0,49.51685393258427,2.959352035513964,52,22983.0,0.13906716775344477,52,22983.0
5385.0,59,4688.0,50.40860215053763,2.893379982465068,59,23264.0,0.10178722328250545,59,23264.0
5390.0,66,5004.0,52.67368421052632,2.0944926663092307,66,23576.0,0.08234729700974384,66,23576.0
5395.0,73,5361.0,55.84375,1.7282361684309453,73,23899.0,0.06941110301644687,73,23899.0
5400.0,83,5752.0,59.916666666666664,1.13171305595,83,24228.0,0.031799341809202394,83,24228.0
5405.0,88,6181.0,61.198019801980195,1.67703967377609,88,24589.0,0.055736841888833585,88,24589.0
5410.0,82,6417.0,66.15463917525773,1.1668109065853491,82,23005.0,0.04578052390749303,82,23005.0
5415.0,76,6550.0,64.85148514851485,1.8303387090448233,76,19475.0,0.08374830654991773,76,19475.0
5420.0,69,6639.0,66.39,2.4780646053275577,69,14026.0,0.0858168486904851,69,14026.0
5425.0,57,6339.0,62.76237623762376,2.6238111245486544,57,14176.0,0.12301515786842898,57,14176.0
5430.0,54,6214.0,63.40816326530612,2.8833445312183894,54,14180.0,0.13563900112183,54,14180.0
5435.0,62,6503.0,63.754901960784316,2.777807557253873,62,14260.0,0.11657630767158995,62,14260.0
5440.0,67,6715.0,66.48514851485149,2.2745055102385403,67,14504.0,0.09369891413081854,67,14504.0
5445.0,72,7004.0,69.34653465346534,1.9032571036426176,72,14768.0,0.07616354237397358,72,14768.0
5450.0,78,7381.0,73.07920792079207,2.523679245520977,78,15081.0,0.08143485066998318,78,15081.0
5455.0,78,7771.0,77.71,2.655881812625783,78,15461.0,0.10035707582617306,78,15461.0
5460.0,74,8047.0,84.70526315789473,1.8998283443257304,74,15759.0,0.05560423532486983,74,15759.0
5465.0,73,8387.0,88.28421052631579,2.1673037986721644,73,16020.0,0.08026849074151572,73,16020.0
5470.0,77,8767.0,94.26881720430107,2.275348922831013,77,16376.0,0.053506294024625416,77,16376.0
5475.0,73,9082.0,94.60416666666667,2.1502835251200634,73,16716.0,0.08427078882341235,73,16716.0
5480.0,71,9423.0,103.54945054945055,2.122102066188711,71,17023.0,0.08896810405488081,71,17023.0
5485.0,72,9782.0,102.96842105263158,2.6544580829416775,72,17361.0,0.09850341289514099,72,17361.0
5490.0,74,10150.0,110.32608695652173,2.3826952070153804,74,17719.0,0.0693348754510006,74,17719.0
5495.0,68,9082.0,100.91111111111111,2.1699045081368484,68,17444.0,0.10209879955961534,68,17444.0
5500.0,63,7071.0,81.27586206896552,2.1530014857030664,63,16665.0,0.09917456318883608,63,16665.0
5505.0,56,5512.0,62.63636363636363,3.1416195806263985,56,15333.0,0.11173779714544708,56,15333.0
5510.0,48,3423.0,38.89772727272727,3.159173187301693,48,15560.0,0.1512173588583923,48,15560.0
5515.0,48,2731.0,32.129411764705885,3.1982207759326244,48,15760.0,0.1554703845961204,48,15760.0
5520.0,54,2987.0,33.94318181818182,3.036679202808078,54,16001.0,0.10061023717642865,54,16001.0
5525.0,62,3282.0,35.67391304347826,2.5909094367698655,62,16286.0,0.10237315044192809,62,16286.0
5530.0,67,3607.0,40.077777777777776,1.7363106982144052,67,16601.0,0.06508198102367826,67,16601.0
5535.0,76,3966.0,42.645161290322584,1.6333139077511387,76,16951.0,0.08507696273291604,76,16951.0
5540.0,81,4362.0,47.41304347826087,1.3754939283374346,81,17341.0,0.05628577347438477,81,17341.0
5545.0,78,4065.0,42.34375,1.5817491767519192,78,15825.0,0.06768811054902746,78,15825.0
5550.0,73,3293.0,33.94845360824742,1.9799364519422404,73,14114.0,0.08873902874944589,73,14114.0
5555.0,67,2737.0,28.510416666666668,2.461947601411608,67,11363.0,0.08068428976580957,67,11363.0
5560.0,57,2032.0,20.525252525252526,2.747524062995267,57,11652.0,0.13215834260485199,57,11652.0
5565.0,59,2211.0,23.52127659574468,2.7445166615169616,59,11919.0,0.11828676684816809,59,11919.0
5570.0,67,2532.0,26.652631578947368,2.6974616353714356,67,12239.0,0.08825978697044888,67,12239.0
5575.0,73,2886.0,31.369565217391305,1.9272564052921495,73,12593.0,0.05935423995609997,73,12593.0
5580.0,80,3277.0,36.41111111111111,1.4530072241668455,80,12984.0,0.043103336706357076,80,12984.0
5585.0,80,3677.0,40.855555555555554,1.4883054417072945,80,13384.0,0.06640017100211947,80,13384.0
5590.0,82,4080.0,45.333333333333336,1.1847727787413156,82,13787.0,0.04157282240137914,82,13787.0
5595.0,76,3983.0,43.76923076923077,1.456327524669791,76,13484.0,0.0693844128857453,76,13484.0
5600.0,68,3538.0,37.242105263157896,2.051996215942324,68,12551.0,0.07678774737333538,68,12551.0
5605.0,64,3252.0,34.59574468085106,3.0020813040372336,64,10963.0,0.1159371129419152,64,10963.0
5610.0,54,2914.0,31.0,2.7104523472183777,54,11237.0,0.11817763893457849,54,11237.0
5615.0,54,2735.0,31.079545454545453,2.5416328092387825,54,11488.0,0.11191223374111585,54,11488.0
5620.0,61,3026.0,30.877551020408163,3.0660125682318835,61,11779.0,0.12071455984673059,61,11779.0
5625.0,71,3357.0,34.608247422680414,1.8681057760177615,71,12110.0,0.061940018661416546,71,12110.0
5630.0,78,3732.0,37.32,1.642298135591322,78,12486.0,0.09347703308403617,78,12486.0
5635.0,85,4141.0,41.41,1.0720057533537963,85,12896.0,0.041532365496975705,85,12896.0
5640.0,92,4589.0,44.125,1.5320487346117748,92,13345.0,0.047592084077267754,92,13345.0
5645.0,92,5049.0,49.5,1.1483820462077117,92,13805.0,0.03987350678933326,92,13805.0
5650.0,89,4602.0,44.679611650485434,0.8602702265386777,89,13941.0,0.04717446748155731,89,13941.0
5655.0,82,3939.0,37.875,1.6213181166447639,82,13784.0,0.07164250861894816,82,13784.0
5660.0,76,3828.0,35.44444444444444,2.460345067673089,76,13459.0,0.08749139778094468,76,13459.0
5665.0,67,3959.0,37.0,2.5097347724074583,67,13789.0,0.11215739484088594,67,13789.0
5670.0,70,4297.0,40.5377358490566,2.4151416426797603,70,14103.0,0.10215959196541576,70,14103.0
5675.0,77,4667.0,45.754901960784316,2.0932111731170777,77,14468.0,0.047090392274214465,77,14468.0
5680.0,84,5074.0,49.262135922330096,1.9576937352628616,84,14875.0,0.0901162327776532,84,14875.0
5685.0,87,5505.0,56.173469387755105,1.2361258689514811,87,15306.0,0.042128330414975594,87,15306.0
5690.0,82,5801.0,56.872549019607845,1.8356325416711332,82,15492.0,0.09673861771480453,82,15492.0
5695.0,78,6002.0,57.71153846153846,2.0419056357803163,78,15375.0,0.06534809931452012,78,15375.0
5700.0,71,6237.0,61.14705882352941,2.636081266042422,71,15374.0,0.09546160151864758,71,15374.0
5705.0,71,6543.0,64.1470588235294,2.370269384892703,71,15708.0,0.1031861252735947,71,15708.0
5710.0,75,6902.0,70.42857142857143,1.8266064659430339,75,16048.0,0.07094249357605942,75,16048.0
5715.0,81,7293.0,72.93,2.2352412130434915,81,16436.0,0.0600701777773257,81,16436.0
5720.0,82,7702.0,80.22916666666667,1.635391485780416,82,16845.0,0.045372197780601906,82,16845.0
5725.0,84,8119.0,84.57291666666667,1.5594956567656943,84,17262.0,0.059967246788167915,84,17262.0
5730.0,84,8539.0,90.84042553191489,1.2693638433154655,84,17682.0,0.056050972326330314,84,17682.0
5735.0,80,8781.0,92.43157894736842,0.9458975978871054,80,17926.0,0.05369699190851214,80,17926.0
5740.0,74,8911.0,92.82291666666667,1.8263252167707063,74,18041.0,0.08794332352847635,74,18041.0
5745.0,72,9211.0,92.11,2.4653120216642037,72,18131.0,0.0817586618193575,72,18131.0
5750.0,70,9516.0,97.10204081632654,2.210035268254882,70,18469.0,0.09176926283257028,70,18469.0
5755.0,74,9868.0,100.6938775510204,2.268876108240065,74,18792.0,0.08157285679280309,74,18792.0
5760.0,77,10250.0,107.89473684210526,2.102578563272555,77,19170.0,0.03710634227661315,77,19170.0
5765.0,78,10639.0,108.56122448979592,2.506270467995129,78,19559.0,0.06669791086368047,78,19559.0
5770.0,75,10083.0,108.41935483870968,1.698474300725699,75,18991.0,0.04869183152234215,75,18991.0
5775.0,67,8894.0,95.63440860215054,2.091875414773812,67,17481.0,0.09508275236893507,67,17481.0
5780.0,61,7852.0,85.34782608695652,2.8535361972628754,61,15042.0,0.10066920547767089,61,15042.0
5785.0,54,6904.0,72.67368421052632,2.9569288068875434,54,15305.0,0.13351199647080586,54,15305.0
5790.0,54,6416.0,72.9090909090909,2.8511582178489165,54,15548.0,0.1419731184024915,54,15548.0
5795.0,60,6698.0,71.25531914893617,2.802579100771282,60,15829.0,0.10235149287422311,60,15829.0
5800.0,66,7015.0,73.07291666666667,2.2566975554742426,66,16146.0,0.08932009271265035,66,16146.0
5805.0,74,7366.0,75.9381443298969,1.512967496464072,74,16497.0,0.04792646926110163,74,16497.0
5810.0,82,7760.0,80.0,1.3129717260257083,82,16891.0,0.06181940898387262,82,16891.0
5815.0,81,6662.0,65.96039603960396,1.3502227746117603,81,15773.0,0.06746449346155647,81,15773.0
5820.0,77,4564.0,46.57142857142857,1.565832908074039,77,14607.0,0.06561741143922623,77,14607.0
5825.0,71,2955.0,28.41346153846154,2.6279331389676983,71,12648.0,0.09742568941826345,71,12648.0
5830.0,65,2460.0,24.356435643564357,2.2800394033626423,65,12966.0,0.09059383613436102,65,12966.0
5835.0,70,2790.0,26.826923076923077,2.7739117765943067,70,13277.0,0.13161083190843695,70,13277.0
5840.0,77,3157.0,31.57,2.106932763431319,77,13637.0,0.047027276103655404,77,13637.0
5845.0,83,3562.0,34.58252427184466,2.4602905695767574,83,14042.0,0.09299047841315362,83,14042.0
5850.0,85,3983.0,41.92631578947368,1.2468755986533282,85,14463.0,0.042958135644679166,85,14463.0
5855.0,86,4413.0,44.57575757575758,1.7190656384393437,86,14893.0,0.06047357519165796,86,14893.0
5860.0,86,4843.0,50.447916666666664,1.2803315645455855,86,15323.0,0.050414389019610144,86,15323.0
5865.0,88,5279.0,54.422680412371136,1.3092997745148132,88,15759.0,0.0320516566221258,88,15759.0
5870.0,88,5719.0,58.357142857142854,1.3303427182760923,88,16199.0,0.05800358070874653,88,16199.0
5875.0,90,6162.0,62.87755102040816,1.115249568063405,90,16642.0,0.05218335824082652,90,16642.0
5880.0,90,6612.0,67.46938775510205,1.0588036964942804,90,17092.0,0.03988790782606973,90,17092.0
5885.0,85,6251.0,61.28431372549019,1.2783462257683702,85,17202.0,0.056384150412944506,85,17202.0
5890.0,79,5427.0,53.205882352941174,1.6939335579500785,79,16991.0,0.06301731883678076,79,16991.0
5895.0,72,5148.0,49.980582524271846,2.5484135053674293,72,16569.0,0.10065913803632007,72,16569.0
5900.0,64,5111.0,50.1078431372549,2.4014945066918796,64,16886.0,0.1043772592037967,64,16886.0
5905.0,66,5407.0,53.53465346534654,2.459313424266967,66,17188.0,0.10136518687969248,66,17188.0
5910.0,71,5752.0,56.3921568627451,2.4146854306410273,71,17533.0,0.08567009787163084,71,17533.0
5915.0,81,6132.0,62.57142857142857,1.5740973911007845,81,17913.0,0.04562730469585049,81,17913.0
5920.0,86,6552.0,66.18181818181819,1.5674342318866235,86,18333.0,0.05457319185279425,86,18333.0
5925.0,82,6838.0,71.22916666666667,1.187876772428415,82,18474.0,0.041097977861393895,82,18474.0
5930.0,73,7025.0,70.95959595959596,1.9627987858392875,73,18358.0,0.08672877003511406,73,18358.0
5935.0,68,7237.0,73.84693877551021,2.4237860261053044,68,18129.0,0.07212382285098196,68,18129.0
5940.0,61,7459.0,75.34343434343434,2.5155722903451605,61,18430.0,0.10765873966827579,61,18430.0
5945.0,67,7782.0,81.0625,2.51247203794722,67,18739.0,0.10560893852584623,67,18739.0
5950.0,75,8141.0,84.80208333333333,2.145467712262126,75,19098.0,0.04410158542961845,75,19098.0
5955.0,80,8529.0,91.70967741935483,1.7983579068207518,80,19486.0,0.06418899872826848,80,19486.0
5960.0,75,7886.0,85.71739130434783,1.2497699202779404,75,18610.0,0.06228332783689728,75,18610.0
5965.0,70,6564.0,71.34782608695652,1.8962991667277864,70,17374.0,0.08472439174544365,70,17374.0
5970.0,63,5565.0,57.96875,2.842091722979925,63,15333.0,0.09423789517423879,63,15333.0
5975.0,54,4160.0,45.714285714285715,2.4476658116552645,54,15602.0,0.09922449260658259,54,15602.0
5980.0,54,3764.0,40.04255319148936,2.9988481729694505,54,15834.0,0.1539850687441351,54,15834.0
5985.0,62,4050.0,42.1875,2.83000246026745,62,16115.0,0.09480090824180827,62,16115.0
5990.0,69,4383.0,43.396039603960396,2.6027918876937073,69,16448.0,0.10314762441784421,69,16448.0
5995.0,77,4749.0,48.95876288659794,1.2958498637536728,77,16814.0,0.05035610449794959,77,16814.0
6000.0,85,5163.0,51.118811881188115,1.2690989043315595,85,17228.0,0.04338602563977192,85,17228.0
6005.0,90,5604.0,56.04,1.0027032965074347,90,17670.0,0.03903248595481171,90,17670.0
6010.0,86,5856.0,56.85436893203884,1.2547897982020684,86,17264.0,0.060694810934196604,86,17264.0
6015.0,79,5975.0,58.00970873786408,1.869669342597052,79,16278.0,0.07847552879415937,79,16278.0
6020.0,74,6141.0,57.93396226415094,2.5619971396365213,74,14589.0,0.09078540220263223,74,14589.0
6025.0,65,6189.0,60.6764705882353,2.3355957417957094,65,14918.0,0.10793147260171311,65,14918.0
6030.0,66,6402.0,63.386138613861384,2.426789615359954,66,15207.0,0.12460842994752037,66,15207.0
6035.0,72,6751.0,64.91346153846153,2.459088370882736,72,15551.0,0.07955659550543222,72,15551.0
6040.0,78,7127.0,64.7909090909091,2.263239702193634,78,15927.0,0.07748118660531013,78,15927.0
6045.0,83,6927.0,65.34905660377359,1.3254478280488264,83,15989.0,0.05321049962931064,83,15989.0
6050.0,79,6331.0,57.554545454545455,1.6834991975396412,79,15751.0,0.08176285180886733,79,15751.0
6055.0,82,6002.0,53.589285714285715,2.341369548330385,82,15364.0,0.0834409197468127,82,15364.0
6060.0,72,5858.0,53.25454545454546,2.163975210867969,72,15727.0,0.09044768215332033,72,15727.0
6065.0,72,6113.0,57.66981132075472,2.3084097066574496,72,16056.0,0.10865397226343082,72,16056.0
6070.0,78,6490.0,60.092592592592595,2.3530049612656714,78,16425.0,0.08239862551805541,78,16425.0
6075.0,84,6897.0,64.45794392523365,1.7511816115578738,84,16832.0,0.056574426224964794,84,16832.0
6080.0,91,7336.0,71.22330097087378,1.101111392067053,91,17271.0,0.038504193486379124,91,17271.0
6085.0,94,7804.0,74.32380952380953,1.3375044688490367,94,17739.0,0.05495654785431573,94,17739.0
6090.0,94,8274.0,79.5576923076923,0.9906764572529151,94,18209.0,0.028099876693220734,94,18209.0
6095.0,90,8333.0,80.125,1.0694684940479497,90,17854.0,0.051605928629501543,90,17854.0
6100.0,82,8108.0,77.21904761904761,1.620390539847568,82,16984.0,0.054215898264513514,82,16984.0
6105.0,77,8003.0,74.10185185185185,2.467967858335101,77,16100.0,0.08436261449478998,77,16100.0
6110.0,67,7842.0,74.68571428571428,2.48508465885338,67,16188.0,0.10821755220363673,67,16188.0
6115.0,67,7806.0,76.52941176470588,2.3769287113190245,67,16503.0,0.10826351545099727,67,16503.0
6120.0,73,8161.0,77.72380952380952,2.240053978173897,73,16858.0,0.08605990694306183,73,16858.0
6125.0,81,8549.0,76.33035714285714,1.734823505585256,81,17246.0,0.06766406766395948,81,17246.0
6130.0,90,8981.0,81.64545454545454,1.0148416787222112,90,17678.0,0.04203765167827268,90,17678.0
6135.0,97,9452.0,83.64601769911505,1.1496537341735003,97,18149.0,0.04508574538826164,97,18149.0
6140.0,104,9957.0,88.90178571428571,0.9358711805238318,104,18655.0,0.035739977277870955,104,18655.0
6145.0,104,10477.0,90.31896551724138,1.3249557716758786,104,19175.0,0.039328772831951984,104,19175.0
6150.0,98,10458.0,93.375,1.1258616519846905,98,19274.0,0.04054635023647842,98,19274.0
6155.0,90,10153.0,89.84955752212389,1.4077324077205728,90,18960.0,0.05670442055622515,90,18960.0
6160.0,83,9759.0,87.13392857142857,2.1570084215411875,83,18331.0,0.074294129446184,83,18331.0
6165.0,75,9568.0,83.9298245614035,2.200949584848408,75,18706.0,0.09154782237735933,75,18706.0
6170.0,74,9608.0,88.14678899082568,2.4342231552133327,74,19060.0,0.09960811929383465,74,19060.0
6175.0,80,9996.0,89.25,2.240003283097832,80,19448.0,0.08421597820608472,80,19448.0
6180.0,86,10414.0,93.81981981981981,1.659029453879956,86,19866.0,0.05485760300867608,86,19866.0
6185.0,93,10862.0,95.28070175438596,1.2943271141106407,93,20315.0,0.048344877528846454,93,20315.0
6190.0,99,11344.0,103.12727272727273,0.9454499052938263,99,20798.0,0.03410764127400771,99,20798.0
6195.0,102,11851.0,100.4322033898305,1.4507733770289468,102,21305.0,0.061296989867921446,102,21305.0
6200.0,102,11850.0,103.94736842105263,0.8317539370926452,102,21304.0,0.03910580353569838,102,21304.0
6205.0,92,11502.0,97.47457627118644,1.7386221433022366,92,21086.0,0.0745423525552247,92,21086.0
6210.0,88,11306.0,97.46551724137932,2.162458490266092,88,20510.0,0.0703534090593951,88,20510.0
6215.0,75,10944.0,94.34482758620689,2.133954824292768,75,20885.0,0.09601393901986012,75,20885.0
6220.0,75,10924.0,99.30909090909091,2.1725784570696987,75,21232.0,0.10160196400505524,75,21232.0
6225.0,80,11316.0,99.26315789473684,2.2678993452071405,80,21624.0,0.07348253871986155,80,21624.0
6230.0,88,11740.0,101.20689655172414,1.9265414278721658,88,22048.0,0.05807161081226075,88,22048.0
6235.0,95,12203.0,107.04385964912281,1.1917901305992578,95,22511.0,0.04948589621204733,95,22511.0
6240.0,103,12698.0,110.41739130434783,0.9580516293109109,103,23007.0,0.03237852510155989,103,23007.0
6245.0,106,13224.0,114.0,1.0917800707374208,106,23534.0,0.05043835727414696,106,23534.0
6250.0,102,13548.0,118.84210526315789,0.6072003255275293,102,23675.0,0.03755925899880146,102,23675.0
6255.0,94,13743.0,118.47413793103448,1.4025286098215872,94,23465.0,0.06198445107084423,94,23465.0
6260.0,90,13980.0,118.47457627118644,2.1148311306364893,90,22900.0,0.06733614755216609,90,22900.0
6265.0,82,14193.0,122.35344827586206,2.4138102582565173,82,22835.0,0.09068533602798895,82,22835.0
6270.0,76,14335.0,124.65217391304348,2.535539056282605,76,22976.0,0.11266762112643072,76,22976.0
6275.0,76,14666.0,128.64912280701753,2.2359884047312693,76,23293.0,0.09364970368222755,76,23293.0
6280.0,83,15068.0,127.69491525423729,2.5768420256316196,83,23652.0,0.10360125327637201,83,23652.0
6285.0,88,15500.0,131.35593220338984,2.1200595206210227,88,24084.0,0.061919465244338764,88,24084.0
6290.0,95,15961.0,133.00833333333333,1.618866034926008,95,24545.0,0.042345475418425295,95,24545.0
6295.0,102,16458.0,143.11304347826086,0.9237688712993092,102,25042.0,0.027078008832150727,102,25042.0
6300.0,108,16983.0,142.71428571428572,1.1926298685908305,108,25567.0,0.03227828544046043,108,25567.0
6305.0,108,17523.0,152.37391304347827,0.8034563417763049,108,26107.0,0.03476272053170186,108,26107.0
6310.0,103,17195.0,146.96581196581195,0.6310207711395195,103,26038.0,0.03612087348532831,103,26038.0
6315.0,96,16292.0,140.44827586206895,1.3230187735133037,96,25406.0,0.05748184123003038,96,25406.0
6320.0,88,15649.0,130.40833333333333,2.1706205563653405,88,24337.0,0.08150451477727366,88,24337.0
6325.0,78,14654.0,125.24786324786325,2.0472681252756835,78,24727.0,0.08662965878501325,78,24727.0
6330.0,78,14500.0,123.93162393162393,2.3537461305408844,78,25080.0,0.10604864594383598,78,25080.0
6335.0,84,14905.0,128.49137931034483,2.1175343882944007,84,25482.0,0.07038366220554435,84,25482.0
6340.0,89,15342.0,125.75409836065573,1.85570102585029,89,25919.0,0.0533344005360464,89,25919.0
6345.0,98,15818.0,132.92436974789916,1.215955490300052,98,26395.0,0.038077976174486834,98,26395.0
6350.0,107,16331.0,134.96694214876032,1.0883727035434856,107,26909.0,0.0448836011355888,107,26909.0
6355.0,110,16875.0,143.0084745762712,0.8590756688557847,110,27454.0,0.03305889402679662,110,27454.0
6360.0,104,17214.0,141.0983606557377,1.1875787268565905,104,27463.0,0.05041435711996135,104,27463.0
6365.0,97,17418.0,147.61016949152543,1.33373331478056,97,26953.0,0.053083857774178046,97,26953.0
6370.0,91,17666.0,144.80327868852459,2.127703620767018,91,26032.0,0.0715512740037187,91,26032.0
6375.0,85,17874.0,150.2016806722689,2.67328667009807,85,25560.0,0.09709248008175966,85,25560.0
6380.0,78,18067.0,154.4188034188034,2.495503135690511,78,25761.0,0.11190861899592482,78,25761.0
6385.0,78,18428.0,158.86206896551724,2.5017671693905155,78,26100.0,0.11082422350460062,78,26100.0
6390.0,85,18838.0,156.98333333333332,2.5426047544820807,85,26486.0,0.09612986820844946,85,26486.0
6395.0,91,19281.0,163.39830508474577,2.0506138394679536,91,26929.0,0.05627286978522439,91,26929.0
6400.0,97,19756.0,163.27272727272728,1.6579362768401658,97,27403.0,0.05074529693909411,97,27403.0
6405.0,105,20262.0,171.71186440677965,0.9297040316161324,105,27905.0,0.03394788335724897,105,27905.0
6410.0,110,20803.0,173.35833333333332,1.0125926244245305,110,28437.0,0.040084160205459844,110,28437.0
6415.0,108,21159.0,176.325,0.8941501037276772,108,28584.0,0.04054245234822606,108,28584.0
6420.0,98,21382.0,175.2622950819672,1.610828497503893,98,28312.0,0.05866197323360496,98,28312.0
6425.0,92,21591.0,176.97540983606558,2.1700536039759486,92,28179.0,0.07300119629621173,92,28179.0
6430.0,85,21860.0,180.6611570247934,2.5604846746999135,85,28293.0,0.08512497166353945,85,28293.0
6435.0,80,22066.0,188.5982905982906,2.4738887865685375,80,28663.0,0.10952697470089391,80,28663.0
6440.0,81,22444.0,193.48275862068965,2.169799925498461,81,29012.0,0.08184717175857047,81,29012.0
6445.0,87,22867.0,188.98347107438016,2.3984620780151276,87,29413.0,0.08219465853310763,87,29413.0
6450.0,89,22257.0,187.03361344537817,1.648673746486332,89,29257.0,0.05704190190293968,89,29257.0
6455.0,88,20954.0,180.63793103448276,1.3857022256660019,88,28528.0,0.05534265492857649,88,28528.0
6460.0,88,20028.0,169.72881355932202,2.090168864916324,88,27565.0,0.059635603629082753,88,27565.0
6465.0,82,19023.0,161.21186440677965,2.086104888639408,82,27921.0,0.08506012397085003,82,27921.0
6470.0,76,18382.0,161.24561403508773,1.9730683904845734,76,28229.0,0.08456800396009137,76,28229.0
6475.0,85,18788.0,159.22033898305085,2.2478759141898,85,28584.0,0.07580908585060325,85,28584.0
6480.0,88,18971.0,160.77118644067798,1.6163126752212702,88,28787.0,0.06023707492685398,88,28787.0
6485.0,89,19015.0,153.34677419354838,1.5737294962153905,89,28841.0,0.05273585440195128,89,28841.0
6490.0,91,19136.0,154.32258064516128,2.0760121779675846,91,28917.0,0.06912285579978655,91,28917.0
6495.0,89,19299.0,155.63709677419354,2.520198721307512,89,29002.0,0.0944994603306758,89,29002.0
6500.0,82,19525.0,164.07563025210084,2.1234594888001928,82,29279.0,0.08524596287647022,82,29279.0
6505.0,83,19906.0,163.1639344262295,2.2938419579656117,83,29576.0,0.09631905581568731,83,29576.0
6510.0,88,20336.0,172.33898305084745,2.2517913539741112,88,29936.0,0.07239865035972781,88,29936.0
6515.0,95,20799.0,179.30172413793105,1.785529825280908,95,30348.0,0.04552365242727216,95,30348.0
6520.0,100,21289.0,188.39823008849558,1.4728907016194794,100,30788.0,0.049452629375927135,100,30788.0
6525.0,96,21437.0,188.0438596491228,1.221871648967066,96,30714.0,0.05101727778837657,96,30714.0
6530.0,90,21361.0,190.72321428571428,1.633246860445259,90,30104.0,0.07530936554663956,90,30104.0
6535.0,83,21324.0,183.82758620689654,2.3273504914773526,83,29076.0,0.07268635720401966,83,29076.0
6540.0,80,21382.0,192.63063063063063,2.656495986887904,80,28317.0,0.09388210602495194,80,28317.0
6545.0,72,21377.0,189.1769911504425,2.5978055840300183,72,28381.0,0.11926686479989726,72,28381.0
6550.0,77,21721.0,195.6846846846847,2.3369414990529376,77,28648.0,0.10517688350592576,77,28648.0
6555.0,81,22113.0,187.39830508474577,2.713337946156129,81,28956.0,0.11195992810121107,81,28956.0
6560.0,87,22189.0,188.04237288135593,1.8339781732498825,87,29105.0,0.06162650300660242,87,29105.0
6565.0,84,22077.0,183.975,1.6083899807354578,84,29159.0,0.08193045667389079,84,29159.0
6570.0,89,22096.0,181.11475409836066,2.0733723324361812,89,29049.0,0.0678271524903319,89,29049.0
6575.0,81,22198.0,181.95081967213116,2.0373534927470818,81,29423.0,0.0930711432191235,81,29423.0
6580.0,84,22584.0,189.78151260504202,2.0209037002844887,84,29736.0,0.09537096157746182,84,29736.0
6585.0,90,23020.0,195.08474576271186,1.9662441398453598,90,30095.0,0.06191883238743909,90,30095.0
6590.0,95,23488.0,197.3781512605042,1.964667788360136,95,30504.0,0.05402129187919979,95,30504.0
6595.0,94,23868.0,205.75862068965517,1.6207805582228423,94,30714.0,0.0566317277225988,94,30714.0
6600.0,88,24173.0,217.77477477477478,1.4651773199428153,88,30717.0,0.056017242270982114,88,30717.0
6605.0,82,24497.0,214.8859649122807,2.3406775322807145,82,30650.0,0.07944629607653532,82,30650.0
6610.0,78,24840.0,221.78571428571428,2.1513252047371876,78,30971.0,0.0901789702510558,78,30971.0
6615.0,83,25243.0,227.4144144144144,2.014460925858312,83,31299.0,0.0795602464645225,83,31299.0
6620.0,89,25675.0,233.4090909090909,1.9279915196466868,89,31669.0,0.04203496548506865,89,31669.0
6625.0,88,25662.0,237.61111111111111,1.8965827615441275,88,31455.0,0.06041220498348512,88,31455.0
6630.0,80,25330.0,243.55769230769232,1.721648240332811,80,30610.0,0.07550941689108777,80,30610.0
6635.0,76,25141.0,241.7403846153846,2.444165947507468,76,29843.0,0.0657197269360229,76,29843.0
6640.0,66,24822.0,236.4,2.519329890761194,66,30107.0,0.11627915995794859,66,30107.0
6645.0,68,24797.0,247.97,2.276718613860151,68,30344.0,0.0989561195931519,68,30344.0
6650.0,73,25153.0,235.07476635514018,2.7563128652313833,73,30630.0,0.101376507478635,73,30630.0
6655.0,79,25537.0,243.2095238095238,1.5705683611213308,79,30944.0,0.06277813410480987,79,30944.0
6660.0,87,25959.0,242.60747663551402,1.156165943948917,87,31296.0,0.039196686368222516,87,31296.0
6665.0,96,26417.0,240.15454545454546,1.0638284847726989,96,31684.0,0.04183731940073517,96,31684.0
6670.0,96,21869.0,198.8090909090909,0.9647550840493603,96,30122.0,0.05461813936995205,96,30122.0
6675.0,89,13977.0,124.79464285714286,1.6804613610061783,89,26594.0,0.07066559745845451,89,26594.0
6680.0,85,8157.0,70.9304347826087,2.180612732870351,85,22097.0,0.07371113729578313,85,22097.0
6685.0,73,4009.0,35.794642857142854,2.1370269364079766,73,21484.0,0.07889246369674544,73,21484.0
6690.0,71,3060.0,27.079646017699115,2.5132822475978354,71,21804.0,0.1092989128764564,71,21804.0
6695.0,79,3446.0,30.495575221238937,2.324006005797026,79,22174.0,0.07811950365706043,79,22174.0
6700.0,87,3868.0,33.3448275862069,1.8828650027439526,87,22577.0,0.06321494736465468,87,22577.0
6705.0,95,4325.0,39.31818181818182,1.044088921474644,95,23016.0,0.03868325283532686,95,23016.0
6710.0,101,4821.0,42.28947368421053,1.2557654251243486,101,23492.0,0.051087234224990404,101,23492.0
6715.0,104,5336.0,47.642857142857146,0.9354488816193618,104,23987.0,0.033991309000608254,104,23987.0
6720.0,104,5856.0,51.823008849557525,0.9258475328102075,104,24487.0,0.04565694766686566,104,24487.0
6725.0,99,6148.0,53.46086956521739,1.1161191642435586,99,23033.0,0.03866545299409638,99,23033.0
6730.0,90,6284.0,53.25423728813559,1.909377414148377,90,19701.0,0.0685187597893517,90,19701.0
6735.0,86,6471.0,55.78448275862069,2.259784658400798,86,15348.0,0.07470283231762317,86,15348.0
6740.0,79,6618.0,56.56410256410256,2.2358974337109214,79,15744.0,0.0925977689206793,79,15744.0
6745.0,83,7024.0,63.27927927927928,1.9944915217411683,83,16141.0,0.0801230900265689,83,16141.0
6750.0,89,7455.0,66.5625,1.9059466279161916,89,16574.0,0.05751709894692061,89,16574.0
6755.0,95,7916.0,73.29629629629629,1.4773921848262916,95,17036.0,0.03822853128284819,95,17036.0
6760.0,96,8396.0,77.74074074074075,1.391120597037086,96,17516.0,0.05010952619433152,96,17516.0
6765.0,96,8876.0,84.53333333333333,1.0678210954270089,96,17996.0,0.03516664125241823,96,17996.0
6770.0,90,8400.0,77.77777777777777,1.3867884514468203,90,18027.0,0.06638997145275663,90,18027.0
6775.0,83,7288.0,68.11214953271028,1.5729566554089458,83,17646.0,0.06809288342824218,83,17646.0
6780.0,77,6470.0,59.907407407407405,2.3786451655664727,77,17004.0,0.08772318344175933,77,17004.0
6785.0,67,6049.0,56.532710280373834,2.282419659918317,67,17343.0,0.10016361053612649,67,17343.0
6790.0,69,6081.0,58.47115384615385,2.458493989917543,69,17654.0,0.11037828165001148,69,17654.0
6795.0,74,6440.0,60.75471698113208,2.4074022637326933,74,18012.0,0.07873729838283894,74,18012.0
6800.0,80,6830.0,65.04761904761905,1.7040706791541993,80,18402.0,0.05064338632184042,80,18402.0
6805.0,88,7254.0,68.43396226415095,1.3319781568835023,88,18826.0,0.04621712186106116,88,18826.0
6810.0,94,7714.0,72.77358490566037,0.9998566746972917,94,19286.0,0.028127507029013107,94,19286.0
6815.0,98,8201.0,76.64485981308411,1.0779832055398106,98,19773.0,0.035025084445850695,98,19773.0
6820.0,92,7613.0,72.5047619047619,1.065136493167137,92,19648.0,0.043117640133722615,92,19648.0
6825.0,83,6299.0,58.86915887850467,1.6747700302684907,83,18879.0,0.06385113492760748,83,18879.0
6830.0,78,5327.0,50.733333333333334,2.158298139394178,78,17694.0,0.06645521991558187,78,17694.0
6835.0,68,4126.0,39.67307692307692,2.1914327453659825,68,18038.0,0.1016981918460827,68,18038.0
6840.0,68,3617.0,35.81188118811881,2.2709591218735885,68,18354.0,0.09211077475836307,68,18354.0
6845.0,74,3975.0,36.80555555555556,2.5558345839691223,74,18710.0,0.09069775602274925,74,18710.0
6850.0,82,4369.0,41.60952380952381,1.6548993210095198,82,19104.0,0.061650697527948696,82,19104.0
6855.0,89,4802.0,44.87850467289719,1.080947655509862,89,19537.0,0.04903304639366816,89,19537.0
6860.0,89,4546.0,42.092592592592595,1.0130008937302235,89,18436.0,0.04293415069104365,89,18436.0
6865.0,85,3841.0,34.6036036036036,1.5809842073802662,85,16198.0,0.06261175701204076,85,16198.0
6870.0,81,3587.0,32.908256880733944,2.168035654234423,81,13674.0,0.08030519070084653,81,13674.0
6875.0,79,3948.0,36.22018348623853,1.9999825678646703,79,14054.0,0.08570127316772973,79,14054.0
6880.0,84,4357.0,41.49523809523809,1.8548173706079059,84,14444.0,0.051420398934445985,84,14444.0
6885.0,88,4790.0,45.61904761904762,1.9235208698894077,88,14877.0,0.043721348181016986,88,14877.0
6890.0,88,5230.0,51.27450980392157,1.6382375048552058,88,15317.0,0.03820063624582115,88,15317.0
6895.0,83,5017.0,50.676767676767675,1.3197768666209364,83,15205.0,0.06551992540233956,83,15205.0
6900.0,75,4355.0,45.364583333333336,1.6849336693760053,75,14557.0,0.07104928156923095,75,14557.0
6905.0,69,3889.0,38.89,2.5954739435319993,69,13481.0,0.08574759592299709,69,13481.0
6910.0,59,3343.0,34.822916666666664,2.4792627581700106,59,13781.0,0.106362727793392,59,13781.0
6915.0,57,3007.0,31.0,2.9248222942232296,57,14035.0,0.142566600280318,57,14035.0
6920.0,62,3309.0,33.765306122448976,2.8979737598871544,62,14329.0,0.1069361556312311,62,14329.0
6925.0,71,3647.0,35.407766990291265,2.3837772721251818,71,14667.0,0.08068929691127157,71,14667.0
6930.0,76,4017.0,40.57575757575758,1.5377141124599705,76,15039.0,0.04977999740147237,76,15039.0
6935.0,84,4423.0,43.79207920792079,1.4015575069547417,84,15446.0,0.056668086263347094,84,15446.0
6940.0,89,4863.0,49.62244897959184,1.072564879495084,89,15887.0,0.03897888782933702,89,15887.0
6945.0,84,5110.0,51.1,1.3803512081616587,84,15827.0,0.054923856106563924,84,15827.0
6950.0,77,5219.0,53.255102040816325,1.6848221175017937,77,15076.0,0.06586989147635233,77,15076.0
6955.0,70,5373.0,53.73,2.651335878465326,70,14429.0,0.08852457729464841,70,14429.0
6960.0,60,5405.0,55.1530612244898,2.5171819194477694,60,14730.0,0.10671012053635458,60,14730.0
6965.0,60,5599.0,58.93684210526316,2.582141908879947,60,14998.0,0.11077898729200597,60,14998.0
6970.0,66,5918.0,60.38775510204081,2.7516227903934554,66,15313.0,0.09271019236761603,66,15313.0
6975.0,74,6269.0,62.69,2.2536429174538593,74,15664.0,0.09090709442080971,74,15664.0
6980.0,80,6647.0,68.52577319587628,1.3198313364073768,80,16046.0,0.046208276380159966,80,16046.0
6985.0,86,7059.0,70.59,1.3851054062339458,86,16462.0,0.05142085389644393,86,16462.0
6990.0,90,7504.0,75.04,1.25626716642773,90,16907.0,0.05555294954835804,90,16907.0
6995.0,91,7956.0,79.56,1.0552864219293099,91,17359.0,0.040409272188444895,91,17359.0
7000.0,92,8415.0,84.15,0.9696195708694969,92,17818.0,0.03572537868949621,92,17818.0
7005.0,92,8875.0,88.75,0.9888286599756161,92,18278.0,0.03704233216596074,92,18278.0
7010.0,87,9040.0,88.62745098039215,0.9365462723833983,87,18268.0,0.0439655672267032,87,18268.0
7015.0,80,9006.0,90.06,1.5972144095257363,80,17802.0,0.058252228978778825,80,17802.0
7020.0,73,9004.0,86.57692307692308,2.4926316339379415,73,17312.0,0.08668048480442245,73,17312.0
7025.0,63,8959.0,89.59,2.278129703206988,63,17625.0,0.10032517768071146,63,17625.0
7030.0,62,9053.0,91.44444444444444,2.7758749974757353,62,17889.0,0.12201761236274186,62,17889.0
7035.0,68,9379.0,94.73737373737374,2.6077806683061375,68,18210.0,0.07973502037271966,68,18210.0
7040.0,75,9736.0,93.61538461538461,2.3353197887023,75,18568.0,0.06599467343831163,75,18568.0
7045.0,82,10129.0,101.29,1.3281169955726901,82,18962.0,0.043480094123568055,82,18962.0
7050.0,88,10558.0,105.58,1.0141757415796975,88,19391.0,0.04739115391843582,88,19391.0
7055.0,92,11015.0,110.15,1.0486504028421015,92,19848.0,0.04067584292150599,92,19848.0
7060.0,87,11266.0,107.29523809523809,1.3095426147282052,87,19888.0,0.0662455152090698,87,19888.0
7065.0,81,11388.0,111.6470588235294,1.4586801367169244,81,19902.0,0.06370582376820179,81,19902.0
7070.0,75,11551.0,108.97169811320755,2.2662532718588246,75,19704.0,0.07668441560776076,75,19704.0
7075.0,68,11642.0,113.02912621359224,2.821859556985915,68,19732.0,0.1123147798620932,68,19732.0
7080.0,62,11772.0,115.41176470588235,2.697633015571721,62,19950.0,0.12709137444313642,62,19950.0
7085.0,63,12060.0,120.6,2.748668487945582,63,20201.0,0.1203008112261462,63,20201.0
7090.0,70,12396.0,118.05714285714286,2.889414336371416,70,20522.0,0.11583162791318487,70,20522.0
7095.0,76,12761.0,122.70192307692308,2.164700541077499,76,20887.0,0.06752623104567419,76,20887.0
7100.0,82,13158.0,127.74757281553399,1.7882208426633608,82,21284.0,0.06115935271834896,82,21284.0
7105.0,88,13585.0,137.22222222222223,1.177032184111428,88,21711.0,0.05096574654776017,88,21711.0
7110.0,90,14030.0,136.2135922330097,1.4977281318789415,90,22156.0,0.06621236633556864,90,22156.0
7115.0,91,14485.0,144.85,1.1672755183406374,91,22611.0,0.0396679256936137,91,22611.0
7120.0,93,14942.0,143.67307692307693,1.311371034568051,93,23068.0,0.0448460488793619,93,23068.0
7125.0,87,15139.0,146.98058252427185,1.4462546314204996,87,23298.0,0.04654499525875065,87,23298.0
7130.0,77,15150.0,145.67307692307693,2.2372835558191677,77,23263.0,0.09739309087955449,77,23263.0
7135.0,72,15224.0,146.3846153846154,2.5579402619675404,72,23107.0,0.08859161926459666,72,23107.0
7140.0,65,15202.0,147.59223300970874,2.28999342352475,65,23437.0,0.09631706387030119,65,23437.0
7145.0,65,15435.0,154.35,2.5245840241345956,65,23751.0,0.10979595779979034,65,23751.0
7150.0,71,15782.0,156.25742574257427,2.340770773762221,71,24098.0,0.08306822735261886,71,24098.0
7155.0,74,16071.0,159.11881188118812,1.77320500729021,74,24307.0,0.06815905940836166,74,24307.0
7160.0,72,16339.0,168.44329896907217,1.8050515395492017,72,24290.0,0.05646390030012661,72,24290.0
7165.0,70,16634.0,164.69306930693068,2.5709734829718958,70,24359.0,0.09382869777520625,70,24359.0
7170.0,60,16861.0,173.82474226804123,2.3133299234782427,60,24657.0,0.1015491480119902,60,24657.0
7175.0,66,17179.0,180.83157894736843,2.430789944575509,66,24955.0,0.11430902950743556,66,24955.0
7180.0,72,17525.0,184.47368421052633,2.1956796745681655,72,25301.0,0.07119954908297572,72,25301.0
7185.0,78,17902.0,188.44210526315788,1.8002008832086718,78,25678.0,0.04083063043952517,78,25678.0
7190.0,81,18303.0,198.94565217391303,1.5059444097081829,81,26079.0,0.061980399341990414,81,26079.0
7195.0,81,18708.0,203.34782608695653,1.3795476765229742,81,26484.0,0.0446550608096531,81,26484.0
7200.0,77,16933.0,186.07692307692307,1.2799066779217934,77,25670.0,0.04242431842253194,77,25670.0
7205.0,69,13693.0,144.13684210526316,1.9510489903277843,69,23607.0,0.09307503974810595,69,23607.0
7210.0,67,11168.0,117.5578947368421,2.6423844758220225,67,20331.0,0.08805223869045241,67,20331.0
7215.0,56,8231.0,84.85567010309278,2.7640756141186613,56,20612.0,0.1298662968835179,56,20612.0
7220.0,59,6744.0,74.10989010989012,2.58480850863616,59,20878.0,0.11479254227105835,59,20878.0
7225.0,65,7056.0,71.27272727272727,3.0046685842934813,65,21190.0,0.10297323386409202,65,21190.0
7230.0,71,7398.0,76.26804123711341,1.6303366494140665,71,21532.0,0.06180389019116197,71,21532.0
7235.0,81,7788.0,79.46938775510205,1.2734990084241586,81,21923.0,0.04536448436369748,81,21923.0
7240.0,87,8210.0,81.2871287128713,1.1151073563649012,87,22346.0,0.042985807030506945,87,22346.0
7245.0,93,8665.0,85.79207920792079,0.98193237911925,93,22802.0,0.05357219573970804,93,22802.0
7250.0,88,8922.0,86.62135922330097,1.226176417404441,88,21989.0,0.054762528835062246,88,21989.0
7255.0,80,9040.0,85.28301886792453,1.7427059943744898,80,19603.0,0.06204812863414232,80,19603.0
7260.0,75,9182.0,88.28846153846153,2.38766127335773,75,17207.0,0.07807785379889515,75,17207.0
7265.0,66,9278.0,88.36190476190477,2.2874676578526967,66,17536.0,0.10381871129216032,66,17536.0
7270.0,65,9472.0,93.78217821782178,2.566004266647345,65,17837.0,0.1117481728384279,65,17837.0
7275.0,73,9817.0,90.06422018348624,2.6774842292421046,73,18182.0,0.11255183135538264,73,18182.0
7280.0,75,9543.0,87.55045871559633,1.8587116092954592,75,18247.0,0.06371611269702337,75,18247.0
7285.0,75,8974.0,81.58181818181818,1.9415558442153587,75,18021.0,0.07581673906896694,75,18021.0
7290.0,77,8434.0,77.37614678899082,2.3227990855370697,77,17538.0,0.07563028428887159,77,17538.0
7295.0,70,8176.0,74.32727272727273,2.475035978799679,70,17888.0,0.11069489110548639,70,17888.0
7300.0,70,8289.0,79.70192307692308,2.453223657288572,70,18216.0,0.10887445996726325,70,18216.0
7305.0,76,8657.0,80.90654205607477,2.4276997564883698,76,18584.0,0.08142773886655234,76,18584.0
7310.0,77,8970.0,83.83177570093459,1.937487712129582,77,18690.0,0.07278240218771652,77,18690.0
7315.0,76,9253.0,88.97115384615384,1.9481196191624242,76,18580.0,0.07538443239557029,76,18580.0
7320.0,75,9564.0,91.96153846153847,2.4354695474654564,75,18283.0,0.08322581428195243,75,18283.0
7325.0,67,9820.0,94.42307692307692,2.285753167713112,67,18618.0,0.09690578176571657,67,18618.0
7330.0,70,10155.0,99.55882352941177,2.5267432226045288,70,18947.0,0.1087492584118407,70,18947.0
7335.0,76,10522.0,103.15686274509804,2.2722443978007374,76,19314.0,0.07896353721099778,76,19314.0
7340.0,83,10923.0,110.33333333333333,1.6009710913541566,83,19715.0,0.042173947564209086,83,19715.0
7345.0,86,11346.0,113.46,1.6963834314607404,86,20138.0,0.08083019268447315,86,20138.0
7350.0,87,11781.0,117.81,1.206024031553242,87,20573.0,0.04261180606628925,87,20573.0
7355.0,85,12047.0,121.68686868686869,1.21833980183845,85,20756.0,0.04537390051388012,85,20756.0
7360.0,78,12219.0,120.98019801980197,1.6882537037860736,78,20710.0,0.07496824636278103,78,20710.0
7365.0,73,12387.0,122.64356435643565,2.3220940611391403,73,20592.0,0.07395570726988593,73,20592.0
7370.0,65,12638.0,122.69902912621359,2.525857370031861,65,20916.0,0.11948138944366571,65,20916.0
7375.0,71,12983.0,132.4795918367347,2.045013442588674,71,21248.0,0.08064567324602033,71,21248.0
7380.0,78,13359.0,134.93939393939394,2.063413769521301,78,21624.0,0.0549251759270274,78,21624.0
7385.0,83,13766.0,141.91752577319588,1.7960599663348202,83,22031.0,0.06164334600404199,83,22031.0
7390.0,79,13443.0,140.03125,1.1913964472501177,79,21081.0,0.055427813776246095,79,21081.0
7395.0,74,12754.0,134.25263157894736,1.89909172377167,74,19439.0,0.09062750675878174,74,19439.0
7400.0,66,11924.0,120.44444444444444,2.5938965165060788,66,16776.0,0.0845537522454465,66,16776.0
7405.0,58,11261.0,118.53684210526316,2.4830645910238984,58,17070.0,0.1268326105140356,58,17070.0
7410.0,55,10950.0,112.88659793814433,2.7867837907635824,55,17315.0,0.1274128258917379,55,17315.0
7415.0,65,11260.0,117.29166666666667,2.617705712101474,65,17616.0,0.08410592488087477,65,17616.0
7420.0,64,11306.0,106.66037735849056,2.4212153083119254,64,17726.0,0.09788718030293675,64,17726.0
7425.0,70,11200.0,110.89108910891089,1.8519426159625485,70,17749.0,0.06818926490139407,70,17749.0
7430.0,72,11274.0,105.3644859813084,2.5057261743266688,72,17741.0,0.09954602683891524,72,17741.0
7435.0,69,11539.0,112.02912621359224,2.1680558241083507,69,18006.0,0.09867157086601547,69,18006.0
7440.0,73,11880.0,114.23076923076923,2.203147197885956,73,18323.0,0.08101249807339052,73,18323.0
7445.0,79,12261.0,120.20588235294117,2.406534565946025,79,18695.0,0.07188858207312204,79,18695.0
7450.0,83,12671.0,125.45544554455445,2.0327580535544074,83,19105.0,0.060834760092763236,83,19105.0
7455.0,85,13096.0,132.2828282828283,1.748309219562592,85,19530.0,0.06204091740515109,85,19530.0
7460.0,85,13521.0,136.57575757575756,1.518853836124446,85,19955.0,0.060817027939828475,85,19955.0
7465.0,81,13784.0,140.6530612244898,1.5278408610164096,81,20199.0,0.06978129348196603,81,20199.0
7470.0,72,13924.0,139.24,2.3325741131032136,72,20276.0,0.10425181496407929,72,20276.0
7475.0,71,14191.0,144.80612244897958,2.6776917230999926,71,20289.0,0.08204374072322135,71,20289.0
7480.0,68,14501.0,143.5742574257426,2.6288470196825102,68,20617.0,0.1154927593074301,68,20617.0
7485.0,73,14852.0,156.33684210526314,2.1467278092298923,73,20946.0,0.07160486661502957,73,20946.0
7490.0,78,15229.0,155.39795918367346,2.5684964229073253,78,21313.0,0.08718410218993387,78,21313.0
7495.0,81,15627.0,164.49473684210525,1.834330547687041,81,21701.0,0.05483313763718855,81,21701.0
7500.0,77,15922.0,173.06521739130434,1.514560013982276,77,21978.0,0.0693430267140946,77,21978.0
7505.0,70,16176.0,173.93548387096774,2.0734103422759973,70,22132.0,0.09496909194238613,70,22132.0
7510.0,72,16534.0,174.0421052631579,2.573846968265884,72,22385.0,0.08336352890706195,72,22385.0
7515.0,76,16906.0,177.9578947368421,2.430873393733192,76,22725.0,0.06875546764260816,76,22725.0
7520.0,76,17286.0,192.06666666666666,1.6202109752406961,76,23095.0,0.045537213573747716,76,23095.0
7525.0,75,13775.0,151.37362637362637,1.5028582137987012,75,21552.0,0.07047260502975473,75,21552.0
7530.0,66,7971.0,90.57954545454545,1.6942933228298578,66,17951.0,0.06149406515261046,66,17951.0
7535.0,62,5413.0,58.83695652173913,2.838205972656724,62,14685.0,0.10126231181427973,62,14685.0
7540.0,57,4832.0,53.68888888888889,2.3783497404342886,57,14907.0,0.0939174538723101,57,14907.0
7545.0,55,4928.0,54.75555555555555,2.7305262631150597,55,15061.0,0.12191933169106332,55,15061.0
7550.0,55,5174.0,58.79545454545455,2.625815991225359,55,15215.0,0.08284538286088139,55,15215.0
7555.0,62,5479.0,62.26136363636363,3.5137793122714354,62,15448.0,0.13286044602499772,62,15448.0
7560.0,63,5790.0,68.92857142857143,3.1506891342540615,63,15745.0,0.06810609057517934,63,15745.0
7565.0,64,6108.0,72.71428571428571,3.0830193416982494,64,16063.0,0.10246742175548246,64,16063.0
7570.0,65,6429.0,81.37974683544304,1.8912193268912791,65,16384.0,0.0579991295901007,65,16384.0
7575.0,68,6766.0,84.575,1.8290731146021932,68,16721.0,0.07214981815025487,68,16721.0
7580.0,68,7106.0,91.1025641025641,1.5605424279422007,68,17061.0,0.07224864181312089,68,17061.0
7585.0,63,7163.0,86.3012048192771,1.7597429092253345,63,17277.0,0.08986810623961422,63,17277.0
7590.0,62,7389.0,92.3625,2.2049623431630034,62,17429.0,0.10086038397175527,62,17429.0
7595.0,64,7702.0,91.69047619047619,2.5893602908062423,64,17657.0,0.06721073159178036,64,17657.0
7600.0,62,7966.0,97.14634146341463,2.278213780661014,62,17952.0,0.08383182270268555,62,17952.0
7605.0,60,8258.0,101.95061728395062,2.635175749945108,60,18221.0,0.11570908210782654,60,18221.0
7610.0,60,8558.0,106.975,2.8408743641801983,60,18513.0,0.08557671140214698,60,18513.0
7615.0,62,8866.0,110.825,2.8093960615343905,62,18821.0,0.09212378713550873,62,18821.0
7620.0,62,9176.0,122.34666666666666,2.1013077174390307,62,19131.0,0.07428164725117618,62,19131.0
7625.0,58,9405.0,123.75,1.7741070676310613,58,19387.0,0.09537730827893588,58,19387.0
7630.0,62,9706.0,129.41333333333333,2.075382764303478,62,19661.0,0.07936343326694424,62,19661.0
7635.0,64,10019.0,122.1829268292683,2.445311219639318,64,19974.0,0.10182790731707693,64,19974.0
7640.0,66,10347.0,130.9746835443038,1.6899514072702264,66,20302.0,0.07913923480927347,66,20302.0
7645.0,63,10592.0,130.76543209876544,1.5039131527266805,63,20598.0,0.09090420994232717,63,20598.0
7650.0,62,10882.0,136.025,2.180713637920685,62,20857.0,0.10019029743015492,62,20857.0
7655.0,62,11192.0,133.23809523809524,3.1771740919229963,62,21147.0,0.10421109440641524,62,21147.0
7660.0,62,11475.0,141.66666666666666,2.3216135999223577,62,21432.0,0.08396467949903605,62,21432.0
7665.0,64,11794.0,151.2051282051282,2.01139912913235,64,21749.0,0.07897802673574549,64,21749.0
7670.0,68,12125.0,151.5625,1.9851491472069693,68,22080.0,0.0731953732165522,68,22080.0
7675.0,68,12465.0,157.78481012658227,1.2833065025525596,68,22420.0,0.06274309466707792,68,22420.0
7680.0,66,11172.0,143.23076923076923,1.0416275331877274,66,21215.0,0.06825669150292059,66,21215.0
7685.0,58,8781.0,107.08536585365853,2.1132219033059028,58,19024.0,0.08435673836691963,58,19024.0
7690.0,54,6922.0,83.39759036144578,3.226655652196581,54,17653.0,0.1358989884825858,54,17653.0
7695.0,42,4304.0,52.48780487804878,2.8920344659397106,42,17408.0,0.13922319276819253,42,17408.0
7700.0,37,3257.0,40.20987654320987,3.6410646386631327,37,17482.0,0.17900145775515736,37,17482.0
7705.0,39,3422.0,40.258823529411764,3.735844400466458,39,17537.0,0.1604272903240948,39,17537.0
7710.0,48,3647.0,41.44318181818182,3.7238168346584475,48,17714.0,0.17663205533306825,48,17714.0
7715.0,57,3911.0,44.95402298850575,2.8376318772075804,57,17955.0,0.08168074153346204,57,17955.0
7720.0,65,4218.0,46.86666666666667,2.8553616706667584,65,18263.0,0.09516370656006543,65,18263.0
7725.0,70,4559.0,54.273809523809526,2.0297669073351265,70,18605.0,0.06537191352224404,70,18605.0
7730.0,67,4707.0,54.73255813953488,1.879313979468843,67,18083.0,0.08314334944425315,67,18083.0
7735.0,59,4725.0,57.6219512195122,2.137617314172951,59,16732.0,0.097521546276295,59,16732.0
7740.0,53,4757.0,55.96470588235294,3.054331839335338,53,14531.0,0.11996926870028904,53,14531.0
7745.0,45,4775.0,58.23170731707317,2.9717665842840786,45,14753.0,0.14939405476387227,45,14753.0
7750.0,45,4838.0,57.595238095238095,3.3577971887021585,45,14942.0,0.14180533750259328,45,14942.0
7755.0,51,5082.0,59.78823529411765,3.2386099226723517,51,15181.0,0.12617862292237236,51,15181.0
7760.0,59,5361.0,62.33720930232558,2.483936113561244,59,15460.0,0.08414704582618415,59,15460.0
7765.0,66,5679.0,66.03488372093024,1.7497923892004137,66,15778.0,0.07964259184071122,66,15778.0
7770.0,74,6029.0,68.51136363636364,1.295440348545695,74,16129.0,0.05235508213404535,74,16129.0
7775.0,80,6416.0,72.9090909090909,1.1005517486469032,80,16517.0,0.04025585281476239,80,16517.0
7780.0,75,6302.0,67.04255319148936,1.7468996417563292,75,16715.0,0.1049812290793166,75,16715.0
7785.0,69,6229.0,67.70652173913044,1.7546242226147426,69,16691.0,0.06950041657606544,69,16691.0
7790.0,70,6545.0,66.78571428571429,2.736645449560833,70,16782.0,0.10705722921342593,70,16782.0
7795.0,68,6845.0,71.30208333333333,2.2165677353022217,68,17110.0,0.08206648329768022,68,17110.0
7800.0,72,7183.0,76.41489361702128,2.0279521030624643,72,17429.0,0.06758083279599449,72,17429.0
7805.0,74,7553.0,81.21505376344086,2.555127953292126,74,17790.0,0.06832620598472902,74,17790.0
7810.0,68,7533.0,81.0,2.0557858266559283,68,17315.0,0.06504844530278453,68,17315.0
7815.0,64,7264.0,83.49425287356321,2.183860608993437,64,15859.0,0.09299318092294966,64,15859.0
7820.0,56,7097.0,78.85555555555555,3.33936587049472,56,14391.0,0.13414345237796976,56,14391.0
7825.0,48,6807.0,77.35227272727273,3.1216728503922524,48,14624.0,0.14165190394484123,48,14624.0
7830.0,48,6762.0,77.72413793103448,3.292405749861405,48,14829.0,0.15590137445144236,48,14829.0
7835.0,55,7019.0,80.67816091954023,3.05815352908013,55,15086.0,0.09493206988074722,55,15086.0
7840.0,63,7316.0,78.66666666666667,2.7973373943987663,63,15385.0,0.11314092100766769,63,15385.0
7845.0,70,7647.0,85.92134831460675,1.5117048018642476,70,15717.0,0.05538862528672673,70,15717.0
7850.0,77,8015.0,85.26595744680851,1.724061766936656,77,16086.0,0.0963092739937223,77,16086.0
7855.0,82,8418.0,89.55319148936171,1.178357058877538,82,16490.0,0.04768481709781592,82,16490.0
7860.0,86,8843.0,92.11458333333333,1.3045878810277676,86,16915.0,0.060434599274992264,86,16915.0
7865.0,86,9273.0,96.59375,1.2400567745355582,86,17345.0,0.05386883876804875,86,17345.0
7870.0,82,9261.0,94.5,1.4987909690549177,82,17557.0,0.06713412189257775,82,17557.0
7875.0,74,9056.0,92.40816326530613,1.9986381917018388,74,17580.0,0.0936586818212875,74,17580.0
7880.0,70,9296.0,94.85714285714286,2.24561550636086,70,17529.0,0.05792078632002307,70,17529.0
7885.0,74,9658.0,96.58,3.0407085877850557,74,17681.0,0.11852407349649016,74,17681.0
7890.0,68,9949.0,103.63541666666667,2.253095085041977,68,17983.0,0.07207852435094066,68,17983.0
7895.0,72,10283.0,109.3936170212766,2.252523526238557,72,18291.0,0.07969444717232123,72,18291.0
7900.0,74,10650.0,115.76086956521739,2.480923647713513,74,18643.0,0.06912785991642342,74,18643.0
7905.0,70,10549.0,115.92307692307692,1.9143256551747896,70,18413.0,0.0618896672975539,70,18413.0
7910.0,64,10138.0,113.91011235955057,2.3891031543105163,64,18108.0,0.09455072993868904,64,18108.0
7915.0,57,9855.0,109.5,3.2441548903483897,57,17462.0,0.11923222729726035,57,17462.0
7920.0,49,9489.0,112.96428571428571,2.381532680537341,49,17698.0,0.10276049519498075,49,17698.0
7925.0,48,9293.0,106.816091954023,3.135276064125646,48,17890.0,0.16844430390448561,48,17890.0
7930.0,57,9556.0,106.17777777777778,2.874219466402131,57,18135.0,0.09810868331132623,57,18135.0
7935.0,64,9863.0,102.73958333333333,2.7119915108498347,64,18432.0,0.08557598394980047,64,18432.0
7940.0,70,10201.0,110.8804347826087,1.5718168637097794,70,18760.0,0.05508049876361539,70,18760.0
7945.0,80,10582.0,109.09278350515464,1.732540746191791,80,19131.0,0.06117761963207922,80,19131.0
7950.0,84,10993.0,116.94680851063829,1.3603210328183368,84,19533.0,0.058211909759689554,84,19533.0
7955.0,80,11036.0,114.95833333333333,1.2565205772655612,80,19771.0,0.056141596499242455,80,19771.0
7960.0,73,11033.0,114.92708333333333,1.9379155078849728,73,19878.0,0.08350209177143955,73,19878.0
7965.0,72,11377.0,114.91919191919192,2.7538042289550946,72,19934.0,0.09867705204249641,72,19934.0
7970.0,71,11697.0,120.58762886597938,2.301320121681312,71,20259.0,0.09310649186660304,71,20259.0
7975.0,76,12055.0,125.57291666666667,2.1649143256412042,76,20595.0,0.09126879950257456,76,20595.0
7980.0,78,12438.0,133.74193548387098,2.0071056622021946,78,20965.0,0.046035214919341316,78,20965.0
7985.0,72,12444.0,129.625,2.0750606975047616,72,20895.0,0.07852559946984478,72,20895.0
7990.0,67,12190.0,135.44444444444446,1.936585925724604,67,20464.0,0.07293151260754953,67,20464.0
7995.0,60,11990.0,124.89583333333333,3.1701431654540015,60,19639.0,0.12898888879178574,60,19639.0
8000.0,52,11721.0,130.23333333333332,2.5123311026519946,52,19877.0,0.12316694733400968,52,19877.0
8005.0,53,11752.0,127.73913043478261,2.9977624926886106,53,20082.0,0.15792958873645271,53,20082.0
8010.0,59,12036.0,129.41935483870967,2.974317688917641,59,20342.0,0.11117331597878355,59,20342.0
8015.0,67,12353.0,127.35051546391753,2.3490659348562346,67,20639.0,0.09542449695750527,67,20639.0
8020.0,74,12706.0,132.35416666666666,1.6199664639492095,74,20974.0,0.06878047724895196,74,20974.0
8025.0,81,13093.0,133.60204081632654,1.3130528603691924,81,21342.0,0.06079520179339198,81,21342.0
8030.0,88,13523.0,137.98979591836735,1.3347289975600003,88,21752.0,0.058439270734919224,88,21752.0
8035.0,88,13963.0,139.63,1.3227228893368326,88,22172.0,0.044243350476350446,88,22172.0
8040.0,86,14001.0,141.42424242424244,1.0331236343197683,86,22397.0,0.040878987116768774,86,22397.0
8045.0,76,13901.0,136.2843137254902,2.228161571085366,76,22466.0,0.09619365986166012,76,22466.0
8050.0,75,14208.0,139.2941176470588,2.466176610148506,75,22453.0,0.0773618670140539,75,22453.0
8055.0,76,14588.0,143.01960784313727,2.6520646185755448,76,22674.0,0.10694188662872114,76,22674.0
8060.0,74,14896.0,148.96,2.134087836565571,74,22959.0,0.07631168902116435,74,22959.0
8065.0,74,15245.0,155.5612244897959,2.320304040266724,74,23260.0,0.07654298210962582,74,23260.0
8070.0,77,15626.0,161.09278350515464,2.392128873541515,77,23601.0,0.08376714643529244,77,23601.0
8075.0,73,15570.0,167.41935483870967,1.9165042051708219,73,23431.0,0.06369370118056929,73,23431.0
8080.0,67,15221.0,161.9255319148936,2.436613365770512,67,22742.0,0.09550282346802456,67,22742.0
8085.0,61,15008.0,164.92307692307693,2.82364825471436,61,22244.0,0.10776586694894137,61,22244.0
8090.0,53,14654.0,159.2826086956522,3.0193613744807255,53,22082.0,0.14385962835820376,53,22082.0
8095.0,52,14577.0,165.64772727272728,3.0850527708171995,52,22279.0,0.14011565717311528,52,22279.0
8100.0,60,14853.0,161.44565217391303,2.807829005981857,60,22520.0,0.09759334647605153,60,22520.0
8105.0,65,15164.0,163.05376344086022,2.5189279924433032,65,22803.0,0.09413487444442979,65,22803.0
8110.0,71,15505.0,161.51041666666666,1.8184560608066562,71,23115.0,0.06577969590107348,71,23115.0
8115.0,74,15583.0,162.32291666666666,1.6008165841144448,74,23340.0,0.06909021090674204,74,23340.0
8120.0,73,15760.0,162.4742268041237,1.8385295876143994,73,23477.0,0.07663432976055495,73,23477.0
8125.0,76,16137.0,164.66326530612244,2.6297759670507714,76,23671.0,0.09683682247765567,76,23671.0
8130.0,73,16480.0,168.16326530612244,1.9560545340964008,73,23979.0,0.06893771666902931,73,23979.0
8135.0,76,16857.0,179.32978723404256,2.1086910701779886,76,24312.0,0.06374415684599972,76,24312.0
8140.0,78,17241.0,175.92857142857142,2.4898717315864056,78,24660.0,0.07365493915144468,78,24660.0
8145.0,80,17636.0,187.61702127659575,1.9678077807470213,80,25015.0,0.06322599048911043,80,25015.0
8150.0,81,18038.0,193.95698924731184,1.4989632492664937,81,25377.0,0.06802900851114115,81,25377.0
8155.0,76,18063.0,196.33695652173913,1.6260182231778453,76,25290.0,0.06883266341781145,76,25290.0
8160.0,67,17823.0,185.65625,2.2998195491850417,67,24863.0,0.08265330979777152,67,24863.0
8165.0,64,17702.0,188.31914893617022,3.016348127689301,64,24063.0,0.11147774268068446,64,24063.0
8170.0,52,17463.0,183.82105263157894,2.7842437840471903,52,24294.0,0.11697515823959151,52,24294.0
8175.0,54,17456.0,193.95555555555555,2.8558914695045714,54,24508.0,0.1443194219255928,54,24508.0
8180.0,60,17747.0,184.86458333333334,2.9348325094479635,60,24759.0,0.13649805157593714,60,24759.0
8185.0,70,18080.0,186.39175257731958,2.0886179325433702,70,25052.0,0.09148756138611272,70,25052.0
8190.0,71,18107.0,182.8989898989899,1.7141527173521116,71,25239.0,0.0965140891988517,71,25239.0
8195.0,72,18246.0,186.18367346938774,1.5894981256297172,72,25335.0,0.06802342459815504,72,25335.0
8200.0,78,18625.0,179.08653846153845,2.541421986313419,78,25488.0,0.09611746507567974,78,25488.0
8205.0,79,18972.0,187.84158415841586,1.921073112929,79,25821.0,0.06757260418994836,79,25821.0
8210.0,79,19359.0,193.59,2.1738769973666017,79,26142.0,0.07884488959066542,79,26142.0
8215.0,80,19759.0,197.59,2.3425033516354468,80,26488.0,0.06245323063310748,80,26488.0
8220.0,77,20085.0,207.06185567010309,1.9301326861925747,77,26788.0,0.06847411949210783,77,26788.0
8225.0,78,20467.0,213.19791666666666,1.9952812560672601,78,27074.0,0.07824164565643149,78,27074.0
8230.0,80,20866.0,217.35416666666666,1.723726819501204,80,27422.0,0.05629548508217208,80,27422.0
8235.0,84,21280.0,219.38144329896906,1.667577187788807,84,27786.0,0.05880183369850149,84,27786.0
8240.0,84,21700.0,235.8695652173913,0.7809911930097254,84,28156.0,0.03566726097877281,84,28156.0
8245.0,81,21689.0,223.5979381443299,1.2805059009912994,81,28075.0,0.07121439873585075,81,28075.0
8250.0,73,21383.0,222.73958333333334,1.6794007271843892,73,27632.0,0.06129198749025494,73,27632.0
8255.0,69,21193.0,214.07070707070707,2.8402576801267463,69,26800.0,0.09802159564778093,69,26800.0
8260.0,59,20797.0,216.63541666666666,2.2609500689330324,59,26999.0,0.09596641510475552,59,26999.0
8265.0,52,20508.0,213.625,2.9360353059777626,52,27076.0,0.13498704898552208,52,27076.0
8270.0,55,20752.0,209.6161616161616,2.9796544064005963,55,27185.0,0.11164580296655345,55,27185.0
8275.0,63,21050.0,208.41584158415841,3.1596682643246186,63,27385.0,0.1357502266573075,63,27385.0
8280.0,72,21387.0,218.23469387755102,2.2753922116026897,72,27654.0,0.05714897841185379,72,27654.0
8285.0,79,21767.0,211.33009708737865,2.454051319595411,79,27975.0,0.07118254236850323,79,27975.0
8290.0,83,22180.0,233.47368421052633,1.52008172943512,83,28328.0,0.05367840567626994,83,28328.0
8295.0,85,22600.0,235.41666666666666,1.4225874025824783,85,28688.0,0.0695124104405464,85,28688.0
8300.0,79,18465.0,194.3684210526316,1.5677453847007796,79,27066.0,0.07081578959254718,79,27066.0
8305.0,72,11286.0,114.0,2.0441161555443217,72,23457.0,0.09050353152611197,72,23457.0
8310.0,67,6124.0,63.134020618556704,2.7236520218063323,67,17904.0,0.10701019875470907,67,17904.0
8315.0,55,2784.0,28.408163265306122,2.674161922180662,55,18188.0,0.11752644386663226,55,18188.0
8320.0,58,2266.0,24.106382978723403,2.9578427188405048,58,18457.0,0.14226190598989633,58,18457.0
8325.0,64,2576.0,26.556701030927837,2.737253670837451,64,18767.0,0.0953950938483068,64,18767.0
8330.0,73,2924.0,30.778947368421054,2.052849701436977,73,19115.0,0.06928482200854144,73,19115.0
8335.0,80,3311.0,35.60215053763441,1.612000320535098,80,19502.0,0.054770692468577756,80,19502.0
8340.0,83,3721.0,40.89010989010989,1.2478845701420762,83,19912.0,0.04464915657085954,83,19912.0
8345.0,77,3629.0,39.02150537634409,1.2504318986039922,77,19834.0,0.08338528132655205,77,19834.0
8350.0,72,3206.0,34.473118279569896,1.8282022840336714,72,19375.0,0.08029933063351712,72,19375.0
8355.0,66,2930.0,29.00990099009901,3.0466345556160253,66,18493.0,0.12713256567695083,66,18493.0
8360.0,58,2427.0,25.02061855670103,2.532730009297344,58,18771.0,0.11038839500473477,58,18771.0
8365.0,59,2397.0,24.96875,2.8627509427581344,59,19006.0,0.14693927712335839,59,19006.0
8370.0,67,2714.0,27.414141414141415,2.526499373847686,67,19309.0,0.07719132018544438,67,19309.0
8375.0,75,3069.0,30.08823529411765,2.2024952054071214,75,19654.0,0.09266104332999923,75,19654.0
8380.0,77,3345.0,32.794117647058826,1.652729678724488,77,19591.0,0.07092321622969147,77,19591.0
8385.0,75,3568.0,34.640776699029125,1.6973840228247614,75,19322.0,0.06016188216587824,75,19322.0
8390.0,75,3843.0,36.6,2.739992003025785,75,18740.0,0.10286276740982218,75,18740.0
8395.0,63,4031.0,39.13592233009709,2.2732990315310797,63,19040.0,0.08963679666848472,63,19040.0
8400.0,65,4282.0,43.25252525252525,2.3685709451817254,65,19317.0,0.10623810861143136,65,19317.0
8405.0,71,4621.0,44.00952380952381,2.677230699881263,71,19646.0,0.09990536342390834,71,19646.0
8410.0,79,5004.0,48.58252427184466,1.8120168597046322,79,20019.0,0.0579015270266701,79,20019.0
8415.0,85,5413.0,50.58878504672897,1.4684418259194358,85,20418.0,0.06576276772689675,85,20418.0
8420.0,95,5866.0,54.822429906542055,0.9252667491418463,95,20861.0,0.03511351005490538,95,20861.0
8425.0,99,6357.0,57.79090909090909,1.1917197066611576,99,21338.0,0.06692820504928476,99,21338.0
8430.0,102,6855.0,61.75675675675676,0.9004480037391293,102,21816.0,0.04173745020419942,102,21816.0
8435.0,97,6342.0,57.13513513513514,0.9758771240655508,97,21939.0,0.03394577357416265,97,21939.0
8440.0,90,5526.0,47.63793103448276,1.661658410381936,90,21723.0,0.05921351968561191,90,21723.0
8445.0,85,5310.0,46.991150442477874,2.250323030674756,85,21314.0,0.07183625439560802,85,21314.0
8450.0,75,5345.0,46.47826086956522,2.1659759203952,75,21673.0,0.09227445665547003,75,21673.0
8455.0,78,5684.0,51.207207207207205,2.089037384131638,78,22018.0,0.08088701935942859,78,22018.0
8460.0,83,6086.0,54.828828828828826,2.1072286846694555,83,22400.0,0.055737303522146495,83,22400.0
8465.0,83,6427.0,58.42727272727273,1.7967340408168417,83,22538.0,0.05108706722269836,83,22538.0
8470.0,80,6745.0,62.4537037037037,1.8424362336849813,80,22467.0,0.07231183571436874,80,22467.0
8475.0,76,7075.0,66.1214953271028,2.4341107979135614,76,22397.0,0.09895746474501195,76,22397.0
8480.0,72,7406.0,68.57407407407408,2.136899441049903,72,22732.0,0.09379549976009133,72,22732.0
8485.0,79,7788.0,74.17142857142858,2.123335618726579,79,23083.0,0.08288845027720283,79,23083.0
8490.0,84,8201.0,77.36792452830188,2.1236341708219686,84,23476.0,0.05426336311347996,84,23476.0
8495.0,88,8636.0,84.66666666666667,1.481863014924825,88,23888.0,0.039832487893108025,88,23888.0
8500.0,90,9085.0,86.52380952380952,1.5555092530097885,90,24307.0,0.05508880845886087,90,24307.0
8505.0,94,9546.0,93.58823529411765,1.0673763883815273,94,24738.0,0.03702741044067382,94,24738.0
8510.0,88,9334.0,89.75,1.0885082575327905,88,24626.0,0.07139159329780094,88,24626.0
8515.0,82,8660.0,83.26923076923077,1.7061692131245974,82,23811.0,0.06415357931271556,82,23811.0
8520.0,77,8196.0,75.88888888888889,2.4411629307192464,77,23387.0,0.08066141096653695,77,23387.0
8525.0,68,7663.0,72.29245283018868,2.4620502423724786,68,23700.0,0.10771700584706502,68,23700.0
8530.0,68,7353.0,70.70192307692308,2.581135747269011,68,23972.0,0.12510283086307653,68,23972.0
8535.0,74,7713.0,71.41666666666667,2.541560248694294,74,24294.0,0.08201080289794326,74,24294.0
8540.0,84,8104.0,73.009009009009,2.013419132362929,84,24683.0,0.07555162986721456,84,24683.0
8545.0,90,8536.0,76.90090090090091,1.5523633709961335,90,25117.0,0.05754170254083953,90,25117.0
8550.0,96,9006.0,80.41071428571429,1.164771830675581,96,25586.0,0.05202460649974015,96,25586.0
8555.0,102,9512.0,85.69369369369369,1.0606936843478432,102,26066.0,0.03585384818835616,102,26066.0
8560.0,102,10022.0,86.39655172413794,1.4165920023329006,102,26546.0,0.05218913812159005,102,26546.0
8565.0,100,10032.0,89.57142857142857,0.9172058189379685,100,26716.0,0.04074648009742302,100,26716.0
8570.0,90,9694.0,82.85470085470085,1.6710953143569285,90,26612.0,0.07057326331139245,90,26612.0
8575.0,89,9589.0,81.26271186440678,2.0735012660756253,89,26364.0,0.07299656416050143,89,26364.0
8580.0,78,9675.0,81.99152542372882,1.9762887317414055,78,26712.0,0.08160041883622186,78,26712.0
8585.0,81,10064.0,86.75862068965517,2.129700280072101,81,27045.0,0.09055296972777709,81,27045.0
8590.0,88,10490.0,92.01754385964912,2.076803035685671,88,27431.0,0.07030127340513836,88,27431.0
8595.0,94,10950.0,96.90265486725664,1.7291608694164968,94,27851.0,0.05356026578251148,94,27851.0
8600.0,97,11430.0,105.83333333333333,0.9751549086725817,97,28291.0,0.028273668120549263,97,28291.0
8605.0,100,11929.0,106.50892857142857,1.3048518303269028,100,28750.0,0.05146557480566832,100,28750.0
8610.0,100,12429.0,112.99090909090908,0.9253819139300696,100,29210.0,0.035765609846973245,100,29210.0
8615.0,97,12730.0,115.72727272727273,0.8141881420185859,97,29417.0,0.052900823972180704,97,29417.0
8620.0,91,12925.0,115.40178571428571,1.389797100983252,91,29383.0,0.056879463280545994,91,29383.0
8625.0,87,13118.0,113.08620689655173,2.096099862863229,87,29208.0,0.06832413020666336,87,29208.0
8630.0,77,13374.0,117.3157894736842,2.0492122833157036,77,29556.0,0.09219312040419149,77,29556.0
8635.0,82,13760.0,120.70175438596492,2.1543762361792327,82,29877.0,0.09576515784116764,82,29877.0
8640.0,88,14187.0,127.8108108108108,1.9104607100469224,88,30253.0,0.04152654793401588,88,30253.0
8645.0,95,14646.0,127.35652173913043,2.029475297583907,95,30665.0,0.04886817605040802,95,30665.0
8650.0,98,15130.0,138.80733944954127,1.2325948095928674,98,31099.0,0.0355834382881504,98,31099.0
8655.0,93,15476.0,140.6909090909091,1.1530665927730455,93,31328.0,0.06641716694200876,93,31328.0
8660.0,86,15719.0,145.5462962962963,1.490386845243236,86,31385.0,0.06335410910984285,86,31385.0
8665.0,82,16035.0,140.6578947368421,2.4869929947253766,82,31408.0,0.09060691646769665,82,31408.0
8670.0,80,16388.0,148.98181818181817,2.0178408883189887,80,31744.0,0.0812078839205081,80,31744.0
8675.0,83,16788.0,152.61818181818182,1.8005356173964862,83,32073.0,0.06291168050945302,83,32073.0
8680.0,89,17224.0,159.4814814814815,2.0765180484374666,89,32452.0,0.05716837406827536,89,32452.0
8685.0,84,15462.0,143.16666666666666,1.8476872949154983,84,30868.0,0.06290402273954757,84,30868.0
8690.0,80,12226.0,116.43809523809524,2.124573598817602,80,27312.0,0.08519299922572078,80,27312.0
8695.0,73,9702.0,91.52830188679245,2.3907814783642727,73,21836.0,0.08380404176581023,73,21836.0
8700.0,64,6937.0,67.3495145631068,2.384313083016221,64,22156.0,0.1005182435103283,64,22156.0
8705.0,64,6870.0,65.42857142857143,2.8449746345771993,64,22441.0,0.1308309229709376,64,22441.0
8710.0,70,7206.0,72.06,2.4405186817887796,70,22771.0,0.0739714923725427,70,22771.0
8715.0,78,7580.0,73.59223300970874,2.307297071620801,78,23145.0,0.0852980736579426,78,23145.0
8720.0,86,7992.0,82.3917525773196,1.2520276471582528,86,23557.0,0.04462088383919157,86,23557.0
8725.0,88,8430.0,83.46534653465346,1.552418430611024,88,23995.0,0.0898200504351519,88,23995.0
8730.0,88,8870.0,90.51020408163265,1.1617744916854902,88,24435.0,0.04801046433023849,88,24435.0
8735.0,90,9315.0,91.32352941176471,1.5288058597569576,90,24880.0,0.06746747664450044,90,24880.0
8740.0,90,9765.0,97.65,1.2447324668076276,90,25330.0,0.05410056990968306,90,25330.0
8745.0,92,10221.0,100.20588235294117,1.315104204601387,92,25786.0,0.04014296501489586,92,25786.0
8750.0,92,10681.0,104.7156862745098,1.309871550410107,92,26246.0,0.05615241598191378,92,26246.0
8755.0,87,10631.0,103.2135922330097,1.23666543699843,87,26447.0,0.052422782438010136,87,26447.0
8760.0,81,10352.0,100.50485436893204,1.6920015304559242,81,26413.0,0.0662820826456176,81,26413.0
8765.0,73,10271.0,96.89622641509433,2.4060725795016724,73,26242.0,0.08022480159267983,73,26242.0
8770.0,70,10517.0,101.125,2.254923740043365,70,26588.0,0.09974538067794152,70,26588.0
8775.0,73,10866.0,105.49514563106796,2.274339030268627,73,26919.0,0.0979937964769616,73,26919.0
8780.0,79,11251.0,110.30392156862744,2.1696181865103923,79,27299.0,0.04703907227469185,79,27299.0
8785.0,85,11666.0,115.5049504950495,2.0119874728324594,85,27710.0,0.08238841143668053,85,27710.0
8790.0,87,12097.0,120.97,1.2660523363249934,87,28131.0,0.044876372978245906,87,28131.0
8795.0,84,12395.0,126.4795918367347,1.1020742429718922,84,28351.0,0.04207645418844125,84,28351.0
8800.0,74,12591.0,124.66336633663366,2.113589184790829,74,28377.0,0.10299311231515537,74,28377.0
8805.0,72,12858.0,128.58,2.2368624206501866,72,28354.0,0.06437842050221346,72,28354.0
8810.0,69,13191.0,129.3235294117647,2.314267414038319,69,28688.0,0.10468128514490467,69,28688.0
8815.0,75,13550.0,136.86868686868686,1.9850261270629046,75,29029.0,0.06455275121676128,75,29029.0
8820.0,79,13938.0,140.78787878787878,2.203485381163191,79,29405.0,0.04348700689315184,79,29405.0
8825.0,82,14346.0,147.89690721649484,2.0417584527395247,82,29803.0,0.06509344567176184,82,29803.0
8830.0,82,14756.0,158.66666666666666,1.199388551300314,82,30203.0,0.0392444428451832,82,30203.0
8835.0,78,15036.0,159.95744680851064,1.590757518717677,78,30476.0,0.07305835836376533,78,30476.0
8840.0,70,15241.0,158.76041666666666,2.2195539729708553,70,30590.0,0.08872895897843296,70,30590.0
8845.0,72,15582.0,162.3125,2.8510015949660996,72,30801.0,0.10033711828549834,72,30801.0
8850.0,70,15914.0,167.5157894736842,2.0501940085700454,70,31132.0,0.07999492546361273,70,31132.0
8855.0,74,16274.0,178.83516483516485,1.863749202060524,74,31473.0,0.05760186074594026,74,31473.0
8860.0,76,16651.0,173.44791666666666,2.543122975130989,76,31831.0,0.08289169254327611,76,31831.0
8865.0,78,17038.0,185.19565217391303,1.8555332386394299,78,32198.0,0.05945131640777679,78,32198.0
8870.0,80,17432.0,189.47826086956522,1.6777766362694653,80,32572.0,0.061837537090988666,80,32572.0
8875.0,80,17832.0,198.13333333333333,1.404985101230884,80,32952.0,0.059394535021566,80,32952.0
8880.0,75,18062.0,196.32608695652175,1.3400324730831918,75,33238.0,0.06822728474370468,75,33238.0
8885.0,73,18344.0,199.3913043478261,1.9943985187220519,73,33452.0,0.0915732755971634,73,33452.0
8890.0,76,18715.0,194.94791666666666,2.360573100555189,76,33725.0,0.06948909919382353,76,33725.0
8895.0,74,19048.0,202.63829787234042,2.000565903881373,74,34065.0,0.07412352988713532,74,34065.0
8900.0,73,19406.0,208.66666666666666,2.1990656162463162,73,34383.0,0.09157511527540667,73,34383.0
8905.0,73,19771.0,212.59139784946237,2.629068369749249,73,34721.0,0.07018731840752836,73,34721.0
8910.0,75,20143.0,218.94565217391303,2.399307894306023,75,35073.0,0.09655545408459698,75,35073.0
8915.0,75,20518.0,238.58139534883722,1.3342723541988204,75,35428.0,0.04672199480051296,75,35428.0
8920.0,77,20902.0,232.24444444444444,1.7519471676401142,77,35792.0,0.10248904823320186,77,35792.0
8925.0,77,21287.0,244.67816091954023,1.350625028498381,77,36157.0,0.06073658623088237,77,36157.0
8930.0,79,21676.0,233.0752688172043,1.8169569409099244,79,36519.0,0.0912852888870266,79,36519.0
8935.0,81,22076.0,239.95652173913044,1.4661013168190715,81,36889.0,0.05929858115105383,81,36889.0
8940.0,75,22251.0,239.25806451612902,1.5735610276472107,75,37159.0,0.06937622942196923,75,37159.0
8945.0,74,22564.0,242.6236559139785,1.904433449500516,74,37352.0,0.08251434209327897,74,37352.0
8950.0,76,22942.0,241.49473684210525,2.414150391740246,76,37660.0,0.08246851534750803,76,37660.0
8955.0,79,23330.0,245.57894736842104,1.9826346146495524,79,38018.0,0.06719801808566438,79,38018.0
8960.0,74,23654.0,262.8222222222222,1.3143357600827055,74,38350.0,0.04900116721151734,74,38350.0
8965.0,72,24002.0,258.0860215053763,2.1518765097957138,72,38642.0,0.09885510303611707,72,38642.0
8970.0,74,24371.0,264.9021739130435,2.4685051620721707,74,38969.0,0.0663751046670625,74,38969.0
8975.0,70,22045.0,239.6195652173913,1.9938551130413449,70,38009.0,0.06348241342020232,70,38009.0
8980.0,64,17929.0,201.4494382022472,2.4137520308042615,64,36041.0,0.09273591968344841,64,36041.0
8985.0,59,14689.0,163.2111111111111,3.279891287397398,59,32927.0,0.12502662855937346,59,32927.0
8990.0,49,11353.0,130.49425287356323,2.7527986067875014,49,33133.0,0.12317350271053808,49,33133.0
8995.0,48,8932.0,105.08235294117647,3.0563243022585573,48,33302.0,0.15990075320477487,48,33302.0
9000.0,56,9190.0,104.43181818181819,2.9692653109035207,56,33513.0,0.09351110467632102,56,33513.0
9005.0,59,9323.0,98.13684210526316,2.4393473509796335,59,33689.0,0.10426756552738212,59,33689.0
9010.0,66,9631.0,104.68478260869566,2.0271788283788506,66,33888.0,0.07850001865520694,66,33888.0
9015.0,76,9985.0,101.88775510204081,2.1970107702296073,76,34190.0,0.06318187196562804,76,34190.0
9020.0,76,10205.0,108.56382978723404,1.6787974084753463,76,33360.0,0.05721267308332141,76,33360.0
9025.0,71,10316.0,108.58947368421053,2.08280293817991,71,31371.0,0.09304950478567492,71,31371.0
9030.0,64,10468.0,111.36170212765957,2.838598869040801,64,28219.0,0.08782006213270843,64,28219.0
9035.0,54,10403.0,111.86021505376344,2.540528205238172,54,28414.0,0.11067581055637442,54,28414.0
9040.0,48,10462.0,116.24444444444444,2.9064628256565532,48,28530.0,0.13833127713374502,48,28530.0
9045.0,56,10730.0,111.77083333333333,3.422528709683988,56,28668.0,0.14113227918605153,56,28668.0
9050.0,66,11033.0,112.58163265306122,3.108183846241134,66,28908.0,0.11620109777752514,66,28908.0
9055.0,70,11369.0,118.42708333333333,2.47918050293489,70,29208.0,0.08586167326748352,70,29208.0
9060.0,77,11738.0,123.5578947368421,1.7707726187477753,77,29537.0,0.04163900289953927,77,29537.0
9065.0,76,11973.0,126.03157894736842,1.4920413175896936,76,29817.0,0.07986312238517021,76,29817.0
9070.0,78,12344.0,134.17391304347825,1.70862168655117,78,30071.0,0.0747234103227571,78,30071.0
9075.0,79,12735.0,127.35,2.16279455519512,79,30402.0,0.07010841001023617,79,30402.0
9080.0,84,13151.0,136.98958333333334,1.5776374522300751,84,30768.0,0.06060890955014842,84,30768.0
9085.0,79,13482.0,137.57142857142858,1.4228147621611713,79,31096.0,0.07509492872772291,79,31096.0
9090.0,78,13851.0,144.28125,1.8754665437367668,78,31389.0,0.07996325402830724,78,31389.0
9095.0,78,14241.0,142.41,2.537416974837188,78,31708.0,0.08119579018285547,78,31708.0
9100.0,78,14607.0,149.05102040816325,2.071412746728028,78,32026.0,0.06944639165369208,78,32026.0
9105.0,80,15004.0,157.93684210526317,1.6069511343855867,80,32371.0,0.05130671260215345,80,32371.0
9110.0,84,15419.0,160.61458333333334,1.6311584941329034,84,32736.0,0.06115241630283575,84,32736.0
9115.0,78,15359.0,161.67368421052632,1.4058896120853506,78,31794.0,0.06066317487852067,78,31794.0
9120.0,73,15047.0,158.38947368421051,1.9326220639573923,73,29948.0,0.07399984747889125,73,29948.0
9125.0,67,14726.0,151.81443298969072,2.64425218230544,67,27001.0,0.09469802257319647,67,27001.0
9130.0,61,14381.0,151.37894736842105,2.5749292018675307,61,27256.0,0.12118902980815205,61,27256.0
9135.0,64,14334.0,154.1290322580645,1.9831687457415756,64,27510.0,0.10202253007831869,64,27510.0
9140.0,72,14681.0,149.80612244897958,1.8081257706429372,72,27808.0,0.09926983982146041,72,27808.0
9145.0,78,14810.0,146.63366336633663,0.9281481699855801,78,28042.0,0.04858603496692269,78,28042.0
9150.0,76,14903.0,140.5943396226415,1.6594723063370083,76,28203.0,0.06814455467538731,76,28203.0
9155.0,79,15187.0,140.62037037037038,2.15928545347022,79,28335.0,0.05024140968932466,79,28335.0
9160.0,80,15573.0,141.57272727272726,2.8211976709282434,80,28547.0,0.09146885387915187,80,28547.0
9165.0,80,15973.0,153.58653846153845,2.6475142434645034,80,28837.0,0.09051907733386097,80,28837.0
9170.0,82,16376.0,157.46153846153845,2.7293157218027173,82,29148.0,0.09769811860892584,82,29148.0
9175.0,82,16786.0,167.86,2.2675451673138873,82,29498.0,0.062399041030921316,82,29498.0
9180.0,77,16900.0,174.22680412371133,1.5395461614897872,77,28665.0,0.047485334597833946,77,28665.0
9185.0,71,16822.0,178.95744680851064,2.1825386555347834,71,28263.0,0.08856019973832997,71,28263.0
9190.0,63,16807.0,173.2680412371134,3.0073426436725095,63,27835.0,0.1055216216953576,63,27835.0
9195.0,55,16684.0,181.34782608695653,2.4815125211817586,55,28045.0,0.12436570750476571,55,28045.0
9200.0,55,16746.0,178.14893617021278,2.960465632074899,55,28244.0,0.135391703982769,55,28244.0
9205.0,63,17043.0,175.70103092783506,2.8316604662257934,63,28478.0,0.11354439927167921,63,28478.0
9210.0,63,17060.0,168.9108910891089,2.36880385787016,63,28617.0,0.10466392637179364,63,28617.0
9215.0,67,17263.0,179.82291666666666,1.7602177796024583,67,28664.0,0.07163452138312147,67,28664.0
9220.0,77,17627.0,169.4903846153846,2.4127693186833095,77,28873.0,0.07648505788445836,77,28873.0
9225.0,80,17980.0,181.6161616161616,1.8642513608244957,80,29186.0,0.06717947659153649,80,29186.0
9230.0,78,18361.0,183.61,2.1052473240457292,78,29475.0,0.08784397302846768,78,29475.0
9235.0,80,18761.0,191.4387755102041,2.4324287502912445,80,29796.0,0.06655781182123692,80,29796.0
9240.0,74,15925.0,162.5,1.997461858821355,74,28171.0,0.05821958878893327,74,28171.0
9245.0,71,11477.0,124.75,1.989474092680034,71,24612.0,0.09133020221036521,71,24612.0
9250.0,64,7014.0,73.0625,2.555880195651677,64,19130.0,0.08832291525897962,64,19130.0
9255.0,55,3419.0,36.37234042553192,2.6245282865914534,55,19399.0,0.12989459395961672,55,19399.0
9260.0,52,2154.0,22.4375,3.3854111825845643,52,19608.0,0.1560881194746128,52,19608.0
9265.0,60,2436.0,25.11340206185567,3.187915711896536,60,19876.0,0.11357611644045909,60,19876.0
9270.0,68,2761.0,29.063157894736843,2.546153545463244,68,20191.0,0.09970615906424335,68,20191.0
9275.0,74,3117.0,34.63333333333333,1.4249637908820862,74,20537.0,0.04285775146159906,74,20537.0
9280.0,80,3513.0,38.18478260869565,1.5820312662065088,80,20923.0,0.0902286373377324,80,20923.0
9285.0,80,3913.0,43.477777777777774,1.2463785290244525,80,21313.0,0.051842441660226606,80,21313.0
9290.0,76,3752.0,39.49473684210526,1.7564817253309752,76,21235.0,0.09473651440401071,76,21235.0
9295.0,72,3308.0,34.82105263157895,1.9763805458041233,72,20753.0,0.08783598476114665,72,20753.0
9300.0,67,2953.0,30.760416666666668,2.776584058657328,67,19863.0,0.09567033585935995,67,19863.0
9305.0,56,2356.0,24.541666666666668,2.8490545865499635,56,20137.0,0.131877046993674,56,20137.0
9310.0,55,2200.0,23.91304347826087,2.608241404065802,55,20373.0,0.12704001846631,55,20373.0
9315.0,63,2505.0,25.56122448979592,2.8280627552450253,63,20667.0,0.10939905881974005,63,20667.0
9320.0,70,2840.0,28.979591836734695,1.9209696949850013,70,20997.0,0.07167876110762966,70,20997.0
9325.0,74,2655.0,26.55,1.4676315303390357,74,21165.0,0.07282012874837125,74,21165.0
9330.0,74,2537.0,25.37,1.7810036749337053,74,21108.0,0.06854997108812447,74,21108.0
9335.0,75,2809.0,27.271844660194176,2.4240510054280557,75,21170.0,0.0801824689311076,75,21170.0
9340.0,73,3130.0,30.99009900990099,2.1383116168881275,73,21498.0,0.08327424489842249,73,21498.0
9345.0,76,3497.0,34.97,1.9837535182205943,76,21820.0,0.06389345754960483,76,21820.0
9350.0,82,3897.0,39.36363636363637,2.207685493977915,82,22199.0,0.06316051270003391,82,22199.0
9355.0,76,3715.0,37.525252525252526,2.0340769424661014,76,20633.0,0.06627597494468464,76,20633.0
9360.0,71,3141.0,33.774193548387096,1.920771176179994,71,16221.0,0.05751258928120743,71,16221.0
9365.0,66,2654.0,26.80808080808081,2.8968782022997646,66,12506.0,0.10876118173508997,66,12506.0
9370.0,57,2304.0,24.25263157894737,2.4530876719438366,57,12792.0,0.10329485957368259,57,12792.0
9375.0,61,2583.0,27.189473684210526,2.8377969138133006,61,13057.0,0.13064161052689657,61,13057.0
9380.0,67,2904.0,31.225806451612904,2.305491561214983,67,13371.0,0.05967056293657619,67,13371.0
9385.0,76,3267.0,34.755319148936174,2.159673697768247,76,13734.0,0.07372466040200974,76,13734.0
9390.0,72,3150.0,35.79545454545455,1.5888372548691192,72,13541.0,0.06611110330314662,72,13541.0
9395.0,65,2693.0,29.92222222222222,2.1042821713065076,65,13033.0,0.07991149693483739,65,13033.0
9400.0,58,2234.0,24.822222222222223,3.2422556799147584,58,12084.0,0.12179997431988902,58,12084.0
9405.0,50,1948.0,21.644444444444446,2.841372238665319,50,12337.0,0.1216282886937023,50,12337.0
9410.0,51,1821.0,21.174418604651162,2.9853649101025055,51,12573.0,0.14631060025186202,51,12573.0
9415.0,58,2098.0,22.804347826086957,2.817236709761978,58,12850.0,0.10604111165987623,58,12850.0
9420.0,67,2414.0,26.52747252747253,1.9705785763822072,67,13166.0,0.06532401073071313,67,13166.0
9425.0,72,2761.0,29.372340425531913,1.5515102010860362,72,13514.0,0.06591203392086924,72,13514.0
9430.0,82,3150.0,33.51063829787234,1.1268983992761872,82,13904.0,0.04286815894068902,82,13904.0
9435.0,86,3577.0,35.415841584158414,1.893220305135512,86,14331.0,0.08869841033349542,86,14331.0
9440.0,88,4010.0,40.505050505050505,1.136945324542828,88,14764.0,0.04136387835832466,88,14764.0
9445.0,90,4460.0,42.88461538461539,1.5571239547485765,90,15214.0,0.07341918795958988,90,15214.0
9450.0,84,4645.0,45.99009900990099,1.1002789659407084,84,15152.0,0.046538467359307965,84,15152.0
9455.0,78,4658.0,45.666666666666664,1.9644399321292172,78,14539.0,0.09550998219445833,78,14539.0
9460.0,73,4731.0,45.49038461538461,2.595796141082641,73,13900.0,0.09160908017207693,73,13900.0
9465.0,63,4670.0,45.78431372549019,2.177118728729998,63,14214.0,0.093000689829,63,14214.0
9470.0,63,4835.0,47.87128712871287,2.6423736197380108,63,14500.0,0.12502823999537685,63,14500.0
9475.0,72,5170.0,49.71153846153846,2.4281212119321167,72,14835.0,0.0975029507869394,72,14835.0
9480.0,77,5545.0,51.822429906542055,2.0234627322148073,77,15210.0,0.06039108166506565,77,15210.0
9485.0,83,5953.0,55.63551401869159,1.4186085326397966,83,15620.0,0.05169513354132771,83,15620.0
9490.0,97,6415.0,60.5188679245283,0.9819085954557757,97,16082.0,0.034308722934419895,97,16082.0
9495.0,100,6903.0,63.330275229357795,1.0897224325794936,100,16571.0,0.04315524489773308,100,16571.0
9500.0,96,6453.0,59.20183486238532,0.898196324857957,96,16665.0,0.040849976817406465,96,16665.0
9505.0,87,5423.0,49.3,1.636221146080696,87,16388.0,0.06581504636181318,87,16388.0
9510.0,82,4885.0,43.230088495575224,2.206166572705938,82,15856.0,0.0709767665119243,82,15856.0
9515.0,75,4741.0,43.4954128440367,2.574193268142908,75,15691.0,0.0951088636655469,75,15691.0
9520.0,68,4901.0,45.379629629629626,2.6602427093892,68,15756.0,0.11868222881650675,68,15756.0
9525.0,71,5226.0,48.388888888888886,2.4878804637128153,71,16052.0,0.10526938281685418,71,16052.0
9530.0,76,5597.0,51.824074074074076,2.5420208312872212,76,16403.0,0.09813999733457161,76,16403.0
9535.0,83,5999.0,57.68269230769231,1.7494962626650699,83,16805.0,0.04009429324153844,83,16805.0
9540.0,90,6436.0,61.88461538461539,1.678369714675865,90,17243.0,0.046154878592296875,90,17243.0
9545.0,90,6886.0,68.86,1.1311346819406027,90,17693.0,0.04780107539072754,90,17693.0
9550.0,92,7341.0,71.27184466019418,1.3146118330959102,92,18148.0,0.038285315474783393,92,18148.0
9555.0,86,7267.0,71.24509803921569,1.3977642699499737,86,18023.0,0.062074322014401245,86,18023.0
9560.0,79,6827.0,65.64423076923077,1.8778490172797881,79,17628.0,0.07189193889478696,79,17628.0
9565.0,74,6554.0,63.01923076923077,2.6453996511616316,74,16832.0,0.09317584044834722,74,16832.0
9570.0,65,5965.0,57.9126213592233,2.313819422800364,65,16852.0,0.10422457924916538,65,16852.0
9575.0,58,5380.0,54.89795918367347,2.3226410756646234,58,16578.0,0.10852673740389059,58,16578.0
9580.0,59,5290.0,48.98148148148148,2.924782250698144,59,16165.0,0.12082108341835113,59,16165.0
9585.0,56,5234.0,48.91588785046729,2.4863692337841106,56,16413.0,0.11452175610950904,56,16413.0
9590.0,61,5455.0,49.59090909090909,2.3787175066903172,61,16623.0,0.11787554443659776,61,16623.0
9595.0,75,5802.0,52.74545454545454,2.2599879791104507,75,16907.0,0.0679324501542275,75,16907.0
9600.0,86,6213.0,57.0,2.239283750651153,86,17319.0,0.0699532293418838,86,17319.0
9605.0,90,6659.0,63.41904761904762,1.7233718153140474,90,17765.0,0.045015958006639996,90,17765.0
9610.0,92,7115.0,67.12264150943396,1.687273233604553,92,18221.0,0.04689288967209828,92,18221.0
9615.0,86,7402.0,72.56862745098039,1.466676374007491,86,18425.0,0.06034003108943475,86,18425.0
9620.0,78,7565.0,72.74038461538461,2.099451814090678,78,18409.0,0.09189459815309137,78,18409.0
9625.0,72,7742.0,74.4423076923077,2.674579731661926,72,18338.0,0.1095971837365893,72,18338.0
9630.0,68,8036.0,77.26923076923077,2.2626509968230843,68,18672.0,0.1013967794076138,68,18672.0
9635.0,74,8393.0,83.93,2.1728449741236076,74,19021.0,0.08131277378136272,74,19021.0
9640.0,81,8784.0,86.11764705882354,2.2046508152701723,81,19412.0,0.08488090360162073,81,19412.0
9645.0,84,9199.0,92.91919191919192,1.6403661643866738,84,19823.0,0.038917710427694825,84,19823.0
9650.0,80,9150.0,91.5,1.7648913604156788,80,19681.0,0.09144506611075726,80,19681.0
9655.0,73,8782.0,89.61224489795919,1.6488970395189246,73,19072.0,0.0722436180741996,73,19072.0
9660.0,70,8561.0,85.61,2.8457433170930244,70,18457.0,0.10682351236348482,70,18457.0
9665.0,59,8206.0,82.06,2.61518670818233,59,18751.0,0.11913397266511262,59,18751.0
9670.0,61,8152.0,84.04123711340206,2.5634291602815193,61,19021.0,0.11810425040701668,61,19021.0
9675.0,67,8476.0,83.92079207920793,2.7587457896274272,67,19336.0,0.10040554142927052,67,19336.0
9680.0,76,8837.0,85.79611650485437,1.9336342690233856,76,19687.0,0.06902365581788539,76,19687.0
9685.0,82,9240.0,88.84615384615384,1.5361486519630319,82,20080.0,0.06246091884130323,82,20080.0
9690.0,92,9674.0,93.01923076923077,0.9892290505061646,92,20505.0,0.037609620445746776,92,20505.0
9695.0,96,10147.0,97.5673076923077,1.0127625015735249,96,20969.0,0.03646676367822614,96,20969.0
9700.0,90,10418.0,98.28301886792453,1.2571381530983943,90,20976.0,0.04888472569048375,90,20976.0
9705.0,85,10582.0,97.08256880733946,1.7769575863261948,85,20655.0,0.06268954213453501,85,20655.0
9710.0,78,10734.0,99.38888888888889,2.47419797902356,78,19953.0,0.08925861590991614,78,19953.0
9715.0,70,10829.0,101.20560747663552,2.174569917143045,70,20300.0,0.0953441403345341,70,20300.0
9720.0,69,11042.0,108.25490196078431,2.1653875812287384,69,20617.0,0.09199659933555386,69,20617.0
9725.0,77,11408.0,101.85714285714286,2.4279071756683757,77,20962.0,0.07351259860223791,77,20962.0
9730.0,87,11825.0,106.53153153153153,1.5753745728236972,87,21360.0,0.056939716624598284,87,21360.0
9735.0,93,12278.0,107.70175438596492,1.2768781193944279,93,21795.0,0.04195469998576452,93,21795.0
9740.0,101,12769.0,112.00877192982456,0.9543265895320445,101,22269.0,0.03483970632410029,101,22269.0
9745.0,106,13294.0,112.66101694915254,1.12620066588413,106,22775.0,0.0415239726493154,106,22775.0
9750.0,102,13113.0,113.04310344827586,1.085019785845125,102,22912.0,0.039346035646478414,102,22912.0
9755.0,93,12441.0,106.33333333333333,1.4289735838376467,93,22699.0,0.057703770921628046,93,22699.0
9760.0,88,12061.0,103.97413793103448,2.0202765145329424,88,22275.0,0.06579429942179336,88,22275.0
9765.0,77,9587.0,81.94017094017094,2.0362327914089855,77,20717.0,0.08664570986251642,77,20717.0
9770.0,71,5879.0,52.02654867256637,2.401163856097481,71,17241.0,0.1074820488614916,71,17241.0
9775.0,69,3233.0,28.11304347826087,2.561446162733957,69,13497.0,0.10706166191419648,69,13497.0
9780.0,65,2187.0,19.353982300884955,2.1731077551268516,65,13060.0,0.08673628297883333,65,13060.0
9785.0,74,2474.0,21.893805309734514,2.219875662493968,74,13334.0,0.09870212189808535,74,13334.0
9790.0,83,2870.0,26.09090909090909,2.1183854834263856,83,13673.0,0.05435746629961127,83,13673.0
9795.0,90,3310.0,29.292035398230087,2.4522294904389277,90,14109.0,0.0924943100382367,90,14109.0
9800.0,88,3263.0,30.212962962962962,1.5794252370160888,88,14025.0,0.04662033237317407,88,14025.0
9805.0,81,2893.0,26.787037037037038,1.8151496842602437,81,13720.0,0.08156251170171754,81,13720.0
9810.0,78,2593.0,24.233644859813083,2.4204697687914654,78,13044.0,0.07841741484787174,78,13044.0
9815.0,67,2282.0,21.327102803738317,2.457815136624176,67,13377.0,0.10607265972811193,67,13377.0
9820.0,67,2222.0,21.784313725490197,2.199898994593914,67,13668.0,0.11310407002762579,67,13668.0
9825.0,74,2579.0,24.102803738317757,2.4935910469949527,74,14016.0,0.10006051260777443,74,14016.0
9830.0,79,2966.0,27.211009174311926,2.101102952407151,79,14403.0,0.0645375626002785,79,14403.0
9835.0,87,3387.0,31.36111111111111,1.5504913530630542,87,14825.0,0.05389149060625485,87,14825.0
9840.0,93,3841.0,35.89719626168224,1.122529185649286,93,15280.0,0.03734102035071746,93,15280.0
9845.0,98,4324.0,40.41121495327103,1.1070158148322298,98,15763.0,0.04668106703088786,98,15763.0
9850.0,92,4605.0,43.443396226415096,0.77606813497198,92,15820.0,0.04098246650307633,92,15820.0
9855.0,85,4752.0,44.41121495327103,1.5636034794288207,85,15719.0,0.07270192580473034,85,15719.0
9860.0,80,4941.0,45.330275229357795,2.2578083904528516,80,15330.0,0.07127312227630542,80,15330.0
9865.0,69,5046.0,47.1588785046729,2.288962879590188,69,15679.0,0.09421250440638858,69,15679.0
9870.0,68,5224.0,49.75238095238095,2.471177033586816,68,15984.0,0.12354086697977602,68,15984.0
9875.0,76,5590.0,52.242990654205606,2.322959286471728,76,16344.0,0.08272647592188434,76,16344.0
9880.0,82,5990.0,54.95412844036697,2.023074540736048,82,16744.0,0.057060888731171926,82,16744.0
9885.0,88,6424.0,59.48148148148148,1.3421459682246817,88,17178.0,0.03605131055994376,88,17178.0
9890.0,96,6888.0,63.77777777777778,0.9636071852312571,96,17644.0,0.03497271603489435,96,17644.0
9895.0,100,7384.0,68.37037037037037,0.9762543370460192,100,18140.0,0.03586485053003214,100,18140.0
9900.0,96,7080.0,64.36363636363636,0.8758764185045912,96,18099.0,0.041213765564855995,96,18099.0
9905.0,88,6241.0,57.78703703703704,1.4883464196315017,88,17560.0,0.060325708462769634,88,17560.0
9910.0,81,5518.0,49.267857142857146,2.366844904203738,81,16584.0,0.07729770596553352,81,16584.0
9915.0,72,4956.0,45.888888888888886,1.9547106947966086,72,16940.0,0.07854151073944554,72,16940.0
9920.0,71,4642.0,42.98148148148148,2.444877151672319,71,17246.0,0.09987908514788392,71,17246.0
9925.0,76,5013.0,46.850467289719624,2.3617834990568083,76,17611.0,0.07389941861892868,76,17611.0
9930.0,77,5024.0,45.67272727272727,1.9156989318207294,77,17610.0,0.07629795324574914,77,17610.0
9935.0,77,4806.0,44.91588785046729,1.610649102804218,77,17320.0,0.0684403149004726,77,17320.0
9940.0,76,4611.0,40.44736842105263,2.3440639521317777,76,16714.0,0.07948492499584622,76,16714.0
9945.0,72,4487.0,40.79090909090909,2.2374800551410208,72,17064.0,0.09392261469534396,72,17064.0
9950.0,70,4606.0,42.648148148148145,2.275581201101698,70,17380.0,0.11114744777932938,70,17380.0
9955.0,78,4984.0,45.30909090909091,2.4211276420451067,78,17751.0,0.08682997687362598,78,17751.0
9960.0,86,5400.0,46.95652173913044,2.102625289372728,86,18167.0,0.06496112339165665,86,18167.0
9965.0,84,5545.0,50.40909090909091,1.4306970451189711,84,18083.0,0.04811723291716882,84,18083.0
9970.0,80,5501.0,48.25438596491228,2.092059441963354,80,17526.0,0.07803509061053263,80,17526.0
9975.0,80,5564.0,50.58181818181818,2.3019704301721196,80,16654.0,0.07752164765785143,80,16654.0
9980.0,71,5554.0,50.49090909090909,2.2243534850720983,71,17019.0,0.1023701412526844,71,17019.0
9985.0,72,5701.0,53.2803738317757,2.4705685768571697,72,17364.0,0.09597773041697805,72,17364.0
9990.0,78,6083.0,54.8018018018018,2.4369058057244204,78,17746.0,0.08880349312091945,78,17746.0
9995.0,81,6203.0,56.908256880733944,1.6220921914570596,81,17728.0,0.05931353311183981,81,17728.0
10000.0,76,6140.0,55.81818181818182,1.8790912041601397,76,17585.0,0.09084674858512844,76,17585.0
10005.0,78,6172.0,55.6036036036036,2.4090498142921426,78,17199.0,0.08786575106750098,78,17199.0
10010.0,68,6103.0,55.481818181818184,2.507904685325066,68,17299.0,0.11071223251771972,68,17299.0
10015.0,70,6289.0,58.77570093457944,2.556409001662841,70,17622.0,0.11381493560132057,70,17622.0
10020.0,76,6663.0,61.12844036697248,2.461800228774665,76,17996.0,0.10071982588578582,76,17996.0
10025.0,82,7063.0,64.2090909090909,1.816337285644867,82,18396.0,0.06792343676292686,82,18396.0
10030.0,90,7495.0,66.91964285714286,1.2497514559220773,90,18830.0,0.05207756788373475,90,18830.0
10035.0,91,7638.0,68.8108108108108,0.9931750171789816,91,18798.0,0.04197373670383437,91,18798.0
10040.0,88,7584.0,67.71428571428571,1.4659807897836006,88,18361.0,0.0502642983351513,88,18361.0
10045.0,85,7634.0,66.96491228070175,2.186977001977511,85,17530.0,0.07106737424943008,85,17530.0
10050.0,77,7621.0,69.28181818181818,2.586692175326627,77,17369.0,0.10492682489170446,77,17369.0
10055.0,68,7678.0,69.8,2.736333143993982,68,17517.0,0.1226891879995705,68,17517.0
10060.0,72,8023.0,74.98130841121495,2.3877494687854988,72,17827.0,0.09724442611765077,72,17827.0
10065.0,79,8405.0,75.04464285714286,2.611247225036623,79,18203.0,0.1024576218110367,79,18203.0
10070.0,81,8743.0,77.3716814159292,1.9383801362724857,81,18409.0,0.06569826541597437,81,18409.0
10075.0,79,9051.0,80.09734513274336,1.643858638664469,79,18408.0,0.0639657525117961,79,18408.0
10080.0,79,9390.0,83.09734513274336,2.134105180574102,79,18386.0,0.06623799072673635,79,18386.0
10085.0,75,9675.0,84.1304347826087,2.0988552711642092,75,18742.0,0.08756064049049947,75,18742.0
10090.0,76,10021.0,91.1,2.117495203211779,76,19073.0,0.0930915034433428,76,19073.0
10095.0,81,10414.0,91.35087719298245,2.337548415378668,81,19451.0,0.08972737371940802,81,19451.0
10100.0,83,10313.0,92.90990990990991,1.7019835362596039,83,19484.0,0.052798232410441896,83,19484.0
10105.0,81,9898.0,88.375,1.9611841748255046,81,19143.0,0.0810671562125615,81,19143.0
10110.0,80,9666.0,88.6788990825688,2.284149941174445,80,18443.0,0.07075060890663017,80,18443.0
10115.0,71,9368.0,85.94495412844037,2.169488555003823,71,18787.0,0.0930749960149334,71,18787.0
10120.0,70,9240.0,87.16981132075472,2.4088104725002646,70,19097.0,0.10426046522553754,70,19097.0
10125.0,78,9611.0,86.58558558558559,2.4381070828054257,78,19457.0,0.08661537359462944,78,19457.0
10130.0,84,10013.0,88.61061946902655,1.906276797885474,84,19849.0,0.06752156904623938,84,19849.0
10135.0,91,10451.0,93.3125,1.2463723534020323,91,20277.0,0.04898639140992449,91,20277.0
10140.0,92,10592.0,94.57142857142857,1.062517708596247,92,20511.0,0.04269930363482741,92,20511.0
10145.0,93,10608.0,92.24347826086957,1.5257874795277757,93,20430.0,0.061675639785789334,93,20430.0
10150.0,87,10627.0,92.40869565217392,2.124220614998828,87,20536.0,0.07529861616132447,87,20536.0
10155.0,78,10596.0,89.79661016949153,2.6256867083427267,78,20661.0,0.1058236133450804,78,20661.0
10160.0,75,10834.0,95.87610619469027,2.485221828935773,75,20951.0,0.11567685739336431,75,20951.0
10165.0,78,11194.0,96.5,2.708943307709012,78,21275.0,0.12889751488413748,78,21275.0
10170.0,83,11597.0,103.54464285714286,2.2104819132186906,83,21654.0,0.061324292332714476,83,21654.0
10175.0,90,12032.0,108.3963963963964,2.000119595416745,90,22079.0,0.06423716243534265,90,22079.0
10180.0,94,12498.0,117.90566037735849,1.3816761729485219,94,22535.0,0.05320231936790704,94,22535.0
10185.0,90,12555.0,117.33644859813084,1.1607483788790525,90,22604.0,0.042538309604153265,90,22604.0
10190.0,83,12346.0,115.38317757009345,1.7269093597534086,83,22277.0,0.0766308954161894,83,22277.0
10195.0,76,12248.0,113.4074074074074,2.442379795861172,76,21570.0,0.07927515702752892,76,21570.0
10200.0,68,12091.0,115.15238095238095,2.2148890202732554,68,21900.0,0.10265090329165451,68,21900.0
10205.0,66,12061.0,115.97115384615384,2.3597267399819035,66,22196.0,0.11305064927828004,66,22196.0
10210.0,74,12422.0,116.09345794392523,2.3970563761585844,74,22544.0,0.07963018144897306,74,22544.0
10215.0,80,12813.0,115.43243243243244,2.044223406480099,80,22926.0,0.08945156996034051,80,22926.0
10220.0,90,13243.0,119.30630630630631,1.3610597838909715,90,23346.0,0.044129982516304476,90,23346.0
10225.0,97,13711.0,120.2719298245614,1.2809709067672692,97,23804.0,0.0516233018520204,97,23804.0
10230.0,105,14216.0,123.61739130434782,1.0041735831487077,105,24299.0,0.03255096125660372,105,24299.0
10235.0,100,12017.0,106.34513274336283,1.0204861637809448,100,22897.0,0.040430537671398786,100,22897.0
10240.0,92,7992.0,68.89655172413794,1.3350287078732916,92,19648.0,0.05546621996447667,92,19648.0
10245.0,88,5019.0,43.26724137931034,2.1693056528182715,88,15018.0,0.07198821134065109,88,15018.0
10250.0,79,3335.0,28.75,2.022254781290259,79,15149.0,0.08325013430407387,79,15149.0
10255.0,76,2996.0,26.75,1.8549521497020431,76,14979.0,0.07883676500858403,76,14979.0
10260.0,78,2551.0,22.37719298245614,2.3380036924904624,78,14693.0,0.08752154645887865,78,14693.0
10265.0,73,2308.0,20.98181818181818,1.9994930076115345,73,14887.0,0.075772749417164,73,14887.0
10270.0,68,2436.0,22.34862385321101,2.3060974838876014,68,15154.0,0.10509129523822452,68,15154.0
10275.0,75,2799.0,25.445454545454545,2.457045205315051,75,15450.0,0.08537148633797123,75,15450.0
10280.0,80,3188.0,28.98181818181818,2.4186847448417215,80,15836.0,0.07350632937508732,80,15836.0
10285.0,87,3608.0,34.0377358490566,1.9514597203454749,87,16256.0,0.057345127786540634,87,16256.0
10290.0,91,4055.0,38.99038461538461,1.4872914229352783,91,16703.0,0.047540702689920146,91,16703.0
10295.0,92,4515.0,45.15,1.0722085933119885,92,17163.0,0.038685068559923694,92,17163.0
10300.0,87,4383.0,41.74285714285714,1.0321991548875322,87,17129.0,0.06066428208756258,87,17129.0
10305.0,84,3875.0,37.25961538461539,1.5766400252785502,84,16373.0,0.061384539518282766,84,16373.0
10310.0,77,3538.0,32.163636363636364,2.475056062666282,77,15598.0,0.0954118873165952,77,15598.0
10315.0,71,3127.0,29.5,2.2449957379444405,71,15942.0,0.09913938189309533,71,15942.0
10320.0,69,2919.0,28.067307692307693,2.371061712104594,69,16244.0,0.11043598136056021,69,16244.0
10325.0,76,3281.0,30.37962962962963,2.3518916853473795,76,16603.0,0.07819636102711468,76,16603.0
10330.0,77,3291.0,29.383928571428573,2.1113948868656487,77,16611.0,0.09327824002679735,77,16611.0
10335.0,76,3130.0,28.454545454545453,1.850737245305125,76,16297.0,0.06519336811032826,76,16297.0
10340.0,76,2938.0,26.232142857142858,2.412093245545441,76,15790.0,0.09317255887167454,76,15790.0
10345.0,70,2792.0,25.61467889908257,2.284690420749529,70,16141.0,0.09653281033371357,70,16141.0
10350.0,70,3017.0,27.935185185185187,2.5143658801734285,70,16457.0,0.11285532109000855,70,16457.0
10355.0,75,3382.0,31.314814814814813,2.3894435352302303,75,16818.0,0.08094828221233229,75,16818.0
10360.0,76,3504.0,32.44444444444444,1.857536617353659,76,16652.0,0.06361212307381327,76,16652.0
10365.0,75,3476.0,33.42307692307692,1.8325597000571936,75,16057.0,0.06656321512642319,75,16057.0
10370.0,73,3507.0,32.47222222222222,2.901020400304599,73,15466.0,0.12272766091858517,73,15466.0
10375.0,67,3483.0,32.85849056603774,2.388055145913043,67,15790.0,0.10506172414244036,67,15790.0
10380.0,68,3670.0,35.98039215686274,2.3386152327009513,68,16100.0,0.1116911160899715,68,16100.0
10385.0,74,4027.0,36.944954128440365,2.3229888254757483,74,16454.0,0.07213443431830474,74,16454.0
10390.0,84,4432.0,40.6605504587156,1.7160203764580828,84,16859.0,0.06277593421826871,84,16859.0
10395.0,90,4870.0,44.678899082568805,1.0338761698839614,90,17298.0,0.0463148393761104,90,17298.0
10400.0,98,5349.0,48.627272727272725,0.9100856940710584,98,17779.0,0.034382121769178264,98,17779.0
10405.0,97,5504.0,49.142857142857146,0.9393440596827494,97,17885.0,0.038862973540897836,97,17885.0
10410.0,89,5421.0,48.83783783783784,1.4968983292378248,89,17637.0,0.05260770308775022,89,17637.0
10415.0,82,5379.0,47.60176991150443,2.2672642057135515,82,17174.0,0.07256738321022314,82,17174.0
10420.0,72,5316.0,48.77064220183486,2.0241613565175647,72,17532.0,0.08165182586614643,72,17532.0
10425.0,70,5483.0,50.76851851851852,2.394756170436027,70,17854.0,0.1139576098297514,70,17854.0
10430.0,77,5855.0,53.71559633027523,2.2158710792762655,77,18218.0,0.07391936627457757,77,18218.0
10435.0,79,5900.0,53.153153153153156,1.7717116779518753,79,18117.0,0.058655316188815365,79,18117.0
10440.0,77,5742.0,54.68571428571428,1.619286456955453,77,17760.0,0.059286849429358135,77,17760.0
10445.0,76,5695.0,51.306306306306304,2.382041331594627,76,17231.0,0.09069492789791632,76,17231.0
10450.0,70,5598.0,52.3177570093458,2.2591072400187846,70,17393.0,0.09570640856273217,70,17393.0
10455.0,69,5626.0,51.61467889908257,2.5527919707073203,69,17708.0,0.1124231129641696,69,17708.0
10460.0,77,5999.0,55.03669724770642,2.2720229281950988,77,18078.0,0.07560488427331612,77,18078.0
10465.0,79,6139.0,53.38260869565217,1.7427688607601908,79,18143.0,0.06790390377706522,79,18143.0
10470.0,79,6148.0,54.4070796460177,1.742872727606149,79,17941.0,0.05947599033178211,79,17941.0
10475.0,81,6215.0,53.577586206896555,2.167307026282338,81,17535.0,0.06988454783472225,81,17535.0
10480.0,74,6262.0,55.910714285714285,2.0925696516783576,74,17902.0,0.09006818176694412,74,17902.0
10485.0,73,6499.0,59.08181818181818,2.1858261501333267,73,18225.0,0.10197683351415389,73,18225.0
10490.0,80,6885.0,61.473214285714285,2.328595249377645,80,18603.0,0.07226865788260907,80,18603.0
10495.0,80,5833.0,53.027272727272724,1.708523992089629,80,17096.0,0.06927222312346969,80,17096.0
10500.0,79,3827.0,36.10377358490566,1.660006671563124,79,14094.0,0.05889043384208853,79,14094.0
10505.0,77,2396.0,21.78181818181818,2.2534575101861027,77,11639.0,0.08418149679333198,77,11639.0
10510.0,74,2353.0,22.19811320754717,2.204693440957654,74,10777.0,0.09003302797252609,74,10777.0
10515.0,78,2722.0,24.972477064220183,2.3630166920592637,78,11126.0,0.1014423217789437,78,11126.0
10520.0,85,3129.0,29.5188679245283,2.0493317149109833,85,11526.0,0.04749899305005242,85,11526.0
10525.0,90,3569.0,33.0462962962963,2.166063607888895,90,11966.0,0.06971330003429542,90,11966.0
10530.0,87,3731.0,36.57843137254902,1.2978937693449983,87,12090.0,0.047307093430870306,87,12090.0
10535.0,79,3696.0,35.53846153846154,1.8365333897280847,79,11963.0,0.07276584855343268,79,11963.0
10540.0,75,3700.0,35.57692307692308,2.458158022267338,75,11587.0,0.08773893665835633,75,11587.0
10545.0,65,3685.0,36.127450980392155,2.1544561861874345,65,11908.0,0.08867859089216301,65,11908.0
10550.0,65,3928.0,39.28,2.6738112435387427,65,12196.0,0.12058320591867819,65,12196.0
10555.0,71,4270.0,42.7,2.6457081993596243,71,12538.0,0.10015071630010514,71,12538.0
10560.0,77,4641.0,48.34375,1.6858476104658695,77,12909.0,0.045799178516875226,77,12909.0
10565.0,77,4717.0,49.135416666666664,1.405216639555326,77,12111.0,0.05574606279591359,77,12111.0
10570.0,74,4598.0,47.895833333333336,1.8749430600838728,74,10538.0,0.06768822796396907,74,10538.0
10575.0,72,4864.0,50.666666666666664,2.4014652712848803,72,9520.0,0.08331732487256757,72,9520.0
10580.0,74,5189.0,54.052083333333336,1.936442780935633,74,9369.0,0.056790645131338656,74,9369.0
10585.0,76,5560.0,59.148936170212764,2.1658683361675117,76,9720.0,0.08063170292662905,76,9720.0
10590.0,78,5943.0,61.90625,2.434543691902497,78,10098.0,0.06400542819946277,78,10098.0
10595.0,78,6333.0,69.5934065934066,1.5809096580754693,78,10488.0,0.049482729049907845,78,10488.0
10600.0,77,6397.0,68.78494623655914,1.2559719268394043,77,10552.0,0.05425111995742587,77,10552.0
10605.0,70,6257.0,69.52222222222223,1.5922332470128948,70,10391.0,0.0618114512031925,70,10391.0
10610.0,65,6158.0,64.14583333333333,2.7103313558604847,65,9974.0,0.09046406303281684,65,9974.0
10615.0,55,6040.0,65.65217391304348,2.327186424292547,55,10247.0,0.08544475198879214,55,10247.0
10620.0,53,6244.0,69.37777777777778,2.702034745590475,53,10464.0,0.12348079794207605,53,10464.0
10625.0,60,6529.0,72.54444444444445,2.7904178438682083,60,10741.0,0.0899346857218891,60,10741.0
10630.0,67,6847.0,76.07777777777778,2.32265364683005,67,11059.0,0.056883046072843065,67,11059.0
10635.0,73,7197.0,83.68604651162791,1.7054682569762178,73,11409.0,0.06143528719824955,73,11409.0
10640.0,76,7572.0,87.03448275862068,1.6563092540266495,76,11784.0,0.04515454514973955,76,11784.0
10645.0,76,7952.0,92.46511627906976,1.5719894268027852,76,12164.0,0.06548967467065211,76,12164.0
10650.0,78,8334.0,94.70454545454545,1.4978265850162926,78,12546.0,0.040864322793407654,78,12546.0
10655.0,78,8724.0,101.44186046511628,1.2819473288324243,78,12936.0,0.04341629726852002,78,12936.0
10660.0,72,8846.0,98.28888888888889,1.3972025985739889,72,13015.0,0.0877186981144839,72,13015.0
10665.0,68,8800.0,97.77777777777777,1.9025883266135664,68,12838.0,0.08242835912771161,68,12838.0
10670.0,63,8824.0,91.91666666666667,2.6377828102495764,63,12472.0,0.09192358772209482,63,12472.0
10675.0,54,8780.0,95.43478260869566,2.5779257940578764,54,12748.0,0.11809988523509925,54,12748.0
10680.0,56,9030.0,98.15217391304348,2.973544000656983,56,12979.0,0.13197826110600908,56,12979.0
10685.0,62,9327.0,103.63333333333334,2.742956673127916,62,13272.0,0.07926048492440203,62,13272.0
10690.0,69,9654.0,109.70454545454545,2.1820416764105373,69,13599.0,0.06264417348675358,69,13599.0
10695.0,73,10013.0,117.8,1.7113718895026455,73,13959.0,0.07003949037500004,73,13959.0
10700.0,74,10383.0,119.34482758620689,1.6651920081485714,74,14329.0,0.06491414967917739,74,14329.0
10705.0,70,10586.0,123.09302325581395,1.8579528468866753,70,14451.0,0.0806634892654027,70,14451.0
10710.0,60,10659.0,121.125,2.364820002961477,60,14325.0,0.09833572705073754,60,14325.0
10715.0,58,10774.0,125.27906976744185,2.996336750982971,58,14169.0,0.11389439441355013,58,14169.0
10720.0,48,10921.0,126.98837209302326,2.7067136497197657,48,14334.0,0.12195066405006348,48,14334.0
10725.0,55,11184.0,133.14285714285714,2.759916641596767,55,14587.0,0.11258928209448393,55,14587.0
10730.0,61,11478.0,133.46511627906978,2.918807067758432,61,14881.0,0.1189947256622726,61,14881.0
10735.0,68,11803.0,140.51190476190476,2.2503689569555707,68,15206.0,0.07853922363695995,68,15206.0
10740.0,71,12150.0,151.875,1.3474005867748131,71,15554.0,0.06285382672000396,71,15554.0
10745.0,72,12509.0,152.5487804878049,1.547789104349976,72,15913.0,0.06598138762371086,72,15913.0
10750.0,74,12875.0,153.27380952380952,1.6294283371924914,74,16279.0,0.049134373910789,74,16279.0
10755.0,74,13245.0,155.8235294117647,1.706855974045602,74,16649.0,0.06940865483864052,74,16649.0
10760.0,69,13385.0,161.26506024096386,1.349977080583984,69,16802.0,0.0546516895905787,69,16802.0
10765.0,62,13366.0,155.41860465116278,2.187676001935109,62,16665.0,0.096768503996534,62,16665.0
10770.0,55,13417.0,156.01162790697674,2.871090521662042,55,16615.0,0.09783891796501251,55,16615.0
10775.0,53,13637.0,158.56976744186048,2.7652496825228097,53,16865.0,0.11954989743319985,53,16865.0
10780.0,59,13915.0,167.65060240963857,2.4571749680595416,59,17126.0,0.08410233058186319,59,17126.0
10785.0,64,14223.0,169.32142857142858,2.696228091052256,64,17433.0,0.057515010020167644,64,17433.0
10790.0,68,14560.0,177.5609756097561,2.403398883718373,68,17770.0,0.07660550007363058,68,17770.0
10795.0,68,14900.0,191.02564102564102,1.3374823029371563,68,18110.0,0.0480213636892204,68,18110.0
10800.0,64,15099.0,193.57692307692307,1.5879226351876612,64,18288.0,0.05602616855260613,64,18288.0
10805.0,54,15187.0,185.20731707317074,2.8407313680266437,54,18259.0,0.14048449422298412,54,18259.0
10810.0,53,15391.0,187.6951219512195,3.113470343938291,53,18282.0,0.10620488895249536,53,18282.0
10815.0,54,15646.0,186.26190476190476,2.717490184172335,54,18546.0,0.11950579837283819,54,18546.0
10820.0,60,15937.0,201.73417721518987,2.48070790296122,60,18828.0,0.08343416695171182,60,18828.0
10825.0,62,16246.0,198.1219512195122,2.9144631318162313,62,19137.0,0.08128471296017828,62,19137.0
10830.0,58,14293.0,180.9240506329114,2.7100250765770175,58,18328.0,0.09280838328879458,58,18328.0
10835.0,50,10812.0,144.16,2.340041183088634,50,16721.0,0.09633331433629526,50,16721.0
10840.0,45,7707.0,102.76,3.7229352683474946,45,14167.0,0.14576556540021948,45,14167.0
10845.0,34,4910.0,65.46666666666667,3.1390917967687058,34,14346.0,0.15007497360738195,34,14346.0
10850.0,39,3240.0,45.0,3.5840001142667024,39,14513.0,0.18200301364328753,39,14513.0
10855.0,44,3450.0,44.23076923076923,3.5931793637034253,44,14724.0,0.1425766179782213,44,14724.0
10860.0,53,3697.0,47.3974358974359,2.389382840294157,53,14972.0,0.07824331327659756,53,14972.0
10865.0,60,3984.0,49.18518518518518,2.0456857088737945,60,15259.0,0.08519312501585309,60,15259.0
10870.0,68,4307.0,53.8375,1.2816291969157807,68,15583.0,0.04852349243852883,68,15583.0
10875.0,66,4302.0,50.61176470588235,2.0773912875673948,66,15750.0,0.130981633636244,66,15750.0
10880.0,63,4167.0,49.607142857142854,1.9963629634383424,63,15757.0,0.08332254452387397,63,15757.0
10885.0,58,4354.0,48.37777777777778,3.276365108980916,58,15703.0,0.12966693616658193,58,15703.0
10890.0,58,2802.0,32.58139534883721,2.658810435188619,58,15024.0,0.1134416392411496,58,15024.0
10895.0,53,1549.0,18.223529411764705,2.30106421644008,53,13762.0,0.08892953458054315,53,13762.0
10900.0,62,1846.0,21.976190476190474,2.9903926246638233,62,12721.0,0.10506156193457915,62,12721.0
10905.0,59,2014.0,24.5609756097561,2.0652615729069286,59,12975.0,0.06363688939746423,59,12975.0
10910.0,56,2220.0,27.40740740740741,2.6435225932401325,56,13164.0,0.10257396089941428,56,13164.0
10915.0,56,2500.0,30.864197530864196,3.3202195918670383,56,13395.0,0.118355719100419,56,13395.0
10920.0,58,2783.0,35.67948717948718,3.144821811802835,58,13658.0,0.08397896083012606,58,13658.0
10925.0,58,3073.0,40.43421052631579,2.9845569147314777,58,13948.0,0.10022906628910826,58,13948.0
10930.0,55,3131.0,42.310810810810814,1.8636930754725387,55,14067.0,0.060969972405612124,55,14067.0
10935.0,48,3106.0,42.54794520547945,2.7465328689287656,48,14064.0,0.11505773010005478,48,14064.0
10940.0,48,3310.0,45.342465753424655,3.4859546699632293,48,14052.0,0.12854770889714387,48,14052.0
10945.0,46,3489.0,48.458333333333336,2.82573900042803,46,14260.0,0.11568654108371264,46,14260.0
10950.0,50,3723.0,51.0,3.4589656276592855,50,14471.0,0.1527425403131369,50,14471.0
10955.0,52,3975.0,57.608695652173914,2.948900448711962,52,14717.0,0.07630535793448613,52,14717.0
10960.0,49,3556.0,50.08450704225352,2.6249538341567753,49,13821.0,0.10283324603047783,49,13821.0
10965.0,42,2680.0,40.60606060606061,2.806947811646798,42,11900.0,0.12084799010440703,42,11900.0
10970.0,38,2008.0,28.685714285714287,4.081656744132629,38,8896.0,0.159912067242378,38,8896.0
10975.0,28,1251.0,18.954545454545453,3.639657097347469,28,9039.0,0.16461102582980588,28,9039.0
10980.0,27,729.0,11.215384615384615,4.068108606078571,27,9124.0,0.1878162937401431,27,9124.0
10985.0,34,886.0,13.029411764705882,4.357185546394005,34,9275.0,0.17455042534730128,34,9275.0
10990.0,40,1073.0,15.112676056338028,2.9714414418045605,40,9462.0,0.09920778213939516,40,9462.0
10995.0,48,1304.0,18.89855072463768,2.09685401895437,48,9693.0,0.09758438937627341,48,9693.0
11000.0,57,1571.0,21.52054794520548,1.894240018331323,57,9961.0,0.06977180145018462,57,9961.0
11005.0,62,1869.0,25.958333333333332,1.7309331225401736,62,10260.0,0.08141813793663229,62,10260.0
11010.0,62,2179.0,29.445945945945947,1.8437520588476837,62,10570.0,0.08522755182112478,62,10570.0
11015.0,58,2072.0,28.77777777777778,1.6962700147087864,58,10680.0,0.06790901222551986,58,10680.0
11020.0,48,1839.0,23.27848101265823,3.378496815202316,48,10626.0,0.16611323859176633,48,10626.0
11025.0,48,2023.0,26.61842105263158,3.6207163453460196,48,10501.0,0.1443640594681813,48,10501.0
11030.0,48,2237.0,28.67948717948718,2.9953117157409355,48,10725.0,0.13444813934131916,48,10725.0
11035.0,53,2496.0,33.729729729729726,2.8755591822317186,53,10974.0,0.09195242002292939,53,10974.0
11040.0,57,2774.0,37.486486486486484,2.7483233393261366,57,11252.0,0.06369495056806397,57,11252.0
11045.0,58,3064.0,43.15492957746479,2.4469203485572666,58,11542.0,0.08706495827725744,58,11542.0
11050.0,52,2906.0,41.51428571428571,1.6830366330894082,52,10607.0,0.08509516138138015,52,10607.0
11055.0,47,2456.0,35.08571428571429,2.732081497267403,47,8648.0,0.12702182906299808,47,8648.0
11060.0,39,2064.0,28.273972602739725,3.8048285303259552,39,5567.0,0.14768419914424877,39,5567.0
11065.0,33,1671.0,23.535211267605632,3.7010642677434276,33,5726.0,0.18680080519847897,33,5726.0
11070.0,32,1491.0,21.0,4.125141236809857,32,5851.0,0.2052376064475961,32,5851.0
11075.0,40,1671.0,23.208333333333332,3.618396549062328,40,6029.0,0.1262104355957136,40,6029.0
11080.0,46,1888.0,25.173333333333332,3.1493451519607754,46,6246.0,0.1253894579632852,46,6246.0
11085.0,55,2141.0,29.328767123287673,1.660250190080068,55,6500.0,0.06008393337464513,55,6500.0
11090.0,63,2437.0,31.243589743589745,1.8827384375120222,63,6797.0,0.11441511540767593,63,6797.0
11095.0,66,2765.0,34.5625,1.9406524177612041,66,7125.0,0.07950011267247377,66,7125.0
11100.0,62,2683.0,33.5375,1.8842954101187175,62,7236.0,0.08403492633064231,62,7236.0
11105.0,56,2401.0,29.28048780487805,2.3716506967449247,56,7166.0,0.10379973051728505,56,7166.0
11110.0,52,2537.0,30.9390243902439,2.9705615621884958,52,7036.0,0.10661832513920866,52,7036.0
11115.0,52,2759.0,32.845238095238095,3.125462508663821,52,7279.0,0.13633680629305947,52,7279.0
11120.0,55,3018.0,38.20253164556962,2.4619570142870426,55,7519.0,0.061690774587444895,55,7519.0
11125.0,61,3308.0,41.35,3.035602052347551,61,7807.0,0.08145423847087552,61,7807.0
11130.0,62,3618.0,47.60526315789474,2.457077448726353,62,8117.0,0.08154591607134491,62,8117.0
11135.0,58,3816.0,52.273972602739725,1.372703462472698,58,8277.0,0.06197262181327863,58,8277.0
11140.0,51,3968.0,53.62162162162162,2.4526623343124534,51,8335.0,0.10350363702498004,51,8335.0
11145.0,54,4229.0,54.922077922077925,3.1472397957561973,54,8441.0,0.10633064420020745,54,8441.0
11150.0,51,4439.0,59.18666666666667,2.4554529466321835,51,8680.0,0.08637174219519758,51,8680.0
11155.0,54,4698.0,62.64,2.978539528182473,54,8914.0,0.11768182169060415,54,8914.0
11160.0,54,4968.0,69.97183098591549,2.860300437998745,54,9180.0,0.07470794357359227,54,9180.0
11165.0,51,4652.0,62.86486486486486,2.7710367205944086,51,8156.0,0.12870605071265068,51,8156.0
11170.0,44,3941.0,57.11594202898551,2.5660578965871395,44,7298.0,0.11242230523246687,44,7298.0
11175.0,42,3413.0,46.12162162162162,3.824375718852624,42,5894.0,0.1484507850410387,42,5894.0
11180.0,32,2808.0,40.69565217391305,3.5874797402216827,32,6054.0,0.18421904358481306,32,6054.0
11185.0,30,2395.0,34.214285714285715,3.9217618090862696,30,6162.0,0.20778885019296514,30,6162.0
11190.0,36,2565.0,35.625,4.042374524091052,36,6329.0,0.16097899463460524,36,6329.0
11195.0,44,2771.0,36.946666666666665,2.765454543666577,44,6535.0,0.07583060710428759,44,6535.0
11200.0,53,3018.0,40.78378378378378,2.137866162723958,53,6782.0,0.08624165636485936,53,6782.0
11205.0,60,3304.0,43.473684210526315,1.5983657042810582,60,7068.0,0.08194248417872127,60,7068.0
11210.0,66,3627.0,47.723684210526315,1.7177325845595448,66,7391.0,0.0752699826942925,66,7391.0
11215.0,66,3957.0,50.08860759493671,1.9448747803594775,66,7721.0,0.08210152773278578,66,7721.0
11220.0,68,4294.0,56.5,1.4192953583065404,68,8058.0,0.050822025058611095,68,8058.0
11225.0,62,4189.0,51.71604938271605,1.6694527279254345,62,8213.0,0.08301595828320867,62,8213.0
11230.0,57,4049.0,51.25316455696203,2.152831687875113,57,8148.0,0.08555004267895383,57,8148.0
11235.0,54,4291.0,49.895348837209305,3.5584342574292624,54,8165.0,0.160645512849167,54,8165.0
11240.0,53,4511.0,55.01219512195122,2.689035834249712,53,8409.0,0.12199116692728647,53,8409.0
11245.0,58,4788.0,57.0,2.638916136694815,58,8664.0,0.09975178043618471,58,8664.0
11250.0,62,5095.0,62.13414634146341,3.1742126120192435,62,8969.0,0.08202083066448151,62,8969.0
11255.0,57,4959.0,61.9875,2.7623488067721347,57,8587.0,0.10540682230916855,57,8587.0
11260.0,51,4534.0,60.45333333333333,2.7357426022674463,51,7928.0,0.12685871291646694,51,7928.0
11265.0,42,4101.0,53.96052631578947,3.491789631434215,42,6790.0,0.1256717263864822,42,6790.0
11270.0,36,3731.0,49.74666666666667,3.445430584509098,36,6970.0,0.17501762488714026,36,6970.0
11275.0,36,3635.0,50.486111111111114,3.5846517155691924,36,7108.0,0.17841146329982724,36,7108.0
11280.0,46,3840.0,49.87012987012987,3.3234402039710322,46,7314.0,0.098537053721202,46,7314.0
11285.0,52,4085.0,51.0625,3.1633611911114103,52,7561.0,0.12083271953539954,52,7561.0
11290.0,55,4071.0,52.87012987012987,1.5254147207390474,55,7668.0,0.06817743754296798,55,7668.0
11295.0,54,4010.0,51.41025641025641,2.2361416765887934,54,7683.0,0.10632511598344487,54,7683.0
11300.0,56,4273.0,52.109756097560975,3.1181854530968036,56,7700.0,0.1056183776737083,56,7700.0
11305.0,54,4509.0,55.666666666666664,2.6780242199511552,54,7953.0,0.10266471452642056,54,7953.0
11310.0,59,4792.0,59.160493827160494,2.8441997217885553,59,8219.0,0.12436676317819001,59,8219.0
11315.0,61,5093.0,65.2948717948718,2.3960395457049177,61,8520.0,0.047447270708642436,61,8520.0
11320.0,64,5409.0,66.77777777777777,2.6246017577943683,64,8836.0,0.08192353581922446,64,8836.0
11325.0,64,5729.0,78.47945205479452,1.5402845954774436,64,9156.0,0.08007786175872639,64,9156.0
11330.0,60,5908.0,75.74358974358974,2.014376158342809,60,9370.0,0.09243515320417411,60,9370.0
11335.0,56,6113.0,80.4342105263158,2.529514970036358,56,9524.0,0.10086707725400909,56,9524.0
11340.0,59,6398.0,82.02564102564102,2.87292492082796,59,9730.0,0.07704665831004974,59,9730.0
11345.0,56,6256.0,81.24675324675324,2.5579656050897026,56,9423.0,0.0868468768399314,56,9423.0
11350.0,50,5950.0,79.33333333333333,2.824897770281032,50,8756.0,0.1167285424163898,50,8756.0
11355.0,44,5486.0,74.13513513513513,3.6881406000889783,44,7617.0,0.1321347107384833,44,7617.0
11360.0,31,4868.0,66.68493150684931,3.534241858537625,31,7750.0,0.1766864437506278,31,7750.0
11365.0,26,4673.0,65.8169014084507,3.6333011548067238,26,7809.0,0.16855737317728828,26,7809.0
11370.0,36,4838.0,63.6578947368421,4.150299544769012,36,7919.0,0.1908720628312891,36,7919.0
11375.0,42,5036.0,66.26315789473684,3.5563485722705375,42,8109.0,0.13210899123350628,42,8109.0
11380.0,52,5277.0,65.9625,3.3878758602759818,52,8350.0,0.13444702595651772,52,8350.0
11385.0,58,5553.0,72.11688311688312,1.9213521334300532,58,8627.0,0.05918556400290198,58,8627.0
11390.0,66,5875.0,74.36708860759494,2.055051102179033,66,8949.0,0.0945629820653411,66,8949.0
11395.0,60,6007.0,78.01298701298701,2.0557210261725265,60,8748.0,0.08410242992990907,60,8748.0
11400.0,51,5983.0,74.7875,2.6035632038010776,51,8351.0,0.09089555757414339,51,8351.0
11405.0,48,6010.0,77.05128205128206,3.6263486290350833,48,7617.0,0.1343594650607363,48,7617.0
11410.0,39,5980.0,77.66233766233766,3.222205444648822,39,7815.0,0.16195345018045607,39,7815.0
11415.0,38,6016.0,80.21333333333334,3.5778579932241343,38,7997.0,0.17993257629755743,38,7997.0
11420.0,44,6224.0,79.7948717948718,3.2161768495779777,44,8205.0,0.13212065623793637,44,8205.0
11425.0,49,3461.0,42.207317073170735,2.615052694858294,49,7243.0,0.115940834547907,49,7243.0
11430.0,45,1147.0,13.654761904761905,3.063069808999799,45,5093.0,0.14100962017644764,45,5093.0
11435.0,55,1303.0,15.698795180722891,3.108708957907135,55,3779.0,0.120741663517536,55,3779.0
11440.0,58,1563.0,18.83132530120482,2.334816545157542,58,4052.0,0.09104122771853328,58,4052.0
11445.0,62,1869.0,23.074074074074073,2.3085610519757753,62,4345.0,0.0708227554864778,62,4345.0
11450.0,64,2188.0,26.36144578313253,2.7797324723315353,64,4664.0,0.1270614532402577,64,4664.0
11455.0,64,2508.0,31.35,2.020573783257017,64,4984.0,0.07610369385163394,64,4984.0
11460.0,60,2199.0,28.192307692307693,1.825139428097283,60,5072.0,0.08434427265054611,60,5072.0
11465.0,52,1845.0,23.0625,2.683517243200496,52,4955.0,0.11744964387096261,52,4955.0
11470.0,50,1968.0,24.6,3.184683199258512,50,4825.0,0.11929342635909562,50,4825.0
11475.0,54,2229.0,27.8625,3.802516611155054,54,4800.0,0.1572356190285148,54,4800.0
11480.0,49,2429.0,32.82432432432432,2.6315517766559684,49,5005.0,0.09241527596622319,49,5005.0
11485.0,53,2668.0,35.57333333333333,2.9141095539828203,53,5221.0,0.1219263804530614,53,5221.0
11490.0,54,2937.0,40.791666666666664,2.9507050923449913,54,5477.0,0.07991684325525945,54,5477.0
11495.0,50,2880.0,40.0,2.3594758656967056,50,5259.0,0.06942254297422085,50,5259.0
11500.0,52,3065.0,43.785714285714285,2.8343336846187737,52,4990.0,0.10396805753196606,52,4990.0
11505.0,53,3326.0,47.51428571428571,2.3685873092376517,53,5181.0,0.08091365410985318,53,5181.0
11510.0,52,3537.0,52.01470588235294,1.6599092692757924,52,5424.0,0.04495157033425485,52,5424.0
11515.0,50,3779.0,55.5735294117647,2.8001321226993023,50,5638.0,0.11328872269041321,50,5638.0
11520.0,51,4032.0,59.294117647058826,3.294934909939273,51,5887.0,0.07477855176937583,51,5887.0
11525.0,52,4290.0,60.42253521126761,3.5430827182901954,52,6145.0,0.120770188804307,52,6145.0
11530.0,53,4551.0,70.01538461538462,2.3434165900775854,53,6406.0,0.09750565885770857,53,6406.0
11535.0,56,4823.0,73.07575757575758,1.884199049103969,56,6678.0,0.1003910894851817,56,6678.0
11540.0,56,5103.0,77.31818181818181,1.7162098864178428,56,6958.0,0.07004135033387245,56,6958.0
11545.0,52,5006.0,71.51428571428572,1.8105574982087007,52,7065.0,0.10029510795344154,52,7065.0
11550.0,46,4859.0,71.45588235294117,2.5053122264794006,46,7043.0,0.12035367324745933,46,7043.0
11555.0,45,5065.0,70.34722222222223,3.2320314885555987,45,6968.0,0.11699676713109439,45,6968.0
11560.0,44,5238.0,73.77464788732394,2.9295072858280897,44,7173.0,0.11869883189495918,44,7173.0
11565.0,47,5456.0,76.84507042253522,3.3307157199604065,47,7366.0,0.1353801595481806,47,7366.0
11570.0,50,5698.0,83.79411764705883,3.3320308985948035,50,7601.0,0.10073571886428849,50,7601.0
11575.0,50,5948.0,87.47058823529412,3.234116514579878,50,7851.0,0.12044052151122919,50,7851.0
11580.0,45,6083.0,96.55555555555556,2.4323217155817694,45,7996.0,0.07492899625104774,45,7996.0
11585.0,40,6228.0,95.81538461538462,3.4059908898865308,40,8080.0,0.1601538377633272,40,8080.0
11590.0,44,6437.0,103.8225806451613,3.455417473494049,44,8231.0,0.11701995003136782,44,8231.0
11595.0,41,6629.0,98.94029850746269,3.683598159839865,41,8429.0,0.17336895868459873,41,8429.0
11600.0,42,6839.0,110.30645161290323,3.6956509999684566,42,8630.0,0.1622331619995134,42,8630.0
11605.0,42,7049.0,110.140625,3.6423887475641417,42,8840.0,0.14161957762775176,42,8840.0
11610.0,46,7277.0,121.28333333333333,3.0932442522665857,46,9068.0,0.11239246710683698,46,9068.0
11615.0,46,7507.0,125.11666666666666,2.7435647104233793,46,9298.0,0.11768099313329576,46,9298.0
11620.0,44,7660.0,132.06896551724137,2.0858645525961963,44,9478.0,0.11275191529384065,44,9478.0
11625.0,44,7880.0,135.86206896551724,2.658562683616192,44,9671.0,0.11927042468904694,44,9671.0
11630.0,47,8107.0,130.75806451612902,2.85463340175223,47,9898.0,0.1033664967121518,47,9898.0
11635.0,42,8287.0,138.11666666666667,2.462555362085744,42,10099.0,0.11713067492931255,42,10099.0
11640.0,42,8497.0,141.61666666666667,3.21072105833864,42,10288.0,0.1245929765284058,42,10288.0
11645.0,44,8713.0,140.53225806451613,3.9134349544771774,44,10504.0,0.11673345154437062,44,10504.0
11650.0,44,8933.0,151.40677966101694,3.036873922515094,44,10724.0,0.0916476500755087,44,10724.0
11655.0,42,9127.0,162.98214285714286,2.5807828073839523,42,10919.0,0.11493108348793407,42,10919.0
11660.0,45,9345.0,166.875,2.28302606133457,45,11136.0,0.10726710280849949,45,11136.0
11665.0,46,9574.0,159.56666666666666,3.0462635674642047,46,11365.0,0.13267872983643336,46,11365.0
11670.0,48,9808.0,160.78688524590163,2.512402361547038,48,11599.0,0.12997897918793727,48,11599.0
11675.0,44,9976.0,172.0,1.0498080520836859,44,11806.0,0.06218164346689751,44,11806.0
11680.0,46,10190.0,159.21875,2.808470083372917,46,11991.0,0.13534451618851417,46,11991.0
11685.0,46,10420.0,162.8125,3.5754550657462643,46,12211.0,0.10420834633869314,46,12211.0
11690.0,42,8976.0,136.0,3.074180657689503,42,11553.0,0.11147420447622892,42,11553.0
11695.0,36,6439.0,109.13559322033899,3.272783231779176,36,10258.0,0.15624854967157248,36,10258.0
11700.0,30,4416.0,71.2258064516129,4.339749389713458,30,8204.0,0.1585570420398506,30,8204.0
11705.0,23,2323.0,39.3728813559322,4.101491799878259,23,8312.0,0.20315265555999815,23,8312.0
11710.0,20,784.0,13.517241379310345,4.454180584071217,20,8367.0,0.23619177813990905,20,8367.0
11715.0,28,904.0,14.819672131147541,4.599157002113545,28,8479.0,0.19606690636537796,28,8479.0
11720.0,34,1059.0,16.546875,3.9995232933737888,34,8635.0,0.15575512082928258,34,8635.0
11725.0,42,1250.0,19.53125,2.647312466409982,42,8826.0,0.12055793146285293,42,8826.0
11730.0,50,1486.0,22.17910447761194,2.4267388909526444,50,9062.0,0.08721987286303591,50,9062.0
11735.0,54,1748.0,27.3125,1.7304119578756092,54,9327.0,0.0697729498241068,54,9327.0
11740.0,56,2024.0,28.914285714285715,2.4545058477832313,56,9603.0,0.11935275472545952,56,9603.0
11745.0,56,2304.0,33.88235294117647,2.028697779758719,56,9883.0,0.09552525204380038,56,9883.0
11750.0,53,2227.0,31.366197183098592,1.704858757580076,53,10020.0,0.10459565909344347,53,10020.0
11755.0,50,2311.0,33.01428571428571,2.429495475967831,50,10060.0,0.11900872305566078,50,10060.0
11760.0,50,2561.0,34.608108108108105,3.2398981757887944,50,10153.0,0.10346025514963773,50,10153.0
11765.0,50,2770.0,38.47222222222222,2.660659580774476,50,10391.0,0.09648501400231098,50,10391.0
11770.0,50,3011.0,41.81944444444444,3.1223787075475116,50,10611.0,0.12082017855220872,50,10611.0
11775.0,52,3264.0,45.971830985915496,3.4294726409118748,52,10856.0,0.09906344061554151,52,10856.0
11780.0,46,3076.0,44.57971014492754,2.908182187453493,46,10218.0,0.12363914738449164,46,10218.0
11785.0,40,2591.0,39.86153846153846,2.9894700586744576,40,8941.0,0.14153962214288984,40,8941.0
11790.0,34,2238.0,32.911764705882355,4.431393493865206,34,6907.0,0.1883986806048127,34,6907.0
11795.0,25,1739.0,27.171875,3.7899305555191805,25,7031.0,0.1759491803076111,25,7031.0
11800.0,26,1536.0,24.774193548387096,4.13884705159297,26,7128.0,0.2053386007388942,26,7128.0
11805.0,33,1687.0,25.953846153846154,4.275547083435231,33,7278.0,0.16575645409386028,33,7278.0
11810.0,41,1876.0,26.055555555555557,3.7818947449887284,41,7468.0,0.19312122875651008,41,7468.0
11815.0,48,2101.0,30.014285714285716,2.5830950048942065,48,7693.0,0.11666949365692023,48,7693.0
11820.0,59,2367.0,32.875,1.7891287664248543,59,7960.0,0.08258393246929761,59,7960.0
11825.0,56,2495.0,34.65277777777778,1.5959694446136918,56,7462.0,0.08805238490753282,56,7462.0
11830.0,51,2532.0,34.21621621621622,2.2336921567633365,51,6267.0,0.08668551082047851,51,6267.0
11835.0,47,2559.0,33.23376623376623,3.685147767761417,47,4689.0,0.1521281153190528,47,4689.0
11840.0,35,2507.0,34.81944444444444,2.6747465241126758,35,4503.0,0.10698345935508204,35,4503.0
11845.0,34,2555.0,34.527027027027025,3.8335246627641943,34,4637.0,0.20548300444112436,34,4637.0
11850.0,42,2754.0,37.21621621621622,3.717121459276082,42,4827.0,0.15103394209505658,42,4827.0
11855.0,50,2986.0,38.77922077922078,2.64006543469664,50,5059.0,0.09797232356093417,50,5059.0
11860.0,56,3255.0,42.27272727272727,1.870790900234904,56,5329.0,0.08461409428123787,56,5329.0
11865.0,63,3558.0,44.475,1.405329492196699,63,5632.0,0.07047803196311872,63,5632.0
11870.0,70,3901.0,48.160493827160494,1.531954877241293,70,5975.0,0.07112511336311332,70,5975.0
11875.0,65,3606.0,43.97560975609756,1.3686335016076137,65,6084.0,0.07285315417507368,65,6084.0
11880.0,60,3217.0,39.71604938271605,2.0749263686430557,60,5977.0,0.08597724628378019,60,5977.0
11885.0,55,3314.0,37.65909090909091,3.335169944948475,55,5777.0,0.13708424991133655,55,5777.0
11890.0,54,3532.0,42.04761904761905,2.5334176863870796,54,6028.0,0.10612368647957451,54,6028.0
11895.0,57,3795.0,44.64705882352941,2.605000477921033,57,6269.0,0.11533002129384862,57,6269.0
11900.0,62,4097.0,49.96341463414634,2.574391483704291,62,6560.0,0.059099071233856444,62,6560.0
11905.0,61,4333.0,51.583333333333336,2.3699295083765564,61,6727.0,0.08953103480415435,61,6727.0
11910.0,54,4530.0,57.34177215189873,2.67610041108779,54,6787.0,0.11226371235480646,54,6787.0
11915.0,54,4800.0,60.0,3.1260498580124647,54,6891.0,0.10192272049032354,54,6891.0
11920.0,55,5025.0,64.42307692307692,2.5099440302565905,55,7146.0,0.09155635911790332,55,7146.0
11925.0,56,5296.0,68.77922077922078,2.4924824755191346,56,7393.0,0.09776172571514814,56,7393.0
11930.0,58,5580.0,72.46753246753246,3.0650484526680732,58,7671.0,0.08763404703576803,58,7671.0
11935.0,58,5870.0,76.23376623376623,2.946677865120352,58,7961.0,0.10095536183112488,58,7961.0
11940.0,54,6041.0,85.08450704225352,2.0361881483891975,54,8188.0,0.06371918712569634,54,8188.0
11945.0,51,6271.0,84.74324324324324,3.14254917518887,51,8359.0,0.13561626351031494,51,8359.0
11950.0,53,6532.0,92.0,2.9110535777851942,53,8593.0,0.09849139839450587,53,8593.0
11955.0,50,6763.0,90.17333333333333,3.175099726737968,50,8837.0,0.14073399512130425,50,8837.0
11960.0,50,7013.0,98.77464788732394,3.1193352864594814,50,9074.0,0.1291187292043866,50,9074.0
11965.0,52,7270.0,99.58904109589041,3.357666833602544,52,9331.0,0.1355616412690433,52,9331.0
11970.0,54,7540.0,109.27536231884058,2.6797284387418956,54,9601.0,0.09152907845248817,54,9601.0
11975.0,48,7009.0,103.07352941176471,2.45263902186012,48,8871.0,0.1190581276531966,48,8871.0
11980.0,43,5933.0,89.89393939393939,2.7373971010506044,43,8207.0,0.13168954672024719,43,8207.0
11985.0,36,5107.0,75.1029411764706,3.9519108359870927,36,7086.0,0.15379923063249787,36,7086.0
11990.0,29,1963.0,29.29850746268657,3.7931087741705762,29,6341.0,0.19767082787349585,29,6341.0
11995.0,21,232.0,3.6825396825396823,3.9975822051854486,21,5060.0,0.22967283002620328,21,5060.0
12000.0,31,363.0,5.338235294117647,3.9762047888406213,31,4163.0,0.15858719305191135,31,4163.0
12005.0,37,409.0,5.76056338028169,2.806820329637258,37,4294.0,0.10703009913446324,37,4294.0
12010.0,37,513.0,7.125,2.996414447557907,37,4397.0,0.11738052324836838,37,4397.0
12015.0,45,722.0,10.027777777777779,3.327983921285613,45,4535.0,0.10050679455666518,45,4535.0
12020.0,50,963.0,13.375,3.8925977484622822,50,4765.0,0.11941819539516937,50,4765.0
12025.0,47,1014.0,14.28169014084507,3.3313025558637714,47,4503.0,0.13586286034460626,47,4503.0
12030.0,40,936.0,13.565217391304348,3.55302452152288,40,3989.0,0.16500016894650066,40,3989.0
12035.0,33,873.0,13.430769230769231,3.869407373628471,33,3095.0,0.15834654591481148,33,3095.0
12040.0,28,753.0,10.757142857142858,4.193175775103656,28,3219.0,0.19715597782092054,28,3219.0
12045.0,27,751.0,12.112903225806452,3.6493250330913747,27,3310.0,0.17260026763544736,27,3310.0
12050.0,33,906.0,12.942857142857143,4.374666244861372,33,3457.0,0.18214197838126348,33,3457.0
12055.0,41,1096.0,15.884057971014492,3.1910328718457466,41,3647.0,0.11961675021568705,41,3647.0
12060.0,50,1331.0,19.014285714285716,2.4225776499540586,50,3882.0,0.06890410570729238,50,3882.0
12065.0,55,1598.0,22.82857142857143,1.8857330428204488,55,4150.0,0.08482790982175697,55,4150.0
12070.0,62,1895.0,27.071428571428573,1.42678179605375,62,4447.0,0.06656284275433705,62,4447.0
12075.0,62,2205.0,30.625,1.7491364707178054,62,4757.0,0.08079642873767645,62,4757.0
12080.0,57,1900.0,26.027397260273972,1.1433279141382389,57,4832.0,0.06570570586119495,57,4832.0
12085.0,53,1627.0,21.69333333333333,2.423217054803619,53,4727.0,0.11364203377071426,53,4727.0
12090.0,47,1723.0,22.08974358974359,3.3463898272079895,47,4558.0,0.12427162717876912,47,4558.0
12095.0,44,1902.0,25.7027027027027,2.8976968096102707,44,4765.0,0.12497834184605663,44,4765.0
12100.0,49,2128.0,27.28205128205128,3.2501203225924034,49,4969.0,0.14591185070946353,49,4969.0
12105.0,54,2391.0,32.310810810810814,3.2912248310023524,54,5226.0,0.10547501421087371,54,5226.0
12110.0,57,2668.0,35.10526315789474,3.0846258778969333,57,5503.0,0.08430339685384354,57,5503.0
12115.0,58,2958.0,41.66197183098591,2.3249769493634793,58,5793.0,0.0800732615333429,58,5793.0
12120.0,55,3115.0,44.5,1.5586363754083348,55,5938.0,0.07857754754811672,55,5938.0
12125.0,48,3203.0,45.75714285714286,2.6197014104067775,48,5973.0,0.12191266998204106,48,5973.0
12130.0,49,3444.0,46.54054054054054,3.2138240283386303,49,6042.0,0.1053521469206257,49,6042.0
12135.0,48,3637.0,49.821917808219176,2.708501342594425,48,6265.0,0.10162179788425134,48,6265.0
12140.0,50,3873.0,53.791666666666664,3.3141126482884813,50,6477.0,0.14089939119584127,50,6477.0
12145.0,52,4126.0,58.94285714285714,3.3007271676184726,52,6724.0,0.0953272119922836,52,6724.0
12150.0,46,3727.0,54.01449275362319,3.163041559229075,46,6401.0,0.14172862256043636,46,6401.0
12155.0,39,2885.0,45.078125,2.7362593250778353,39,5562.0,0.11337235357343076,39,5562.0
12160.0,35,2244.0,34.0,4.081031053180506,35,4204.0,0.15784738536200027,35,4204.0
12165.0,25,1407.0,22.333333333333332,3.804313251786923,25,4261.0,0.18719141725369084,25,4261.0
12170.0,21,843.0,12.772727272727273,4.69192432919496,21,4247.0,0.24673371411261114,21,4247.0
12175.0,32,984.0,14.470588235294118,4.675730838782023,32,4325.0,0.22192730261207866,32,4325.0
12180.0,32,1014.0,14.28169014084507,2.883968060446315,32,4441.0,0.10294511970742444,32,4441.0
12185.0,38,1114.0,15.472222222222221,3.3148824833336294,38,4522.0,0.12816807730214835,38,4522.0
12190.0,44,1318.0,18.305555555555557,3.676969309383912,44,4669.0,0.12949205416082474,44,4669.0
12195.0,50,1554.0,21.583333333333332,4.051211921335539,50,4897.0,0.12972321677550486,50,4897.0
12200.0,48,1757.0,27.03076923076923,2.6800360877023044,48,5108.0,0.091435919536718,48,5108.0
12205.0,50,2003.0,30.348484848484848,2.732917361857702,50,5346.0,0.09786770397646485,50,5346.0
12210.0,52,2263.0,35.359375,2.1283752104541787,52,5606.0,0.0760122763565031,52,5606.0
12215.0,55,2532.0,38.95384615384615,1.7776657731873287,55,5875.0,0.07653476150493883,55,5875.0
12220.0,50,2704.0,42.25,1.4675321047614527,50,6107.0,0.06093262958615569,50,6107.0
12225.0,46,2905.0,43.35820895522388,2.9264726659956373,46,6283.0,0.13117965493244887,46,6283.0
12230.0,48,3137.0,46.13235294117647,3.3873087934246313,48,6481.0,0.09821891730619614,48,6481.0
12235.0,44,2969.0,43.661764705882355,2.9340985045552883,44,6069.0,0.10227434847349348,44,6069.0
12240.0,38,2527.0,40.75806451612903,2.9556355330954602,38,5491.0,0.11873831749132686,38,5491.0
12245.0,32,2200.0,32.35294117647059,4.603587684026695,32,4501.0,0.2003104926586088,32,4501.0
12250.0,25,1741.0,27.634920634920636,3.795999975882884,25,4605.0,0.18857294039926667,25,4605.0
12255.0,33,1581.0,24.323076923076922,3.8265636368510565,33,4732.0,0.18241366476486648,33,4732.0
12260.0,38,1759.0,26.651515151515152,2.779889872155474,38,4910.0,0.12329797088161723,38,4910.0
12265.0,41,1796.0,25.295774647887324,2.1682190284950247,41,5055.0,0.12599293499687833,41,5055.0
12270.0,42,1853.0,25.73611111111111,2.022040037115515,42,5155.0,0.07842362444302577,42,5155.0
12275.0,46,2055.0,26.346153846153847,3.532979445253936,46,5270.0,0.13472112789829935,46,5270.0
12280.0,52,2302.0,31.10810810810811,3.378552686661997,52,5468.0,0.12201030410751688,52,5468.0
12285.0,52,2562.0,34.62162162162162,3.6299160228009177,52,5716.0,0.13198251566112978,52,5716.0
12290.0,49,2752.0,38.22222222222222,2.997028570474495,49,5927.0,0.09768009394486207,49,5927.0
12295.0,50,3002.0,43.507246376811594,2.951228354042751,50,6156.0,0.11365113606050382,50,6156.0
12300.0,53,3262.0,49.42424242424242,2.3504993667389424,53,6416.0,0.07995472088938954,53,6416.0
12305.0,50,3206.0,47.14705882352941,2.250301634442479,50,6185.0,0.10346288727606485,50,6185.0
12310.0,42,2931.0,44.40909090909091,3.0778662136154327,42,5322.0,0.12258796275581214,42,5322.0
12315.0,37,2741.0,38.06944444444444,4.223659852093572,37,4439.0,0.1912151191123524,37,4439.0
12320.0,27,2351.0,35.08955223880597,4.0975880065973,27,4546.0,0.2204591589098106,27,4546.0
12325.0,23,2141.0,31.485294117647058,4.159305514633251,23,4573.0,0.22324373482562004,23,4573.0
12330.0,29,2269.0,33.36764705882353,4.477945958529889,29,4625.0,0.20763366974919095,29,4625.0
12335.0,32,2348.0,31.72972972972973,3.2240862083598736,32,4327.0,0.1487511494835527,32,4327.0
12340.0,37,2431.0,33.763888888888886,2.890698163918823,37,4013.0,0.12946027132377597,37,4013.0
12345.0,39,2565.0,35.136986301369866,3.3035322823133533,39,3501.0,0.12568639574148435,39,3501.0
12350.0,35,2625.0,34.53947368421053,3.9021657389372084,35,3648.0,0.18150113643516883,35,3648.0
12355.0,27,2661.0,38.01428571428571,3.886826762433608,27,3725.0,0.1893972489528975,27,3725.0
12360.0,34,2814.0,38.027027027027025,3.9667780849078085,34,3829.0,0.16225682754951407,34,3829.0
12365.0,42,3011.0,39.103896103896105,4.002713676466497,42,4014.0,0.14616920882732448,42,4014.0
12370.0,50,3243.0,42.671052631578945,2.985380416059182,50,4246.0,0.0805291701358384,50,4246.0
12375.0,58,3515.0,47.5,2.172080171779679,58,4519.0,0.073498018237548,58,4519.0
12380.0,62,3818.0,53.02777777777778,1.5704337659597825,62,4823.0,0.06977891902397113,62,4823.0
12385.0,58,3930.0,51.71052631578947,2.358926868501069,58,4828.0,0.12198636321072213,58,4828.0
12390.0,50,3927.0,51.0,2.947858155188473,50,4750.0,0.15084693836864446,50,4750.0
12395.0,45,3886.0,51.13157894736842,3.422742808254146,45,4486.0,0.12069974462204605,45,4486.0
12400.0,39,3833.0,50.43421052631579,3.1614627394657497,39,4682.0,0.1623279246042955,39,4682.0
12405.0,40,3925.0,54.513888888888886,3.0363996535068534,40,4856.0,0.14281342882116183,40,4856.0
12410.0,46,4144.0,51.8,3.357387491094208,46,5074.0,0.15748361090304808,46,5074.0
12415.0,53,4396.0,54.95,2.1994136982954036,53,5326.0,0.08396010693636674,53,5326.0
12420.0,62,4690.0,58.625,1.4436067142252116,62,5620.0,0.07266785676332917,62,5620.0
12425.0,68,5016.0,60.433734939759034,1.466538454314813,68,5947.0,0.06509155067625237,68,5947.0
12430.0,74,5372.0,62.46511627906977,1.6821757875766374,74,6303.0,0.0537986743679771,74,6303.0
12435.0,74,5742.0,68.35714285714286,1.540534497659515,74,6673.0,0.06840964302587456,74,6673.0
12440.0,68,5425.0,61.64772727272727,1.6369220067896533,68,6786.0,0.059930886598995724,68,6786.0
12445.0,63,5046.0,58.674418604651166,2.220756919459688,63,6686.0,0.10071587384550322,63,6686.0
12450.0,55,5143.0,57.78651685393258,2.916063852995771,55,6488.0,0.10304928711860777,55,6488.0
12455.0,54,5382.0,62.58139534883721,2.855523885036544,54,6747.0,0.11776924817003141,54,6747.0
12460.0,58,5662.0,64.3409090909091,2.7866475651407865,58,7010.0,0.12704095709650795,58,7010.0
12465.0,64,5971.0,70.24705882352941,2.276498996405093,64,7317.0,0.053778416121151716,64,7317.0
12470.0,70,6316.0,72.59770114942529,2.429965347286378,70,7662.0,0.10265583896103994,70,7662.0
12475.0,70,6666.0,82.29629629629629,1.562901071704724,70,8012.0,0.06274775628910358,70,8012.0
12480.0,72,7022.0,83.5952380952381,1.7022075953184672,72,8368.0,0.06471754170730988,72,8368.0
12485.0,66,7208.0,86.8433734939759,1.7425991820178877,66,8541.0,0.08003194719668201,66,8541.0
12490.0,58,7279.0,85.63529411764706,2.358313972071998,58,8507.0,0.08718188048757186,58,8507.0
12495.0,59,7536.0,88.65882352941176,3.3308556937805194,59,8587.0,0.1318940737118893,59,8587.0
12500.0,57,7792.0,91.67058823529412,2.3602783599426123,57,8860.0,0.09559327634651564,57,8860.0
12505.0,63,8092.0,97.49397590361446,2.5179598113803245,63,9143.0,0.0967977945562018,63,9143.0
12510.0,64,8412.0,101.34939759036145,2.9419737585182575,64,9463.0,0.11366011200483515,64,9463.0
12515.0,64,8732.0,110.53164556962025,2.3288420117487894,64,9783.0,0.06271364193154338,64,9783.0
12520.0,60,8335.0,106.85897435897436,1.9798253127667982,60,9702.0,0.08907323664898327,60,9702.0
12525.0,53,7455.0,98.09210526315789,2.316874683585689,53,9217.0,0.09001958149798422,53,9217.0
12530.0,47,6690.0,81.58536585365853,3.774983183680913,47,8719.0,0.16221902055769616,47,8719.0
12535.0,38,5861.0,75.14102564102564,3.280344721228717,38,8914.0,0.1729136388932701,38,8914.0
12540.0,42,5609.0,74.78666666666666,3.19617202574605,42,9078.0,0.15961915839524474,42,9078.0
12545.0,48,5835.0,71.15853658536585,3.444146315260751,48,9301.0,0.13308198746961522,48,9301.0
12550.0,56,6098.0,73.46987951807229,2.3018873731136704,56,9564.0,0.08644290162262237,56,9564.0
12555.0,65,6402.0,75.31764705882352,1.979795784676709,65,9868.0,0.07581527350619327,65,9868.0
12560.0,71,6741.0,80.25,1.3131244233483739,71,10208.0,0.03892601740700298,71,10208.0
12565.0,76,7111.0,80.80681818181819,1.7437125579536863,76,10580.0,0.06820964101683462,76,10580.0
12570.0,76,7491.0,87.1046511627907,1.3435569199800241,76,10960.0,0.054486897471528496,76,10960.0
12575.0,72,7427.0,86.36046511627907,0.9071529765172633,72,11141.0,0.0616914060755247,72,11141.0
12580.0,66,7176.0,81.54545454545455,1.8782946031161245,66,11125.0,0.08703038391262223,66,11125.0
12585.0,62,7364.0,80.04347826086956,2.6747622217633067,62,11023.0,0.08782724945495704,62,11023.0
12590.0,60,7616.0,84.62222222222222,2.4947461659204535,60,11309.0,0.10832685199758478,60,11309.0
12595.0,63,7911.0,86.93406593406593,2.4822128184750567,63,11579.0,0.09626249367052321,63,11579.0
12600.0,68,8244.0,95.86046511627907,2.276748561858126,68,11903.0,0.05011761151724211,68,11903.0
12605.0,64,8174.0,90.82222222222222,2.5543738074768867,64,11806.0,0.11626631230939603,64,11806.0
12610.0,58,7826.0,92.07058823529412,2.290852740660186,58,11277.0,0.08049285038150761,58,11277.0
12615.0,55,7548.0,85.77272727272727,3.372149621750003,55,10343.0,0.12900864178694585,55,10343.0
12620.0,45,7255.0,86.36904761904762,2.822147307950697,45,10573.0,0.11805297831172075,45,10573.0
12625.0,45,7160.0,85.23809523809524,3.2857333335762915,45,10751.0,0.16136970600402964,45,10751.0
12630.0,51,7406.0,86.11627906976744,3.1935799601489077,51,10992.0,0.11885644405523779,51,10992.0
12635.0,59,7682.0,86.31460674157303,2.546183325097978,59,11268.0,0.08625662472329686,59,11268.0
12640.0,67,8002.0,91.97701149425288,1.6877963877777185,67,11588.0,0.07390760136731209,67,11588.0
12645.0,75,8356.0,92.84444444444445,1.3728077945671402,75,11945.0,0.06213095722104893,75,11945.0
12650.0,80,8748.0,97.2,1.434923972864013,80,12338.0,0.0643042738079413,80,12338.0
12655.0,76,8764.0,93.23404255319149,1.6280727917769215,76,12496.0,0.07366430273655553,76,12496.0
12660.0,70,8553.0,95.03333333333333,1.8133424816180561,70,12466.0,0.0748177170480226,70,12466.0
12665.0,63,8692.0,90.54166666666667,2.793228566319852,63,12369.0,0.1041449039320212,63,12369.0
12670.0,62,8957.0,97.3586956521739,2.4553672343608155,62,12664.0,0.10718580160330222,62,12664.0
12675.0,67,9267.0,97.54736842105264,2.812009164113952,67,12946.0,0.12817132099261044,67,12946.0
12680.0,71,9615.0,104.51086956521739,2.5328659798217843,71,13292.0,0.06812733249944139,71,13292.0
12685.0,76,9988.0,107.39784946236558,2.33162161485355,76,13665.0,0.09891350412178468,76,13665.0
12690.0,76,10368.0,117.81818181818181,1.656780383345663,76,14045.0,0.06341567293577892,76,14045.0
12695.0,71,10606.0,119.1685393258427,1.5375784270936799,71,14254.0,0.08009416313536433,71,14254.0
12700.0,66,10747.0,122.125,2.0403742470046398,66,14333.0,0.09833399635910006,66,14333.0
12705.0,64,11054.0,122.82222222222222,2.841399990411221,64,14419.0,0.10268952466408052,64,14419.0
12710.0,64,11332.0,125.91111111111111,2.4039613310379755,64,14720.0,0.09319978765299028,64,14720.0
12715.0,67,11655.0,133.9655172413793,2.2505383882004226,67,15024.0,0.08230684507335552,67,15024.0
12720.0,68,11995.0,139.47674418604652,2.405856076200488,68,15360.0,0.050473923071675184,68,15360.0
12725.0,70,12344.0,141.88505747126436,2.5239930676488207,70,15709.0,0.09856652755732943,70,15709.0
12730.0,64,12040.0,148.64197530864197,1.3980528663980574,64,15429.0,0.059933185849860716,64,15429.0
12735.0,58,11303.0,137.84146341463415,2.3534309226745127,58,14330.0,0.09397754611907257,58,14330.0
12740.0,51,10656.0,126.85714285714286,3.238585957024461,51,13484.0,0.12543081159414368,51,13484.0
12745.0,43,10048.0,121.06024096385542,3.2693236587911767,43,13424.0,0.16385094678705014,43,13424.0
12750.0,43,9756.0,118.97560975609755,3.4422324710818097,43,13612.0,0.17835590035968074,43,13612.0
12755.0,53,10001.0,119.05952380952381,2.852163962217894,53,13857.0,0.09150968895584409,53,13857.0
12760.0,60,10285.0,114.27777777777777,2.6361897915576087,60,14141.0,0.09367648138226409,60,14141.0
12765.0,66,10602.0,124.72941176470589,1.1667422080741359,66,14460.0,0.05251471558764263,66,14460.0
12770.0,70,10607.0,117.85555555555555,1.1331275626768622,70,14656.0,0.07340120609418042,70,14656.0
12775.0,68,10559.0,117.32222222222222,1.6803684869035702,68,14729.0,0.0683766343796939,68,14729.0
12780.0,68,10873.0,115.67021276595744,2.519508017790704,68,14808.0,0.08597838739149066,68,14808.0
12785.0,70,11221.0,120.65591397849462,2.8753042445937123,70,15012.0,0.09981357324700355,70,15012.0
12790.0,67,11477.0,124.75,2.2306949761283725,67,15304.0,0.07368126968090513,67,15304.0
12795.0,66,11774.0,132.2921348314607,2.4969816085141887,66,15578.0,0.08397371528491442,66,15578.0
12800.0,66,12104.0,137.54545454545453,2.8819706383621604,66,15880.0,0.10835007110912129,66,15880.0
12805.0,66,12434.0,146.28235294117647,2.581178705935951,66,16206.0,0.07624391483569062,66,16206.0
12810.0,63,12389.0,149.26506024096386,2.0102242006119706,63,15858.0,0.08555274349640193,63,15858.0
12815.0,57,12148.0,149.97530864197532,2.467144375844497,57,15252.0,0.08832706495725826,57,15252.0
12820.0,51,11898.0,138.34883720930233,3.5205553738680146,51,14185.0,0.14218379846486942,51,14185.0
12825.0,41,11621.0,141.71951219512195,3.2641015463095298,41,14389.0,0.1533651577887647,41,14389.0
12830.0,42,11485.0,140.0609756097561,3.367336094073595,42,14556.0,0.17889210978145112,42,14556.0
12835.0,47,11710.0,139.4047619047619,3.5251879299196083,47,14778.0,0.1407240767503298,47,14778.0
12840.0,56,11968.0,136.0,2.499900286255313,56,15036.0,0.08618292765690824,56,15036.0
12845.0,64,12269.0,144.34117647058824,1.639916401792222,64,15342.0,0.07289595669068585,64,15342.0
12850.0,71,12606.0,141.64044943820224,1.4351225938562804,71,15684.0,0.07001836473803114,71,15684.0
12855.0,78,12986.0,145.91011235955057,1.5330693963511581,78,16064.0,0.06585274057128407,78,16064.0
12860.0,78,13376.0,145.3913043478261,1.7621248409927137,78,16454.0,0.07072288610494108,78,16454.0
12865.0,75,13363.0,145.25,1.8025424464606004,75,16696.0,0.07585777769787516,75,16696.0
12870.0,65,13431.0,142.88297872340425,2.6022464546759667,65,16786.0,0.11478405415609183,65,16786.0
12875.0,68,13764.0,151.25274725274724,2.5962311744207094,68,16890.0,0.08012764976510245,68,16890.0
12880.0,66,14069.0,154.6043956043956,2.263929240376922,66,17209.0,0.08712324989826958,66,17209.0
12885.0,70,14413.0,161.9438202247191,2.5076594578215383,70,17539.0,0.08987142389992209,70,17539.0
12890.0,71,14765.0,162.25274725274724,2.837519480482236,71,17891.0,0.10752689680491075,71,17891.0
12895.0,73,15127.0,169.96629213483146,2.2218264847162175,73,18253.0,0.06750724005691697,73,18253.0
12900.0,74,15497.0,182.31764705882352,1.4133667666117404,74,18623.0,0.05765299156704708,74,18623.0
12905.0,72,15412.0,179.2093023255814,1.385598422899742,72,18400.0,0.07580081163878667,72,18400.0
12910.0,64,15018.0,170.6590909090909,2.2242968371617824,64,17561.0,0.08541350876144901,64,17561.0
12915.0,59,14692.0,161.45054945054946,3.3459582118829965,59,16715.0,0.1344013478133482,59,16715.0
12920.0,50,14173.0,164.80232558139534,2.629147873593423,50,16643.0,0.11018905688932203,50,16643.0
12925.0,47,13923.0,158.2159090909091,3.566074803692305,47,16710.0,0.17653234749033414,47,16710.0
12930.0,52,14174.0,161.0681818181818,2.9958208231014023,52,16832.0,0.10534483585498239,52,16832.0
12935.0,59,14314.0,155.58695652173913,2.3028799110869045,59,17061.0,0.08937176230743844,59,17061.0
12940.0,60,14502.0,157.6304347826087,1.9835000685804536,60,17267.0,0.0631353556026542,60,17267.0
12945.0,65,14814.0,157.59574468085106,2.752236181099407,65,17492.0,0.10240424969887434,65,17492.0
12950.0,71,15159.0,164.77173913043478,2.7709150109629648,71,17819.0,0.08471924154966351,71,17819.0
12955.0,72,15519.0,168.68478260869566,2.7701027083281056,72,18178.0,0.08464677876606255,72,18178.0
12960.0,74,15881.0,184.6627906976744,1.8529938212217474,74,18540.0,0.04846219184459261,74,18540.0
12965.0,68,15984.0,179.59550561797752,1.5290008180861967,68,18449.0,0.0741389373306339,68,18449.0
12970.0,64,15921.0,185.12790697674419,1.869042816034534,64,17927.0,0.07510543046006606,64,17927.0
12975.0,59,15923.0,173.07608695652175,3.0311191478312165,59,17393.0,0.11779378431291396,59,17393.0
12980.0,50,15675.0,178.125,3.043739183941797,50,17458.0,0.14788968140423947,50,17458.0
12985.0,44,15621.0,175.51685393258427,3.3698245023381044,44,17527.0,0.16254880874217964,44,17527.0
12990.0,54,15876.0,178.38202247191012,2.9906305661731047,54,17711.0,0.11332211603799526,54,17711.0
12995.0,58,16015.0,172.20430107526883,2.3984749408126484,58,17936.0,0.09062280337511867,58,17936.0
13000.0,56,16193.0,174.11827956989248,2.2193663752194146,56,18127.0,0.07802222009407556,56,18127.0
13005.0,62,16494.0,173.62105263157895,3.063716984651909,62,18343.0,0.10792600812589231,62,18343.0
13010.0,71,16830.0,180.96774193548387,2.863845387390346,71,18650.0,0.09283608344495321,71,18650.0
13015.0,72,17190.0,186.84782608695653,2.8605033000838187,72,19000.0,0.0779040582156987,72,19000.0
13020.0,66,17318.0,199.05747126436782,2.3376586514658415,66,18986.0,0.06021083270021522,66,18986.0
13025.0,58,17295.0,196.5340909090909,2.7970214641829987,58,18705.0,0.1101258189530633,58,18705.0
13030.0,53,17299.0,208.42168674698794,3.2110843379874456,53,18191.0,0.12442601107088046,53,18191.0
13035.0,46,17281.0,198.632183908046,3.1425540860891683,46,18409.0,0.16216982310202302,46,18409.0
13040.0,47,17369.0,211.8170731707317,3.1715165830311554,47,18610.0,0.15717736016751088,47,18610.0
13045.0,54,17626.0,195.84444444444443,3.2950794125027016,54,18848.0,0.15352818846674485,54,18848.0
13050.0,62,17923.0,201.38202247191012,2.2409839253313777,62,19125.0,0.09668079816135407,62,19125.0
13055.0,62,17979.0,195.42391304347825,1.6931335938122691,62,19317.0,0.07697381012414907,62,19317.0
13060.0,71,18239.0,196.11827956989248,2.1369448133743574,71,19473.0,0.0958797452281405,71,19473.0
13065.0,74,18600.0,197.87234042553192,2.3950768075280315,74,19744.0,0.05711034145164136,74,19744.0
13070.0,72,18777.0,199.75531914893617,2.186051148507624,72,19820.0,0.07787055237820642,72,19820.0
13075.0,64,18819.0,209.1,2.2253354907780185,64,19639.0,0.08988806443073996,64,19639.0
13080.0,60,18909.0,210.1,3.1081204839622463,60,19453.0,0.11384703172889736,60,19453.0
13085.0,50,18810.0,213.75,2.552781827398636,50,19652.0,0.11921468517769333,50,19652.0
13090.0,45,18831.0,218.96511627906978,3.1783427697323514,45,19778.0,0.15934135609188274,45,19778.0
13095.0,51,19072.0,211.9111111111111,3.172221704067463,51,19921.0,0.1153331672559182,51,19921.0
13100.0,59,19350.0,208.06451612903226,3.318243602447781,59,20169.0,0.12319162926996001,59,20169.0
13105.0,66,19663.0,206.97894736842105,2.5740881994227167,66,20462.0,0.09276346828191741,66,20462.0
13110.0,75,20015.0,212.9255319148936,1.8712274342885473,75,20795.0,0.06538840774469415,75,20795.0
13115.0,80,20411.0,224.2967032967033,1.3404564889618105,80,21161.0,0.050545351812371804,80,21161.0
13120.0,77,20604.0,223.95652173913044,1.2308467405413202,77,21303.0,0.07003125015135629,77,21303.0
13125.0,70,20699.0,224.9891304347826,1.901844752304702,70,21278.0,0.07167059644614182,70,21278.0
13130.0,66,20778.0,214.20618556701032,2.93600582855281,66,21141.0,0.11610754999413744,66,21141.0
13135.0,52,20787.0,225.94565217391303,2.783952780808876,52,21213.0,0.12467889571921213,52,21213.0
13140.0,54,20916.0,229.84615384615384,2.816733410991643,54,21418.0,0.13141331746951965,54,21418.0
13145.0,61,21210.0,225.63829787234042,2.9774043701692436,61,21676.0,0.11799366745065688,61,21676.0
13150.0,61,21123.0,220.03125,1.9532215889718862,61,21803.0,0.08773060433244434,61,21803.0
13155.0,65,21201.0,218.56701030927834,2.033836265459751,65,21803.0,0.0956392627654022,65,21803.0
13160.0,71,21537.0,213.23762376237624,2.550157655816919,71,21977.0,0.1086731231585325,71,21977.0
13165.0,77,15235.0,150.84158415841586,1.9115934474930998,77,20302.0,0.06774385127783235,77,20302.0
13170.0,72,7169.0,71.69,2.169983307614704,72,16678.0,0.08318462037620422,72,16678.0
13175.0,65,2947.0,30.697916666666668,2.5427668336864895,65,11536.0,0.08864883867681075,65,11536.0
13180.0,59,1495.0,14.656862745098039,2.735787009360911,59,11788.0,0.1293288877080033,59,11788.0
13185.0,52,1527.0,15.90625,2.7284554987879317,52,11961.0,0.12230692655047588,52,11961.0
13190.0,60,1810.0,18.46938775510204,2.942081371366207,60,12178.0,0.12107145674929054,60,12178.0
13195.0,68,2135.0,22.71276595744681,2.866480690351842,68,12486.0,0.08756024054409837,68,12486.0
13200.0,73,2490.0,27.065217391304348,2.4499865380497328,73,12842.0,0.06629017416774534,73,12842.0
13205.0,69,2622.0,29.795454545454547,2.0130605977988676,69,13095.0,0.0784988132312409,69,13095.0
13210.0,65,2843.0,31.9438202247191,2.1984158692962485,65,13263.0,0.08624437500654683,65,13263.0
13215.0,68,3178.0,36.11363636363637,2.674433368445296,68,13492.0,0.09121289997705431,68,13492.0
13220.0,68,3518.0,39.97727272727273,2.305646950669947,68,13832.0,0.0899356421401007,68,13832.0
13225.0,72,3873.0,45.03488372093023,1.9957103956284614,72,14187.0,0.07451736979808943,72,14187.0
13230.0,68,4108.0,48.32941176470588,1.5818813129715863,68,14492.0,0.0765522073679532,68,14492.0
13235.0,62,4380.0,52.7710843373494,2.268521284325773,62,14742.0,0.10197962233306465,62,14742.0
13240.0,64,4693.0,54.56976744186046,3.0068224796472403,64,15011.0,0.09795486350950247,64,15011.0
13245.0,64,5013.0,60.397590361445786,2.8833526615297775,64,15327.0,0.0784888998143179,64,15327.0
13250.0,59,4651.0,55.36904761904762,2.8391196302934674,59,15274.0,0.12244748459602921,59,15274.0
13255.0,53,3836.0,47.358024691358025,2.686507922462014,53,14888.0,0.10983424747780607,53,14888.0
13260.0,47,3134.0,39.175,3.5719377774821184,47,14163.0,0.13876678032113432,47,14163.0
13265.0,39,2359.0,29.4875,3.4581477541828987,39,14356.0,0.16318192680752372,39,14356.0
13270.0,40,2130.0,28.4,3.158790148411464,40,14522.0,0.16265389899442192,40,14522.0
13275.0,47,2353.0,29.049382716049383,3.512287085916466,47,14743.0,0.13279850731042936,47,14743.0
13280.0,54,2616.0,31.902439024390244,2.5701539403324896,54,15006.0,0.10227638118884894,54,15006.0
13285.0,62,2911.0,35.0722891566265,1.7159904616210495,62,15302.0,0.07301008775790342,62,15302.0
13290.0,71,3244.0,38.61904761904762,1.5205436859666275,71,15637.0,0.06827033689845254,71,15637.0
13295.0,74,3612.0,43.0,1.113094862167393,74,16005.0,0.05458723964311228,74,16005.0
13300.0,71,3787.0,44.03488372093023,1.5763006912906137,71,16013.0,0.0761605978957494,71,16013.0
13305.0,62,3842.0,43.168539325842694,1.9698392226580708,62,15678.0,0.08051943065598234,62,15678.0
13310.0,59,3890.0,43.70786516853933,3.1283190798916056,59,15009.0,0.1154066527967272,59,15009.0
13315.0,47,3877.0,44.05681818181818,2.8292623987868257,47,15248.0,0.1297136800927967,47,15248.0
13320.0,49,3981.0,47.963855421686745,2.812298910816935,49,15462.0,0.1246119732063436,49,15462.0
13325.0,55,4248.0,45.67741935483871,3.090542551009145,55,15728.0,0.1310030589367742,55,15728.0
13330.0,66,4555.0,49.51086956521739,2.0756112351666234,66,16035.0,0.06965824300622174,66,16035.0
13335.0,74,4908.0,51.125,2.075986269733273,74,16388.0,0.0866429063314874,74,16388.0
13340.0,79,5290.0,56.276595744680854,1.2409266361670204,79,16771.0,0.05020471314137167,79,16771.0
13345.0,86,5712.0,57.696969696969695,1.7657619941520635,86,17193.0,0.06382974430435286,86,17193.0
13350.0,80,5936.0,61.833333333333336,1.5405547949188418,80,17251.0,0.06397121068583322,80,17251.0
13355.0,74,6015.0,62.01030927835052,1.7095719534285043,74,16960.0,0.06547222601018023,74,16960.0
13360.0,68,6151.0,62.765306122448976,2.886793602416335,68,16341.0,0.10525382029956061,68,16341.0
13365.0,59,6217.0,64.09278350515464,2.479525819601908,59,16635.0,0.1055234252021028,59,16635.0
13370.0,60,6355.0,67.6063829787234,2.8912435345031957,60,16910.0,0.13428186626439428,60,16910.0
13375.0,66,6674.0,66.74,2.712265142800169,66,17229.0,0.08583811397312163,66,17229.0
13380.0,68,6249.0,62.49,2.0597082613118216,68,17293.0,0.06645090043523967,68,17293.0
13385.0,64,5766.0,57.66,2.010141803438021,64,17129.0,0.09958468408704045,64,17129.0
13390.0,70,5705.0,55.931372549019606,2.4283486620007277,70,16878.0,0.08507562736408392,70,16878.0
13395.0,68,5982.0,56.43396226415094,2.6119187311546788,68,17205.0,0.13372531940286078,68,17205.0
13400.0,74,6339.0,60.95192307692308,2.2491626825276563,74,17542.0,0.07477182512002659,74,17542.0
13405.0,80,6731.0,64.72115384615384,2.270537400044053,80,17926.0,0.06803568644899281,80,17926.0
13410.0,86,7152.0,72.24242424242425,1.6789419877661196,86,18337.0,0.055711680813239156,86,18337.0
13415.0,82,7292.0,73.65656565656566,1.6046394508365582,82,18332.0,0.08234601572982106,82,18332.0
13420.0,74,7229.0,73.76530612244898,1.9981397565292214,74,18204.0,0.08704949968384208,74,18204.0
13425.0,69,7214.0,72.14,2.572461423778756,69,18051.0,0.08179138440356327,69,18051.0
13430.0,61,6985.0,69.85,2.7424634114993665,61,18137.0,0.12508026528576496,61,18137.0
13435.0,51,6805.0,71.63157894736842,2.3494402730131423,51,18018.0,0.1201777187820388,51,18018.0
13440.0,56,6942.0,69.42,3.0440055720994343,56,17887.0,0.130417718816405,56,17887.0
13445.0,61,7112.0,69.04854368932038,2.3886344900623664,61,18128.0,0.11070458511208399,61,18128.0
13450.0,65,7348.0,69.98095238095237,2.1166700328692643,65,18339.0,0.06905802429513942,65,18339.0
13455.0,78,7710.0,73.42857142857143,2.340352537616627,78,18637.0,0.06386848126408994,78,18637.0
13460.0,82,8116.0,78.03846153846153,2.479208953574052,82,19024.0,0.06771507527852946,82,19024.0
13465.0,84,8531.0,83.63725490196079,2.2628742363488974,84,19429.0,0.08326447458387178,84,19429.0
13470.0,85,8952.0,88.63366336633663,1.7711141372808545,85,19832.0,0.061613387653079575,85,19832.0
13475.0,88,9385.0,97.76041666666667,1.0899080778986747,88,20245.0,0.04183153666526874,88,20245.0
13480.0,82,9529.0,93.42156862745098,1.6643280407704157,82,20363.0,0.06556706337448749,82,20363.0
13485.0,75,9475.0,96.68367346938776,1.851091206057919,75,20271.0,0.06549288651239785,75,20271.0
13490.0,70,9441.0,92.55882352941177,2.728403816373559,70,19941.0,0.10264740635282027,70,19941.0
13495.0,59,9388.0,96.78350515463917,2.1153731842959123,59,20222.0,0.09093600888782571,59,20222.0
13500.0,61,9480.0,97.73195876288659,2.5780582955286184,61,20478.0,0.12239277813879132,61,20478.0
13505.0,66,9802.0,99.01010101010101,2.409224314889418,66,20780.0,0.09873861556897572,66,20780.0
13510.0,77,10164.0,97.73076923076923,1.950005236553663,77,21122.0,0.07639752695792124,77,21122.0
13515.0,82,10567.0,102.59223300970874,1.4051500429285853,82,21505.0,0.06284982823423536,82,21505.0
13520.0,91,11004.0,102.8411214953271,1.290321048273516,91,21923.0,0.037597776069050716,91,21923.0
13525.0,96,11476.0,107.25233644859813,1.3096776416904008,96,22377.0,0.05570228768718357,96,22377.0
13530.0,96,11956.0,109.68807339449542,1.3032602094221926,96,22837.0,0.03560893141654424,96,22837.0
13535.0,92,11910.0,112.35849056603773,1.145739559759494,92,23032.0,0.04228076729285363,92,23032.0
13540.0,83,11509.0,102.75892857142857,1.8024828140249156,83,22970.0,0.07513248899014754,83,22970.0
13545.0,82,11511.0,104.64545454545454,2.2834612342154017,82,22852.0,0.07554442968558345,82,22852.0
13550.0,74,11771.0,104.16814159292035,2.3539798317294283,74,23100.0,0.10159195492441767,74,23100.0
13555.0,79,12153.0,112.52777777777777,2.2081560183209046,79,23440.0,0.08847017136672863,79,23440.0
13560.0,84,12563.0,116.32407407407408,1.9320701045422082,84,23820.0,0.0642698833267703,84,23820.0
13565.0,91,13004.0,122.67924528301887,1.6706041681734352,91,24231.0,0.050392248065629607,91,24231.0
13570.0,94,13467.0,127.04716981132076,1.3841002307852674,94,24664.0,0.04431929739738095,94,24664.0
13575.0,88,13462.0,129.44230769230768,1.431348557176257,88,24716.0,0.06333112125689154,88,24716.0
13580.0,79,13132.0,123.88679245283019,1.9163096148703358,79,24302.0,0.08426933757257665,79,24302.0
13585.0,74,12930.0,121.98113207547169,2.6264091769951055,74,23861.0,0.10638931428992564,74,23861.0
13590.0,65,12617.0,120.16190476190476,2.7043155962302046,65,24010.0,0.13422190425914837,65,24010.0
13595.0,66,12592.0,124.67326732673267,2.566176744742847,66,24298.0,0.10244865680563586,66,24298.0
13600.0,73,12943.0,123.26666666666667,2.406616260980579,73,24619.0,0.10245072844873021,73,24619.0
13605.0,81,13331.0,123.43518518518519,1.738309171641321,81,24977.0,0.05808184934621641,81,24977.0
13610.0,86,13752.0,125.01818181818182,1.5693932432261923,86,25368.0,0.07188485090325329,86,25368.0
13615.0,98,14213.0,128.04504504504504,0.9385121570431763,98,25789.0,0.03115401328451233,98,25789.0
13620.0,103,14715.0,130.2212389380531,0.9993972663068827,103,26252.0,0.04797674381760788,103,26252.0
13625.0,99,15033.0,131.8684210526316,0.6122750496454472,99,26385.0,0.03916547444845305,99,26385.0
13630.0,94,15228.0,131.27586206896552,1.493770827455258,94,26246.0,0.0676305774098565,94,26246.0
13635.0,89,15468.0,128.9,2.2667416803359384,89,25801.0,0.0792872950460646,89,25801.0
13640.0,79,15610.0,133.4188034188034,1.8811208582949481,79,26156.0,0.0676569269190441,79,26156.0
13645.0,77,15864.0,135.5897435897436,2.227913644911069,77,26460.0,0.10687364394203602,77,26460.0
13650.0,87,16275.0,137.92372881355934,2.2009491098724365,87,26819.0,0.07028500053123882,87,26819.0
13655.0,94,16730.0,137.13114754098362,1.8594454519829893,94,27234.0,0.04699396942007529,94,27234.0
13660.0,95,16562.0,138.01666666666668,1.256661915063486,95,27284.0,0.040682437939652656,95,27284.0
13665.0,93,16096.0,134.13333333333333,1.264116506343,93,27000.0,0.05622693406759081,93,27000.0
13670.0,92,15674.0,130.61666666666667,2.0471694747387605,92,26523.0,0.0652522480682881,92,26523.0
13675.0,80,15362.0,128.01666666666668,1.9440969611060648,80,26602.0,0.0780522450960687,80,26602.0
13680.0,74,15345.0,133.43478260869566,2.1402390580155384,74,26425.0,0.0950884962769571,74,26425.0
13685.0,75,15482.0,127.9504132231405,2.5488877650174175,75,25989.0,0.10042525214217307,75,25989.0
13690.0,72,15492.0,131.28813559322035,2.0890471208100143,72,26268.0,0.08779746596617606,72,26268.0
13695.0,71,15622.0,132.38983050847457,2.2335128750548576,71,26494.0,0.11388146210622567,71,26494.0
13700.0,83,16014.0,133.45,2.2090337608899717,83,26777.0,0.07973559285452979,83,26777.0
13705.0,89,16448.0,131.584,2.277286393017169,89,27159.0,0.08347861027247847,89,27159.0
13710.0,98,16915.0,138.64754098360655,1.5759817184173839,98,27577.0,0.03747192550452403,98,27577.0
13715.0,105,17423.0,141.65040650406505,1.3531365011280998,105,28037.0,0.03839756612794967,105,28037.0
13720.0,110,17966.0,148.4793388429752,0.9666041706595996,110,28530.0,0.03156947285005082,110,28530.0
13725.0,112,18526.0,151.85245901639345,0.9854299053361386,112,29040.0,0.0337252330370181,112,29040.0
13730.0,106,18852.0,154.52459016393442,1.0181654729811265,106,29281.0,0.035791586577564136,106,29281.0
13735.0,98,19019.0,152.152,1.73275526286893,98,29377.0,0.06219585616534842,98,29377.0
13740.0,93,19239.0,157.69672131147541,2.114595506091238,93,29274.0,0.06584946082043225,93,29274.0
13745.0,82,19354.0,158.63934426229508,2.004989938378711,82,29648.0,0.08604387758194079,82,29648.0
13750.0,82,19643.0,169.33620689655172,1.9789200784903076,82,29994.0,0.09234192371474778,82,29994.0
13755.0,89,20075.0,165.9090909090909,2.130967265514502,89,30370.0,0.08688868667556163,89,30370.0
13760.0,94,20534.0,171.11666666666667,1.4700389560474034,94,30770.0,0.052250555437904925,94,30770.0
13765.0,100,21022.0,169.53225806451613,1.2839094604123782,100,31198.0,0.04967349124559142,100,31198.0
13770.0,103,20978.0,170.5528455284553,0.8709982037175011,103,31206.0,0.035386578766908074,103,31206.0
13775.0,100,20589.0,163.4047619047619,1.6513199850139066,100,30831.0,0.0659208057033289,100,30831.0
13780.0,95,20374.0,164.30645161290323,1.9757628265363993,95,30133.0,0.06431976481350046,95,30133.0
13785.0,85,16522.0,135.4262295081967,1.8107951516678136,85,28545.0,0.078544066024849,85,28545.0
13790.0,78,10528.0,87.73333333333333,2.2170209976274418,78,24965.0,0.10461119730120638,78,24965.0
13795.0,75,5597.0,46.256198347107436,2.303464445143847,75,20433.0,0.0938802345802789,75,20433.0
13800.0,73,2644.0,21.495934959349594,2.1525411185177927,73,19777.0,0.10546356976090518,73,19777.0
13805.0,72,2046.0,16.368,2.148392987366036,72,20046.0,0.09361435415807931,72,20046.0
13810.0,85,2447.0,19.576,2.1741376851480343,85,20380.0,0.08239802452599033,85,20380.0
13815.0,96,2907.0,24.024793388429753,1.7286718291322762,96,20827.0,0.03783074764318246,96,20827.0
13820.0,102,3407.0,28.391666666666666,1.7464712890020295,102,21327.0,0.034636017958078566,102,21327.0
13825.0,104,3927.0,33.56410256410256,1.4815354191979806,104,21846.0,0.05205378420822862,104,21846.0
13830.0,98,4274.0,36.8448275862069,1.065951397445932,98,20403.0,0.03846926979469646,98,20403.0
13835.0,93,4531.0,39.74561403508772,1.50975500433893,93,17402.0,0.052130052405898346,93,17402.0
13840.0,87,4788.0,41.275862068965516,2.0512659286902,87,14313.0,0.07096561683156552,87,14313.0
13845.0,77,5020.0,44.82142857142857,2.0675504139022514,77,14074.0,0.0889122735433015,77,14074.0
13850.0,82,5421.0,48.83783783783784,2.0381623129401807,82,14458.0,0.0843270841818587,82,14458.0
13855.0,88,5850.0,54.166666666666664,1.733085342561732,88,14887.0,0.039590952084577864,88,14887.0
13860.0,90,5865.0,54.81308411214953,1.3687013646003887,90,14855.0,0.04207943971488649,90,14855.0
13865.0,81,5588.0,53.73076923076923,1.9045655777795145,81,14383.0,0.06744902607594498,81,14383.0
13870.0,74,5362.0,51.06666666666667,2.493971201170783,74,13587.0,0.08732851372029726,74,13587.0
13875.0,63,5015.0,49.65346534653465,2.4477803156596685,63,12576.0,0.10094388761960701,63,12576.0
13880.0,58,4748.0,47.00990099009901,2.8910511419244154,58,10931.0,0.12471524686856,58,10931.0
13885.0,62,5002.0,50.525252525252526,2.827886482518344,62,9394.0,0.1090251513105535,62,9394.0
13890.0,68,5188.0,50.36893203883495,2.0294717052538505,68,9664.0,0.07806044844667488,68,9664.0
13895.0,70,5443.0,53.89108910891089,1.9229317703636004,70,9915.0,0.0542412206601177,70,9915.0
13900.0,76,5811.0,55.34285714285714,2.5920863342602387,76,10219.0,0.09854282472221437,76,10219.0
13905.0,81,6207.0,61.45544554455446,2.3076195427652757,81,10601.0,0.06844757679529981,81,10601.0
13910.0,84,6623.0,66.23,1.9714465272296036,84,11017.0,0.057239249840843186,84,11017.0
13915.0,84,7043.0,72.6082474226804,1.6462479429717587,84,11437.0,0.041184094964051884,84,11437.0
13920.0,78,7201.0,75.01041666666667,1.4442284370595662,78,11432.0,0.06291624211909116,78,11432.0
13925.0,72,7179.0,78.03260869565217,1.5969820069182459,72,11021.0,0.06787223684642113,72,11021.0
13930.0,66,7221.0,75.21875,2.5769511853949623,66,10288.0,0.09012886736614717,66,10288.0
13935.0,57,7190.0,77.31182795698925,2.6535373355379757,57,10568.0,0.11791276393542963,57,10568.0
13940.0,54,7247.0,77.9247311827957,3.1892128877910437,54,10803.0,0.1413133269030783,54,10803.0
13945.0,60,7536.0,81.91304347826087,2.8151314300787726,60,11089.0,0.09331664054843541,60,11089.0
13950.0,61,7764.0,81.72631578947369,2.218196973028446,61,11103.0,0.09229213748811042,61,11103.0
13955.0,60,7962.0,87.49450549450549,1.9268988724240144,60,10822.0,0.07213746157069471,60,10822.0
13960.0,59,8192.0,87.14893617021276,2.912887538931777,59,10559.0,0.10600704637220427,59,10559.0
13965.0,54,8386.0,92.15384615384616,2.527962919737331,54,10821.0,0.11326175067177197,54,10821.0
13970.0,54,8621.0,95.78888888888889,3.001629824820427,54,11061.0,0.14745682327124263,54,11061.0
13975.0,59,8905.0,95.75268817204301,2.945529511863081,59,11345.0,0.1074486545888111,59,11345.0
13980.0,62,7817.0,84.96739130434783,2.1905156706700883,62,11017.0,0.07680403257825943,62,11017.0
13985.0,61,5833.0,64.0989010989011,2.198758183966693,61,10153.0,0.08018809615543682,61,10153.0
13990.0,59,4328.0,48.62921348314607,2.9583582568213984,59,8739.0,0.1148231842600621,59,8739.0
13995.0,48,2540.0,28.53932584269663,2.962773129081468,48,8986.0,0.13212120466553218,48,8986.0
14000.0,50,1661.0,19.773809523809526,2.6772456581349395,50,9204.0,0.1036898221347608,50,9204.0
14005.0,56,1929.0,21.197802197802197,3.0780514642179138,56,9472.0,0.11174684165574734,56,9472.0
14010.0,65,2232.0,24.52747252747253,2.2187896880483957,65,9775.0,0.06953720179956835,65,9775.0
14015.0,72,2577.0,28.633333333333333,1.5003781796237654,72,10120.0,0.052428103573528985,72,10120.0
14020.0,79,2958.0,32.15217391304348,1.0810920699244444,79,10502.0,0.03329593494264389,79,10502.0
14025.0,85,3377.0,36.31182795698925,1.1583369949315598,85,10921.0,0.043861308807995644,85,10921.0
14030.0,79,3414.0,36.70967741935484,1.173757473821653,79,11050.0,0.0498900259668747,79,11050.0
14035.0,72,3251.0,34.58510638297872,1.737616032525894,72,10999.0,0.07685345887072507,72,10999.0
14040.0,66,3076.0,32.723404255319146,2.7789854102605935,66,10728.0,0.09467834483653,66,10728.0
14045.0,54,2823.0,29.40625,2.777211947806215,54,11008.0,0.13384072313926426,54,11008.0
14050.0,56,2992.0,33.24444444444445,2.589865199271877,56,11265.0,0.11807974881455824,56,11265.0
14055.0,63,3293.0,34.302083333333336,2.5673171750021972,63,11566.0,0.10103205513975613,63,11566.0
14060.0,71,3631.0,38.62765957446808,1.9581190291199353,71,11904.0,0.062353650272403284,71,11904.0
14065.0,77,4002.0,42.57446808510638,1.7256908205289996,77,12275.0,0.06900416178260999,77,12275.0
14070.0,82,4402.0,48.37362637362637,1.1374462749813854,82,12675.0,0.044049308820295965,82,12675.0
14075.0,83,4816.0,51.234042553191486,1.4510521125195266,83,13089.0,0.049802599995372815,83,13089.0
14080.0,77,5021.0,53.98924731182796,1.3090409449417069,77,13227.0,0.049344534870649236,77,13227.0
14085.0,69,5084.0,53.51578947368421,1.9786856495630458,69,13205.0,0.0770265880963788,69,13205.0
14090.0,65,5193.0,54.66315789473684,2.6390553858872217,65,12977.0,0.0875157308505671,65,12977.0
14095.0,56,5247.0,55.23157894736842,2.563307609342129,56,13262.0,0.11527799572014781,56,13262.0
14100.0,58,5476.0,60.175824175824175,2.8301777846909197,58,13529.0,0.11863201119211386,58,13529.0
14105.0,63,5775.0,62.096774193548384,2.7548403157919505,63,13829.0,0.09072776495130465,63,13829.0
14110.0,70,6107.0,70.19540229885058,1.5863037611646513,70,14161.0,0.04963937281577663,70,14161.0
14115.0,75,6471.0,71.10989010989012,1.9064393929236216,75,14526.0,0.0997141752794848,75,14526.0
14120.0,79,6856.0,77.03370786516854,1.3198714051937037,79,14912.0,0.05537306270464446,79,14912.0
14125.0,81,7257.0,76.38947368421053,1.8680829526616343,81,15313.0,0.091826576487629,81,15313.0
14130.0,82,7663.0,84.20879120879121,1.112035565101758,82,15719.0,0.042553731266848124,82,15719.0
14135.0,83,8078.0,85.03157894736842,1.6547831406134312,83,16134.0,0.06358717842206224,83,16134.0
14140.0,83,8493.0,91.3225806451613,1.173708429436327,83,16549.0,0.04710174066117338,83,16549.0
14145.0,85,8916.0,93.85263157894737,1.4001081190785103,85,16972.0,0.04435976117361676,85,16972.0
14150.0,81,8418.0,88.61052631578947,1.1899482358235116,81,16511.0,0.056653257647816445,81,16511.0
14155.0,73,7306.0,76.90526315789474,1.83141549155698,73,15251.0,0.08506714989201365,73,15251.0
14160.0,67,6471.0,66.71134020618557,2.654232998811177,67,13165.0,0.09213330912998519,67,13165.0
14165.0,57,5275.0,54.381443298969074,2.495079724910973,57,13447.0,0.10785647957418433,57,13447.0
14170.0,58,4978.0,53.526881720430104,2.519143077539444,58,13712.0,0.12047077264385622,58,13712.0
14175.0,64,5283.0,55.03125,2.3583279991891364,64,14016.0,0.07231727956083732,64,14016.0
14180.0,71,5624.0,57.97938144329897,1.9957858211628612,71,14357.0,0.0680582743388378,71,14357.0
14185.0,77,5998.0,61.204081632653065,1.4525160450382963,77,14732.0,0.07106100015302746,77,14732.0
14190.0,85,6410.0,63.46534653465346,1.4143046564847948,85,15144.0,0.05720942983819113,85,15144.0
14195.0,90,6853.0,68.53,1.086624837355946,90,15587.0,0.03876499439978167,90,15587.0
14200.0,88,6693.0,66.93,0.7050821214824171,88,15648.0,0.04259796034488528,88,15648.0
14205.0,80,6125.0,61.25,1.400475641471027,80,15323.0,0.05239633025829296,80,15323.0
14210.0,75,5732.0,55.11538461538461,2.4450266202535498,75,14849.0,0.0829039674735046,75,14849.0
14215.0,61,5236.0,52.36,2.21007212821913,61,15012.0,0.08386264715561051,61,15012.0
14220.0,61,5236.0,52.888888888888886,2.680630361960138,61,15271.0,0.12042163169889228,61,15271.0
14225.0,68,5561.0,55.61,2.6091328209324853,68,15585.0,0.0830779204917105,68,15585.0
14230.0,75,5921.0,56.93269230769231,2.379706221992749,75,15946.0,0.06982884274583175,75,15946.0
14235.0,74,6202.0,62.02,1.5490638267191184,74,15999.0,0.05552864146096246,74,15999.0
14240.0,71,6419.0,63.554455445544555,1.975542108333907,71,15805.0,0.08088946264166537,71,15805.0
14245.0,71,6672.0,66.72,2.4700770167861053,71,15385.0,0.0777565684730987,71,15385.0
14250.0,65,6913.0,68.44554455445545,2.966222861117552,65,15168.0,0.10858871270691901,65,15168.0
14255.0,56,7114.0,74.88421052631578,2.991160527158508,56,15352.0,0.1357127782673708,56,15352.0
14260.0,59,7391.0,75.41836734693878,3.065240740288295,59,15606.0,0.1587552710450914,59,15606.0
14265.0,66,7704.0,81.09473684210526,2.449539150581901,66,15910.0,0.07231470632083452,66,15910.0
14270.0,74,8058.0,83.0721649484536,2.33861183455297,74,16265.0,0.0805776190852731,74,16265.0
14275.0,79,8445.0,93.83333333333333,1.2544550968848822,79,16652.0,0.04599242104886775,79,16652.0
14280.0,81,8847.0,95.12903225806451,1.5594347409794,81,17054.0,0.05704130595767265,81,17054.0
14285.0,81,9252.0,101.67032967032966,1.183447511950682,81,17459.0,0.05161262730673579,81,17459.0
14290.0,83,9665.0,102.81914893617021,1.4613777153520495,83,17872.0,0.05823335645634284,83,17872.0
14295.0,78,7657.0,80.6,1.6641134800856185,78,17147.0,0.06731543811270796,78,17147.0
14300.0,70,5568.0,57.402061855670105,2.112718502850443,70,15748.0,0.07959289602246726,70,15748.0
14305.0,72,5851.0,60.947916666666664,2.815064251018027,72,14207.0,0.1073132752751837,72,14207.0
14310.0,70,6167.0,64.23958333333333,1.9357318136226425,70,14543.0,0.06087839840614784,70,14543.0
14315.0,75,6537.0,72.63333333333334,1.8999115908318298,75,14893.0,0.05453896987628006,75,14893.0
14320.0,75,6912.0,74.3225806451613,2.351771799807275,75,15268.0,0.0496431328189362,75,15268.0
14325.0,77,7295.0,81.96629213483146,1.771821670943935,77,15651.0,0.043436523705704715,77,15651.0
14330.0,77,7680.0,85.33333333333333,1.6782224457302848,77,16036.0,0.08867034167127871,77,16036.0
14335.0,79,8069.0,90.66292134831461,1.3884908810181398,79,16425.0,0.06399684198529226,79,16425.0
14340.0,79,8464.0,94.04444444444445,1.358748130047544,79,16820.0,0.07509431390015792,79,16820.0
14345.0,77,8344.0,90.69565217391305,0.9883536319540819,77,16858.0,0.046641531250320785,77,16858.0
14350.0,70,7887.0,84.80645161290323,2.028609771393415,70,16586.0,0.08486894313045888,70,16586.0
14355.0,65,7576.0,79.74736842105263,2.647318916740627,65,16262.0,0.08762601779860436,65,16262.0
14360.0,54,7326.0,80.50549450549451,2.2517242247201197,54,16536.0,0.08564646451990889,54,16536.0
14365.0,53,7476.0,83.06666666666666,2.928289293537238,53,16776.0,0.13413221242416073,53,16776.0
14370.0,60,7762.0,87.21348314606742,2.776918113422352,60,17054.0,0.0909069124369607,60,17054.0
14375.0,65,8080.0,89.77777777777777,2.3099343227066096,65,17372.0,0.057592219929292525,65,17372.0
14380.0,73,8430.0,99.17647058823529,1.3280476334183755,73,17722.0,0.05315317715175211,73,17722.0
14385.0,77,8808.0,103.62352941176471,1.279183190817855,77,18100.0,0.04646678970899253,77,18100.0
14390.0,77,9193.0,105.66666666666667,1.505421671884695,77,18485.0,0.05312986384907731,77,18485.0
14395.0,79,9582.0,108.88636363636364,1.3833838647574235,79,18874.0,0.04335195619727918,79,18874.0
14400.0,73,8571.0,99.66279069767442,1.3141220315324726,73,17987.0,0.05211556803177742,73,17987.0
14405.0,63,6619.0,72.73626373626374,1.9639598643805458,63,15906.0,0.09398384323983094,63,15906.0
14410.0,61,5122.0,56.285714285714285,2.754251288600812,61,12620.0,0.08737123780518687,61,12620.0
14415.0,52,3342.0,35.935483870967744,2.6503459189751624,52,12886.0,0.11358758944871784,52,12886.0
14420.0,54,2475.0,27.808988764044944,2.8389805585929113,54,13132.0,0.11896447797881295,54,13132.0
14425.0,60,2761.0,29.688172043010752,2.923786631606212,60,13417.0,0.10917640316006591,60,13417.0
14430.0,60,2658.0,28.891304347826086,2.1175453694046924,60,13399.0,0.08596997091282757,60,13399.0
14435.0,56,2301.0,24.47872340425532,2.0914545626918444,56,13050.0,0.0909820096550901,56,13050.0
14440.0,60,2086.0,22.19148936170213,2.5673340149488335,60,12447.0,0.08769028946949385,60,12447.0
14445.0,54,1861.0,19.589473684210525,2.6026709817482567,54,12713.0,0.11785046015486629,54,12713.0
14450.0,55,1915.0,21.043956043956044,2.951956442336211,55,12971.0,0.12294177773105688,55,12971.0
14455.0,60,2204.0,23.4468085106383,2.780725749286879,60,13260.0,0.118742159791757,60,13260.0
14460.0,62,2269.0,24.934065934065934,1.985236241246423,62,12293.0,0.07619105664109745,62,12293.0
14465.0,58,2180.0,23.695652173913043,2.1513292355431735,58,10523.0,0.08197541903637885,58,10523.0
14470.0,61,2158.0,23.977777777777778,2.9135203717173193,61,8767.0,0.09612252699502473,61,8767.0
14475.0,51,2158.0,22.95744680851064,3.4658774712631097,51,9025.0,0.1774877975661416,51,9025.0
14480.0,52,2214.0,25.448275862068964,2.830949138911506,52,9257.0,0.14709807149143894,52,9257.0
14485.0,59,2499.0,26.03125,2.8731823877090696,59,9542.0,0.11775046192607515,59,9542.0
14490.0,68,2821.0,29.082474226804123,1.9721353156389256,68,9864.0,0.06542716732903654,68,9864.0
14495.0,75,3182.0,32.8041237113402,1.5799666269328019,75,10226.0,0.07869874364689738,75,10226.0
14500.0,83,3580.0,36.90721649484536,1.1483871750293537,83,10627.0,0.041898461057005586,83,10627.0
14505.0,88,4012.0,40.93877551020408,1.319194890889594,88,11059.0,0.04251563759696952,88,11059.0
14510.0,83,4071.0,41.96907216494845,1.252878083537239,83,11088.0,0.048182347034415096,83,11088.0
14515.0,74,3927.0,40.90625,1.873863167307011,74,10739.0,0.08449671858733755,74,10739.0
14520.0,66,3705.0,38.1958762886598,2.4728479171963196,66,10291.0,0.08585934846872112,66,10291.0
14525.0,55,3496.0,36.416666666666664,2.6469998716984455,55,10443.0,0.11344752096925156,55,10443.0
14530.0,57,3624.0,38.96774193548387,2.6917348817895252,57,10714.0,0.11799309972112265,57,10714.0
14535.0,62,3927.0,42.68478260869565,2.4626255774075783,62,11017.0,0.08410653227833703,62,11017.0
14540.0,69,4261.0,44.85263157894737,1.9544774011644976,69,11351.0,0.06711946532596709,69,11351.0
14545.0,70,4512.0,47.49473684210526,1.7840408312546436,70,11404.0,0.08372616423346048,70,11404.0
14550.0,68,4712.0,49.6,1.9262599602631838,68,11071.0,0.08973005412090095,68,11071.0
14555.0,65,4952.0,52.126315789473686,2.6340638196208928,65,10837.0,0.09480872417408083,65,10837.0
14560.0,57,5129.0,52.876288659793815,2.652952716894131,57,11025.0,0.11637312192685235,57,11025.0
14565.0,58,5391.0,58.59782608695652,2.673183903100927,58,11293.0,0.12035568301480579,58,11293.0
14570.0,65,5703.0,60.670212765957444,2.635170786727662,65,11605.0,0.08601226898794419,65,11605.0
14575.0,71,6048.0,67.2,1.6420426815985982,71,11950.0,0.044736412539455726,71,11950.0
14580.0,77,6423.0,72.1685393258427,1.4912955055344541,77,12325.0,0.038488569387319385,77,12325.0
14585.0,72,6154.0,69.93181818181819,1.5227095011494272,72,11667.0,0.06050103261612589,72,11667.0
14590.0,64,5447.0,60.522222222222226,2.1202753202867823,64,10521.0,0.08417795674232553,64,10521.0
14595.0,60,4939.0,54.87777777777778,3.0255946471834987,60,8632.0,0.1062980856530595,60,8632.0
14600.0,49,4180.0,46.96629213483146,2.7145314980778146,49,8663.0,0.126486573795541,49,8663.0
14605.0,44,3461.0,40.24418604651163,2.9955219515568863,44,8475.0,0.16135581621523065,44,8475.0
14610.0,44,3362.0,37.355555555555554,3.2762780359297645,44,8128.0,0.15442467188151432,44,8128.0
14615.0,41,3384.0,37.18681318681319,2.8740196733992676,41,8301.0,0.14174835273112069,41,8301.0
14620.0,48,3549.0,36.214285714285715,3.1192050759651755,48,8454.0,0.15192563285033417,48,8454.0
14625.0,59,3818.0,39.770833333333336,2.5520807355403377,59,8671.0,0.08393424383912154,59,8671.0
14630.0,74,4164.0,42.48979591836735,2.5719668087175327,74,9017.0,0.08637673618307164,74,9017.0
14635.0,76,4544.0,48.340425531914896,2.060543414503879,76,9397.0,0.048833495844153654,76,9397.0
14640.0,78,4933.0,53.619565217391305,1.7873793127729136,78,9786.0,0.06218233085279664,78,9786.0
14645.0,78,5323.0,59.80898876404494,1.3719745318283125,78,10176.0,0.05442562677793149,78,10176.0
14650.0,74,5509.0,59.880434782608695,1.5281526198899953,74,10373.0,0.06818460265470795,74,10373.0
14655.0,67,5557.0,61.74444444444445,2.0504460982074457,67,10343.0,0.09322188184152871,67,10343.0
14660.0,61,5656.0,60.170212765957444,2.8463007762932047,61,10324.0,0.1139612043821496,61,10324.0
14665.0,57,5879.0,63.90217391304348,2.9619366060190124,57,10539.0,0.14303871187176692,57,10539.0
14670.0,60,6164.0,67.0,2.824398988031086,60,10803.0,0.12230988043891924,60,10803.0
14675.0,66,6483.0,74.51724137931035,2.348340395384648,66,11119.0,0.051443802815884634,66,11119.0
14680.0,65,4611.0,53.616279069767444,2.256927026352525,65,10364.0,0.09163861012240443,65,10364.0
14685.0,58,2928.0,35.27710843373494,2.022865519172906,58,8921.0,0.0801165944114765,58,8921.0
14690.0,61,3232.0,37.14942528735632,3.2457619930031734,61,7608.0,0.14555767061291325,61,7608.0
14695.0,59,3491.0,40.593023255813954,2.363598241574966,59,7887.0,0.09317520324939703,59,7887.0
14700.0,63,3801.0,45.25,2.6379116882607456,63,8178.0,0.10009389278017435,63,8178.0
14705.0,65,4120.0,49.63855421686747,2.710179729951522,65,8496.0,0.07833221360001362,65,8496.0
14710.0,66,4447.0,54.901234567901234,2.191767223543673,66,8823.0,0.06690948450239352,66,8823.0
14715.0,67,4782.0,59.03703703703704,2.1477790145709963,67,9158.0,0.07762103566549088,67,9158.0
14720.0,67,5117.0,66.45454545454545,1.312663176562797,67,9493.0,0.05259705293489616,67,9493.0
14725.0,65,5115.0,63.148148148148145,1.69134910282937,65,9605.0,0.08502594925955285,65,9605.0
14730.0,56,4879.0,61.75949367088607,2.1719817569681705,56,9426.0,0.08350283088116728,56,9426.0
14735.0,51,4869.0,59.3780487804878,3.0411755501227744,51,9297.0,0.11309871057700212,51,9297.0
14740.0,47,5043.0,63.0375,2.9285916798219964,47,9517.0,0.13408321003058932,47,9517.0
14745.0,52,5285.0,66.0625,2.7347848217314903,52,9739.0,0.10917122451738977,52,9739.0
14750.0,56,5558.0,71.25641025641026,2.685292811845526,56,10008.0,0.08401474502778204,56,10008.0
14755.0,61,5858.0,76.07792207792208,2.4602415153270027,61,10308.0,0.06722553029804985,61,10308.0
14760.0,63,6169.0,85.68055555555556,1.6513166778557502,63,10619.0,0.057250443008882636,63,10619.0
14765.0,63,6484.0,85.3157894736842,2.2431290660252974,63,10934.0,0.09985044292886691,63,10934.0
14770.0,65,6801.0,90.68,1.5646492410174333,65,11251.0,0.06174403902191176,65,11251.0
14775.0,62,6091.0,79.1038961038961,1.393658583347179,62,10505.0,0.08890165741620572,62,10505.0
14780.0,56,4690.0,60.90909090909091,2.0880492265066493,56,9568.0,0.08597553995926104,56,9568.0
14785.0,52,3623.0,43.65060240963855,3.426790951280212,52,8002.0,0.13374222340945088,52,8002.0
14790.0,40,2307.0,29.20253164556962,2.9959216483861177,40,8207.0,0.13278944387466804,40,8207.0
14795.0,40,1673.0,21.727272727272727,3.0685614879784917,40,8363.0,0.15089932875485493,40,8363.0
14800.0,46,1893.0,23.37037037037037,3.3495276506886356,46,8572.0,0.11639457430461121,46,8572.0
14805.0,55,2149.0,25.583333333333332,2.791763748490173,55,8828.0,0.1229206441183537,55,8828.0
14810.0,62,2443.0,29.79268292682927,1.7356557380660191,62,9122.0,0.08005275798128171,62,9122.0
14815.0,70,2775.0,31.896551724137932,1.6148895731313493,70,9454.0,0.06324983797599341,70,9454.0
14820.0,75,3145.0,37.0,1.408206824945353,75,9826.0,0.04585312257745057,75,9826.0
14825.0,69,3013.0,34.23863636363637,1.611207477358388,69,9903.0,0.08085286663290625,69,9903.0
14830.0,65,2550.0,30.0,1.8755937891975079,65,9704.0,0.0776208057832424,65,9704.0
14835.0,58,2351.0,25.27956989247312,3.1209723976670087,58,9344.0,0.12911198703490523,58,9344.0
14840.0,51,2396.0,26.921348314606742,2.9193608415737144,51,9596.0,0.14359831938941672,51,9596.0
14845.0,54,2645.0,29.38888888888889,3.127337073303368,54,9824.0,0.14621824397530023,54,9824.0
14850.0,60,2934.0,33.724137931034484,2.597348198077908,60,10111.0,0.06805689812093137,60,10111.0
14855.0,67,3254.0,37.83720930232558,2.2399557119192863,67,10431.0,0.07836816593709693,67,10431.0
14860.0,71,3602.0,43.397590361445786,1.8995847162480326,71,10779.0,0.06939447605405404,71,10779.0
14865.0,73,3961.0,47.72289156626506,1.6481080679114022,73,11138.0,0.04882525533929248,73,11138.0
14870.0,73,4326.0,52.12048192771084,1.6235429197893225,73,11503.0,0.07091971262720102,73,11503.0
14875.0,74,4692.0,55.2,1.5955073135019693,74,11869.0,0.06106690249921339,74,11869.0
14880.0,75,5066.0,61.036144578313255,1.2243535832865644,75,12243.0,0.04546015339114089,75,12243.0
14885.0,69,5174.0,59.47126436781609,1.780174875946856,69,12346.0,0.07930616223202491,69,12346.0
14890.0,64,5117.0,59.5,2.0458516070172754,64,12195.0,0.08068179389787727,64,12195.0
14895.0,57,5133.0,59.0,2.8547089936980234,57,11909.0,0.0915205033928539,57,11909.0
14900.0,55,5311.0,61.04597701149425,3.537666025358638,55,11794.0,0.12242279828282764,55,11794.0
14905.0,51,5512.0,64.84705882352941,3.220472991065851,51,12035.0,0.15708704777043989,51,12035.0
14910.0,54,5759.0,67.75294117647059,3.0764112491360773,54,12255.0,0.1414828105882486,54,12255.0
14915.0,60,6050.0,74.69135802469135,2.442513321624202,60,12533.0,0.04816913141485238,60,12533.0
14920.0,65,6370.0,76.74698795180723,2.8356861952628605,65,12853.0,0.07643714783351621,65,12853.0
14925.0,65,6695.0,86.94805194805195,1.6967643922527471,65,13178.0,0.053967997281147366,65,13178.0
14930.0,62,6887.0,87.17721518987342,1.6957232305891232,62,13364.0,0.08363467056783369,62,13364.0
14935.0,55,7009.0,91.02597402597402,2.5002508404767507,55,13432.0,0.1083535608026194,55,13432.0
14940.0,55,7260.0,90.75,3.277500743967906,55,13490.0,0.10924536897806524,55,13490.0
14945.0,52,7480.0,97.14285714285714,2.7009740185228095,52,13721.0,0.10659558086599263,52,13721.0
14950.0,55,7742.0,101.86842105263158,2.818262030359143,55,13955.0,0.10788212535632033,55,13955.0
14955.0,58,8025.0,108.44594594594595,2.7098192029124912,58,14238.0,0.08822782706643023,58,14238.0
14960.0,52,7298.0,97.30666666666667,2.494234372875991,52,13571.0,0.09838996853926571,52,13571.0
14965.0,49,6065.0,84.23611111111111,2.85868682078563,49,12080.0,0.1282764415264206,49,12080.0
14970.0,41,4820.0,65.13513513513513,3.812065391901481,41,9701.0,0.1549890184068173,41,9701.0
14975.0,31,3391.0,48.44285714285714,3.416938463692401,31,9789.0,0.1576000274206616,31,9789.0
14980.0,30,2656.0,36.38356164383562,4.230199764125396,30,9807.0,0.2346890096157602,30,9807.0
14985.0,37,2829.0,38.229729729729726,3.754443198791121,37,9912.0,0.1617101134735429,37,9912.0
14990.0,41,2884.0,36.05,2.763640925012753,41,10058.0,0.11534876916999563,41,10058.0
14995.0,43,2995.0,38.3974358974359,2.781387059585964,43,10181.0,0.10271268935251704,43,10181.0
15000.0,48,3216.0,40.2,3.215748868692542,48,10321.0,0.11172336634472096,48,10321.0
15005.0,56,3484.0,44.666666666666664,3.5446032193964014,56,10571.0,0.11920641856362717,56,10571.0
15010.0,56,3764.0,49.526315789473685,3.113433779431396,56,10850.0,0.09590820607049294,56,10850.0
15015.0,51,3814.0,52.97222222222222,2.5976595773603504,51,10185.0,0.10014540829962948,51,10185.0
15020.0,43,3709.0,51.513888888888886,3.5847462668479073,43,8601.0,0.16897777229543767,43,8601.0
15025.0,40,3656.0,51.49295774647887,4.125373749240091,40,6996.0,0.17189706867797733,40,6996.0
15030.0,28,3551.0,50.72857142857143,4.154962953283887,28,6789.0,0.21848776545978313,28,6789.0
15035.0,29,3514.0,54.06153846153846,3.968788564603302,29,6913.0,0.19225986091358452,29,6913.0
15040.0,36,3678.0,53.30434782608695,3.9547319760752,36,7077.0,0.17035243713435563,36,7077.0
15045.0,43,3875.0,54.57746478873239,2.6546572182968786,43,7274.0,0.10312713152209126,43,7274.0
15050.0,52,4121.0,52.833333333333336,2.629080709031023,52,7520.0,0.13384563729595633,52,7520.0
15055.0,59,4396.0,58.61333333333334,1.9160905417093572,59,7795.0,0.10177847185117324,59,7795.0
15060.0,67,4710.0,60.38461538461539,1.6154051179462923,67,8110.0,0.0652006914109129,67,8110.0
15065.0,63,4850.0,61.392405063291136,1.532940850112626,63,7821.0,0.08316094867471356,63,7821.0
15070.0,55,4862.0,61.54430379746835,2.0469805861341714,55,7217.0,0.09098251243939245,55,7217.0
15075.0,52,4918.0,59.25301204819277,3.2470992813002946,52,6378.0,0.12944263164512146,52,6378.0
15080.0,39,4844.0,60.55,2.6422665816476583,39,6580.0,0.09355721356930186,39,6580.0
15085.0,42,4938.0,61.725,3.3489959391056616,42,6749.0,0.16966650774507394,42,6749.0
15090.0,48,5168.0,63.02439024390244,3.05122441713387,48,6971.0,0.11190623310627545,48,6971.0
15095.0,57,5432.0,64.66666666666667,2.449720954687233,57,7235.0,0.08261711813341348,57,7235.0
15100.0,63,5738.0,69.13253012048193,1.790419316417642,63,7541.0,0.06623487236973849,63,7541.0
15105.0,72,6077.0,70.66279069767442,1.467732937947147,72,7880.0,0.045706643619518164,72,7880.0
15110.0,76,6452.0,75.90588235294118,1.3622397945797349,76,8255.0,0.06724673450345618,76,8255.0
15115.0,70,6149.0,70.67816091954023,1.164832512286135,70,8379.0,0.053718077252916885,70,8379.0
15120.0,65,5793.0,67.36046511627907,1.9760028135045375,65,8294.0,0.07784578991499412,65,8294.0
15125.0,58,5907.0,63.516129032258064,3.1824276377970264,58,8115.0,0.13133577259461263,58,8115.0
15130.0,57,6153.0,69.13483146067416,2.4593007198551913,57,8382.0,0.10067882605327023,57,8382.0
15135.0,63,6458.0,70.96703296703296,2.6099989957005656,63,8669.0,0.09988316915984571,63,8669.0
15140.0,70,6793.0,78.08045977011494,2.447975167909163,70,9001.0,0.06650082591541771,70,9001.0
15145.0,65,4459.0,50.67045454545455,2.032539742205506,65,8190.0,0.08087116752083945,65,8190.0
15150.0,60,2460.0,29.63855421686747,2.163274241282432,60,6613.0,0.09796295859763149,60,6613.0
15155.0,61,2717.0,31.593023255813954,2.625935498803125,61,5097.0,0.0955513547654712,61,5097.0
15160.0,59,2968.0,34.917647058823526,2.2591822330544296,59,5379.0,0.08937270945470054,59,5379.0
15165.0,63,3266.0,38.423529411764704,2.421819591481083,63,5653.0,0.07778797278765963,63,5653.0
15170.0,64,3584.0,43.707317073170735,2.821361537283609,64,5964.0,0.07848668815589446,64,5964.0
15175.0,58,3338.0,41.20987654320987,2.197590933011833,58,5644.0,0.07947988191931782,58,5644.0
15180.0,54,2711.0,35.20779220779221,2.4802985385315246,54,5326.0,0.08986620056970754,54,5326.0
15185.0,47,2253.0,28.1625,3.3857033588009258,47,4691.0,0.1252907974771,47,4691.0
15190.0,38,1554.0,20.72,3.0648177224181334,38,4883.0,0.1415376190885339,38,4883.0
15195.0,38,1389.0,17.582278481012658,3.9897958993499336,38,5038.0,0.22339305281921226,38,5038.0
15200.0,45,1594.0,20.17721518987342,3.3827895765894263,45,5238.0,0.12859348060146533,45,5238.0
15205.0,53,1841.0,21.658823529411766,2.8375057767215646,53,5485.0,0.14908440882663748,53,5485.0
15210.0,60,2129.0,25.345238095238095,1.8016176088326792,60,5775.0,0.07562428545882766,60,5775.0
15215.0,70,2460.0,28.6046511627907,1.7179361482561823,70,6107.0,0.06852350730514914,70,6107.0
15220.0,74,2822.0,32.06818181818182,1.7053467231454567,74,6470.0,0.05872104128768688,74,6470.0
15225.0,70,2989.0,34.35632183908046,1.6243378452424349,70,6474.0,0.07383893953260742,70,6474.0
15230.0,62,3020.0,35.116279069767444,2.115501714726723,62,6072.0,0.09283492483753392,62,6072.0
15235.0,58,3101.0,35.23863636363637,3.30581527332926,58,5663.0,0.12491396805800561,58,5663.0
15240.0,50,2510.0,29.529411764705884,2.7206596801553036,50,5593.0,0.12038536587541131,50,5593.0
15245.0,42,1639.0,19.511904761904763,2.802740897953226,42,5207.0,0.1357972556050666,42,5207.0
15250.0,46,1151.0,13.079545454545455,3.3403023248343002,46,4688.0,0.13962148619790463,46,4688.0
15255.0,39,929.0,10.208791208791208,2.5774275345295963,39,4845.0,0.10484205028147689,39,4845.0
15260.0,42,1052.0,11.56043956043956,2.7695221031358908,42,4973.0,0.13154104237378547,42,4973.0
15265.0,54,1301.0,13.840425531914894,2.9389663118335885,54,5160.0,0.12562544457073171,54,5160.0
15270.0,66,1615.0,17.0,3.042629362743882,66,5455.0,0.11687462624373517,66,5455.0
15275.0,72,1958.0,22.25,2.057154347558154,72,5799.0,0.052366756642766764,72,5799.0
15280.0,69,2179.0,24.48314606741573,1.658321495957999,69,5901.0,0.0682725298648377,69,5901.0
15285.0,64,2322.0,27.31764705882353,1.8618185413606183,64,5756.0,0.07626226039119488,64,5756.0
15290.0,59,2491.0,27.677777777777777,2.9228169764762657,59,5515.0,0.11147827122869973,59,5515.0
15295.0,52,2651.0,30.471264367816094,2.595723989770884,52,5763.0,0.10884166270843008,52,5763.0
15300.0,55,2906.0,33.7906976744186,2.7496970895111477,55,5988.0,0.1131013392068034,55,5988.0
15305.0,62,3198.0,38.07142857142857,2.6507209923613595,62,6277.0,0.07611849259583842,62,6277.0
15310.0,67,3523.0,41.94047619047619,2.3589536629301415,67,6602.0,0.07328101313779416,67,6602.0
15315.0,68,3863.0,48.2875,1.8982385134251154,68,6942.0,0.07574300318928474,68,6942.0
15320.0,68,4203.0,51.888888888888886,1.6946862864359618,68,7282.0,0.04367622774626337,68,7282.0
15325.0,64,4042.0,49.901234567901234,2.0099307116477445,64,7172.0,0.08138633180626645,64,7172.0
15330.0,55,3526.0,43.0,2.4837278355634616,55,6454.0,0.09595121808801653,55,6454.0
15335.0,52,3164.0,39.55,3.295312371450983,52,5752.0,0.11410108923419418,52,5752.0
15340.0,41,2676.0,32.24096385542169,3.6647775788809,41,5967.0,0.19004060320874236,41,5967.0
15345.0,44,2501.0,32.06410256410256,3.0320015635135005,44,6162.0,0.1342230024143688,44,6162.0
15350.0,53,2745.0,32.294117647058826,3.265146077777931,53,6406.0,0.13040579110338843,53,6406.0
15355.0,58,3024.0,35.16279069767442,2.2770931053026615,58,6685.0,0.09329727231960167,58,6685.0
15360.0,68,3347.0,38.47126436781609,1.4528502241016676,68,7008.0,0.07835370121243594,68,7008.0
15365.0,75,3709.0,42.14772727272727,1.1821133549958296,75,7372.0,0.04495517888835715,75,7372.0
15370.0,80,4105.0,45.10989010989011,1.3956367306724347,80,7768.0,0.04511839850270888,80,7768.0
15375.0,75,4030.0,44.285714285714285,1.448082312333885,75,7862.0,0.06226599660642526,75,7862.0
15380.0,67,3641.0,39.57608695652174,2.224812617258269,67,7696.0,0.10993956532989632,67,7696.0
15385.0,61,3439.0,36.97849462365591,2.941912978596235,61,7405.0,0.11210283852311288,61,7405.0
15390.0,52,3475.0,37.365591397849464,2.896614688814931,52,7668.0,0.1372731107977654,52,7668.0
15395.0,58,3754.0,42.17977528089887,2.8245073917020513,58,7933.0,0.11173644162508364,58,7933.0
15400.0,64,4062.0,46.15909090909091,2.414631883528787,64,8241.0,0.07817510686215047,64,8241.0
15405.0,65,4310.0,50.116279069767444,1.8929416162173616,65,8356.0,0.055710364383377835,65,8356.0
15410.0,59,4521.0,51.375,2.9391050889982977,59,8306.0,0.136461735402114,59,8306.0
15415.0,54,4739.0,54.47126436781609,3.1352067935062164,54,8147.0,0.1263103122858941,54,8147.0
15420.0,54,4978.0,57.883720930232556,2.732941276481543,54,8398.0,0.11010921348955108,54,8398.0
15425.0,59,5261.0,61.89411764705882,2.8251990676168734,59,8669.0,0.10046208234840345,59,8669.0
15430.0,64,5570.0,67.10843373493977,2.3970920119212713,64,8979.0,0.06672304131256222,64,8979.0
15435.0,62,5336.0,65.87654320987654,2.0488845669081592,62,8728.0,0.08448278637471224,62,8728.0
15440.0,54,4724.0,61.35064935064935,2.2826599200370086,54,8029.0,0.08410935259293675,54,8029.0
15445.0,51,4279.0,52.18292682926829,3.6656311118689877,51,7314.0,0.1427450595781693,51,7314.0
15450.0,39,3679.0,47.77922077922078,3.3126088632115733,39,7323.0,0.1471007327185039,39,7323.0
15455.0,42,3444.0,44.72727272727273,3.4697843839415277,42,7500.0,0.16668930490106237,42,7500.0
15460.0,47,3670.0,46.45569620253165,3.2495535232686783,47,7726.0,0.14536134158931485,47,7726.0
15465.0,55,3927.0,46.2,2.7150089009842224,55,7983.0,0.07764542384176149,55,7983.0
15470.0,63,4224.0,52.148148148148145,1.7412035719746661,63,8281.0,0.0829852006942677,63,8281.0
15475.0,70,4557.0,54.25,1.25797788200086,70,8615.0,0.04952146523315483,70,8615.0
15480.0,76,4925.0,58.63095238095238,1.2227734582060426,76,8984.0,0.04730396046847034,76,8984.0
15485.0,70,5099.0,56.032967032967036,1.6892646682657955,70,8926.0,0.08967571559046109,70,8926.0
15490.0,66,5143.0,58.44318181818182,1.8237318678581111,66,8287.0,0.06723795503851522,66,8287.0
15495.0,61,5219.0,55.52127659574468,3.108272134874779,61,7633.0,0.12236169700147187,61,7633.0
15500.0,52,5216.0,58.60674157303371,2.49506197590243,52,7892.0,0.10645333903945572,52,7892.0
15505.0,52,5360.0,58.9010989010989,3.022127786571424,52,8099.0,0.14743251082765715,52,8099.0
15510.0,57,5633.0,61.22826086956522,2.8374378741457473,57,8369.0,0.09101347310138462,57,8369.0
15515.0,66,5949.0,61.96875,2.5389661486433206,66,8685.0,0.08116806583526247,66,8685.0
15520.0,72,6295.0,66.96808510638297,1.584374149082697,72,9032.0,0.05802558650731608,72,9032.0
15525.0,81,6684.0,69.625,1.3488555476497648,81,9422.0,0.03912889210105215,81,9422.0
15530.0,86,7103.0,73.98958333333333,1.3108739283791777,86,9842.0,0.05595199994176014,86,9842.0
15535.0,88,7538.0,78.52083333333333,0.9993472252871044,88,10277.0,0.05529413891657119,88,10277.0
15540.0,88,7978.0,83.10416666666667,1.0666565438740856,88,10717.0,0.04072705643366285,88,10717.0
15545.0,83,7675.0,75.99009900990099,1.1760914358605037,83,10797.0,0.05608237051918056,83,10797.0
15550.0,79,7009.0,71.5204081632653,1.5363031692351523,79,10577.0,0.061170713851167284,79,10577.0
15555.0,70,6513.0,61.443396226415096,2.7270464339685403,70,10160.0,0.10816525131745004,70,10160.0
15560.0,63,6057.0,58.80582524271845,2.511180251393245,63,10070.0,0.1168412217274317,63,10070.0
15565.0,57,5731.0,56.742574257425744,2.673960453754836,57,9504.0,0.12414102167255356,57,9504.0
15570.0,59,5602.0,56.02,2.954938566866783,59,8955.0,0.12285240603831828,59,8955.0
15575.0,53,5238.0,54.5625,2.1053244653976777,53,9180.0,0.09145099100099219,53,9180.0
15580.0,52,5217.0,53.78350515463917,2.703568412416085,52,9351.0,0.12581904798609658,52,9351.0
15585.0,61,5508.0,55.08,2.8286917910516705,61,9568.0,0.10902475289293544,61,9568.0
15590.0,69,5836.0,56.11538461538461,2.9175885251246214,69,9885.0,0.11415178052104719,69,9885.0
15595.0,77,6201.0,59.625,2.3012194428894883,77,10251.0,0.070339205204486,77,10251.0
15600.0,84,6604.0,64.74509803921569,1.7542913855733082,84,10656.0,0.040096820213844614,84,10656.0
15605.0,82,6769.0,67.69,1.4449235343953455,82,10754.0,0.0613609817750864,82,10754.0
15610.0,77,6760.0,68.9795918367347,1.7607275207077016,77,10526.0,0.07336682291495875,77,10526.0
15615.0,69,6782.0,68.5050505050505,2.436863204237699,69,10114.0,0.08114956156524421,69,10114.0
15620.0,62,6811.0,68.79797979797979,2.4863146498019875,62,10315.0,0.11300917198816798,62,10315.0
15625.0,64,7108.0,71.08,2.906975516907447,64,10600.0,0.1349274311849251,64,10600.0
15630.0,69,7440.0,74.4,2.7788100135346236,69,10929.0,0.08706582238473028,69,10929.0
15635.0,78,7811.0,83.09574468085107,1.5840507242677513,78,11300.0,0.03693478068688499,78,11300.0
15640.0,83,8219.0,85.61458333333333,1.7140012773996232,83,11708.0,0.055375883620730565,83,11708.0
15645.0,85,8638.0,92.88172043010752,1.1695409726197201,85,12127.0,0.04090157598261698,85,12127.0
15650.0,85,9063.0,94.40625,1.462087381920221,85,12552.0,0.056345913943248074,85,12552.0
15655.0,81,9283.0,97.71578947368421,1.3122213949288573,81,12695.0,0.046926653793649915,81,12695.0
15660.0,71,9366.0,98.58947368421053,1.765963745579464,71,12595.0,0.08031904798909228,71,12595.0
15665.0,67,9488.0,97.81443298969072,2.4631064945307943,67,12404.0,0.08768085867244595,67,12404.0
15670.0,59,9674.0,99.73195876288659,2.328734068753202,59,12701.0,0.10751219881205508,59,12701.0
15675.0,65,9984.0,104.0,2.556203604208667,65,13001.0,0.11027123136170641,65,13001.0
15680.0,70,10324.0,107.54166666666667,2.3988676578982098,70,13341.0,0.0532187872325856,70,13341.0
15685.0,72,7552.0,81.20430107526882,2.1835670381234067,72,12337.0,0.07547886367263046,72,12337.0
15690.0,66,4492.0,49.362637362637365,1.9955865007977516,66,10365.0,0.08391152128455234,66,10365.0
15695.0,65,4442.0,49.91011235955056,2.5675063279876364,65,8228.0,0.09260674486771102,65,8228.0
15700.0,63,4726.0,49.747368421052634,2.7995311066181774,63,8529.0,0.12355702799652966,63,8529.0
15705.0,69,5056.0,56.80898876404494,2.202990743531245,69,8842.0,0.07039869444881086,69,8842.0
15710.0,73,5416.0,59.51648351648352,2.396944040871228,73,9202.0,0.08003139928196651,73,9202.0
15715.0,74,5782.0,66.45977011494253,1.6787137174182734,74,9568.0,0.0447960035122295,74,9568.0
15720.0,69,5290.0,61.51162790697674,1.5907492018658318,69,9396.0,0.08080546829519543,69,9396.0
15725.0,61,4215.0,48.44827586206897,2.1353062042299564,61,8837.0,0.08524844371439587,61,8837.0
15730.0,57,3407.0,38.28089887640449,3.0189129609462175,57,7827.0,0.10364698613696911,57,7827.0
15735.0,50,2541.0,29.20689655172414,3.0851792516595644,50,8075.0,0.13416152247652594,50,8075.0
15740.0,48,1960.0,23.058823529411764,3.0339015308676105,48,8287.0,0.15206781093636523,48,8287.0
15745.0,55,2221.0,25.238636363636363,3.2103516027546646,55,8545.0,0.12449499935902376,55,8545.0
15750.0,64,2515.0,27.63736263736264,2.311197156103623,64,8839.0,0.08832729849399094,64,8839.0
15755.0,64,2527.0,28.39325842696629,1.7698240761779815,64,8518.0,0.0641750628890741,64,8518.0
15760.0,68,2654.0,28.537634408602152,2.40231875426081,68,7875.0,0.08825798164702199,68,7875.0
15765.0,76,3021.0,33.1978021978022,1.717773522946776,76,8035.0,0.03969705121897483,76,8035.0
15770.0,73,3380.0,36.344086021505376,2.1538080893914406,73,8401.0,0.09409279227339327,73,8401.0
15775.0,74,3747.0,41.63333333333333,2.197967906420116,74,8761.0,0.07596228491328089,74,8761.0
15780.0,75,4119.0,45.26373626373626,2.0455824936425135,75,9133.0,0.07390930105889192,75,9133.0
15785.0,78,4504.0,50.60674157303371,1.602311251746748,78,9518.0,0.04471706740169339,78,9518.0
15790.0,72,4184.0,48.651162790697676,1.393505589287382,72,9526.0,0.048290809250179235,72,9526.0
15795.0,64,3380.0,39.30232558139535,1.8844339500060838,64,8998.0,0.07646761438261433,64,8998.0
15800.0,58,2819.0,32.77906976744186,2.8661428840063206,58,8550.0,0.09741472630037777,58,8550.0
15805.0,48,2388.0,27.448275862068964,3.066252280123792,48,8659.0,0.13149047968794514,48,8659.0
15810.0,48,2442.0,30.14814814814815,3.133111056510718,48,8867.0,0.1401327348901852,48,8867.0
15815.0,53,2697.0,31.729411764705883,3.116722292506228,53,9121.0,0.10398255414108858,53,9121.0
15820.0,59,2980.0,35.903614457831324,2.0767425493583787,59,9404.0,0.07962209361527732,59,9404.0
15825.0,67,3299.0,40.23170731707317,1.5142538069564495,67,9723.0,0.049596330996383525,67,9723.0
15830.0,72,3650.0,44.51219512195122,1.4320269151246714,72,10075.0,0.06354795735367225,72,10075.0
15835.0,74,4015.0,47.79761904761905,1.3691683766505407,74,10440.0,0.05270652130650526,74,10440.0
15840.0,74,4385.0,53.47560975609756,1.1976135403990469,74,10810.0,0.04656604002819177,74,10810.0
15845.0,70,4522.0,50.80898876404494,1.5398668163611016,70,10828.0,0.08036818485584989,70,10828.0
15850.0,64,4511.0,52.45348837209303,2.0380479938711646,64,10526.0,0.099642733720522,64,10526.0
15855.0,58,4553.0,50.032967032967036,2.765566041813835,58,9999.0,0.09937798854344901,58,9999.0
15860.0,51,4530.0,52.06896551724138,2.463527044297642,51,10248.0,0.10758499650727221,51,10248.0
15865.0,50,4661.0,52.37078651685393,3.0591029119864594,50,10456.0,0.1377239256497034,50,10456.0
15870.0,57,4928.0,57.30232558139535,2.9671888600039766,57,10716.0,0.10892531959398563,57,10716.0
15875.0,62,5228.0,60.7906976744186,2.4933836544538774,62,11016.0,0.06760321132673111,62,11016.0
15880.0,69,5562.0,67.01204819277109,1.8162961490698921,69,11350.0,0.058500849551047764,69,11350.0
15885.0,72,5915.0,72.13414634146342,1.5683969944575424,72,11703.0,0.05906203230974144,72,11703.0
15890.0,72,6275.0,76.52439024390245,1.5650053491256015,72,12063.0,0.06847869921809505,72,12063.0
15895.0,68,6433.0,76.58333333333333,1.3564699507725233,68,12113.0,0.06739479274498852,68,12113.0
15900.0,62,6457.0,78.7439024390244,1.8819302803134943,62,11900.0,0.07938923488994916,62,11900.0
15905.0,55,6520.0,74.0909090909091,2.875425294285464,55,11547.0,0.10465542332958097,55,11547.0
15910.0,47,6538.0,76.91764705882353,2.965436818791041,47,11782.0,0.12358577088335325,47,11782.0
15915.0,51,6766.0,77.77011494252874,3.3684750748907657,51,11988.0,0.1584889571642255,51,11988.0
15920.0,56,7036.0,83.76190476190476,3.043998406069605,56,12256.0,0.10390254481143313,56,12256.0
15925.0,63,7334.0,87.30952380952381,2.5751893452110557,63,12554.0,0.13001814702063044,63,12554.0
15930.0,68,7664.0,97.0126582278481,1.4477263564811877,68,12884.0,0.052856367821857694,68,12884.0
15935.0,70,8011.0,100.1375,1.5630696764429435,70,13231.0,0.07361223066459267,70,13231.0
15940.0,70,8361.0,103.22222222222223,1.6008895141612087,70,13581.0,0.06582654212431198,70,13581.0
15945.0,66,8506.0,103.73170731707317,1.6792636078310632,66,13706.0,0.07588145430074755,66,13706.0
15950.0,57,8506.0,102.48192771084338,2.2537300415520893,57,13639.0,0.10393705673746086,57,13639.0
15955.0,54,8565.0,101.96428571428571,3.200203028682925,54,13423.0,0.12417165006561769,54,13423.0
15960.0,48,8694.0,104.74698795180723,2.9902886264612296,48,13652.0,0.12722207762494053,48,13652.0
15965.0,52,8941.0,110.38271604938272,2.937812955287707,52,13885.0,0.12240936694338525,52,13885.0
15970.0,58,9218.0,115.225,2.7683194282170662,58,14161.0,0.06139944899708859,58,14161.0
15975.0,57,9436.0,120.97435897435898,2.405538634008186,57,14294.0,0.07573708655203418,57,14294.0
15980.0,50,9601.0,128.01333333333332,2.4033571071141204,50,14306.0,0.09618342222854045,50,14306.0
15985.0,48,9814.0,127.45454545454545,3.712585543927178,48,14281.0,0.1439281294970199,48,14281.0
15990.0,46,10010.0,128.33333333333334,3.4481185347450625,46,14495.0,0.1595204479322371,46,14495.0
15995.0,52,10256.0,140.4931506849315,2.472662764889749,52,14723.0,0.07863272243881532,52,14723.0
16000.0,57,10531.0,138.56578947368422,3.1195962734897282,57,14998.0,0.0804838529676265,57,14998.0
16005.0,58,10821.0,152.40845070422534,2.182365702593849,58,15288.0,0.06082317119046655,58,15288.0
16010.0,60,11117.0,156.57746478873239,1.8719428526752064,60,15584.0,0.08923997152627348,60,15584.0
16015.0,60,11417.0,163.1,1.71119129356632,60,15884.0,0.07255257312109582,60,15884.0
16020.0,56,11546.0,160.36111111111111,1.5373748113963615,56,16063.0,0.08744433439837863,56,16063.0
16025.0,50,11620.0,161.38888888888889,2.590587224150489,50,16101.0,0.12143745167576536,50,16101.0
16030.0,52,11864.0,156.10526315789474,3.266643559077218,52,16229.0,0.12177995533209461,52,16229.0
16035.0,49,11049.0,149.3108108108108,2.552783746608792,49,15982.0,0.10634819908500578,49,15982.0
16040.0,54,11230.0,151.75675675675674,2.724789738874838,54,15670.0,0.10293963167489967,54,15670.0
16045.0,57,11512.0,162.14084507042253,1.8258852688685556,57,15877.0,0.043497839894525825,57,15877.0
16050.0,56,11662.0,157.59459459459458,2.0368020894717063,56,16115.0,0.08614130198446898,56,16115.0
16055.0,46,11800.0,168.57142857142858,2.160060136935931,46,16277.0,0.08107089558649623,46,16277.0
16060.0,48,12039.0,158.4078947368421,3.795003118126468,48,16442.0,0.17755297203491355,48,16442.0
16065.0,48,12279.0,168.2054794520548,3.956195501750268,48,16644.0,0.1500729648986609,48,16644.0
16070.0,51,12527.0,167.02666666666667,3.765876149189013,51,16892.0,0.11853628860287063,51,16892.0
16075.0,52,12787.0,188.0441176470588,2.96701636486347,52,17152.0,0.09226253859201847,52,17152.0
16080.0,48,12794.0,193.84848484848484,2.055100647734823,48,17290.0,0.08863383748050868,48,17290.0
16085.0,44,12849.0,200.765625,2.879690141341584,44,17306.0,0.1330480239602185,44,17306.0
16090.0,44,13069.0,192.19117647058823,3.83469823977845,44,17402.0,0.1359930714661085,44,17402.0
16095.0,42,13241.0,200.62121212121212,2.9915336115176507,42,17599.0,0.11336519632338715,42,17599.0
16100.0,44,13454.0,210.21875,3.299285413567084,44,17790.0,0.14177051953065342,44,17790.0
16105.0,44,13674.0,213.65625,3.7490544434576494,44,18007.0,0.11045458091278028,44,18007.0
16110.0,46,13903.0,217.234375,3.710297813336794,46,18236.0,0.130455647832977,46,18236.0
16115.0,46,14133.0,247.94736842105263,2.2825525072996955,46,18466.0,0.08028570822627895,46,18466.0
16120.0,42,14256.0,237.6,2.722564033302896,42,18631.0,0.12391046555814784,42,18631.0
16125.0,43,14442.0,249.0,2.608831048717091,43,18773.0,0.1156425047584128,43,18773.0
16130.0,44,14661.0,229.078125,3.6500640120290386,44,18972.0,0.15325963492529796,44,18972.0
16135.0,41,14838.0,235.52380952380952,3.1921082994118746,41,19167.0,0.1416084325840825,41,19167.0
16140.0,40,15037.0,250.61666666666667,3.235183514018403,40,19349.0,0.1472727360059309,40,19349.0
16145.0,43,15247.0,245.91935483870967,3.5630136590857684,43,19558.0,0.10981237518429493,43,19558.0
16150.0,44,15467.0,266.67241379310343,2.86425903555893,44,19778.0,0.10643578147446114,44,19778.0
16155.0,40,13168.0,219.46666666666667,2.926000347369107,40,18724.0,0.12910526745673928,40,18724.0
16160.0,32,9201.0,164.30357142857142,3.285586556041482,32,16473.0,0.1330419555489805,32,16473.0
16165.0,27,6043.0,100.71666666666667,4.743678238256042,27,13606.0,0.2002276911199338,27,13606.0
16170.0,18,2816.0,50.285714285714285,4.654401793284937,18,13098.0,0.21515637354738712,18,13098.0
16175.0,18,433.0,8.018518518518519,4.633554998496401,18,13161.0,0.2221281918268238,18,13161.0
16180.0,24,542.0,9.678571428571429,4.609216330913114,24,13271.0,0.1890725118839514,24,13271.0
16185.0,25,495.0,8.25,3.3344278786273174,25,13320.0,0.16934636056043287,25,13320.0
16190.0,32,619.0,10.316666666666666,2.919037848971327,32,13368.0,0.14353656564721937,32,13368.0
16195.0,45,807.0,12.227272727272727,3.0712335657562213,45,13537.0,0.10226983262130565,45,13537.0
16200.0,43,975.0,15.725806451612904,2.157421341139751,43,13738.0,0.0779174789341021,43,13738.0
16205.0,44,1181.0,17.893939393939394,3.510375923657773,44,13922.0,0.16711364096828996,44,13922.0
16210.0,44,1401.0,21.890625,3.852097875078309,44,14132.0,0.11742409238053371,44,14132.0
16215.0,43,1365.0,20.681818181818183,2.986106418284684,43,13068.0,0.10954900602564446,43,13068.0
16220.0,36,1173.0,19.55,3.405143092107655,36,10896.0,0.1557695692357128,36,10896.0
16225.0,31,1040.0,16.25,4.376084206240717,31,7523.0,0.1766686859032601,31,7523.0
16230.0,21,802.0,13.366666666666667,4.480041821625678,21,7626.0,0.2226401953975881,21,7626.0
16235.0,20,717.0,12.152542372881356,4.595103434837252,20,7681.0,0.21945816844282548,20,7681.0
16240.0,28,842.0,13.580645161290322,4.83656804000811,28,7802.0,0.19794599748074515,28,7802.0
16245.0,28,918.0,14.123076923076923,3.3181374811561124,28,6751.0,0.14632940595366514,28,6751.0
16250.0,31,972.0,15.428571428571429,3.0463146212951853,31,5058.0,0.14202262387600897,31,5058.0
16255.0,30,1061.0,15.602941176470589,4.234102391462838,30,2467.0,0.16816357169433527,30,2467.0
16260.0,27,1104.0,17.523809523809526,3.769509413823132,27,2592.0,0.1763312238354393,27,2592.0
16265.0,26,1188.0,18.276923076923076,4.250971320644487,26,2690.0,0.21515986167750986,26,2690.0
16270.0,32,1336.0,20.553846153846155,3.956555722814132,32,2833.0,0.14256608339917431,32,2833.0
16275.0,40,1522.0,20.56756756756757,3.8321444423791933,40,3019.0,0.20024450498666646,40,3019.0
16280.0,48,1746.0,24.942857142857143,2.5099144934748603,48,3243.0,0.11497692046985027,48,3243.0
16285.0,58,2012.0,26.473684210526315,2.2761983323253507,58,3509.0,0.1142789538096553,58,3509.0
16290.0,62,2318.0,31.753424657534246,1.7564012968326417,62,3815.0,0.07258520888986954,62,3815.0
16295.0,58,2140.0,28.91891891891892,1.948769853028466,58,3936.0,0.08717439292812476,58,3936.0
16300.0,49,2022.0,27.324324324324323,2.455135032564763,49,3900.0,0.12037887750560054,49,3900.0
16305.0,50,2258.0,29.710526315789473,3.4181339205399253,50,3857.0,0.11421854393632833,50,3857.0
16310.0,54,2519.0,33.14473684210526,3.623012310347469,54,4022.0,0.12980761515063724,54,4022.0
16315.0,49,2711.0,37.136986301369866,2.6821160971223557,49,4249.0,0.08586496097319089,49,4249.0
16320.0,48,2938.0,41.97142857142857,2.9304284975355035,48,4449.0,0.10332004555147924,48,4449.0
16325.0,50,3187.0,45.52857142857143,3.6353087543561506,50,4684.0,0.12216132313257318,50,4684.0
16330.0,46,3022.0,45.1044776119403,2.8498807687823695,46,3879.0,0.10540832169339784,46,3879.0
16335.0,41,2649.0,40.753846153846155,2.897426712553305,41,3647.0,0.09911432783618711,41,3647.0
16340.0,36,2271.0,34.40909090909091,4.2183044784186015,36,3299.0,0.178011714109737,36,3299.0
16345.0,23,1787.0,27.075757575757574,4.488474473948521,23,3203.0,0.2186413065766963,23,3203.0
16350.0,22,1577.0,24.26153846153846,5.2552495697928725,22,3268.0,0.28133849439188485,22,3268.0
16355.0,28,1704.0,26.215384615384615,4.134498136271974,28,3381.0,0.14874007019018423,28,3381.0
16360.0,38,1880.0,26.857142857142858,3.8928338327979866,38,3557.0,0.1423668682812555,38,3557.0
16365.0,45,2093.0,31.238805970149254,2.175991075497852,45,3770.0,0.08716662472910743,45,3770.0
16370.0,49,983.0,14.042857142857143,1.3360748195913033,49,3423.0,0.09297916857107366,49,3423.0
16375.0,54,1039.0,14.842857142857143,2.3713233061979073,54,2919.0,0.1134501836274956,54,2919.0
16380.0,56,1312.0,17.72972972972973,2.2660185045122745,56,2989.0,0.04924114337096909,56,2989.0
16385.0,54,1540.0,21.095890410958905,2.390488342515686,54,3250.0,0.09066735338411763,54,3250.0
16390.0,53,1794.0,24.916666666666668,2.684086172617171,53,3479.0,0.10808020014232747,53,3479.0
16395.0,54,2062.0,28.63888888888889,3.175246969496463,54,3739.0,0.09186066839522414,54,3739.0
16400.0,48,2009.0,28.295774647887324,2.3491807598746828,48,3716.0,0.08398981748349725,48,3716.0
16405.0,45,1808.0,26.202898550724637,3.0803230726001822,45,3463.0,0.13339353901929016,45,3463.0
16410.0,38,1590.0,22.714285714285715,3.7550264586728237,38,2961.0,0.14144772171905,38,2961.0
16415.0,29,1287.0,19.5,3.725271629770129,29,3103.0,0.1702439200616646,29,3103.0
16420.0,28,1188.0,17.217391304347824,4.391916498886851,28,3198.0,0.2394912164963163,28,3198.0
16425.0,34,1346.0,19.507246376811594,4.230078614236088,34,3347.0,0.1710674188661683,34,3347.0
16430.0,42,1543.0,20.573333333333334,3.6156453469810805,42,3544.0,0.12102816474143453,42,3544.0
16435.0,51,1782.0,24.410958904109588,2.2044128562060252,51,3783.0,0.06933387635801691,51,3783.0
16440.0,61,2067.0,28.315068493150687,1.4401195249655276,61,4068.0,0.05571225393336996,61,4068.0
16445.0,64,2379.0,32.148648648648646,1.4481017350526029,64,4382.0,0.056633022338146016,64,4382.0
16450.0,66,2704.0,35.578947368421055,1.6167821184795603,66,4707.0,0.09539195336856036,66,4707.0
16455.0,66,3034.0,39.921052631578945,1.692160217084663,66,5037.0,0.07925560878130883,66,5037.0
16460.0,67,3365.0,42.0625,1.940840951789524,67,5368.0,0.07576138455509808,67,5368.0
16465.0,68,3705.0,45.74074074074074,2.059857487473404,68,5708.0,0.07601852627523946,68,5708.0
16470.0,68,4045.0,49.93827160493827,1.7023620076019526,68,6048.0,0.07272719634722033,68,6048.0
16475.0,64,3482.0,44.64102564102564,1.4964892181701481,64,6070.0,0.06251999577164304,64,6070.0
16480.0,55,2680.0,32.68292682926829,2.579772633773635,55,5651.0,0.10155892445725312,55,5651.0
16485.0,52,2404.0,29.679012345679013,2.9188385260517014,52,5322.0,0.10837265562876042,52,5322.0
16490.0,42,2463.0,29.321428571428573,3.4901715073595394,42,5536.0,0.18527004487786955,42,5536.0
16495.0,48,2693.0,33.24691358024691,3.4162758907144695,48,5748.0,0.16041753920995167,48,5748.0
16500.0,54,2955.0,37.40506329113924,2.6516083163972484,54,6010.0,0.08579151172896547,54,6010.0
16505.0,64,3255.0,41.20253164556962,2.3327597475218385,64,6310.0,0.07017517067062617,64,6310.0
16510.0,66,3580.0,49.04109589041096,1.2257878969099245,66,6635.0,0.03811521034825298,66,6635.0
16515.0,66,3910.0,50.77922077922078,1.8630867212749136,66,6965.0,0.07766151106715274,66,6965.0
16520.0,68,4242.0,55.81578947368421,1.3810508425640668,68,7297.0,0.05314136741738471,68,7297.0
16525.0,64,4373.0,56.06410256410256,1.2690179134187423,64,7362.0,0.08672828986659097,64,7362.0
16530.0,56,4366.0,55.97435897435897,1.8313116343580829,56,7194.0,0.07993980322345308,56,7194.0
16535.0,53,4398.0,53.63414634146341,2.872551423721104,53,6931.0,0.10266649203986537,53,6931.0
16540.0,44,4549.0,56.160493827160494,2.7528501198198185,44,7144.0,0.11929895140701728,44,7144.0
16545.0,49,4767.0,59.5875,2.960879026361519,49,7338.0,0.12684631453655607,49,7338.0
16550.0,55,5030.0,64.48717948717949,2.9617534029065666,55,7588.0,0.08208791792375222,55,7588.0
16555.0,60,5325.0,68.26923076923077,2.737291905523315,60,7883.0,0.063898526653612,60,7883.0
16560.0,56,4765.0,66.18055555555556,2.0064293694040085,56,7662.0,0.06499472220776469,56,7662.0
16565.0,47,3620.0,48.266666666666666,3.173559495629163,47,6908.0,0.1628152547092875,47,6908.0
16570.0,43,2604.0,35.189189189189186,3.675652735278807,43,5641.0,0.1438742011844024,43,5641.0
16575.0,35,1681.0,22.11842105263158,3.360701257522187,35,5816.0,0.17045264860294504,35,5816.0
16580.0,36,1177.0,16.814285714285713,3.0743567345078584,36,5976.0,0.15003740727449455,36,5976.0
16585.0,43,1380.0,17.692307692307693,3.658654934137984,43,6179.0,0.1561561369817717,43,6179.0
16590.0,49,1616.0,20.71794871794872,2.559358927279962,49,6416.0,0.09407881008358655,49,6416.0
16595.0,58,1893.0,23.962025316455698,1.8025983578643454,58,6693.0,0.07938427205712725,58,6693.0
16600.0,66,2209.0,27.6125,1.4814854752724613,66,7010.0,0.06217104965234701,66,7010.0
16605.0,72,2557.0,30.44047619047619,1.8701011614737222,72,7358.0,0.05882407431579622,72,7358.0
16610.0,72,2917.0,35.573170731707314,1.6618436464490591,72,7718.0,0.07283540933083812,72,7718.0
16615.0,68,2840.0,33.80952380952381,1.23524900382827,68,7791.0,0.05846863525602276,68,7791.0
16620.0,63,2541.0,30.98780487804878,1.8787051773156873,63,7631.0,0.08270107502184654,63,7631.0
16625.0,55,2298.0,26.113636363636363,2.77632848184647,55,7415.0,0.10420171030744498,55,7415.0
16630.0,46,2354.0,27.694117647058825,2.899378469576877,46,7559.0,0.12444775208005217,46,7559.0
16635.0,51,2588.0,29.40909090909091,3.475953515691167,51,7765.0,0.1676425043908693,51,7765.0
16640.0,57,2862.0,34.07142857142857,2.908494442738609,57,8036.0,0.08960401159358937,57,8036.0
16645.0,65,3170.0,37.294117647058826,2.5412092633298164,65,8344.0,0.10550166012783849,65,8344.0
16650.0,68,3508.0,43.85,1.7382236537819544,68,8682.0,0.05890981842047568,68,8682.0
16655.0,64,3379.0,42.2375,1.6512006220891322,64,8430.0,0.07221086074053684,64,8430.0
16660.0,57,2932.0,36.65,2.0661972768297217,57,7684.0,0.1026270200449894,57,7684.0
16665.0,51,2620.0,31.951219512195124,3.3001162499725307,51,6410.0,0.14049386308243447,51,6410.0
16670.0,42,2060.0,25.121951219512194,3.238843402355311,42,6402.0,0.1593898716588213,42,6402.0
16675.0,34,1481.0,18.987179487179485,3.1684420821718526,34,6159.0,0.15772754561481087,34,6159.0
16680.0,38,1416.0,17.26829268292683,3.902334155687818,38,5808.0,0.17053385251836778,38,5808.0
16685.0,39,1435.0,16.686046511627907,3.012747663271573,39,5949.0,0.13963102487066567,39,5949.0
16690.0,42,1562.0,18.162790697674417,2.952764376262225,42,6048.0,0.10994711278417639,42,6048.0
16695.0,58,1820.0,21.162790697674417,2.6896900486932216,58,6270.0,0.07750653018116446,58,6270.0
16700.0,64,2130.0,24.767441860465116,3.055303062905324,64,6567.0,0.0759789575873468,64,6567.0
16705.0,61,2245.0,27.048192771084338,2.5352311675734627,61,6306.0,0.09693237978411652,61,6306.0
16710.0,54,2228.0,27.506172839506174,2.6097551367942557,54,5620.0,0.12342202114606268,54,5620.0
16715.0,50,2259.0,28.2375,2.872459327839221,50,4445.0,0.08775379651298339,50,4445.0
16720.0,48,2287.0,27.890243902439025,3.8525231616437647,48,4012.0,0.17534177392081207,48,4012.0
16725.0,37,2248.0,29.57894736842105,3.0628389423162554,37,3982.0,0.14179463938160183,37,3982.0
16730.0,40,2410.0,29.03614457831325,4.063749189862782,40,4117.0,0.20144024274708788,40,4117.0
16735.0,46,2629.0,32.8625,3.5166438843580523,46,4312.0,0.12619395357999336,46,4312.0
16740.0,49,2808.0,33.83132530120482,2.790435996940086,49,4335.0,0.11312974108668912,49,4335.0
16745.0,49,2975.0,35.416666666666664,2.560342149466635,49,4151.0,0.10930976044853652,49,4151.0
16750.0,50,3173.0,36.05681818181818,2.927912578913892,50,4038.0,0.10124224162988588,50,4038.0
16755.0,44,3315.0,38.10344827586207,2.84296192405877,44,4257.0,0.1274309435069388,44,4257.0
16760.0,47,3514.0,40.86046511627907,3.0204426829764883,47,4435.0,0.14095958502308661,47,4435.0
16765.0,55,3774.0,42.40449438202247,3.2382918550333812,55,4678.0,0.11953462242701968,55,4678.0
16770.0,61,4062.0,43.67741935483871,2.7538306392858916,61,4967.0,0.07636814131263416,61,4967.0
16775.0,69,4393.0,48.81111111111111,1.8151671386930988,69,5298.0,0.04957664077404903,69,5298.0
16780.0,75,4755.0,50.58510638297872,1.6519583331452856,75,5660.0,0.09182640762311299,75,5660.0
16785.0,82,5154.0,56.02173913043478,1.2792229983139018,82,6060.0,0.055002571631701996,82,6060.0
16790.0,84,5570.0,57.422680412371136,1.5558335597808768,84,6476.0,0.05805680661925508,84,6476.0
16795.0,80,5338.0,56.189473684210526,1.4657580825424226,80,6539.0,0.050741107937843054,80,6539.0
16800.0,70,4658.0,48.520833333333336,2.0335659467031926,70,6272.0,0.0789571060414927,70,6272.0
16805.0,68,4254.0,44.3125,2.7030179598521897,68,5788.0,0.08669039032103641,68,5788.0
16810.0,59,4104.0,42.75,3.1729999110744416,59,5536.0,0.12343979952639078,59,5536.0
16815.0,54,4252.0,46.72527472527472,3.1767553428484527,54,5688.0,0.15387502505257522,54,5688.0
16820.0,58,4522.0,48.623655913978496,3.3530447962840513,58,5936.0,0.14725645860583456,58,5936.0
16825.0,62,4824.0,53.6,2.871958732473032,62,6235.0,0.0905643343351004,62,6235.0
16830.0,63,4710.0,52.333333333333336,2.339640078309407,63,6338.0,0.0848084610804716,63,6338.0
16835.0,61,4392.0,52.285714285714285,2.156938434734597,61,6230.0,0.08114067099312412,61,6230.0
16840.0,54,4066.0,47.27906976744186,3.287267723957403,54,6013.0,0.12331264769638728,54,6013.0
16845.0,49,3748.0,45.707317073170735,2.7530758601256577,49,6247.0,0.12921277299676295,49,6247.0
16850.0,45,3577.0,42.082352941176474,3.514791366200992,45,6446.0,0.176803226386616,45,6446.0
16855.0,52,3826.0,43.97701149425287,3.3189617439695414,52,6690.0,0.12141929270667279,52,6690.0
16860.0,62,4115.0,45.72222222222222,2.413956960138414,62,6979.0,0.08672008931095929,62,6979.0
16865.0,69,4445.0,49.943820224719104,1.3523898408461572,69,7309.0,0.04988775151203581,69,7309.0
16870.0,77,4818.0,54.13483146067416,0.9579032885205677,77,7683.0,0.04239573187352135,77,7683.0
16875.0,82,5219.0,56.72826086956522,1.2776188061448013,82,8085.0,0.053950366086543175,82,8085.0
16880.0,84,5635.0,61.25,1.1333687662340701,84,8501.0,0.04258287358182064,84,8501.0
16885.0,79,5817.0,60.59375,1.3279371039056131,79,8683.0,0.05913001126345986,79,8683.0
16890.0,71,5873.0,62.47872340425532,1.8462785288829213,71,8506.0,0.06221060266498168,71,8506.0
16895.0,66,5950.0,61.979166666666664,2.8125863481481024,66,8324.0,0.09598708650972339,66,8324.0
16900.0,56,5930.0,63.08510638297872,2.3745390423861923,56,8601.0,0.09554984324052684,56,8601.0
16905.0,57,6030.0,65.54347826086956,2.6635738929203283,57,8872.0,0.12409657366831525,57,8872.0
16910.0,64,6334.0,66.67368421052632,2.449796854628806,64,9176.0,0.06851764258388554,64,9176.0
16915.0,72,6677.0,68.13265306122449,2.0631893245450086,72,9519.0,0.061297075260264317,72,9519.0
16920.0,79,7060.0,73.54166666666667,1.1876087222160132,79,9902.0,0.04769124688911058,79,9902.0
16925.0,85,7474.0,74.74,1.2601238187632422,85,10318.0,0.06692242402063639,85,10318.0
16930.0,85,7231.0,72.31,1.2447452841413724,85,10324.0,0.045658758718585345,85,10324.0
16935.0,76,6540.0,64.11764705882354,1.8633955973166167,76,9756.0,0.06819889616391035,76,9756.0
16940.0,71,5960.0,59.6,2.5673985431345994,71,9287.0,0.0918750691671685,71,9287.0
16945.0,65,5684.0,56.84,3.0087049562685984,65,8929.0,0.12380359080576947,65,8929.0
16950.0,62,5778.0,60.1875,3.569805657049226,62,8571.0,0.15248465595375518,62,8571.0
16955.0,60,5999.0,61.214285714285715,3.046350404570667,60,8842.0,0.1446489481857811,60,8842.0
16960.0,61,6275.0,65.36458333333333,2.616545957755816,61,9085.0,0.11392584765075552,61,9085.0
16965.0,67,6601.0,68.05154639175258,2.692448031879785,67,9394.0,0.09765861959189318,67,9394.0
16970.0,73,6954.0,73.2,2.394737772435333,73,9747.0,0.06538515973633048,73,9747.0
16975.0,77,7336.0,78.04255319148936,1.9755614573747537,77,10129.0,0.06897942308080682,77,10129.0
16980.0,79,7729.0,88.83908045977012,1.1473820981626826,79,10522.0,0.04200446153324206,79,10522.0
16985.0,73,7618.0,81.91397849462365,1.6064953022576542,73,10530.0,0.07542534356452933,73,10530.0
16990.0,69,7178.0,80.65168539325843,1.6979827088152961,69,10158.0,0.07167520142241042,69,10158.0
16995.0,61,6881.0,70.9381443298969,3.2880972508993604,61,9413.0,0.1395031702930589,61,9413.0
17000.0,53,6502.0,71.45054945054945,2.473029337367254,53,9673.0,0.11564075273429053,53,9673.0
17005.0,55,6312.0,67.14893617021276,2.944427378627368,55,9913.0,0.1524308538537592,55,9913.0
17010.0,61,6604.0,68.79166666666667,2.800133846522854,61,10202.0,0.103496034776209,61,10202.0
17015.0,69,6933.0,72.21875,2.2125439276955605,69,10531.0,0.0691324059930002,69,10531.0
17020.0,74,7295.0,74.43877551020408,1.5467291910346515,74,10893.0,0.04804465111692995,74,10893.0
17025.0,86,7703.0,77.8080808080808,1.3509413273727817,86,11301.0,0.05777948649272852,86,11301.0
17030.0,89,8148.0,81.48,1.4080319020044698,89,11746.0,0.05183252217561905,89,11746.0
17035.0,91,8596.0,85.10891089108911,1.4120506933913908,91,12194.0,0.04095839339183483,91,12194.0
17040.0,91,9051.0,91.42424242424242,1.0922728757190643,91,12649.0,0.036697918174699314,91,12649.0
17045.0,86,8971.0,88.82178217821782,1.2082058706465886,86,12715.0,0.06070676794253407,86,12715.0
17050.0,79,8535.0,84.5049504950495,1.5232982640854436,79,12430.0,0.06310745469015504,79,12430.0
17055.0,74,8266.0,81.03921568627452,2.2463711430195854,74,11938.0,0.07256422434644096,74,11938.0
17060.0,69,8153.0,79.15533980582525,2.8501542223607226,69,11673.0,0.10527198560382099,69,11673.0
17065.0,59,8263.0,83.46464646464646,2.972581658438361,59,11959.0,0.1368009749201216,59,11959.0
17070.0,62,8550.0,83.00970873786407,3.1457431842784858,62,12214.0,0.1437424463841857,62,12214.0
17075.0,69,8879.0,91.5360824742268,2.426355811455043,69,12535.0,0.06552743647424356,69,12535.0
17080.0,75,9245.0,94.33673469387755,2.20174181548498,75,12901.0,0.07091269727163196,75,12901.0
17085.0,82,9644.0,104.82608695652173,1.2923663891242778,82,13300.0,0.04442980571102091,82,13300.0
17090.0,83,10059.0,105.88421052631578,1.6508008695920484,83,13715.0,0.06195262295380964,83,13715.0
17095.0,78,10305.0,110.80645161290323,1.3744627429457548,78,13901.0,0.05109480694855455,78,13901.0
17100.0,70,10441.0,111.07446808510639,1.733898311040023,70,13840.0,0.07044287348851853,70,13840.0
17105.0,65,10610.0,111.6842105263158,2.6268618255640703,65,13654.0,0.09254452544358596,65,13654.0
17110.0,59,10843.0,114.13684210526316,2.389069068328516,59,13945.0,0.10554642684459704,59,13945.0
17115.0,65,11158.0,121.28260869565217,2.424317108602248,65,14249.0,0.1039859882725424,65,14249.0
17120.0,72,11505.0,123.70967741935483,2.274724187959792,72,14596.0,0.0636716484653397,72,14596.0
17125.0,77,11884.0,130.5934065934066,1.8936588409983743,77,14975.0,0.0695610671165927,77,14975.0
17130.0,77,12269.0,136.32222222222222,1.718137861816505,77,15360.0,0.05957921584330741,77,15360.0
17135.0,73,12514.0,142.20454545454547,1.5318870374171334,73,15561.0,0.051832003622725865,73,15561.0
17140.0,63,12650.0,137.5,2.586304812948364,63,15616.0,0.13488568568537704,63,15616.0
17145.0,62,12884.0,141.58241758241758,2.7687529377432623,62,15653.0,0.094852824792972,62,15653.0
17150.0,63,13177.0,141.68817204301075,2.636610502860465,63,15956.0,0.11632852762385618,63,15956.0
17155.0,68,13506.0,153.47727272727272,2.2449223827408447,68,16275.0,0.07427696225892222,68,16275.0
17160.0,72,13859.0,155.7191011235955,2.336649501621299,72,16628.0,0.05476313203281579,72,16628.0
17165.0,73,14224.0,163.49425287356323,2.1228450545684345,73,16993.0,0.06918201195351713,73,16993.0
17170.0,73,14589.0,171.63529411764705,1.497390954038772,73,17358.0,0.07391927496693608,73,17358.0
17175.0,75,14964.0,176.04705882352943,1.5714849953091803,75,17733.0,0.0681841543533665,75,17733.0
17180.0,69,14265.0,162.10227272727272,1.6188014915121747,69,17388.0,0.08077951017422969,69,17388.0
17185.0,64,12846.0,145.97727272727272,2.25344395269447,64,16284.0,0.0965037255439328,64,16284.0
17190.0,57,11769.0,129.32967032967034,3.457761946994898,57,15171.0,0.1416033655847519,57,15171.0
17195.0,48,10280.0,120.94117647058823,2.64967899857515,48,15413.0,0.12242628250425427,48,15413.0
17200.0,49,9829.0,117.01190476190476,3.0005028433706005,49,15625.0,0.14498721702437573,49,15625.0
17205.0,56,10092.0,113.3932584269663,2.9516339939888785,56,15886.0,0.09606722547100523,56,15886.0
17210.0,63,10394.0,109.41052631578947,2.8904155691189812,63,16189.0,0.1248164849482035,63,16189.0
17215.0,70,10730.0,117.91208791208791,1.3425747539692727,70,16526.0,0.05184306689265691,70,16526.0
17220.0,81,11114.0,118.23404255319149,1.3268531279421192,81,16910.0,0.05352347555777425,81,16910.0
17225.0,85,11533.0,121.4,1.274686643482021,85,17330.0,0.05178231404451635,85,17330.0
17230.0,87,11962.0,125.91578947368421,1.1083759559592592,87,17759.0,0.027934360825900333,87,17759.0
17235.0,87,12397.0,127.80412371134021,1.3514787329237772,87,18194.0,0.058186982373758786,87,18194.0
17240.0,89,12835.0,133.69791666666666,0.9802575452546386,89,18632.0,0.04144695357130919,89,18632.0
17245.0,89,13280.0,131.4851485148515,1.5464259052738571,89,19077.0,0.05887902401518312,89,19077.0
17250.0,89,13725.0,138.63636363636363,1.0880888979821217,89,19522.0,0.04033006533128577,89,19522.0
17255.0,87,13550.0,135.5,0.9978621200651608,87,19689.0,0.04473184493053555,87,19689.0
17260.0,79,13084.0,129.54455445544554,1.6189992042127015,79,19596.0,0.06361465252662821,79,19596.0
17265.0,74,12922.0,124.25,2.407529793140985,74,19333.0,0.07937015896931925,74,19333.0
17270.0,65,13079.0,128.22549019607843,2.2297341645163087,65,19650.0,0.09527865785111818,65,19650.0
17275.0,70,13409.0,131.4607843137255,2.462924650554527,70,19959.0,0.10520343362963469,70,19959.0
17280.0,76,13773.0,140.5408163265306,2.185329313080361,76,20318.0,0.06277343074304577,76,20318.0
17285.0,76,14085.0,139.45544554455446,2.0287210378440235,76,20489.0,0.0730935104276457,76,20489.0
17290.0,74,14364.0,149.625,1.9864718661562535,74,20426.0,0.06616291820067949,74,20426.0
17295.0,69,14666.0,146.66,2.889298923093995,69,20481.0,0.11005766013147737,69,20481.0
17300.0,67,14965.0,154.27835051546393,2.3540078609333928,67,20803.0,0.0928862262026198,67,20803.0
17305.0,71,15305.0,156.1734693877551,2.4629186566990864,71,21120.0,0.08058892796348467,71,21120.0
17310.0,77,15679.0,166.79787234042553,2.3836635614026416,77,21494.0,0.06428240744166534,77,21494.0
17315.0,79,16067.0,174.6413043478261,1.6897832851699481,79,21882.0,0.05756751703886208,79,21882.0
17320.0,79,16462.0,184.96629213483146,1.383954564528287,79,22277.0,0.06442530318065322,79,22277.0
17325.0,73,16077.0,172.8709677419355,1.7701962846522423,73,21838.0,0.0844908273663336,73,21838.0
17330.0,69,15182.0,166.83516483516485,2.0108844609794283,69,20681.0,0.09185785823875048,69,20681.0
17335.0,61,14402.0,151.6,2.8430538495303903,61,18761.0,0.09715161701586227,61,18761.0
17340.0,54,13676.0,151.95555555555555,2.614130034445648,54,19031.0,0.11537916037191323,54,19031.0
17345.0,51,13322.0,146.3956043956044,3.0885109537753626,51,19255.0,0.15086341684591542,51,19255.0
17350.0,59,13593.0,146.16129032258064,2.741146957242311,59,19524.0,0.09339476499609424,59,19524.0
17355.0,65,13906.0,140.46464646464648,2.6854862669915165,65,19837.0,0.11614754368544873,65,19837.0
17360.0,74,14257.0,150.07368421052632,1.1841952825810822,74,20188.0,0.04618877879160069,74,20188.0
17365.0,84,14656.0,143.68627450980392,1.6419021230736002,84,20587.0,0.08425939269720761,84,20587.0
17370.0,89,15090.0,152.42424242424244,1.100051969081556,89,21022.0,0.0428849172533535,89,21022.0
17375.0,91,15542.0,153.88118811881188,1.32567776670919,91,21474.0,0.04912358626699492,91,21474.0
17380.0,87,15765.0,156.0891089108911,1.171669124160617,87,21103.0,0.061436842517255556,87,21103.0
17385.0,79,15844.0,153.8252427184466,1.8479152481196857,79,20189.0,0.07244936092421403,79,20189.0
17390.0,75,15974.0,152.13333333333333,2.789345452825625,75,18611.0,0.10344363657271602,75,18611.0
17395.0,64,16027.0,155.60194174757282,2.24708105999949,64,18924.0,0.08927794532777741,64,18924.0
17400.0,65,16169.0,163.32323232323233,2.491624469080646,65,19219.0,0.11925898859684214,65,19219.0
17405.0,70,16509.0,158.7403846153846,2.571678904267686,70,19559.0,0.10791159877729478,70,19559.0
17410.0,80,16891.0,159.3490566037736,1.9558867893398324,80,19941.0,0.059859528220043146,80,19941.0
17415.0,87,17308.0,164.83809523809524,1.1760748393048857,87,20359.0,0.05384225462383299,87,20359.0
17420.0,95,17768.0,164.5185185185185,1.073533730031938,95,20820.0,0.037483323215450524,95,20820.0
17425.0,99,18259.0,164.4954954954955,1.3649749879647861,99,21311.0,0.05784232003938403,99,21311.0
17430.0,100,18755.0,168.96396396396398,0.8798991446292239,100,21807.0,0.032183570924726866,100,21807.0
17435.0,103,19270.0,173.6036036036036,0.9197774317132277,103,22313.0,0.03457664540865292,103,22313.0
17440.0,104,19786.0,173.56140350877192,0.9363242202992793,104,22819.0,0.03045188483238951,104,22819.0
17445.0,105,20310.0,179.73451327433628,0.8887706741867122,105,23333.0,0.03224893541553984,105,23333.0
17450.0,99,15143.0,129.42735042735043,1.0891665898372396,99,21842.0,0.04206393684977157,99,21842.0
17455.0,93,8975.0,78.7280701754386,1.5333061693544023,93,18676.0,0.06076370052970212,93,18676.0
17460.0,88,6639.0,56.743589743589745,2.2266832745167675,88,14715.0,0.07336473700695824,88,14715.0
17465.0,80,6387.0,56.52212389380531,1.947597527795742,80,15108.0,0.07851275454780994,80,15108.0
17470.0,84,6789.0,60.07964601769911,2.087299508534802,84,15487.0,0.0797487935177389,84,15487.0
17475.0,91,7227.0,66.30275229357798,1.886303322800235,91,15921.0,0.03899627949470864,91,15921.0
17480.0,94,7694.0,70.58715596330275,1.8791181077520638,94,16388.0,0.038343627933217064,94,16388.0
17485.0,88,7626.0,74.76470588235294,1.2438274399239073,88,16017.0,0.043808347151233835,88,16017.0
17490.0,79,7191.0,70.5,1.501235433114585,79,15467.0,0.060281142586172044,79,15467.0
17495.0,74,6910.0,67.74509803921569,2.624217663068949,74,14422.0,0.08801277738622353,74,14422.0
17500.0,62,6405.0,62.18446601941748,2.6705227502924367,62,14740.0,0.13169332846592846,62,14740.0
17505.0,66,6397.0,65.27551020408163,2.3870599466728923,66,15042.0,0.1085927212013509,66,15042.0
17510.0,73,6748.0,64.88461538461539,2.4473073662606124,73,15393.0,0.09518932991089514,73,15393.0
17515.0,72,5843.0,56.728155339805824,1.9872781513988234,72,15253.0,0.06798769466315084,72,15253.0
17520.0,69,4122.0,39.25714285714286,2.210317858076349,69,14660.0,0.08980908720877799,69,14660.0
17525.0,71,3086.0,29.961165048543688,2.3638719172945066,71,13714.0,0.07949099789768602,71,13714.0
17530.0,65,2252.0,21.447619047619046,2.5821495809824806,65,14046.0,0.11407464048271772,65,14046.0
17535.0,65,2093.0,20.93,2.6086170524100902,65,14358.0,0.10892885384828577,65,14358.0
17540.0,71,2436.0,23.650485436893202,2.42372771747219,71,14701.0,0.10248382871312364,71,14701.0
17545.0,77,2812.0,27.03846153846154,1.820969392061014,77,15077.0,0.06503264519685233,77,15077.0
17550.0,82,3212.0,30.590476190476192,1.3399592663170248,82,15477.0,0.06689430760691902,82,15477.0
17555.0,92,3648.0,34.74285714285714,1.0840121964406606,92,15914.0,0.03768480030671519,92,15914.0
17560.0,96,4114.0,38.81132075471698,1.2714839910484572,96,16385.0,0.04649350002402558,96,16385.0
17565.0,91,4207.0,40.45192307692308,1.0850442088261176,91,16259.0,0.045099189278370304,91,16259.0
17570.0,82,4089.0,38.21495327102804,1.9983936426286937,82,15986.0,0.08952255415457651,82,15986.0
17575.0,76,3949.0,36.90654205607477,2.3210784738237673,76,15335.0,0.0847739287298927,76,15335.0
17580.0,65,3710.0,35.0,2.3692214505869575,65,15670.0,0.10348603222669085,65,15670.0
17585.0,66,3814.0,37.3921568627451,2.475892913238544,66,15983.0,0.10739615619548075,66,15983.0
17590.0,73,4162.0,40.407766990291265,2.1520941034037158,73,16332.0,0.07102597201101493,73,16332.0
17595.0,80,4542.0,42.84905660377358,1.6765638713943358,80,16713.0,0.05762864652814932,80,16713.0
17600.0,86,4957.0,48.12621359223301,0.9204062414943631,86,17128.0,0.04313750955679399,86,17128.0
17605.0,93,5400.0,50.467289719626166,1.074257065845905,93,17573.0,0.037602740800734745,93,17573.0
17610.0,92,5404.0,50.9811320754717,1.1367642668856621,92,17470.0,0.04140107790106591,92,17470.0
17615.0,84,5093.0,47.157407407407405,1.6789511647027542,84,16559.0,0.057414294736002035,84,16559.0
17620.0,78,4925.0,46.4622641509434,2.394179083620931,78,15764.0,0.07538555605842831,78,15764.0
17625.0,72,4666.0,44.0188679245283,2.8140244274098967,72,15059.0,0.10677786049129909,72,15059.0
17630.0,65,4599.0,45.53465346534654,2.546894292253961,65,15372.0,0.11902604635079898,65,15372.0
17635.0,69,4920.0,47.30769230769231,2.7221297784945957,69,15668.0,0.13169848233896658,69,15668.0
17640.0,76,5286.0,49.867924528301884,2.474378620440332,76,16023.0,0.0798239686661945,76,16023.0
17645.0,81,5679.0,50.256637168141594,2.1865207903847557,81,16417.0,0.061826804886560525,81,16417.0
17650.0,89,6107.0,56.5462962962963,1.255008618092326,89,16845.0,0.04099222696706876,89,16845.0
17655.0,96,6573.0,60.861111111111114,0.9334792808714085,96,17312.0,0.04280177770195268,96,17312.0
17660.0,100,7068.0,65.44444444444444,0.959008206041826,100,17807.0,0.03527358739875119,100,17807.0
17665.0,95,7068.0,64.25454545454545,0.9536238742286072,95,17790.0,0.04692376585133133,95,17790.0
17670.0,88,6740.0,62.407407407407405,1.4377942640203443,88,17137.0,0.053343941096617574,88,17137.0
17675.0,80,6467.0,57.74107142857143,2.3246441955732315,80,16463.0,0.07958645168105802,80,16463.0
17680.0,69,6121.0,56.15596330275229,2.254573572967203,69,16815.0,0.09252557690339648,69,16815.0
17685.0,69,6158.0,58.094339622641506,2.360960827110947,69,17122.0,0.11447586847276768,69,17122.0
17690.0,76,6525.0,60.416666666666664,2.4453722392723596,76,17481.0,0.0748365321034952,76,17481.0
17695.0,84,6930.0,62.432432432432435,2.0281290566579546,84,17886.0,0.06485991951704688,84,17886.0
17700.0,83,6937.0,64.23148148148148,1.4504536790366211,83,17778.0,0.04862545887544137,83,17778.0
17705.0,80,6682.0,60.1981981981982,1.8965493503461397,80,17201.0,0.0696270595499477,80,17201.0
17710.0,80,6580.0,60.925925925925924,2.3399950259072977,80,16531.0,0.07523886848396953,80,16531.0
17715.0,68,6364.0,57.85454545454545,2.498565085740199,68,16881.0,0.11928093792052488,68,16881.0
17720.0,71,6404.0,60.41509433962264,2.4811336471374705,71,17212.0,0.09733653953737294,71,17212.0
17725.0,78,6781.0,61.64545454545455,2.4289427537985913,78,17589.0,0.09404565813794294,78,17589.0
17730.0,79,6893.0,62.663636363636364,1.866041775113041,79,17457.0,0.07017011413435212,79,17457.0
17735.0,75,6832.0,62.10909090909091,1.8426678839477766,75,17121.0,0.06549911206588857,75,17121.0
17740.0,78,6871.0,61.9009009009009,2.331340302480926,78,16452.0,0.07987033303526353,78,16452.0
17745.0,71,6840.0,62.18181818181818,2.4217677023640887,71,16810.0,0.10249739273901565,71,16810.0
17750.0,72,6990.0,65.94339622641509,2.417006924525881,72,17145.0,0.10075833029761751,72,17145.0
17755.0,77,7364.0,67.55963302752293,2.3010226529595283,77,17520.0,0.08488241667708735,77,17520.0
17760.0,79,7686.0,70.5137614678899,1.5202138517425448,79,17539.0,0.06553653082820297,79,17539.0
17765.0,78,7985.0,73.25688073394495,1.546859045974317,78,17413.0,0.07152668600176133,78,17413.0
17770.0,81,8319.0,73.61946902654867,2.260336613888882,81,17167.0,0.07827571418244465,81,17167.0
17775.0,74,8595.0,78.13636363636364,2.0102974794239565,74,17406.0,0.06933265008929299,74,17406.0
17780.0,71,8909.0,84.04716981132076,2.1427663655895826,71,17730.0,0.10837025195045903,71,17730.0
17785.0,77,9280.0,83.6036036036036,2.332711650001057,77,18093.0,0.09551246968655411,77,18093.0
17790.0,83,9683.0,84.93859649122807,2.031345555915502,83,18496.0,0.061080282559119584,83,18496.0
17795.0,92,10130.0,91.26126126126127,1.1805904619984542,92,18943.0,0.04231524876606499,92,18943.0
17800.0,93,10464.0,92.60176991150442,0.7815092213171868,93,19117.0,0.043904342395316376,93,19117.0
17805.0,92,10746.0,95.94642857142857,1.441214911446508,92,19162.0,0.0498950230649164,92,19162.0
17810.0,85,11033.0,95.93913043478261,2.2416144258672053,85,19331.0,0.08041509128765546,85,19331.0
17815.0,75,11252.0,102.2909090909091,2.0183709553345754,75,19643.0,0.08695813042601042,75,19643.0
17820.0,74,11530.0,104.81818181818181,2.3804794856943947,74,19968.0,0.10893312244769222,74,19968.0
17825.0,80,11919.0,107.37837837837837,2.3145864134507286,80,20347.0,0.07265736970865935,80,20347.0
17830.0,87,12341.0,108.25438596491227,1.9962801951546096,87,20769.0,0.04963901319645116,87,20769.0
17835.0,92,12791.0,114.20535714285714,1.285798973538687,92,21220.0,0.04417122479361933,92,21220.0
17840.0,98,13274.0,116.43859649122807,1.0867776898993216,98,21703.0,0.040292393935401155,98,21703.0
17845.0,104,13786.0,123.08928571428571,0.9138269345027543,104,22215.0,0.035331157611296175,104,22215.0
17850.0,98,11998.0,103.43103448275862,1.063330318556368,98,20766.0,0.03961818015776376,98,20766.0
17855.0,92,8675.0,77.45535714285714,1.3423149059161805,92,17758.0,0.054920158416436826,92,17758.0
17860.0,83,6525.0,55.29661016949152,2.2082866345749115,83,14033.0,0.07747381798597155,83,14033.0
17865.0,79,6595.0,57.34782608695652,1.9973346631152238,79,14416.0,0.07871447139380543,79,14416.0
17870.0,83,6990.0,61.31578947368421,2.087875031114159,83,14787.0,0.08303818332338177,83,14787.0
17875.0,88,7420.0,67.45454545454545,1.913825333245564,88,15210.0,0.03947700090672631,88,15210.0
17880.0,88,6897.0,62.7,1.8066702799356948,88,15062.0,0.05717203505331296,88,15062.0
17885.0,82,5721.0,55.54368932038835,1.5503619295019864,82,14300.0,0.064274198601672,82,14300.0
17890.0,73,4691.0,44.25471698113208,2.334309389143651,73,13354.0,0.09283609025147968,73,13354.0
17895.0,65,3737.0,35.93269230769231,2.479194688368982,65,13454.0,0.09974066232605026,65,13454.0
17900.0,63,3268.0,32.03921568627451,2.7511348433976752,63,13737.0,0.12318363544189613,63,13737.0
17905.0,70,3602.0,35.31372549019608,2.6039290365051873,70,14068.0,0.0842756917507644,70,14068.0
17910.0,71,3885.0,37.35576923076923,2.026121014332788,71,13956.0,0.0787058421221282,71,13956.0
17915.0,70,4142.0,40.213592233009706,1.9983879014145862,70,13377.0,0.07589211014470826,70,13377.0
17920.0,67,4417.0,42.47115384615385,2.280819744029636,67,12352.0,0.07062318050093962,67,12352.0
17925.0,65,4664.0,45.72549019607843,2.275769496165005,65,12665.0,0.10028779062861362,65,12665.0
17930.0,63,4950.0,48.529411764705884,2.887942594749489,63,12952.0,0.13214834993737717,63,12952.0
17935.0,70,5288.0,50.84615384615385,2.7060592411741626,70,13288.0,0.09420467141377649,70,13288.0
17940.0,77,5661.0,53.91428571428571,1.9902203277403858,77,13662.0,0.07042767334751501,77,13662.0
17945.0,85,6072.0,57.82857142857143,1.329735810692064,85,14073.0,0.04133072740459147,85,14073.0
17950.0,90,6515.0,62.64423076923077,0.9540212133945404,90,14517.0,0.037324081186200495,90,14517.0
17955.0,96,6988.0,66.55238095238096,1.02211850359115,96,14991.0,0.03766647789899197,96,14991.0
17960.0,90,6600.0,63.46153846153846,1.087426867517934,90,15081.0,0.04387018608960086,90,15081.0
17965.0,82,5762.0,53.850467289719624,1.8804665682999158,82,14841.0,0.07166489759759676,82,14841.0
17970.0,76,4915.0,47.25961538461539,2.447731044431755,76,14254.0,0.08074146728180713,76,14254.0
17975.0,65,3751.0,36.41747572815534,2.3019281696140146,65,14058.0,0.09938698091581641,65,14058.0
17980.0,58,2931.0,29.908163265306122,2.4697069911803173,58,13303.0,0.11336659327114149,58,13303.0
17985.0,60,2890.0,27.78846153846154,3.0740808977336167,60,12555.0,0.12476108452835147,60,12555.0
17990.0,56,2725.0,26.201923076923077,2.132622677161185,56,12797.0,0.08307993200202704,56,12797.0
17995.0,56,2681.0,25.29245283018868,2.5663357305466454,56,12991.0,0.11275910822012014,56,12991.0
18000.0,68,2993.0,27.712962962962962,2.3575124051866285,68,13237.0,0.079944826335712,68,13237.0
18005.0,78,3365.0,29.26086956521739,2.671984404137618,78,13599.0,0.09132167937124727,78,13599.0
18010.0,87,3780.0,34.36363636363637,1.6718752494776383,87,14014.0,0.0387868831890142,87,14014.0
18015.0,87,4083.0,36.78378378378378,1.380924381781839,87,13995.0,0.05614022330124804,87,13995.0
18020.0,85,4321.0,40.764150943396224,1.458960490712781,85,14145.0,0.059309281823337084,85,14145.0
18025.0,78,4574.0,41.58181818181818,2.493176902508458,78,14145.0,0.07566744017908934,78,14145.0
18030.0,70,4770.0,45.42857142857143,2.2039264049351974,70,14494.0,0.0916054672072238,70,14494.0
18035.0,67,5021.0,47.819047619047616,2.578120217465646,67,14799.0,0.10976038755412816,67,14799.0
18040.0,73,5379.0,50.74528301886792,2.4665456122659277,73,15155.0,0.07945449684029739,73,15155.0
18045.0,75,5349.0,49.07339449541284,2.009848197300654,75,15081.0,0.07511802319529098,75,15081.0
18050.0,76,5075.0,48.333333333333336,1.7912913015081309,76,14359.0,0.06531523000221512,76,14359.0
18055.0,75,4941.0,44.91818181818182,2.2742776274241114,75,13862.0,0.07848283094310807,75,13862.0
18060.0,68,4640.0,43.77358490566038,2.323058812667497,68,13985.0,0.09927614441496935,68,13985.0
18065.0,67,4718.0,45.80582524271845,2.2704161026757648,67,14283.0,0.10444893212576306,67,14283.0
18070.0,73,5072.0,47.84905660377358,2.577813448336348,73,14629.0,0.08591097062219853,73,14629.0
18075.0,79,5455.0,49.14414414414414,2.3480337294143885,79,15012.0,0.08582857114944151,79,15012.0
18080.0,86,5873.0,53.88073394495413,1.4638160807226663,86,15431.0,0.042827423671300935,86,15431.0
18085.0,90,6188.0,56.25454545454546,1.2174886011544046,90,15415.0,0.06086988075808122,90,15415.0
18090.0,88,6439.0,59.620370370370374,1.5429120109204248,88,14750.0,0.0575750152500931,88,14750.0
18095.0,79,6702.0,60.92727272727273,2.2926663500645508,79,14070.0,0.07049706598437076,79,14070.0
18100.0,70,6896.0,63.851851851851855,2.1677837593776643,70,14426.0,0.09721402280085875,70,14426.0
18105.0,71,7175.0,67.68867924528301,2.4314218391044373,71,14740.0,0.10100644605386362,71,14740.0
18110.0,76,7545.0,69.86111111111111,2.4778873402745525,76,15109.0,0.08087158709413417,76,15109.0
18115.0,77,6452.0,59.19266055045872,1.9334301757850991,77,13896.0,0.07466018629689382,77,13896.0
18120.0,77,4634.0,42.907407407407405,1.7455197232168524,77,11499.0,0.06747314179208021,77,11499.0
18125.0,75,3599.0,32.71818181818182,2.3861957397795988,75,8726.0,0.08141879481796387,75,8726.0
18130.0,79,3954.0,36.611111111111114,2.1182495843643006,79,9103.0,0.08475632607717312,79,9103.0
18135.0,82,4353.0,41.85576923076923,1.6836697772542901,82,9482.0,0.03658511002689367,82,9482.0
18140.0,88,4781.0,45.97115384615385,1.9778748868438252,88,9908.0,0.03714000478690641,88,9908.0
18145.0,82,4532.0,44.87128712871287,1.8956138243565077,82,9978.0,0.06901733362491883,82,9978.0
18150.0,73,3815.0,38.15,2.0396888066790018,73,9506.0,0.07750212186223317,73,9506.0
18155.0,69,3306.0,33.734693877551024,2.630870648869772,69,9022.0,0.09184093461333043,69,9022.0
18160.0,61,2562.0,26.142857142857142,3.1632262311270702,61,8514.0,0.11716633071859169,61,8514.0
18165.0,60,2438.0,26.21505376344086,3.41235524977744,60,8196.0,0.13467353050955144,60,8196.0
18170.0,60,2652.0,28.21276595744681,2.9990593631427354,60,8337.0,0.14564907097917806,60,8337.0
18175.0,58,2906.0,31.247311827956988,2.878113479192141,58,8565.0,0.12489134915373312,58,8565.0
18180.0,65,3218.0,33.175257731958766,3.181085552905866,65,8853.0,0.13010603274552232,65,8853.0
18185.0,70,3557.0,36.295918367346935,2.602633735922634,70,9192.0,0.08696512704344748,70,9192.0
18190.0,75,3923.0,38.84158415841584,2.1405398349970337,75,9558.0,0.06484494876755519,75,9558.0
18195.0,81,4315.0,43.58585858585859,1.3767829721944345,81,9950.0,0.04171291341427554,81,9950.0
18200.0,89,4737.0,47.84848484848485,1.0813695404325083,89,10372.0,0.04587091506111732,89,10372.0
18205.0,85,4983.0,50.8469387755102,1.1095880109786964,85,10494.0,0.04695255219524975,85,10494.0
18210.0,76,5091.0,49.911764705882355,1.970425432454665,76,10340.0,0.06996534403372477,76,10340.0
18215.0,70,5233.0,52.85858585858586,2.6568695289939104,70,9896.0,0.08805995067577589,70,9896.0
18220.0,64,5386.0,53.32673267326733,3.3042691918718594,64,9848.0,0.12595950560672006,64,9848.0
18225.0,57,5501.0,57.90526315789474,2.9033866218691773,57,10113.0,0.14202671575970913,57,10113.0
18230.0,60,5774.0,58.91836734693877,2.7708329801267744,60,10359.0,0.13708898649431364,60,10359.0
18235.0,67,6094.0,62.183673469387756,2.568331405127828,67,10663.0,0.08500059272798675,67,10663.0
18240.0,73,6444.0,63.801980198019805,2.408594780026998,73,11013.0,0.09599912608865797,73,11013.0
18245.0,79,6825.0,67.57425742574257,1.578148167291095,79,11394.0,0.048052752528649746,79,11394.0
18250.0,84,7235.0,70.93137254901961,1.423979450681556,84,11805.0,0.05834612561224643,84,11805.0
18255.0,87,7514.0,74.39603960396039,1.2045414272221875,87,12137.0,0.04611616153908286,87,12137.0
18260.0,77,7681.0,73.85576923076923,2.137426463719085,77,12339.0,0.08686051813005612,77,12339.0
18265.0,72,7861.0,77.83168316831683,2.544856705555169,72,12424.0,0.08724610431907293,72,12424.0
18270.0,63,8028.0,79.48514851485149,3.0394995830608975,63,12497.0,0.11565121995501697,63,12497.0
18275.0,63,8270.0,86.14583333333333,3.32865975226285,63,12685.0,0.1531780577231182,63,12685.0
18280.0,59,8481.0,86.54081632653062,3.0286771854782724,59,12911.0,0.14354819750437253,59,12911.0
18285.0,59,8739.0,88.27272727272727,3.1758686066395474,59,13148.0,0.13916190960104538,59,13148.0
18290.0,66,9054.0,91.45454545454545,3.235310602119676,66,13431.0,0.13438097451617556,66,13431.0
18295.0,72,9400.0,95.91836734693878,2.6900074969033714,72,13776.0,0.07704951966856513,72,13776.0
18300.0,74,9677.0,105.18478260869566,1.8228069065274055,74,14074.0,0.059415062788331946,74,14074.0
18305.0,67,9895.0,106.39784946236558,2.1872687290500985,67,14283.0,0.08271619593732094,67,14283.0
18310.0,61,10124.0,112.4888888888889,2.3070148377391058,61,14414.0,0.0642506082105352,61,14414.0
18315.0,59,10380.0,110.42553191489361,2.8286116705461364,59,14695.0,0.1255039133460206,59,14695.0
18320.0,63,10679.0,119.98876404494382,2.381750482948964,63,14976.0,0.07056361031459392,63,14976.0
18325.0,69,11014.0,122.37777777777778,2.804493817159648,69,15307.0,0.07583434633088469,69,15307.0
18330.0,66,10178.0,119.74117647058823,2.2003105883165732,66,14490.0,0.07546233661248788,66,14490.0
18335.0,62,8856.0,105.42857142857143,2.1874434533137106,62,12901.0,0.08308572303784216,62,12901.0
18340.0,60,8976.0,106.85714285714286,2.9970666012290854,60,11352.0,0.11171103274628602,60,11352.0
18345.0,60,9234.0,108.63529411764706,2.099375652925015,60,11632.0,0.06260873954307622,60,11632.0
18350.0,64,9547.0,116.42682926829268,2.405244587614382,64,11925.0,0.07542069783624912,64,11925.0
18355.0,64,9867.0,120.32926829268293,2.5859900778475176,64,12243.0,0.06846830115049368,64,12243.0
18360.0,60,8634.0,112.12987012987013,2.113801739794778,60,11608.0,0.06330159042532564,60,11608.0
18365.0,50,6350.0,78.39506172839506,3.088481979072432,50,10532.0,0.13973054225269635,50,10532.0
18370.0,47,4317.0,55.34615384615385,3.570134601340045,47,8769.0,0.12329632510706923,47,8769.0
18375.0,38,2248.0,28.1,3.371624274384069,38,8966.0,0.16111970765787903,38,8966.0
18380.0,41,1443.0,19.5,3.219223886654913,41,9148.0,0.14617829477587072,41,9148.0
18385.0,49,1672.0,20.390243902439025,3.303900356523799,49,9378.0,0.13137151590144544,49,9378.0
18390.0,58,1941.0,23.670731707317074,2.1228862752795075,58,9647.0,0.07402117479972531,58,9647.0
18395.0,64,2248.0,27.08433734939759,1.6858759918180986,64,9954.0,0.07346033858050403,64,9954.0
18400.0,70,2587.0,30.797619047619047,1.3371777838275773,70,10293.0,0.05815400954464726,70,10293.0
18405.0,70,2425.0,27.556818181818183,1.582527020556877,70,10416.0,0.07008589563000567,70,10416.0
18410.0,64,1910.0,22.209302325581394,2.0101156836000738,64,10355.0,0.09376811004675337,64,10355.0
18415.0,58,1692.0,18.8,2.7931636330146974,58,10171.0,0.1038473392755275,58,10171.0
18420.0,50,1778.0,20.674418604651162,2.7680446881946446,50,10323.0,0.12456595303751147,50,10323.0
18425.0,54,2032.0,23.35632183908046,2.85448433486036,54,10555.0,0.13550137184830546,54,10555.0
18430.0,61,2321.0,27.63095238095238,2.6450983282538494,61,10839.0,0.06894854998257627,61,10839.0
18435.0,67,2639.0,29.988636363636363,2.95271097153297,67,11157.0,0.11602047640175694,67,11157.0
18440.0,70,2980.0,35.903614457831324,1.963596009992891,70,11498.0,0.06939594088810531,70,11498.0
18445.0,66,2919.0,34.34117647058824,1.8348496634092846,66,11041.0,0.10304758664610729,66,11041.0
18450.0,60,2641.0,31.44047619047619,2.1753883801633473,60,10006.0,0.09242417095022674,60,10006.0
18455.0,53,2284.0,27.19047619047619,3.1671637542395636,53,8290.0,0.12313842408276428,53,8290.0
18460.0,44,1804.0,22.0,2.7280812816897955,44,8280.0,0.13687449782321348,44,8280.0
18465.0,38,1356.0,16.74074074074074,3.1896124219479525,38,8015.0,0.1567563774313018,38,8015.0
18470.0,40,1294.0,15.046511627906977,3.704751965667112,40,7661.0,0.173720184233598,40,7661.0
18475.0,41,1302.0,14.795454545454545,2.9042675921600414,41,7808.0,0.13666608645534686,41,7808.0
18480.0,44,1438.0,16.528735632183906,2.7374099510427747,44,7935.0,0.12846059958755504,44,7935.0
18485.0,58,1699.0,18.877777777777776,2.8336311320544882,58,8132.0,0.10471778337764022,58,8132.0
18490.0,66,2021.0,22.96590909090909,2.7678805120434444,66,8444.0,0.08156948438941067,66,8444.0
18495.0,68,2361.0,27.137931034482758,2.6108540705782874,68,8784.0,0.05935074950730904,68,8784.0
18500.0,69,2702.0,32.55421686746988,1.9575089967967043,69,9125.0,0.050275163847392126,69,9125.0
18505.0,64,2778.0,33.46987951807229,2.1558269377055597,64,8713.0,0.1038489014302073,64,8713.0
18510.0,54,2665.0,32.10843373493976,2.6865736585754774,54,7567.0,0.12602930566055773,54,7567.0
18515.0,54,2629.0,32.0609756097561,2.930495162434822,54,5709.0,0.091290224669248,54,5709.0
18520.0,45,2326.0,28.02409638554217,3.159419689934378,45,5726.0,0.15357184781813257,45,5726.0
18525.0,37,1908.0,24.77922077922078,2.7637228917741026,37,5534.0,0.13658100140930154,37,5534.0
18530.0,38,1859.0,21.61627906976744,3.8197498107634855,38,5285.0,0.185477173943139,38,5285.0
18535.0,40,1930.0,22.441860465116278,2.7608989131202155,40,5443.0,0.12782364120973821,40,5443.0
18540.0,46,2074.0,23.568181818181817,2.459288841545575,46,5585.0,0.09829202134508695,46,5585.0
18545.0,60,2342.0,26.613636363636363,2.791104677248827,60,5784.0,0.08286395672927686,60,5784.0
18550.0,67,2665.0,30.28409090909091,2.9290654724641985,67,6102.0,0.06876478977563648,67,6102.0
18555.0,63,2799.0,33.72289156626506,2.2903548813373273,63,5660.0,0.08282096283802924,63,5660.0
18560.0,55,2795.0,34.08536585365854,2.2442390255134113,55,5421.0,0.08509771033256963,55,5421.0
18565.0,52,2849.0,34.74390243902439,3.3242476034116217,52,4917.0,0.12678060351496476,52,4917.0
18570.0,39,2788.0,34.41975308641975,2.8658897877573772,39,5116.0,0.1446426059055268,39,5116.0
18575.0,42,2861.0,36.67948717948718,3.3622697707108276,42,5284.0,0.16038860773663458,42,5284.0
18580.0,49,3089.0,35.91860465116279,3.8074347285507177,49,5508.0,0.1673774052413188,49,5508.0
18585.0,55,3349.0,39.4,2.4528403357978306,55,5769.0,0.08869954745387372,55,5769.0
18590.0,66,3660.0,41.59090909090909,2.023920365837068,66,6080.0,0.09054210023916845,66,6080.0
18595.0,74,4004.0,46.55813953488372,1.2586565615382226,74,6426.0,0.04897074730810203,74,6426.0
18600.0,78,4388.0,49.30337078651685,1.6158502369920023,78,6812.0,0.054992098349620294,78,6812.0
18605.0,73,4574.0,51.39325842696629,1.4538864913262721,73,6878.0,0.05713956037888119,73,6878.0
18610.0,65,4615.0,51.27777777777778,2.060471542455865,65,6831.0,0.0878811618820886,65,6831.0
18615.0,60,4680.0,51.42857142857143,2.966660661660985,60,6581.0,0.10681439264067252,60,6581.0
18620.0,51,4731.0,51.989010989010985,2.782223843195539,51,6837.0,0.12740110988622752,51,6837.0
18625.0,51,4827.0,55.48275862068966,2.9763223314987663,51,7069.0,0.14829852474751212,51,7069.0
18630.0,58,5101.0,54.8494623655914,3.0217493754927403,58,7343.0,0.12214064185807037,58,7343.0
18635.0,65,5413.0,59.48351648351648,1.9660164290112918,65,7655.0,0.07330356107144263,65,7655.0
18640.0,71,5755.0,61.223404255319146,1.5778407881248104,71,7999.0,0.053498672554765654,71,7999.0
18645.0,81,6140.0,64.63157894736842,1.2781556227246689,81,8384.0,0.04259504023115904,81,8384.0
18650.0,80,4729.0,48.255102040816325,1.649193864633288,80,7828.0,0.09186598894474188,80,7828.0
18655.0,77,3729.0,38.05102040816327,1.8080254885264302,77,6431.0,0.07531923373937206,77,6431.0
18660.0,78,4119.0,41.19,2.206814135235973,78,5850.0,0.06906866213140414,78,5850.0
18665.0,80,4476.0,43.88235294117647,1.6012161317461082,80,6230.0,0.046556140280201115,80,6230.0
18670.0,80,4871.0,50.21649484536083,1.8011799968681674,80,6606.0,0.044110811794559356,80,6606.0
18675.0,80,5271.0,54.90625,2.152249226643868,80,7002.0,0.05410486359564081,80,7002.0
18680.0,80,5671.0,62.31868131868132,1.549388239105237,80,7402.0,0.04655595481669398,80,7402.0
18685.0,75,5169.0,56.18478260869565,1.4611688372855813,75,7376.0,0.05479159576635829,75,7376.0
18690.0,67,4070.0,46.25,1.956929248687223,67,6784.0,0.07390811716859577,67,6784.0
18695.0,61,3382.0,37.16483516483517,2.6019588315088344,61,6247.0,0.09626552510715986,61,6247.0
18700.0,49,2873.0,33.02298850574713,2.3832305834623684,49,6497.0,0.10690346774236362,49,6497.0
18705.0,50,2874.0,32.29213483146067,3.09140349850549,50,6712.0,0.13801730786382363,50,6712.0
18710.0,56,3141.0,35.29213483146067,2.99487094503672,56,6975.0,0.09814283119090378,56,6975.0
18715.0,62,3438.0,38.2,2.3143236389027027,62,7272.0,0.0673363941575745,62,7272.0
18720.0,68,3769.0,44.34117647058824,1.4011983636702585,68,7603.0,0.04798188355114533,68,7603.0
18725.0,75,4129.0,46.92045454545455,1.5021902668475298,75,7963.0,0.06646185214134735,75,7963.0
18730.0,78,4518.0,51.34090909090909,1.400427920069061,78,8352.0,0.06016730685224081,78,8352.0
18735.0,76,4713.0,50.67741935483871,1.2269243427592051,76,8370.0,0.05276833667072231,76,8370.0
18740.0,70,4783.0,53.144444444444446,1.70511869406632,70,8044.0,0.07600918369128064,70,8044.0
18745.0,63,4888.0,52.0,2.682779236250024,63,7467.0,0.09320251699245721,63,7467.0
18750.0,52,4862.0,54.022222222222226,2.5778750920340796,52,7728.0,0.11315107880263472,52,7728.0
18755.0,52,5024.0,55.82222222222222,3.044888405614813,52,7944.0,0.13694682752635684,52,7944.0
18760.0,58,5301.0,58.9,2.9395147509633426,58,8215.0,0.09736420872351097,58,8215.0
18765.0,60,5526.0,61.4,2.1077271290400503,60,8232.0,0.06580268375257557,60,8232.0
18770.0,59,5726.0,66.5813953488372,2.37164152018378,59,7923.0,0.09612116547450605,59,7923.0
18775.0,56,5943.0,67.5340909090909,3.093172059524044,56,7738.0,0.11588063592977758,56,7738.0
18780.0,47,6099.0,73.48192771084338,2.570113782718355,47,7963.0,0.11548646684162184,47,7963.0
18785.0,52,6343.0,73.75581395348837,3.1540682585990574,52,8181.0,0.1404474123493741,52,8181.0
18790.0,58,6622.0,80.7560975609756,2.7095503892714428,58,8457.0,0.0644837340362249,58,8457.0
18795.0,66,6939.0,80.68604651162791,3.002873655160126,66,8774.0,0.12078735246797505,66,8774.0
18800.0,67,7270.0,89.75308641975309,2.0362396275996493,67,9105.0,0.07468149968441057,67,9105.0
18805.0,64,6905.0,83.19277108433735,1.9158990146152133,64,9025.0,0.10310266137552876,64,9025.0
18810.0,66,7219.0,90.2375,1.7676573109591083,66,8924.0,0.06908169706370647,66,8924.0
18815.0,68,7557.0,92.15853658536585,1.9007073261018956,68,9259.0,0.0475096773654049,68,9259.0
18820.0,65,7852.0,95.7560975609756,1.7316109134244395,65,9576.0,0.0778779742917016,65,9576.0
18825.0,66,8174.0,102.175,1.876151158676278,66,9876.0,0.06864322192429642,66,9876.0
18830.0,66,8504.0,101.23809523809524,2.785179197493117,66,10206.0,0.07538800824853012,66,10206.0
18835.0,61,7552.0,92.09756097560975,2.377430913330514,61,9916.0,0.08412387902538532,61,9916.0
18840.0,55,5745.0,73.65384615384616,2.2222886688511267,55,9135.0,0.08110536368131968,55,9135.0
18845.0,47,4144.0,52.45569620253165,3.3774997039721764,47,7813.0,0.13170321488179576,47,7813.0
18850.0,40,2690.0,34.48717948717949,3.1644776692240297,40,8013.0,0.13067832130677481,40,8013.0
18855.0,40,1861.0,25.493150684931507,2.8526144089211893,40,8186.0,0.1338928369180163,40,8186.0
18860.0,48,2082.0,26.025,3.2059537858449034,48,8407.0,0.10678070029104564,48,8407.0
18865.0,53,2337.0,27.821428571428573,2.7290837960318735,53,8662.0,0.11278163191595689,53,8662.0
18870.0,62,2632.0,31.710843373493976,1.8082322843219065,62,8957.0,0.07975977942185136,62,8957.0
18875.0,69,2959.0,35.226190476190474,1.4328025126248047,69,9286.0,0.061386661309403,69,9286.0
18880.0,78,3326.0,38.229885057471265,1.3299138584794372,78,9656.0,0.04346443707568718,78,9656.0
18885.0,72,3508.0,40.7906976744186,1.501142822999773,72,9446.0,0.05641438297962907,72,9446.0
18890.0,64,3544.0,40.735632183908045,1.997722398834925,64,8452.0,0.07089940552701608,64,8452.0
18895.0,58,3630.0,42.2093023255814,3.15571136510395,58,7442.0,0.10721955816010804,58,7442.0
18900.0,47,3627.0,42.67058823529412,2.7252184192436455,47,7682.0,0.12415474044860914,47,7682.0
18905.0,48,3741.0,47.35443037974684,2.7342851365062137,48,7900.0,0.13493284008034037,48,7900.0
18910.0,55,3998.0,46.48837209302326,2.9152241718199936,55,8157.0,0.11682079451552023,55,8157.0
18915.0,61,4291.0,49.895348837209305,2.169395392234649,61,8450.0,0.08089205511513439,61,8450.0
18920.0,68,4613.0,53.02298850574713,1.6068969146842238,68,8772.0,0.06109693951090436,68,8772.0
18925.0,74,4966.0,57.74418604651163,1.2128829341790701,74,9126.0,0.045994492313254115,74,9126.0
18930.0,72,4456.0,51.2183908045977,1.0427728441917696,72,9056.0,0.06181767383444512,72,9056.0
18935.0,66,3347.0,38.47126436781609,1.8739742877973513,66,8673.0,0.07626361988591454,66,8673.0
18940.0,59,2510.0,27.282608695652176,3.1026174901450787,59,7910.0,0.12390641108009637,59,7910.0
18945.0,49,1730.0,19.43820224719101,3.028614134312456,49,8152.0,0.14494144062995037,49,8152.0
18950.0,49,1578.0,17.931818181818183,3.0188960340576503,49,8354.0,0.13582003938493836,49,8354.0
18955.0,55,1842.0,20.931818181818183,2.9085929929965344,55,8617.0,0.09627840648066281,55,8617.0
18960.0,62,2138.0,23.23913043478261,2.5202221811414636,62,8913.0,0.09007089239651253,62,8913.0
18965.0,66,2359.0,26.806818181818183,1.4967956051730844,66,8864.0,0.06180389664178639,66,8864.0
18970.0,62,2530.0,27.5,2.0910473745829874,62,8512.0,0.09690317050876021,62,8512.0
18975.0,60,2728.0,30.31111111111111,2.601353062519974,60,7864.0,0.09526612999233473,60,7864.0
18980.0,49,2861.0,31.439560439560438,2.8760289772645233,49,8108.0,0.13249711091809613,49,8108.0
18985.0,50,3050.0,35.46511627906977,2.976840992428164,50,8325.0,0.1385072353777711,50,8325.0
18990.0,56,3313.0,36.81111111111111,3.0884771054494946,56,8588.0,0.11861397570074082,56,8588.0
18995.0,57,3046.0,34.2247191011236,2.3624539681287975,57,8170.0,0.08121186851244468,57,8170.0
19000.0,53,2422.0,27.522727272727273,2.410885693177633,53,7145.0,0.0825860374116488,53,7145.0
19005.0,55,1903.0,22.127906976744185,3.0255765393988434,55,5491.0,0.10179086313438997,55,5491.0
19010.0,46,1416.0,16.09090909090909,3.2082451203938778,46,5715.0,0.1540778262394357,46,5715.0
19015.0,48,1213.0,14.44047619047619,3.1248460196022285,48,5915.0,0.1648360030400949,48,5915.0
19020.0,54,1469.0,16.693181818181817,3.017470142397802,54,6170.0,0.13021521142580245,54,6170.0
19025.0,64,1762.0,19.36263736263736,2.2252072178813878,64,6464.0,0.06982777729539898,64,6464.0
19030.0,69,2096.0,23.55056179775281,1.332914990841746,69,6801.0,0.04046688731535506,69,6801.0
19035.0,73,2140.0,23.26086956521739,1.1751033696115045,73,6767.0,0.05025426926793678,73,6767.0
19040.0,69,1996.0,22.177777777777777,1.782663142390504,69,6409.0,0.06738372485208938,69,6409.0
19045.0,64,1944.0,20.903225806451612,2.5668885948167257,64,5841.0,0.088919844673933,64,5841.0
19050.0,51,1727.0,18.978021978021978,2.540446797927106,51,6102.0,0.09922520943670567,51,6102.0
19055.0,50,1833.0,20.366666666666667,3.1361145410675153,50,6315.0,0.13814785556213005,50,6315.0
19060.0,57,2104.0,23.90909090909091,2.708630193920871,57,6580.0,0.08388988083725311,57,6580.0
19065.0,59,2082.0,23.133333333333333,2.1863549676793186,59,6124.0,0.08278645440274349,59,6124.0
19070.0,57,1878.0,21.586206896551722,2.2658494284918023,57,5584.0,0.08612119320118375,57,5584.0
19075.0,57,1787.0,20.078651685393258,2.9120702184906313,57,5059.0,0.10457247524539753,57,5059.0
19080.0,47,1597.0,19.011904761904763,2.925292277563032,47,5137.0,0.1348312898132096,47,5137.0
19085.0,45,1592.0,18.09090909090909,3.2905690045497478,45,5332.0,0.16923149046721855,45,5332.0
19090.0,55,1855.0,21.079545454545453,2.916907204872817,55,5589.0,0.12156661617369113,55,5589.0
19095.0,62,2145.0,22.819148936170212,2.375367925648679,62,5881.0,0.08668797530961879,62,5881.0
19100.0,72,2488.0,27.043478260869566,1.539775933119629,72,6224.0,0.05415203107069919,72,6224.0
19105.0,79,2870.0,29.895833333333332,1.5624967696641274,79,6606.0,0.04011632980344276,79,6606.0
19110.0,84,3278.0,35.630434782608695,1.0998075414987913,84,7017.0,0.04285581838641244,84,7017.0
19115.0,78,3502.0,37.655913978494624,1.2014732639847712,78,7067.0,0.0757105995027788,78,7067.0
19120.0,71,3582.0,38.93478260869565,1.771343492423841,71,6456.0,0.0616584620338936,71,6456.0
19125.0,63,3682.0,38.354166666666664,2.7563334920839324,63,6137.0,0.10330385113015153,63,6137.0
19130.0,53,3728.0,40.52173913043478,2.6361023013507943,53,6410.0,0.11758397483525859,53,6410.0
19135.0,52,3863.0,42.922222222222224,2.622079837537311,52,6644.0,0.1347351617434935,52,6644.0
19140.0,59,4146.0,45.06521739130435,2.685813139805076,59,6924.0,0.09294479056500954,59,6924.0
19145.0,60,3897.0,40.59375,2.19235179982384,60,6779.0,0.09199458113699067,60,6779.0
19150.0,61,3401.0,36.180851063829785,2.2036687873151113,61,6480.0,0.07994799593408085,61,6480.0
19155.0,60,2913.0,29.724489795918366,3.07263107761803,60,5897.0,0.12334222565254764,60,5897.0
19160.0,53,2381.0,25.329787234042552,2.75014121275367,53,6163.0,0.13078953900506624,53,6163.0
19165.0,55,2269.0,24.138297872340427,2.7882413343168464,55,6401.0,0.12830697458009108,55,6401.0
19170.0,61,2564.0,27.27659574468085,2.701623576463909,61,6692.0,0.09285956795923997,61,6692.0
19175.0,62,2626.0,27.354166666666668,2.2238595834646193,62,6687.0,0.08530945113015213,62,6687.0
19180.0,62,2576.0,27.698924731182796,1.812017340872156,62,6540.0,0.07494458494395771,62,6540.0
19185.0,61,2549.0,26.552083333333332,2.802212099316907,61,6195.0,0.1037813785238375,61,6195.0
19190.0,57,2518.0,26.78723404255319,2.6285950385862376,57,6470.0,0.11538703681422595,57,6470.0
19195.0,56,2580.0,28.35164835164835,2.67842463532935,56,6721.0,0.12615591118226688,56,6721.0
19200.0,60,2873.0,30.56382978723404,2.5992094958338114,60,7013.0,0.09922211184577306,60,7013.0
19205.0,67,3197.0,33.65263157894737,2.100377750002625,67,7338.0,0.08972568101212501,67,7338.0
19210.0,75,3555.0,37.819148936170215,1.351978131399929,75,7696.0,0.048312349476865475,75,7696.0
19215.0,83,3951.0,41.589473684210525,1.1164078155055486,83,8093.0,0.041584494747564954,83,8093.0
19220.0,86,4378.0,45.604166666666664,1.197284766869936,86,8521.0,0.036668534450506114,86,8521.0
19225.0,80,3152.0,32.833333333333336,1.4910545286482748,80,8249.0,0.06827958772628817,80,8249.0
19230.0,77,3148.0,31.7979797979798,2.1528296143656402,77,7679.0,0.08917119748592811,77,7679.0
19235.0,80,3545.0,36.927083333333336,1.9636451846800638,80,7688.0,0.046157225216251395,80,7688.0
19240.0,76,3906.0,40.6875,1.7028472354991393,76,8063.0,0.05227631495711291,76,8063.0
19245.0,76,4286.0,46.58695652173913,1.8016804318378907,76,8429.0,0.05265980802998125,76,8429.0
19250.0,76,4666.0,50.71739130434783,2.1352531907684518,76,8809.0,0.04266223243793693,76,8809.0
19255.0,70,4658.0,52.93181818181818,1.8885594863407642,70,8879.0,0.05213361093456421,70,8879.0
19260.0,61,4388.0,51.02325581395349,2.060861997362214,61,8697.0,0.08542538583568568,61,8697.0
19265.0,55,4220.0,50.23809523809524,2.837350862460004,55,8255.0,0.09281562614957006,55,8255.0
19270.0,45,3989.0,47.48809523809524,2.8425073038942847,45,8487.0,0.12773449115401067,45,8487.0
19275.0,44,3870.0,48.9873417721519,3.0278109462493608,44,8696.0,0.13991700652461497,44,8696.0
19280.0,51,4111.0,48.94047619047619,3.1613010910599764,51,8937.0,0.10982684712218209,51,8937.0
19285.0,57,4384.0,52.19047619047619,2.2590389106009576,57,9211.0,0.07441690025102032,57,9211.0
19290.0,64,4691.0,55.188235294117646,1.610511059126729,64,9518.0,0.05834209871794578,64,9518.0
19295.0,65,4888.0,58.19047619047619,1.3596979572765204,65,9562.0,0.05084339314808765,65,9562.0
19300.0,60,5009.0,56.28089887640449,2.8418966570474824,60,9411.0,0.12766328774023805,60,9411.0
19305.0,56,5159.0,59.98837209302326,3.152942719627862,56,9139.0,0.11902153304276387,56,9139.0
19310.0,47,5264.0,61.2093023255814,2.975082669893566,47,9269.0,0.12894281523181392,47,9269.0
19315.0,47,5412.0,68.50632911392405,2.833845649956975,47,9494.0,0.13060892953099426,47,9494.0
19320.0,53,5666.0,66.65882352941176,2.9361868438335996,53,9748.0,0.10421159210409546,53,9748.0
19325.0,54,4967.0,58.43529411764706,2.208208849986661,54,9406.0,0.08425371752285246,54,9406.0
19330.0,48,3623.0,42.127906976744185,2.64152447584601,48,8478.0,0.11614902233721282,48,8478.0
19335.0,50,2462.0,28.96470588235294,2.849917379110755,50,6993.0,0.09402936332953482,50,6993.0
19340.0,47,1445.0,16.802325581395348,3.115467786849841,47,7227.0,0.1505760592646735,47,7227.0
19345.0,46,897.0,10.939024390243903,3.1470832477354196,46,7447.0,0.13264673947646793,46,7447.0
19350.0,53,1147.0,13.494117647058824,3.015845161059335,53,7697.0,0.1266701249537198,53,7697.0
19355.0,53,1343.0,15.988095238095237,2.3129794360218847,53,7392.0,0.08818123975040813,53,7392.0
19360.0,50,1514.0,17.811764705882354,2.3323179075127616,50,6629.0,0.09513898120154136,50,6629.0
19365.0,55,1724.0,19.816091954022987,2.913949321552773,55,5407.0,0.10037916677887611,55,5407.0
19370.0,44,1885.0,21.666666666666668,3.097714034251229,44,5635.0,0.149822560364963,44,5635.0
19375.0,47,2095.0,24.94047619047619,3.2500416473430285,47,5842.0,0.15947307139311054,47,5842.0
19380.0,52,2348.0,26.988505747126435,2.9518941187689607,52,6095.0,0.11553600579881736,52,6095.0
19385.0,61,2638.0,29.640449438202246,2.1725903336802643,61,6385.0,0.06872405625688152,61,6385.0
19390.0,68,2963.0,34.45348837209303,1.2748839457229946,68,6711.0,0.03944260370214325,68,6711.0
19395.0,76,3324.0,37.348314606741575,1.3135914792228025,76,7072.0,0.045458590412288495,76,7072.0
19400.0,80,3714.0,42.20454545454545,1.2146588124705764,80,7463.0,0.04546038137844504,80,7463.0
19405.0,75,3913.0,44.46590909090909,0.9235539315858461,75,7326.0,0.04968945415891568,75,7326.0
19410.0,67,3976.0,45.18181818181818,1.864867610957598,67,6708.0,0.06877875860029539,67,6708.0
19415.0,60,4048.0,44.48351648351648,2.784096109514691,60,6254.0,0.10152734189561723,60,6254.0
19420.0,50,4074.0,46.827586206896555,2.535288303481234,50,6314.0,0.10765272415709626,50,6314.0
19425.0,50,4190.0,48.160919540229884,3.1170068926408128,50,6533.0,0.14071489733651907,50,6533.0
19430.0,57,4456.0,51.2183908045977,2.889203305549016,57,6795.0,0.10436102250724986,57,6795.0
19435.0,55,4662.0,51.23076923076923,2.3434725236341096,55,6676.0,0.07467851869068431,55,6676.0
19440.0,54,4838.0,54.97727272727273,2.464807882774124,54,6769.0,0.08180060203173009,54,6769.0
19445.0,54,5049.0,54.880434782608695,3.0072261402836977,54,6831.0,0.1178706752607582,54,6831.0
19450.0,49,5233.0,59.46590909090909,2.9735761037533623,49,7029.0,0.1352469648806995,49,7029.0
19455.0,51,5446.0,63.325581395348834,2.7896689248106834,51,7260.0,0.1318197074872772,51,7260.0
19460.0,60,5724.0,65.04545454545455,2.6492623343377417,60,7538.0,0.09148343540289844,60,7538.0
19465.0,64,6030.0,67.0,2.1819440375520194,64,7845.0,0.06478248685513459,64,7845.0
19470.0,63,6253.0,71.05681818181819,1.5323636684319466,63,8056.0,0.057467327305954406,63,8056.0
19475.0,61,6417.0,70.51648351648352,2.2129105097921817,61,8169.0,0.102515544055948,61,8169.0
19480.0,62,6632.0,73.68888888888888,2.9052877259346794,62,8202.0,0.09934964619464157,62,8202.0
19485.0,54,6819.0,76.61797752808988,3.262098935500017,54,8337.0,0.13508531744595234,54,8337.0
19490.0,52,7030.0,81.74418604651163,3.8504844761910095,52,8508.0,0.17088907027099484,52,8508.0
19495.0,50,7204.0,81.86363636363636,3.317696955763867,50,8714.0,0.1635916709022976,50,8714.0
19500.0,51,7427.0,87.37647058823529,3.1290398239342414,51,8914.0,0.14379153885700974,51,8914.0
19505.0,57,7700.0,88.50574712643679,3.1292057554768085,57,9163.0,0.11033424199804069,57,9163.0
19510.0,65,8007.0,96.46987951807229,2.5481232230305486,65,9470.0,0.05246062114464884,65,9470.0
19515.0,61,8225.0,97.91666666666667,2.7015208818031455,61,9723.0,0.13830031869613946,61,9723.0
19520.0,56,8367.0,105.9113924050633,2.3169444794035354,56,9861.0,0.1058644657878715,56,9861.0
19525.0,48,8530.0,100.3529411764706,3.2559653685696057,48,9997.0,0.13218235880875473,48,9997.0
19530.0,50,8740.0,106.58536585365853,2.904361419089771,50,10231.0,0.12958912588778962,50,10231.0
19535.0,54,8991.0,113.81012658227849,2.570229142545805,54,10463.0,0.08613750089198403,54,10463.0
19540.0,60,9278.0,117.44303797468355,3.0364066878852234,60,10745.0,0.08617697668780419,60,10745.0
19545.0,55,8172.0,107.52631578947368,2.2440911831499806,55,10350.0,0.07449231792768073,55,10350.0
19550.0,51,6140.0,79.74025974025975,2.9747179386319074,51,9079.0,0.11370534975334207,51,9079.0
19555.0,42,4331.0,57.74666666666667,3.6637822823979316,42,8089.0,0.1482137253483909,42,8089.0
19560.0,34,2679.0,36.6986301369863,3.34415210945819,34,7957.0,0.14259942344229334,34,7957.0
19565.0,34,1719.0,23.875,3.8428489003769055,34,8097.0,0.1906056176224794,34,8097.0
19570.0,41,1910.0,25.81081081081081,3.463674897730512,41,8288.0,0.11758001370023577,41,8288.0
19575.0,50,2142.0,27.818181818181817,2.777164330779065,50,8521.0,0.11752881992258553,50,8521.0
19580.0,56,2408.0,31.68421052631579,1.590908917548937,56,8788.0,0.05826049843670637,56,8788.0
19585.0,65,2719.0,33.5679012345679,2.0150250913201804,65,9100.0,0.09975344114883852,65,9100.0
19590.0,69,3057.0,36.83132530120482,2.0040024280980355,69,9440.0,0.07810150226495811,69,9440.0
19595.0,65,3024.0,37.333333333333336,1.4454282682451909,65,9608.0,0.046958484478004325,65,9608.0
19600.0,59,2738.0,32.98795180722892,2.054456000453145,59,9607.0,0.09582878320744716,59,9607.0
19605.0,55,2754.0,33.18072289156626,2.866473153690966,55,9529.0,0.09955462667714722,55,9529.0
19610.0,50,2950.0,34.30232558139535,3.219860217087574,50,9699.0,0.14602662052146573,50,9699.0
19615.0,55,3209.0,39.617283950617285,2.5342524855393442,55,9943.0,0.08205819422300097,55,9943.0
19620.0,63,3507.0,43.2962962962963,2.5445544277279035,63,10242.0,0.05006163909354009,63,10242.0
19625.0,65,3827.0,47.8375,2.3978677684993057,65,10562.0,0.07452681791998884,65,10562.0
19630.0,66,4153.0,54.64473684210526,1.437744358766346,66,10888.0,0.04574760594974183,66,10888.0
19635.0,67,4488.0,58.285714285714285,1.6276117344626255,67,11223.0,0.07190435384100674,67,11223.0
19640.0,68,4824.0,60.3,1.6879167075102255,68,11559.0,0.0674996957825787,68,11559.0
19645.0,69,5169.0,65.43037974683544,1.621271747751659,69,11904.0,0.0755796801333387,69,11904.0
19650.0,69,5514.0,67.2439024390244,1.8135687182289144,69,12249.0,0.0729001738841137,69,12249.0
19655.0,65,5606.0,70.075,1.6225914085348887,65,12382.0,0.061136592462982586,65,12382.0
19660.0,55,5504.0,64.75294117647059,2.9560629507040437,55,12305.0,0.14962865685717275,55,12305.0
19665.0,52,5599.0,67.4578313253012,3.366131654814818,52,12149.0,0.12153644664705678,52,12149.0
19670.0,53,5839.0,68.69411764705882,3.067224190814679,53,12399.0,0.13656282156278518,53,12399.0
19675.0,57,6117.0,76.4625,2.5156877022163338,57,12667.0,0.09271606904285011,57,12667.0
19680.0,63,6422.0,79.28395061728395,2.6185372428568585,63,12972.0,0.06647149406399862,63,12972.0
19685.0,65,6746.0,84.325,2.431614835395396,65,13296.0,0.08090341317022526,65,13296.0
19690.0,60,6302.0,81.84415584415585,1.6528679301030493,60,12752.0,0.08841639184788604,60,12752.0
19695.0,55,5346.0,69.42857142857143,2.5198062636455245,55,11191.0,0.11070158692247709,55,11191.0
19700.0,47,4616.0,56.98765432098765,3.6303914805195183,47,9617.0,0.14070401210930006,47,9617.0
19705.0,39,3578.0,45.87179487179487,3.4245844502118397,39,9813.0,0.17015415810365517,39,9813.0
19710.0,39,3282.0,43.18421052631579,3.297127572016373,39,9971.0,0.1712090659800321,39,9971.0
19715.0,46,3492.0,44.20253164556962,3.298699509301551,46,10180.0,0.11070005289223013,46,10180.0
19720.0,47,3440.0,41.951219512195124,2.690419989920764,47,10224.0,0.11486794600782675,47,10224.0
19725.0,49,3237.0,39.96296296296296,2.2899298146139215,49,10115.0,0.0941793411527197,49,10115.0
19730.0,49,3358.0,38.59770114942529,3.586785544959611,49,9989.0,0.15048882304997938,49,9989.0
19735.0,53,3580.0,42.11764705882353,2.994567610610696,53,10236.0,0.13033949332855818,53,10236.0
19740.0,59,3859.0,46.493975903614455,2.400030352950061,59,10493.0,0.0814012134728367,59,10493.0
19745.0,64,4173.0,50.27710843373494,2.8487400024239,64,10805.0,0.07924041983380871,64,10805.0
19750.0,60,4411.0,56.55128205128205,1.9237066574021031,60,11005.0,0.05254521485098435,60,11005.0
19755.0,55,4616.0,57.7,2.7292676902333914,55,11099.0,0.1144979202099051,55,11099.0
19760.0,56,4896.0,63.58441558441559,3.104942522820101,56,11255.0,0.09012488664267149,56,11255.0
19765.0,54,5132.0,64.9620253164557,2.545188841899498,54,11511.0,0.09545995371938013,54,11511.0
19770.0,57,5413.0,74.15068493150685,2.5847191252724344,57,11772.0,0.09231924694380488,57,11772.0
19775.0,57,5698.0,75.97333333333333,2.9200113703345902,57,12057.0,0.06781742557025637,57,12057.0
19780.0,59,5990.0,83.19444444444444,2.3955676472526823,59,12349.0,0.07357259605633122,59,12349.0
19785.0,59,6285.0,88.52112676056338,2.0494275750061903,59,12644.0,0.07490104675507808,59,12644.0
19790.0,61,6584.0,94.05714285714286,1.6269845231588103,61,12943.0,0.08474491337697203,61,12943.0
19795.0,61,6889.0,95.68055555555556,1.8810837085719585,61,13248.0,0.0804233335658858,61,13248.0
19800.0,56,6999.0,98.5774647887324,1.7791579215367166,56,13465.0,0.06993135182847235,56,13465.0
19805.0,52,7209.0,93.62337662337663,2.9700003775653707,52,13606.0,0.13928952074407297,52,13606.0
19810.0,57,7487.0,99.82666666666667,2.923519489467244,57,13831.0,0.0846878212454647,57,13831.0
19815.0,56,7743.0,100.55844155844156,2.5105313690306654,56,14101.0,0.09640239771933656,56,14101.0
19820.0,56,8023.0,111.43055555555556,2.549501060337506,56,14367.0,0.10156715295854053,56,14367.0
19825.0,57,8304.0,109.26315789473684,3.0219601857974983,57,14648.0,0.08512863922203692,57,14648.0
19830.0,58,8594.0,119.36111111111111,2.4815689922158164,58,14938.0,0.08648336512588434,58,14938.0
19835.0,52,8105.0,115.78571428571429,1.7017129166885638,52,14234.0,0.09132879168874139,52,14234.0
19840.0,49,7235.0,103.35714285714286,2.55374554994411,49,12577.0,0.12236953453870603,49,12577.0
19845.0,40,6351.0,85.82432432432432,3.579485142397037,40,9962.0,0.13709951827139732,40,9962.0
19850.0,34,5515.0,77.67605633802818,3.470439614181113,34,10123.0,0.1809112384711676,34,10123.0
19855.0,30,4936.0,69.52112676056338,3.9640827679565356,30,10245.0,0.21419050995352953,30,10245.0
19860.0,39,5110.0,71.97183098591549,3.539778044348128,39,10413.0,0.12494831287486297,39,10413.0
19865.0,46,5325.0,68.26923076923077,3.231766121116788,46,10629.0,0.1382769876697685,46,10629.0
19870.0,53,5578.0,73.39473684210526,1.8911996729799216,53,10883.0,0.0699055199201825,53,10883.0
19875.0,62,5872.0,72.49382716049382,2.2539969139697518,62,11177.0,0.13552787961007123,62,11177.0
19880.0,66,6193.0,77.4125,1.7797478287283917,66,11500.0,0.0662260911027535,66,11500.0
19885.0,64,6332.0,74.49411764705883,2.3703896552343613,64,10828.0,0.11284646453446356,64,10828.0
19890.0,56,6336.0,79.2,2.3753968683255673,56,9472.0,0.09405391239303974,56,9472.0
19895.0,52,6386.0,77.8780487804878,3.05528976959223,52,8660.0,0.0959547102639466,52,8660.0
19900.0,44,6371.0,79.6375,3.0624244747127207,44,8882.0,0.15355360746801827,44,8882.0
19905.0,43,6425.0,83.44155844155844,2.89941391555818,43,9068.0,0.1541928947733987,43,9068.0
19910.0,51,6662.0,79.30952380952381,3.3878188797507507,51,9302.0,0.1282017309474731,51,9302.0
19915.0,57,6934.0,81.5764705882353,2.5627724064544974,57,9574.0,0.10510246895212581,57,9574.0
19920.0,65,7245.0,86.25,1.6485064118099704,65,9885.0,0.05482224771244727,65,9885.0
19925.0,72,7591.0,86.26136363636364,1.7148089596581506,72,10234.0,0.06964846624661891,72,10234.0
19930.0,74,7343.0,84.40229885057471,1.1311989112592988,74,10376.0,0.05103158377289219,74,10376.0
19935.0,65,7074.0,80.38636363636364,2.104976981898069,65,10331.0,0.08916121564993591,65,10331.0
19940.0,62,7265.0,79.83516483516483,2.7363156489505283,62,10212.0,0.08992337213695951,62,10212.0
19945.0,59,7516.0,82.5934065934066,2.74549046288347,59,10490.0,0.12408205661876097,59,10490.0
19950.0,63,7813.0,85.85714285714286,2.7558963182815996,63,10768.0,0.11003842380723247,63,10768.0
19955.0,70,8147.0,94.73255813953489,2.2001361328095688,70,11094.0,0.04865675505992741,70,11094.0
19960.0,68,8146.0,91.52808988764045,2.3139728137772084,68,10783.0,0.07768958012213346,68,10783.0
19965.0,59,7911.0,94.17857142857143,2.2503278250986227,59,10267.0,0.07697679441541935,59,10267.0
19970.0,54,7716.0,88.6896551724138,3.2330096819975465,54,9527.0,0.13182032167442623,54,9527.0
19975.0,42,7447.0,89.72289156626506,2.9804465293726388,42,9536.0,0.14374787768969371,42,9536.0
19980.0,45,7457.0,92.06172839506173,3.0056841711009485,45,9721.0,0.13735091595596316,45,9721.0
19985.0,52,7700.0,90.58823529411765,3.28621412928176,52,9960.0,0.12969623676162317,52,9960.0
19990.0,53,7708.0,86.6067415730337,2.5694174145763036,53,10034.0,0.106251588835747,53,10034.0
19995.0,53,7603.0,86.39772727272727,2.6219571487655724,53,9931.0,0.10260090534349849,53,9931.0
20000.0,57,7821.0,85.94505494505495,3.051739553802171,57,9966.0,0.10814646845432725,57,9966.0
