step,system_total_stopped,system_total_waiting_time,system_mean_waiting_time,system_mean_speed,t_stopped,t_accumulated_waiting_time,t_average_speed,agents_total_stopped,agents_total_accumulated_waiting_time
5.0,0,0.0,0.0,12.355340926276526,0,0.0,0.9097167058503804,0,0.0
10.0,0,0.0,0.0,12.634405796581506,0,0.0,0.9290968934837732,0,0.0
15.0,6,10.0,0.5555555555555556,6.97067263798826,6,10.0,0.39121990941133805,6,10.0
20.0,8,47.0,2.611111111111111,6.89371820042455,8,47.0,0.3706322052674752,8,47.0
25.0,8,87.0,4.142857142857143,6.737265633566138,8,87.0,0.39950175560450363,8,87.0
30.0,6,93.0,4.65,5.591014629373623,6,97.0,0.34534795509342503,6,97.0
35.0,10,135.0,5.625,6.489796208790889,10,135.0,0.321034904802212,10,135.0
40.0,12,192.0,6.857142857142857,6.659219408341032,12,192.0,0.3544187329591335,12,192.0
45.0,8,189.0,6.75,6.17679087136744,8,222.0,0.38384538470073987,8,222.0
50.0,8,216.0,7.714285714285714,5.994543977441088,8,224.0,0.28532065958719266,8,224.0
55.0,12,273.0,8.53125,7.740746550012512,12,273.0,0.30048850654651493,12,273.0
60.0,12,333.0,12.807692307692308,6.218387243007401,12,333.0,0.22479733336257748,12,333.0
65.0,10,364.0,12.551724137931034,6.6966932997746405,10,367.0,0.3939074306568573,10,367.0
70.0,11,416.0,17.333333333333332,5.421615769955191,11,416.0,0.27823192841523314,11,416.0
75.0,14,484.0,13.444444444444445,6.672442890557975,14,484.0,0.38223867474880346,14,484.0
80.0,12,521.0,16.28125,6.056966965530966,12,542.0,0.3964266552862523,12,542.0
85.0,12,569.0,15.805555555555555,5.065689155996401,12,576.0,0.3004879381699278,12,576.0
90.0,18,649.0,18.02777777777778,6.146784940985459,18,649.0,0.24279296778494946,18,649.0
95.0,18,739.0,19.972972972972972,5.942001109007021,18,739.0,0.25351368294455146,18,739.0
100.0,20,835.0,26.93548387096774,4.438483552075017,20,835.0,0.19965395355073456,20,835.0
105.0,20,935.0,27.5,4.880403100156844,20,935.0,0.24643172537461128,20,935.0
110.0,21,1038.0,28.054054054054053,5.010654360672372,21,1038.0,0.27912658002680407,21,1038.0
115.0,22,1148.0,30.210526315789473,5.368532182259466,22,1148.0,0.2984859248736107,22,1148.0
120.0,19,1129.0,29.710526315789473,3.298519675441524,19,1192.0,0.14097982379110008,19,1192.0
125.0,22,1237.0,30.925,4.790249276295407,22,1237.0,0.2195680047743862,22,1237.0
130.0,25,1354.0,33.85,4.4258513758268965,25,1354.0,0.17894675602960025,25,1354.0
135.0,20,1425.0,33.92857142857143,4.47209505895628,20,1446.0,0.1726844699777363,20,1446.0
140.0,20,1525.0,40.13157894736842,5.535804876586272,20,1525.0,0.24861699619505903,20,1525.0
145.0,22,1627.0,38.73809523809524,6.555138290384101,22,1627.0,0.28790505599420696,22,1627.0
150.0,16,991.0,23.595238095238095,5.838128030600286,16,1458.0,0.32864863842723785,16,1458.0
155.0,10,452.0,11.894736842105264,5.560346629339272,10,1053.0,0.28194183641101606,10,1053.0
160.0,13,503.0,11.976190476190476,6.966448896605163,13,640.0,0.31330395680779316,13,640.0
165.0,12,534.0,14.432432432432432,4.925487303558469,12,684.0,0.1851014541451746,12,684.0
170.0,20,615.0,16.18421052631579,5.386546054339339,20,752.0,0.24365451400705035,20,752.0
175.0,20,715.0,19.86111111111111,5.874404214194607,20,852.0,0.21408918851437983,20,852.0
180.0,20,815.0,23.970588235294116,4.745399225066562,20,952.0,0.15406205075723406,20,952.0
185.0,16,749.0,20.805555555555557,5.18633440500566,16,972.0,0.30705168316189646,16,972.0
190.0,16,814.0,22.0,5.856386150170612,16,959.0,0.32170477841901934,16,959.0
195.0,20,907.0,23.86842105263158,5.611876350501247,20,1044.0,0.2010016240537829,20,1044.0
200.0,18,975.0,26.35135135135135,4.193921138493671,18,1128.0,0.19802393727037584,18,1128.0
205.0,18,1065.0,29.583333333333332,5.063355910327671,18,1202.0,0.2317588442069045,18,1202.0
210.0,20,1161.0,30.55263157894737,6.129325812358017,20,1298.0,0.234852722832172,20,1298.0
215.0,19,1247.0,35.628571428571426,5.381932904795545,19,1384.0,0.21760606237043567,19,1384.0
220.0,20,1343.0,33.575,5.389266174539162,20,1480.0,0.29917658141568443,20,1480.0
225.0,23,1455.0,37.30769230769231,4.32706079518212,23,1592.0,0.23031771604576215,23,1592.0
230.0,24,1530.0,36.42857142857143,3.1227617856954493,24,1689.0,0.1751305628347135,24,1689.0
235.0,25,1655.0,40.36585365853659,4.523223063808221,25,1792.0,0.2078238825457198,25,1792.0
240.0,25,1780.0,40.45454545454545,5.325427678682474,25,1917.0,0.17006959817549056,25,1917.0
245.0,27,1912.0,46.63414634146341,4.590209080807814,27,2049.0,0.17683139672016934,27,2049.0
250.0,27,2047.0,48.73809523809524,4.430834588595498,27,2184.0,0.14582982505389516,27,2184.0
255.0,24,2130.0,49.53488372093023,4.759931066689444,24,2279.0,0.2613780141238599,24,2279.0
260.0,24,2250.0,50.0,4.1298869117017745,24,2387.0,0.1881114503317128,24,2387.0
265.0,32,2398.0,53.28888888888889,3.743486317127915,32,2535.0,0.14122398629268193,32,2535.0
270.0,28,2526.0,56.13333333333333,3.406111172255324,28,2673.0,0.18340602138739853,28,2673.0
275.0,28,2666.0,60.59090909090909,4.204728786255774,28,2803.0,0.16503537423241427,28,2803.0
280.0,30,2811.0,58.5625,4.9985083274076425,30,2948.0,0.18730547497668454,30,2948.0
285.0,30,2961.0,68.86046511627907,4.048685339901269,30,3098.0,0.15477772361193012,30,3098.0
290.0,28,3086.0,62.97959183673469,4.467945641027709,28,3223.0,0.2774569873298533,28,3223.0
295.0,32,3236.0,67.41666666666667,3.4475294700600045,32,3373.0,0.18927969952744383,32,3373.0
300.0,36,3410.0,68.2,2.7949025607298528,36,3547.0,0.12935899401541817,36,3547.0
305.0,36,3552.0,69.6470588235294,2.6434566991025066,36,3711.0,0.13356318971701803,36,3711.0
310.0,34,3720.0,71.53846153846153,3.7798308707680515,34,3859.0,0.16439814304385128,34,3859.0
315.0,36,3892.0,72.07407407407408,4.31235026016797,36,4029.0,0.1318027761314578,36,4029.0
320.0,36,4072.0,78.3076923076923,3.957876806781248,36,4209.0,0.17243389297734854,36,4209.0
325.0,35,4231.0,81.36538461538461,3.1853272525365472,35,4368.0,0.1832256577071365,35,4368.0
330.0,37,4413.0,84.86538461538461,2.736576933552728,37,4550.0,0.12271601659845612,37,4550.0
335.0,44,4613.0,83.87272727272727,2.3029007982786376,44,4750.0,0.09223355871275903,44,4750.0
340.0,40,4776.0,88.44444444444444,2.0554583145512133,40,4940.0,0.10871397821206459,40,4940.0
345.0,39,4964.0,88.64285714285714,3.041353188408274,39,5108.0,0.14924749149018834,39,5108.0
350.0,40,5160.0,88.96551724137932,3.6658967131612488,40,5297.0,0.11407574140510189,40,5297.0
355.0,41,5364.0,94.10526315789474,3.5622113980128227,41,5501.0,0.13293886964139892,41,5501.0
360.0,38,5528.0,106.3076923076923,2.645928700829167,38,5674.0,0.1011324791313673,38,5674.0
365.0,40,5722.0,93.80327868852459,3.361916820389569,40,5859.0,0.15590043806431791,40,5859.0
370.0,46,5939.0,100.66101694915254,2.3852133188484697,46,6076.0,0.10322844124669082,46,6076.0
375.0,45,6131.0,100.50819672131148,1.9805193442576334,45,6284.0,0.10781585797924048,45,6284.0
380.0,45,6356.0,105.93333333333334,2.8637748827934058,45,6493.0,0.11805877970782076,45,6493.0
385.0,46,6582.0,101.26153846153846,3.870508981572391,46,6719.0,0.13651057384506557,46,6719.0
390.0,47,6814.0,111.70491803278688,3.0999739198336758,47,6951.0,0.1074860331944837,47,6951.0
395.0,44,7010.0,116.83333333333333,1.920077349243268,44,7156.0,0.08812131898485645,44,7156.0
400.0,48,7244.0,114.98412698412699,2.1323898405224497,48,7381.0,0.09778943890893911,48,7381.0
405.0,52,7494.0,111.85074626865672,2.0189265970339068,52,7631.0,0.09071363755845699,52,7631.0
410.0,50,7706.0,116.75757575757575,2.1431453109867102,50,7871.0,0.09786905002006675,50,7871.0
415.0,48,7940.0,116.76470588235294,3.2590421866815324,48,8083.0,0.14384951361745585,48,8083.0
420.0,48,8180.0,123.93939393939394,3.2070153190292228,48,8317.0,0.09822254636058222,48,8317.0
425.0,50,8426.0,123.91176470588235,3.4436500304102604,50,8563.0,0.0967806995764349,50,8563.0
430.0,50,8676.0,139.93548387096774,2.5014476177654443,50,8813.0,0.09763082586494479,50,8813.0
435.0,51,8903.0,130.9264705882353,2.1471989811922185,51,9040.0,0.1290172085651334,51,9040.0
440.0,54,9167.0,138.8939393939394,2.222632545385039,54,9304.0,0.10872199250030573,54,9304.0
445.0,56,9439.0,131.09722222222223,2.398556168365022,56,9576.0,0.0986161623128255,56,9576.0
450.0,60,9734.0,143.14705882352942,1.5546156697961304,60,9871.0,0.08401089666080673,60,9871.0
455.0,62,10037.0,141.3661971830986,1.2793890976060944,62,10174.0,0.06508003146373059,62,10174.0
460.0,59,10232.0,142.11111111111111,1.5392533035382134,59,10438.0,0.08362158707937561,59,10438.0
465.0,53,10450.0,139.33333333333334,2.59753440058591,53,10629.0,0.11285154487882645,53,10629.0
470.0,54,10716.0,139.16883116883116,3.6367637858373234,54,10854.0,0.12744869394882813,54,10854.0
475.0,55,10990.0,146.53333333333333,3.6374670506041307,55,11127.0,0.10557108859676109,55,11127.0
480.0,55,11265.0,160.92857142857142,2.5152568920024976,55,11402.0,0.06672703712639994,55,11402.0
485.0,52,11484.0,166.43478260869566,2.134181626784134,52,11637.0,0.10420137573377472,52,11637.0
490.0,55,11752.0,175.40298507462686,1.9582343406796234,55,11889.0,0.08061298069214062,55,11889.0
495.0,56,12031.0,169.45070422535213,2.5482332402292456,56,12168.0,0.10423199909758558,56,12168.0
500.0,52,12264.0,175.2,2.1859947030653433,52,12421.0,0.10225566868771889,52,12421.0
505.0,52,12524.0,178.9142857142857,2.487470198677537,52,12661.0,0.09564481935223566,52,12661.0
510.0,54,12792.0,175.23287671232876,3.3467694747156758,54,12929.0,0.117283198481771,54,12929.0
515.0,56,13065.0,186.64285714285714,2.3578068452440966,56,13202.0,0.0771250186323435,56,13202.0
520.0,58,13349.0,190.7,2.073809104924686,58,13486.0,0.0835419855333774,58,13486.0
525.0,58,13639.0,200.5735294117647,1.8647406810241272,58,13776.0,0.07147159410666919,58,13776.0
530.0,60,13931.0,196.2112676056338,1.9346101487974041,60,14068.0,0.09173716841007465,60,14068.0
535.0,60,14231.0,203.3,1.8397445068705671,60,14368.0,0.0838772026635093,60,14368.0
540.0,54,14397.0,199.95833333333334,1.6570492940080972,54,14594.0,0.07213793054008638,54,14594.0
545.0,57,14678.0,203.86111111111111,2.2639410748351594,57,14815.0,0.09003454157657703,57,14815.0
550.0,60,14971.0,199.61333333333334,2.314992781560458,60,15108.0,0.08116450153538604,60,15108.0
555.0,56,15217.0,208.45205479452054,1.8589330224184226,56,15381.0,0.08326334928433547,56,15381.0
560.0,56,15489.0,212.17808219178082,2.230914483114319,56,15634.0,0.10347919648491237,56,15634.0
565.0,57,15771.0,210.28,2.907331996071295,57,15908.0,0.09229411298753662,57,15908.0
570.0,55,16018.0,216.45945945945945,2.616030791704153,55,16162.0,0.11108466283929977,55,16162.0
575.0,58,16300.0,236.231884057971,1.9266120422465203,58,16437.0,0.08038547601760418,58,16437.0
580.0,62,16598.0,218.39473684210526,2.286847322092376,62,16735.0,0.10390598840787536,62,16735.0
585.0,56,16840.0,230.68493150684932,1.7846909519863812,56,17011.0,0.0877806483073153,56,17011.0
590.0,57,17107.0,225.0921052631579,2.2438006530749903,57,17257.0,0.10612559369273625,57,17257.0
595.0,58,17395.0,228.8815789473684,3.0369041698666934,58,17532.0,0.08699672722791643,58,17532.0
600.0,56,17666.0,232.44736842105263,2.6164345202890025,56,17803.0,0.0933390554514396,56,17803.0
605.0,59,17957.0,245.986301369863,2.242429651612752,59,18094.0,0.08817650427405414,59,18094.0
610.0,60,18257.0,246.71621621621622,1.8227718134447888,60,18394.0,0.08756759912233374,60,18394.0
615.0,59,18513.0,257.125,1.304365616063449,59,18676.0,0.0857345079097959,59,18676.0
620.0,58,18796.0,247.31578947368422,2.3797745335923226,58,18939.0,0.11462535654965379,58,18939.0
625.0,58,19086.0,244.69230769230768,2.9823350365906887,58,19223.0,0.09068016066504926,58,19223.0
630.0,54,16596.0,212.76923076923077,2.927419330786294,54,18513.0,0.11785541062916488,54,18513.0
635.0,47,12548.0,174.27777777777777,2.7150722513680674,47,16844.0,0.10919806434874263,47,16844.0
640.0,42,9903.0,130.30263157894737,3.748024601468574,42,14388.0,0.14963182431160926,42,14388.0
645.0,34,7718.0,108.70422535211267,3.403420298154513,34,14556.0,0.16385657638483414,34,14556.0
650.0,34,6478.0,88.73972602739725,3.9876098352477087,34,14695.0,0.20641030810526306,34,14695.0
655.0,40,6664.0,87.6842105263158,4.016357019836839,40,14877.0,0.17050128330182462,40,14877.0
660.0,51,6895.0,88.3974358974359,2.686984080724253,51,15108.0,0.10653757884934276,51,15108.0
665.0,58,7170.0,89.625,2.372729861493046,58,15385.0,0.08199093667797204,58,15385.0
670.0,65,7477.0,93.4625,1.5892278120939267,65,15694.0,0.07637432421514406,65,15694.0
675.0,70,7824.0,96.5925925925926,1.6729119614566004,70,16041.0,0.07214878779227235,70,16041.0
680.0,70,8174.0,99.6829268292683,1.6210653485354427,70,16391.0,0.08300168572207939,70,16391.0
685.0,67,8178.0,99.73170731707317,1.1501461032005338,67,16600.0,0.0798142200276895,67,16600.0
690.0,62,8326.0,101.53658536585365,2.0235337314997834,62,16713.0,0.09672556368752065,62,16713.0
695.0,63,8638.0,100.44186046511628,2.6836865867280966,63,16865.0,0.07903741483085597,63,16865.0
700.0,62,8901.0,105.96428571428571,1.856415068457961,62,17160.0,0.04987321754173216,62,17160.0
705.0,62,9203.0,108.27058823529411,2.686522328585542,62,17439.0,0.09849527855573759,62,17439.0
710.0,64,9516.0,116.04878048780488,2.727395797946257,64,17743.0,0.0822586766316941,64,17743.0
715.0,64,9836.0,119.95121951219512,2.7640760279556122,64,18063.0,0.07643419058657448,64,18063.0
720.0,58,10049.0,135.7972972972973,1.537725437990033,58,18323.0,0.05997434563605541,58,18323.0
725.0,59,10341.0,127.66666666666667,2.8429356065660265,59,18558.0,0.11703930632611553,59,18558.0
730.0,64,10652.0,136.56410256410257,2.3886218818124654,64,18869.0,0.06618661055389774,64,18869.0
735.0,60,10932.0,136.65,2.29567310225479,60,19163.0,0.08832375324611239,60,19163.0
740.0,60,11232.0,147.78947368421052,2.5081661270552438,60,19449.0,0.08481343885047901,60,19449.0
745.0,61,11533.0,144.1625,2.9933140390796855,61,19750.0,0.0944671382382366,61,19750.0
750.0,62,11843.0,155.82894736842104,2.4686964222625094,62,20060.0,0.08578754728700114,62,20060.0
755.0,61,12133.0,161.77333333333334,1.8243105018888761,61,20350.0,0.07604250646473533,61,20350.0
760.0,63,12445.0,168.17567567567568,1.9153793478337728,63,20662.0,0.07831790127533252,63,20662.0
765.0,64,12761.0,165.72727272727272,1.6932680104838929,64,20978.0,0.08014530798980954,64,20978.0
770.0,61,13034.0,171.5,1.4366788526799565,61,21275.0,0.08596469593552808,61,21275.0
775.0,62,13342.0,168.8860759493671,2.3203596946925584,62,21561.0,0.10835618452500251,62,21561.0
780.0,62,13652.0,172.81012658227849,2.447713771891799,62,21869.0,0.05366449286394584,62,21869.0
785.0,58,13130.0,164.125,2.2302862277466162,58,21087.0,0.09171482976599893,58,21087.0
790.0,52,12053.0,158.5921052631579,2.7537818878000713,52,18225.0,0.10347282846726673,52,18225.0
795.0,46,11228.0,136.9268292682927,4.288632211995954,46,16560.0,0.18707686682616906,46,16560.0
800.0,34,10066.0,134.21333333333334,3.505275565896806,34,15856.0,0.17215408947252936,34,15856.0
805.0,38,9712.0,126.12987012987013,3.746305805523297,38,16001.0,0.19708859164319031,38,16001.0
810.0,44,9920.0,127.17948717948718,3.7136266734941934,44,16204.0,0.144279060465634,44,16204.0
815.0,50,10164.0,123.95121951219512,2.9269523330980456,50,16448.0,0.11863206787040009,50,16448.0
820.0,62,10451.0,127.45121951219512,2.267142619249605,62,16737.0,0.10101822753521617,62,16737.0
825.0,66,10771.0,125.24418604651163,1.8972200557905667,66,17057.0,0.0742302963758435,66,17057.0
830.0,74,11123.0,132.41666666666666,1.5692035385763066,74,17409.0,0.06691703616295955,74,17409.0
835.0,74,11493.0,135.21176470588236,1.6267397349569535,74,17779.0,0.0753205807386761,74,17779.0
840.0,70,11511.0,137.03571428571428,1.1117970953301601,70,18006.0,0.052875586705011766,70,18006.0
845.0,64,11683.0,132.76136363636363,2.5710599887932233,64,18129.0,0.11669726707479337,64,18129.0
850.0,68,12010.0,136.47727272727272,2.7189314510694853,68,18305.0,0.08255634768570941,68,18305.0
855.0,64,12297.0,139.73863636363637,2.1963209165149524,64,18613.0,0.07730260960593771,64,18613.0
860.0,66,12626.0,148.54117647058823,2.49816092079534,66,18921.0,0.09655566321169556,66,18921.0
865.0,66,12956.0,152.42352941176472,2.6351500976710125,66,19251.0,0.10248649083043515,66,19251.0
870.0,68,13295.0,154.59302325581396,2.442384762100212,68,19590.0,0.07791802544164533,68,19590.0
875.0,64,13542.0,169.275,1.5834922207074782,64,19880.0,0.06140384396804803,64,19880.0
880.0,65,13863.0,169.0609756097561,2.089767563008629,65,20149.0,0.08413693449017473,65,20149.0
885.0,68,14200.0,173.17073170731706,2.153748766797873,68,20486.0,0.06993996279903363,68,20486.0
890.0,64,14502.0,172.64285714285714,1.9670224886578782,64,20801.0,0.08387233903625547,64,20801.0
895.0,65,14827.0,185.3375,2.0146267953582786,65,21113.0,0.07490972789561345,65,21113.0
900.0,65,15152.0,182.55421686746988,2.499451661099589,65,21438.0,0.0695690744401009,65,21438.0
905.0,67,15485.0,191.17283950617283,2.2310064922600894,67,21771.0,0.0751709556039959,67,21771.0
910.0,67,15820.0,202.82051282051282,1.6312327411286816,67,22106.0,0.06378369802317636,67,22106.0
915.0,64,16102.0,203.8227848101266,1.8914017916867214,64,22403.0,0.08490046569116826,64,22403.0
920.0,65,16423.0,202.7530864197531,2.0040701924697752,65,22709.0,0.07628922564527976,65,22709.0
925.0,68,16761.0,206.92592592592592,2.1651455049886383,68,23047.0,0.08879803908465954,68,23047.0
930.0,64,17062.0,210.64197530864197,1.7378362414114268,64,23364.0,0.08522553603512907,64,23364.0
935.0,64,17382.0,220.0253164556962,1.9797320637100857,64,23668.0,0.07440062379065833,64,23668.0
940.0,66,17706.0,205.88372093023256,2.796239899083533,66,23992.0,0.09562127604151284,66,23992.0
945.0,68,18041.0,220.0121951219512,2.1579436669978853,68,24327.0,0.07487745663991231,68,24327.0
950.0,63,17496.0,213.3658536585366,1.7727016302782341,63,23480.0,0.1047264370395074,63,23480.0
955.0,58,16358.0,204.475,2.211371177508313,58,21566.0,0.10370320663019197,58,21566.0
960.0,50,15488.0,184.38095238095238,3.086633739701429,50,19754.0,0.12111278353377446,50,19754.0
965.0,44,14549.0,179.6172839506173,3.1135823499104007,44,18996.0,0.1473676305861688,44,18996.0
970.0,42,13916.0,171.80246913580248,2.9871438989925143,42,19177.0,0.14077284509626076,42,19177.0
975.0,48,14146.0,172.5121951219512,3.4588479673376824,48,19402.0,0.13862606983323014,48,19402.0
980.0,54,14406.0,167.51162790697674,3.1446330967535636,54,19662.0,0.12790565462042483,54,19662.0
985.0,62,14701.0,172.95294117647057,1.8419232040412596,62,19957.0,0.08160810764577071,62,19957.0
990.0,68,15035.0,167.05555555555554,2.0441606974266877,68,20291.0,0.08962302419822177,68,20291.0
995.0,77,15404.0,179.11627906976744,1.2669661278299094,77,20660.0,0.04749109772365355,77,20660.0
1000.0,78,15794.0,173.56043956043956,1.8152140864712218,78,21050.0,0.08391481498951274,78,21050.0
1005.0,78,16184.0,183.9090909090909,1.215874733998585,78,21440.0,0.04767802361458573,78,21440.0
1010.0,74,16218.0,174.38709677419354,1.9342660457120244,74,21687.0,0.10770376450140194,74,21687.0
1015.0,70,16387.0,178.1195652173913,2.00635768427127,70,21822.0,0.08941695132880371,70,21822.0
1020.0,72,16747.0,178.1595744680851,2.4028789655389264,72,22006.0,0.0672979555010085,72,22006.0
1025.0,73,17069.0,179.67368421052632,2.1627314387645784,73,22340.0,0.07404393823465202,73,22340.0
1030.0,72,17424.0,191.47252747252747,2.2435560757932724,72,22664.0,0.08344187315177928,72,22664.0
1035.0,74,17788.0,193.34782608695653,2.434108863365413,74,23017.0,0.06704595087060047,74,23017.0
1040.0,74,18158.0,201.75555555555556,2.288027103251264,74,23377.0,0.0822066887700412,74,23377.0
1045.0,68,18420.0,206.96629213483146,1.7259785563224015,68,23674.0,0.07948544640607515,68,23674.0
1050.0,71,18772.0,218.27906976744185,1.8067730704073928,71,23958.0,0.06612419337057825,71,23958.0
1055.0,74,19134.0,214.98876404494382,2.0283760585977966,74,24310.0,0.0682270737700432,74,24310.0
1060.0,70,19448.0,223.54022988505747,1.6508989459688408,70,24642.0,0.06102319602862485,70,24642.0
1065.0,69,19787.0,227.4367816091954,2.27228050586336,69,24949.0,0.08925866597497725,69,24949.0
1070.0,70,20134.0,228.79545454545453,2.5376223519263466,70,25280.0,0.05837688088355373,70,25280.0
1075.0,69,20461.0,235.183908045977,2.088316142678487,69,25602.0,0.07657415960120265,69,25602.0
1080.0,71,20816.0,253.85365853658536,1.6292865852149834,71,25942.0,0.0698476491978353,71,25942.0
1085.0,73,21174.0,240.61363636363637,1.5736283251736496,73,26290.0,0.0665831419521531,73,26290.0
1090.0,71,21492.0,252.8470588235294,1.364186415546532,71,26617.0,0.0732622282583436,71,26617.0
1095.0,72,21841.0,242.67777777777778,2.212630681919178,72,26919.0,0.08182570887240379,72,26919.0
1100.0,72,22201.0,252.2840909090909,2.36440675918711,72,27259.0,0.07174495955414731,72,27259.0
1105.0,72,22561.0,250.67777777777778,2.268874354955098,72,27599.0,0.08892517249533631,72,27599.0
1110.0,70,22888.0,269.2705882352941,1.9326482357422974,70,27912.0,0.079445720437475,70,27912.0
1115.0,71,23239.0,264.07954545454544,2.0717835831843456,71,28237.0,0.0749914383031458,71,28237.0
1120.0,74,23605.0,274.4767441860465,1.7144939427765729,74,28583.0,0.06590480266698297,74,28583.0
1125.0,70,23938.0,275.14942528735634,1.538536491592694,70,28912.0,0.07496813204818568,70,28912.0
1130.0,70,24288.0,282.4186046511628,2.0088484205161095,70,29226.0,0.09002436368769,70,29226.0
1135.0,72,24646.0,273.84444444444443,2.6596169600692656,72,29564.0,0.09484187012108207,72,29564.0
1140.0,67,23959.0,281.8705882352941,1.9106002884156148,67,28995.0,0.07152789849362473,67,28995.0
1145.0,59,22577.0,259.5057471264368,2.4989856018366514,59,27495.0,0.11402967401799449,59,27495.0
1150.0,54,21363.0,251.3294117647059,3.155590282004004,54,25096.0,0.1194941870685071,54,25096.0
1155.0,46,20420.0,229.43820224719101,3.118933351147568,46,25306.0,0.1543279672157783,46,25306.0
1160.0,46,19657.0,236.83132530120483,3.067837560760354,46,25486.0,0.16111519471940156,46,25486.0
1165.0,53,19910.0,218.7912087912088,3.2129089565120164,53,25708.0,0.13538442444541937,53,25708.0
1170.0,63,20204.0,222.02197802197801,2.3963026162803067,63,25972.0,0.08777088452744974,63,25972.0
1175.0,70,20541.0,220.8709677419355,1.7346213648017694,70,26279.0,0.07972699388234585,70,26279.0
1180.0,80,20922.0,227.41304347826087,1.4416582582210766,80,26630.0,0.06570799365716148,80,26630.0
1185.0,82,21327.0,222.15625,1.7030000078230305,82,27006.0,0.06640083902160618,82,27006.0
1190.0,79,21459.0,225.8842105263158,1.4982737483570863,79,27271.0,0.07214120768910424,79,27271.0
1195.0,74,21745.0,226.51041666666666,2.029912666264458,74,27431.0,0.07420684941240226,74,27431.0
1200.0,78,22124.0,230.45833333333334,2.1654717044372975,78,27713.0,0.060859573844410486,78,27713.0
1205.0,78,22514.0,229.73469387755102,2.0476764770655183,78,28073.0,0.056637168443138715,78,28073.0
1210.0,76,22824.0,242.80851063829786,1.7538328467089852,76,28396.0,0.07010698208670872,76,28396.0
1215.0,74,23175.0,249.19354838709677,1.8892994601726643,74,28687.0,0.07453989163955275,74,28687.0
1220.0,74,23545.0,253.1720430107527,2.584143228546529,74,29014.0,0.08212297186871889,74,29014.0
1225.0,69,23500.0,252.68817204301075,2.1247015597477237,69,28586.0,0.07848989333991255,69,28586.0
1230.0,67,23199.0,254.93406593406593,2.1642173132990554,67,27390.0,0.095464903037876,67,27390.0
1235.0,60,23012.0,255.6888888888889,2.7742178701318587,60,25440.0,0.09235964213007353,60,25440.0
1240.0,51,22599.0,248.34065934065933,2.805345005356454,51,25645.0,0.14026668852709795,51,25645.0
1245.0,48,22592.0,262.69767441860466,2.872416418432538,48,25803.0,0.13854744085077966,48,25803.0
1250.0,58,22858.0,243.17021276595744,3.4075142772335028,58,26024.0,0.13915080869022245,58,26024.0
1255.0,64,23160.0,249.03225806451613,2.3895060142114097,64,26286.0,0.08721053679934004,64,26286.0
1260.0,71,23500.0,250.0,1.8082660039250003,71,26586.0,0.049109865477562444,71,26586.0
1265.0,79,23880.0,254.04255319148936,1.4654370497755327,79,26926.0,0.06355556178668223,79,26926.0
1270.0,84,24292.0,258.4255319148936,1.200999102119599,84,27298.0,0.04118951389749708,84,27298.0
1275.0,86,24721.0,257.5104166666667,1.464653091608542,86,27687.0,0.06045762967065261,86,27687.0
1280.0,86,25151.0,261.9895833333333,1.2399053722315505,86,28077.0,0.05062106860104951,86,28077.0
1285.0,82,25227.0,257.4183673469388,1.5592298551831323,82,28323.0,0.0665058738238488,82,28323.0
1290.0,74,25441.0,259.6020408163265,1.8673658239148276,74,28455.0,0.08975343535121835,74,28455.0
1295.0,78,25826.0,263.53061224489795,2.2275314421557684,78,28658.0,0.07314318394160106,78,28658.0
1300.0,74,18936.0,185.64705882352942,1.97343238528754,74,26989.0,0.0665162393941693,74,26989.0
1305.0,72,10003.0,102.07142857142857,2.2574256051540367,72,23347.0,0.08523819976912764,72,23347.0
1310.0,65,5425.0,54.25,2.7302084816201515,65,17843.0,0.10531668075338034,65,17843.0
1315.0,57,2798.0,28.84536082474227,2.5934940297088938,57,18109.0,0.12386977416650125,57,18109.0
1320.0,51,2639.0,27.489583333333332,2.9158194266959754,51,18280.0,0.13272426449322522,51,18280.0
1325.0,60,2922.0,31.085106382978722,3.146491200368147,60,18526.0,0.12280784728592001,60,18526.0
1330.0,66,3239.0,34.82795698924731,2.6329857015864744,66,18842.0,0.08029242162543447,66,18842.0
1335.0,74,3597.0,39.96666666666667,2.2502514629729427,74,19201.0,0.0685580562694651,74,19201.0
1340.0,74,3967.0,45.59770114942529,1.6518155304262623,74,19571.0,0.08329818370875985,74,19571.0
1345.0,76,4343.0,49.35227272727273,1.6912662759676393,76,19947.0,0.06536801147603735,76,19947.0
1350.0,70,4067.0,45.18888888888889,2.021579037766573,70,19362.0,0.10450903091155131,70,19362.0
1355.0,62,3452.0,40.13953488372093,1.7598279024645167,62,18344.0,0.0705537424713883,62,18344.0
1360.0,58,2836.0,31.164835164835164,3.008520367150738,58,16664.0,0.11260194345787392,58,16664.0
1365.0,49,2062.0,23.168539325842698,2.929397540311935,49,16915.0,0.11759219632047706,49,16915.0
1370.0,50,1898.0,21.325842696629213,3.3323758535105132,50,17129.0,0.16672064265253533,50,17129.0
1375.0,57,2165.0,23.532608695652176,2.9317943858874584,57,17390.0,0.10523624081332636,57,17390.0
1380.0,65,2477.0,26.634408602150536,2.3559665861467427,65,17702.0,0.07528879505405535,65,17702.0
1385.0,75,2832.0,30.451612903225808,1.6969216438431718,75,18057.0,0.0737672378776677,75,18057.0
1390.0,82,3223.0,33.572916666666664,1.3967907547057044,82,18448.0,0.04403309229744751,82,18448.0
1395.0,86,3649.0,38.010416666666664,1.3071897550616438,86,18874.0,0.05925577152867165,86,18874.0
1400.0,87,4080.0,41.63265306122449,1.328506628310775,87,19305.0,0.06084979459285319,87,19305.0
1405.0,83,3912.0,39.515151515151516,1.2921888118797744,83,19518.0,0.06953428397946095,83,19518.0
1410.0,75,3662.0,37.36734693877551,1.6402717337878898,75,19434.0,0.054897896332758184,75,19434.0
1415.0,73,3890.0,38.51485148514851,2.4752904048683013,73,19439.0,0.08636640308959442,73,19439.0
1420.0,69,4193.0,41.93,2.1947254685741835,69,19771.0,0.0898685988868849,69,19771.0
1425.0,73,4542.0,46.3469387755102,1.9451223895445615,73,20098.0,0.07014644970600484,73,20098.0
1430.0,80,4930.0,50.824742268041234,2.220821525839155,80,20479.0,0.06113562852546811,80,20479.0
1435.0,80,5330.0,54.94845360824742,2.1178621563425013,80,20879.0,0.05197533579442117,80,20879.0
1440.0,76,5616.0,61.714285714285715,1.407981678800965,76,21128.0,0.04656238908462804,76,21128.0
1445.0,68,5835.0,60.78125,2.2891322360604036,68,21256.0,0.10500959450647618,68,21256.0
1450.0,72,6187.0,65.81914893617021,2.5756721895527535,72,21431.0,0.08502578708623225,72,21431.0
1455.0,74,6550.0,68.22916666666667,2.4843450984903126,74,21743.0,0.08545931277394371,74,21743.0
1460.0,70,6858.0,75.36263736263736,2.0820192788981746,70,22075.0,0.06745048358872245,70,22075.0
1465.0,68,7190.0,77.31182795698925,2.6654087567427127,68,22368.0,0.09817794210955305,68,22368.0
1470.0,70,7539.0,84.70786516853933,2.729700125676708,70,22702.0,0.07170172103909032,70,22702.0
1475.0,65,7236.0,82.22727272727273,2.1940767324611574,65,22153.0,0.07173991516366603,65,22153.0
1480.0,60,6499.0,78.3012048192771,2.4110668178093873,60,21370.0,0.10330702228320948,60,21370.0
1485.0,52,5752.0,67.67058823529412,3.4268184424128574,52,20021.0,0.13128142695263262,52,20021.0
1490.0,43,5127.0,61.7710843373494,3.398423943394754,43,19962.0,0.15404284533090226,43,19962.0
1495.0,43,4929.0,60.109756097560975,3.5618033281895713,43,20129.0,0.17902274021147668,43,20129.0
1500.0,50,5164.0,62.21686746987952,3.2114119419886173,50,20347.0,0.12117534417164871,50,20347.0
1505.0,58,5438.0,61.79545454545455,2.716469105102966,58,20612.0,0.09949721859332886,58,20612.0
1510.0,65,5748.0,68.42857142857143,1.5763254635351598,65,20912.0,0.06267356721167626,65,20912.0
1515.0,74,6098.0,66.28260869565217,1.670398172461321,74,21249.0,0.10259296282596753,74,21249.0
1520.0,79,6479.0,71.1978021978022,1.375890624753023,79,21612.0,0.07001609979137763,79,21612.0
1525.0,76,6593.0,68.67708333333333,1.7714015823695082,76,21870.0,0.09848779218958292,76,21870.0
1530.0,73,6875.0,73.13829787234043,1.9967520968173653,73,22053.0,0.09348932270640596,73,22053.0
1535.0,75,7250.0,73.9795918367347,2.4751497150787047,75,22323.0,0.07022361017511196,75,22323.0
1540.0,79,7642.0,80.4421052631579,2.173372800204008,79,22695.0,0.06423038344373458,79,22695.0
1545.0,74,7943.0,84.5,1.6920270329540488,74,23028.0,0.07002623140118208,74,23028.0
1550.0,71,8264.0,89.82608695652173,2.0150506096202436,71,23313.0,0.08966865906646046,71,23313.0
1555.0,72,8624.0,92.73118279569893,2.65725625932463,72,23620.0,0.08612410341665347,72,23620.0
1560.0,72,8984.0,99.82222222222222,2.488019227764132,72,23957.0,0.057594267023678807,72,23957.0
1565.0,68,8902.0,101.1590909090909,2.353028064076194,68,23674.0,0.09935462694982881,68,23674.0
1570.0,60,8521.0,99.0813953488372,2.453695074077639,60,22596.0,0.09575321588220118,60,22596.0
1575.0,56,8272.0,94.0,3.4234189813309315,56,21514.0,0.13080264465715416,56,21514.0
1580.0,46,7898.0,91.83720930232558,3.4365243911301486,46,21558.0,0.1548346059762439,46,21558.0
1585.0,48,7798.0,92.83333333333333,3.4483861704423098,48,21740.0,0.16781904446249132,48,21740.0
1590.0,55,8053.0,90.48314606741573,3.263874287446254,55,21965.0,0.12131631075311831,55,21965.0
1595.0,62,8347.0,94.85227272727273,2.070930087139231,62,22229.0,0.08191809168761457,62,22229.0
1600.0,69,8678.0,94.32608695652173,1.8198441269812726,69,22530.0,0.08589065933019639,69,22530.0
1605.0,76,9044.0,99.38461538461539,1.2551874867198305,76,22867.0,0.043103999989119166,76,22867.0
1610.0,83,9448.0,98.41666666666667,1.606085333025381,83,23241.0,0.06335828165239088,83,23241.0
1615.0,84,9868.0,104.97872340425532,1.3250445386791687,84,23631.0,0.05758300639779128,84,23631.0
1620.0,79,9939.0,102.4639175257732,1.257387667885314,79,23876.0,0.04843215660994712,79,23876.0
1625.0,75,10164.0,105.875,1.9474461388647317,75,24027.0,0.08034728637155544,75,24027.0
1630.0,77,10545.0,106.51515151515152,2.392438193831995,77,24226.0,0.06953629951521118,77,24226.0
1635.0,75,10879.0,109.88888888888889,2.1128094433740032,75,24559.0,0.06661944147037288,75,24559.0
1640.0,76,11253.0,116.01030927835052,2.403768157177693,76,24879.0,0.08962463803294222,76,24879.0
1645.0,77,11634.0,122.46315789473684,2.33634112664656,77,25225.0,0.06730783781356757,77,25225.0
1650.0,72,11609.0,122.2,2.144335669165349,72,24997.0,0.08066491732651392,72,24997.0
1655.0,65,11308.0,127.0561797752809,1.8561328421270373,65,24366.0,0.069120822224901,65,24366.0
1660.0,60,11010.0,114.6875,2.861915866233525,60,23346.0,0.10371370666784004,60,23346.0
1665.0,53,10828.0,117.69565217391305,2.7437557465829965,53,23574.0,0.12666994938812795,53,23574.0
1670.0,53,10777.0,117.1413043478261,2.9860833601723566,53,23755.0,0.15928478077862118,53,23755.0
1675.0,60,11062.0,118.94623655913979,3.138241082460167,60,23992.0,0.11747372367234346,60,23992.0
1680.0,69,11383.0,116.15306122448979,2.525721515091684,69,24274.0,0.06853443162994415,69,24274.0
1685.0,74,11742.0,123.6,1.5649387025728723,74,24593.0,0.0653369500481467,74,24593.0
1690.0,80,12132.0,123.79591836734694,1.2633421846236101,80,24944.0,0.043892282200856315,80,24944.0
1695.0,88,12562.0,128.18367346938774,1.3399544982486156,88,25334.0,0.058798569081961016,88,25334.0
1700.0,82,10694.0,105.88118811881188,1.463205954785273,82,23748.0,0.07211186136472575,82,23748.0
1705.0,78,7296.0,72.96,1.9080258062706634,78,18226.0,0.080733425416997,78,18226.0
1710.0,70,4264.0,41.0,2.9226481823489863,70,14899.0,0.11474659143795705,70,14899.0
1715.0,62,2320.0,23.2,2.5399711265419436,62,15204.0,0.10813759248766693,62,15204.0
1720.0,64,2515.0,25.15,2.7592383485490153,64,15487.0,0.13662479052836582,64,15487.0
1725.0,70,2853.0,29.112244897959183,2.378365247444045,70,15819.0,0.05786800226702901,70,15819.0
1730.0,78,3231.0,32.63636363636363,2.2823493680783837,78,16197.0,0.09411919252767882,78,16197.0
1735.0,82,3637.0,37.885416666666664,1.440971931518381,82,16603.0,0.045133049789348116,82,16603.0
1740.0,86,4063.0,42.76842105263158,1.2710483089932458,86,17029.0,0.06121227605997172,86,17029.0
1745.0,81,3851.0,40.114583333333336,1.1392654364020114,81,17224.0,0.06331027950522623,81,17224.0
1750.0,76,3608.0,36.816326530612244,1.7270012668527033,76,17196.0,0.06577374693336134,76,17196.0
1755.0,71,3752.0,37.148514851485146,2.745452540617752,71,17086.0,0.10205888900168071,71,17086.0
1760.0,67,4045.0,40.85858585858586,2.4354647129335167,67,17408.0,0.11109875882242663,67,17408.0
1765.0,71,4383.0,44.724489795918366,2.3222703186376163,71,17724.0,0.09083657093945381,71,17724.0
1770.0,78,4763.0,50.136842105263156,2.1941300875956617,78,18097.0,0.05990360749293688,78,18097.0
1775.0,80,5156.0,55.44086021505376,1.7086950545990678,80,18490.0,0.04404142002450832,80,18490.0
1780.0,74,5439.0,58.483870967741936,1.9104627469418027,74,18727.0,0.07408476365377985,74,18727.0
1785.0,66,5638.0,61.28260869565217,1.9064737064819801,66,18835.0,0.0749010614351271,66,18835.0
1790.0,68,5977.0,64.96739130434783,2.7433237430001354,68,18985.0,0.09513768126229996,68,18985.0
1795.0,65,5549.0,60.31521739130435,2.1633174938035915,65,18701.0,0.08564173299318456,65,18701.0
1800.0,63,4750.0,54.59770114942529,1.9711357559287608,63,18004.0,0.06529912794899663,63,18004.0
1805.0,60,3947.0,42.90217391304348,3.2383700248854894,60,16808.0,0.12929225073634967,60,16808.0
1810.0,48,2887.0,33.56976744186046,2.224924171155275,48,17028.0,0.09723981968514746,48,17028.0
1815.0,46,2573.0,29.238636363636363,3.1110951327742993,46,17167.0,0.15717633280255555,46,17167.0
1820.0,52,2818.0,31.31111111111111,3.229991795760556,52,17364.0,0.13239068219283917,52,17364.0
1825.0,59,3097.0,32.6,3.07635150181394,59,17639.0,0.12580978357212808,59,17639.0
1830.0,66,3411.0,36.67741935483871,2.342674377861007,66,17955.0,0.07300642065741811,66,17955.0
1835.0,75,3764.0,40.473118279569896,1.72834260281084,75,18309.0,0.05045333891678819,75,18309.0
1840.0,80,4159.0,46.21111111111111,1.4414250381887828,80,18704.0,0.06315955200270983,80,18704.0
1845.0,75,4352.0,46.795698924731184,1.2545864150746824,75,18594.0,0.05655177351326131,75,18594.0
1850.0,70,4422.0,48.06521739130435,1.856014745155383,70,18094.0,0.08595007799180607,70,18094.0
1855.0,62,4509.0,46.96875,2.7750618438750974,62,17350.0,0.109818498268279,62,17350.0
1860.0,53,4514.0,48.53763440860215,2.702780855459427,53,17403.0,0.10973358188409368,53,17403.0
1865.0,53,4669.0,50.204301075268816,3.2204072552888126,53,17627.0,0.14777968391704666,53,17627.0
1870.0,60,4960.0,53.91304347826087,2.96414312835921,60,17917.0,0.10046889781190041,60,17917.0
1875.0,69,5289.0,52.89,2.8374992863643653,69,18237.0,0.10886186740948106,69,18237.0
1880.0,76,5649.0,57.06060606060606,1.6748567545914375,76,18587.0,0.051539308682398366,76,18587.0
1885.0,86,6061.0,60.00990099009901,1.4957449097764501,86,18990.0,0.068627557752403,86,18990.0
1890.0,90,6502.0,65.02,1.1838264638715001,90,19422.0,0.04492206709830438,90,19422.0
1895.0,92,6961.0,68.92079207920793,1.115067779508803,92,19871.0,0.052878929605226825,92,19871.0
1900.0,92,7421.0,72.75490196078431,1.2492591331305118,92,20321.0,0.053275027996230497,92,20321.0
1905.0,88,7229.0,68.19811320754717,1.3956141206438792,88,20517.0,0.059850932608531277,88,20517.0
1910.0,82,6811.0,64.86666666666666,1.8661375184931888,82,20482.0,0.08454826573253585,82,20482.0
1915.0,76,6886.0,64.9622641509434,2.384476206503631,76,20291.0,0.07211685206304559,76,20291.0
1920.0,71,7187.0,69.77669902912622,2.1570028547866094,71,20626.0,0.09512982935713109,71,20626.0
1925.0,76,7546.0,73.2621359223301,2.2519911313395884,76,20949.0,0.08029681786795667,76,20949.0
1930.0,83,7945.0,77.8921568627451,2.2109015079984626,83,21334.0,0.04303882243160679,83,21334.0
1935.0,86,8373.0,82.9009900990099,2.0670350242922333,86,21752.0,0.05323369047869939,86,21752.0
1940.0,86,8803.0,90.75257731958763,1.2793562460633305,86,22172.0,0.043761299688804066,86,22172.0
1945.0,88,9243.0,94.31632653061224,1.286655812976849,88,22597.0,0.06839339481068424,88,22597.0
1950.0,89,9684.0,95.88118811881188,1.2237930255397236,89,23018.0,0.04858450987713231,89,23018.0
1955.0,92,10138.0,101.38,1.0163773967973606,92,23452.0,0.03984797032427025,92,23452.0
1960.0,92,10598.0,102.89320388349515,1.2816163463007089,92,23892.0,0.05216964562591237,92,23892.0
1965.0,94,11060.0,108.43137254901961,1.0032318018149606,94,24334.0,0.03772895903558656,94,24334.0
1970.0,94,11530.0,108.77358490566037,1.4063158227237094,94,24784.0,0.0549538548596779,94,24784.0
1975.0,89,11676.0,112.26923076923077,1.1850190219409624,89,24969.0,0.045365561446761724,89,24969.0
1980.0,81,11594.0,111.48076923076923,1.5687707509279991,81,24931.0,0.06746556550546909,81,24931.0
1985.0,75,11690.0,110.28301886792453,2.3658170881729563,75,24801.0,0.08175206526533742,75,24801.0
1990.0,73,12022.0,112.35514018691589,2.233949810761048,73,25134.0,0.09419906477995948,73,25134.0
1995.0,77,12395.0,120.33980582524272,2.1321187110111914,77,25475.0,0.09369287467835447,77,25475.0
2000.0,84,12801.0,123.08653846153847,2.0511593454220494,84,25860.0,0.05830512294729713,84,25860.0
2005.0,88,13231.0,129.7156862745098,1.780285399603365,88,26270.0,0.06152845347741658,88,26270.0
2010.0,88,13671.0,135.35643564356437,1.5714257782046381,88,26690.0,0.05491671921188905,88,26690.0
2015.0,84,13969.0,142.5408163265306,1.290618007160292,84,26931.0,0.04917114424664476,84,26931.0
2020.0,75,14166.0,136.21153846153845,2.1215830031010983,75,26943.0,0.09030320846227645,75,26943.0
2025.0,76,14490.0,142.05882352941177,2.5095954947489703,76,27046.0,0.09163821896481686,76,27046.0
2030.0,74,14840.0,141.33333333333334,2.3142939464988754,74,27376.0,0.09755603018940122,74,27376.0
2035.0,79,15225.0,152.25,2.0998337415325663,79,27721.0,0.07673806630516018,79,27721.0
2040.0,83,15635.0,156.35,1.9536241207181468,83,28101.0,0.055380136913376427,83,28101.0
2045.0,84,16055.0,165.51546391752578,1.6916545651801953,84,28491.0,0.05924113913513142,84,28491.0
2050.0,79,15341.0,156.5408163265306,1.4971302773648312,79,28075.0,0.06718932143944564,79,28075.0
2055.0,74,13872.0,144.5,1.824052955398857,74,27081.0,0.08374519115156075,74,27081.0
2060.0,67,12758.0,127.58,2.527397279818318,67,25415.0,0.08749114823974545,67,25415.0
2065.0,58,11219.0,113.32323232323232,2.831611125319703,58,25679.0,0.13017322891835004,58,25679.0
2070.0,56,10771.0,111.04123711340206,3.091397566270852,56,25893.0,0.15104640719169854,56,25893.0
2075.0,64,11074.0,113.0,2.6533977067490646,64,26163.0,0.08439026831995351,64,26163.0
2080.0,71,11414.0,111.90196078431373,2.561779039273705,71,26473.0,0.11312453499319924,71,26473.0
2085.0,79,11790.0,117.9,1.431465382637897,79,26819.0,0.051687462544500504,79,26819.0
2090.0,85,12202.0,116.20952380952382,1.4939174742734735,85,27194.0,0.06888089678659043,85,27194.0
2095.0,94,12653.0,121.66346153846153,1.049757250465915,94,27606.0,0.04233468457917873,94,27606.0
2100.0,96,13129.0,126.24038461538461,1.0134149534001216,96,28042.0,0.05690351210257674,96,28042.0
2105.0,91,13163.0,124.17924528301887,1.1034384337245657,91,28267.0,0.0650861934329755,91,28267.0
2110.0,86,13022.0,120.57407407407408,1.5062417968575608,86,28311.0,0.06411943280014416,86,28311.0
2115.0,81,13213.0,119.03603603603604,2.2967521591814983,81,28250.0,0.08996681983673002,81,28250.0
2120.0,77,13553.0,122.09909909909909,2.192608001445123,77,28581.0,0.09704071268668824,77,28581.0
2125.0,82,13942.0,126.74545454545455,2.1816466233466127,82,28905.0,0.084128454332355,82,28905.0
2130.0,88,14370.0,136.85714285714286,2.067576645609277,88,29287.0,0.05683434547765773,88,29287.0
2135.0,84,12292.0,117.06666666666666,1.6129222231042117,84,27732.0,0.044703740954818466,84,27732.0
2140.0,77,8547.0,84.62376237623762,2.0285927118196456,77,24235.0,0.09009834357377257,77,24235.0
2145.0,72,5611.0,54.47572815533981,2.4562530011525907,72,19007.0,0.0866890375060038,72,19007.0
2150.0,62,3208.0,31.762376237623762,2.44432280129009,62,19316.0,0.11443436936288341,62,19316.0
2155.0,64,3396.0,33.96,2.5917438414944547,64,19598.0,0.12655110441552592,64,19598.0
2160.0,72,3737.0,38.52577319587629,2.138435566438842,72,19933.0,0.057690073737227406,72,19933.0
2165.0,79,4117.0,40.76237623762376,2.236191168850123,79,20313.0,0.07346440780900643,79,20313.0
2170.0,79,4233.0,45.03191489361702,1.2619516533140662,79,20499.0,0.04570799516294705,79,20499.0
2175.0,72,4202.0,43.31958762886598,2.0425503776367817,72,20515.0,0.09560880571619038,72,20515.0
2180.0,68,4390.0,45.729166666666664,2.589780903690888,68,20484.0,0.08395908484724345,68,20484.0
2185.0,65,4696.0,47.91836734693877,2.5877530303230896,65,20803.0,0.11905519776297996,65,20803.0
2190.0,70,5037.0,54.16129032258065,2.202814085167666,70,21131.0,0.07471703129765178,70,21131.0
2195.0,76,5403.0,57.47872340425532,2.214336670202389,76,21497.0,0.04275585734416494,76,21497.0
2200.0,72,4988.0,54.21739130434783,2.269687736442381,72,20950.0,0.07782923844033841,72,20950.0
2205.0,63,4032.0,44.30769230769231,2.1578414152838383,63,19921.0,0.07710411247667315,63,19921.0
2210.0,60,3329.0,36.98888888888889,3.119750708788307,60,18211.0,0.11549238428819997,60,18211.0
2215.0,49,2449.0,27.51685393258427,2.8850281259709156,49,18462.0,0.14267172326895355,49,18462.0
2220.0,52,2079.0,24.458823529411763,2.863383125502172,52,18700.0,0.11536224033615124,52,18700.0
2225.0,58,2356.0,25.89010989010989,3.0311585442746867,58,18977.0,0.13798397838057747,58,18977.0
2230.0,66,2664.0,29.274725274725274,1.8297142497993255,66,19286.0,0.06924703104500277,66,19286.0
2235.0,73,3015.0,30.76530612244898,2.21214221318357,73,19638.0,0.09719244829246358,73,19638.0
2240.0,81,3401.0,35.427083333333336,1.1465517143676893,81,20024.0,0.04132032637415816,81,20024.0
2245.0,88,3831.0,37.55882352941177,1.866242499490451,88,20454.0,0.07832723985366787,88,20454.0
2250.0,82,3889.0,39.683673469387756,1.2771349955934448,82,20668.0,0.05460768889866871,82,20668.0
2255.0,76,3768.0,37.306930693069305,2.0090396007927565,76,20678.0,0.08176960259286975,76,20678.0
2260.0,71,3900.0,38.613861386138616,2.7313586743849907,71,20632.0,0.10239825275285233,71,20632.0
2265.0,67,4210.0,41.68316831683168,2.4862645696175245,67,20901.0,0.10708913891768292,67,20901.0
2270.0,73,4564.0,46.101010101010104,2.3817954652372073,73,21238.0,0.09238121866902314,73,21238.0
2275.0,79,4947.0,51.53125,2.213646872832028,79,21621.0,0.058199483394605546,79,21621.0
2280.0,81,5346.0,57.483870967741936,1.6486587906337562,81,22020.0,0.0436964845991183,81,22020.0
2285.0,81,5751.0,61.83870967741935,1.7127925584806514,81,22425.0,0.083753546131562,81,22425.0
2290.0,82,6158.0,67.67032967032966,1.2280025579476528,82,22832.0,0.044327812184176585,82,22832.0
2295.0,77,6398.0,67.34736842105264,1.655325647449769,77,23075.0,0.07594466511211749,77,23075.0
2300.0,71,6538.0,70.3010752688172,1.7823982128942055,71,23175.0,0.07793398398227307,71,23175.0
2305.0,70,6876.0,70.88659793814433,2.988843167816489,70,23293.0,0.10735793881586873,70,23293.0
2310.0,69,7182.0,74.04123711340206,2.1347864412376727,69,23613.0,0.0775226650392167,69,23613.0
2315.0,75,7543.0,81.10752688172043,1.9724499729028016,75,23940.0,0.04581526191357057,75,23940.0
2320.0,77,7927.0,83.4421052631579,2.4216343529903397,77,24320.0,0.08550196357740598,77,24320.0
2325.0,77,8312.0,92.35555555555555,1.7032305665374565,77,24705.0,0.05685787832681519,77,24705.0
2330.0,74,8591.0,93.3804347826087,1.4375445762608416,74,25007.0,0.06981614028666733,74,25007.0
2335.0,72,8898.0,98.86666666666666,1.9591891113304316,72,25255.0,0.08036656982486474,72,25255.0
2340.0,75,9263.0,98.54255319148936,2.3223069232133855,75,25555.0,0.0489500823044012,75,25555.0
2345.0,71,9570.0,105.16483516483517,2.0744909424745375,71,25888.0,0.07019130275769916,71,25888.0
2350.0,69,9904.0,110.04444444444445,2.4618184983344533,69,26182.0,0.0896862765182167,69,26182.0
2355.0,70,10251.0,115.17977528089888,2.589178278270027,70,26513.0,0.0724818867178007,70,26513.0
2360.0,71,10606.0,119.1685393258427,2.573083558869008,71,26858.0,0.07896781614429134,71,26858.0
2365.0,68,10918.0,128.4470588235294,2.0746177216481856,68,27170.0,0.08207378972579533,68,27170.0
2370.0,68,11258.0,132.4470588235294,2.105424431420226,68,27490.0,0.08871328002365364,68,27490.0
2375.0,72,11610.0,139.87951807228916,1.7078593573122691,72,27831.0,0.0713864180053726,72,27831.0
2380.0,69,11939.0,137.22988505747125,1.8179306962193849,69,28151.0,0.09383673076609345,69,28151.0
2385.0,70,12284.0,142.8372093023256,2.2110945032331215,70,28466.0,0.08734341966335489,70,28466.0
2390.0,72,12637.0,140.4111111111111,2.515946002592799,72,28798.0,0.07756052182577006,72,28798.0
2395.0,66,11919.0,138.59302325581396,2.330162618708932,66,28098.0,0.08369709732098667,66,28098.0
2400.0,56,10471.0,123.18823529411765,2.815620823915556,56,26439.0,0.11437227966674408,56,26439.0
2405.0,53,9192.0,110.74698795180723,3.209315561172746,53,24279.0,0.1271157187445782,53,24279.0
2410.0,44,8211.0,98.92771084337349,2.7323463045054064,44,24482.0,0.1316479612325777,44,24482.0
2415.0,46,7410.0,92.625,3.014909237630569,46,24669.0,0.14398933730593177,46,24669.0
2420.0,51,7656.0,89.02325581395348,3.2591206784372924,51,24897.0,0.12267418313517037,51,24897.0
2425.0,55,7796.0,91.71764705882353,2.3851767167964693,55,25079.0,0.10146630366243654,55,25079.0
2430.0,59,8075.0,91.76136363636364,2.7695524910814795,59,25279.0,0.11813402149469253,59,25279.0
2435.0,69,8397.0,95.42045454545455,2.0300109335570333,69,25581.0,0.05728638969734313,69,25581.0
2440.0,70,8735.0,95.98901098901099,1.9571061263887517,70,25907.0,0.07911020826168887,70,25907.0
2445.0,70,9085.0,104.42528735632185,2.2072879909636547,70,26230.0,0.08274032551436936,70,26230.0
2450.0,70,9435.0,104.83333333333333,2.5668030760970963,70,26552.0,0.10385590735979212,70,26552.0
2455.0,69,9532.0,108.31818181818181,1.7935268185565685,69,25828.0,0.07266481921340805,69,25828.0
2460.0,61,9460.0,110.0,2.1797798013410445,61,24576.0,0.09754663554309818,61,24576.0
2465.0,56,9413.0,105.76404494382022,3.385755937454471,56,22820.0,0.12778110996083988,56,22820.0
2470.0,45,9318.0,107.10344827586206,3.0236570672721266,45,23012.0,0.1329576223036506,45,23012.0
2475.0,48,9367.0,110.2,3.3390739759241255,48,23180.0,0.16682926188744066,48,23180.0
2480.0,54,9622.0,109.3409090909091,3.1529162217759468,54,23401.0,0.12338387146667651,54,23401.0
2485.0,57,9829.0,106.83695652173913,2.4414835370068433,57,22957.0,0.0988425946970222,57,22957.0
2490.0,55,10011.0,111.23333333333333,2.544063752418384,55,22199.0,0.09887020608458222,55,22199.0
2495.0,56,10224.0,111.1304347826087,2.8895985122431695,56,21131.0,0.09109814978667623,56,21131.0
2500.0,50,10406.0,118.25,2.7189086313391932,50,21358.0,0.12589737384567296,50,21358.0
2505.0,51,10628.0,120.77272727272727,2.9843121964990833,51,21556.0,0.13401731487711332,51,21556.0
2510.0,60,10908.0,118.56521739130434,2.88074322761958,60,21801.0,0.10724993215282715,60,21801.0
2515.0,66,11224.0,116.91666666666667,2.5347914542742926,66,22087.0,0.08992320444433778,66,22087.0
2520.0,73,11568.0,124.38709677419355,1.427506365478827,73,22396.0,0.05041527145017311,73,22396.0
2525.0,84,11960.0,122.04081632653062,1.2641288460573166,84,22748.0,0.05831383397501729,84,22748.0
2530.0,89,12389.0,126.41836734693878,1.003363072684288,89,23138.0,0.03847998042890801,89,23138.0
2535.0,90,12839.0,127.11881188118812,1.3100298047899943,90,23548.0,0.07491102087582985,90,23548.0
2540.0,90,13289.0,132.89,1.0884715115987589,90,23958.0,0.0475313209172376,90,23958.0
2545.0,92,13746.0,130.9142857142857,1.4727414628820266,92,24375.0,0.05262247266904554,92,24375.0
2550.0,92,14206.0,137.92233009708738,1.193819888141894,92,24795.0,0.04770052211417187,92,24795.0
2555.0,88,14110.0,134.38095238095238,1.203846784398268,88,25006.0,0.0555297617484027,88,25006.0
2560.0,82,14025.0,134.85576923076923,1.7071011895180999,82,25040.0,0.07867194824155865,82,25040.0
2565.0,80,14365.0,133.00925925925927,2.2993817792206106,80,25028.0,0.08086341051878404,80,25028.0
2570.0,79,14712.0,137.49532710280374,2.227893047840419,79,25364.0,0.08638072234550093,79,25364.0
2575.0,82,15103.0,143.83809523809524,2.1293887450087716,82,25692.0,0.08609037150924959,82,25692.0
2580.0,85,15523.0,152.18627450980392,2.0140877708841924,85,26066.0,0.042225881115157765,85,26066.0
2585.0,86,15953.0,153.39423076923077,2.1552014364218404,86,26456.0,0.06999626526549606,86,26456.0
2590.0,81,15851.0,161.74489795918367,1.4714784854146177,81,26228.0,0.05612858781032455,81,26228.0
2595.0,75,15478.0,151.7450980392157,2.0451988632103824,75,25869.0,0.0955676301056974,75,25869.0
2600.0,71,15105.0,149.55445544554456,2.7318690348621217,71,25421.0,0.0904134568259772,71,25421.0
2605.0,61,14668.0,142.40776699029126,2.65913743772943,61,25674.0,0.1346865383957113,61,25674.0
2610.0,61,14572.0,150.22680412371133,2.584413278365098,61,25906.0,0.12770553720418062,61,25906.0
2615.0,67,14897.0,144.63106796116506,2.5051592376044507,67,26181.0,0.1076936491730839,67,26181.0
2620.0,77,15264.0,144.0,2.0838483348975765,77,26498.0,0.07798122411839285,77,26498.0
2625.0,83,15663.0,149.17142857142858,1.4322444954607692,83,26847.0,0.06581571975785004,83,26847.0
2630.0,93,16103.0,147.73394495412845,1.546648288049247,93,27237.0,0.055657754880824424,93,27237.0
2635.0,96,16576.0,153.4814814814815,1.319326722828954,96,27661.0,0.04286012489564213,96,27661.0
2640.0,93,16861.0,159.06603773584905,1.0504496313010225,93,27770.0,0.039193655446529196,93,27770.0
2645.0,84,17031.0,156.24770642201835,2.0969347582480924,84,27672.0,0.09156007778348127,84,27672.0
2650.0,79,17178.0,157.59633027522935,2.4431292125051023,79,27323.0,0.08006025771799782,79,27323.0
2655.0,68,17263.0,158.37614678899084,2.444481150911614,68,27623.0,0.11094768551970166,68,27623.0
2660.0,70,17507.0,165.16037735849056,2.3765972438566147,70,27904.0,0.10862818924272553,70,27904.0
2665.0,79,17889.0,165.63888888888889,2.3260901851852664,79,28226.0,0.0780181821362785,79,28226.0
2670.0,85,18298.0,163.375,1.8047924005668885,85,28576.0,0.06429756167625778,85,28576.0
2675.0,93,18748.0,170.43636363636364,1.009349205104076,93,28968.0,0.03675075339545545,93,28968.0
2680.0,99,19229.0,168.67543859649123,0.8999513437695407,99,29390.0,0.0443718318989875,99,29390.0
2685.0,106,19747.0,173.21929824561403,0.8758144085458769,106,29848.0,0.03248168222412712,106,29848.0
2690.0,106,20277.0,170.39495798319328,1.3129491041852763,106,30318.0,0.04444460735422446,106,30318.0
2695.0,108,20810.0,179.39655172413794,0.8404151193819729,108,30791.0,0.03136860251471306,108,30791.0
2700.0,108,21350.0,180.9322033898305,1.0620517809123429,108,31271.0,0.033598421631456876,108,31271.0
2705.0,102,21081.0,178.65254237288136,1.0014563797178833,102,31393.0,0.036284416946730826,102,31393.0
2710.0,96,20349.0,166.79508196721312,1.664681745687481,96,31200.0,0.05130753327478551,96,31200.0
2715.0,90,20166.0,168.05,2.1682932570667295,90,30838.0,0.07600166415141668,90,30838.0
2720.0,81,20222.0,167.12396694214877,2.000599035114351,81,31245.0,0.08634943121038217,81,31245.0
2725.0,84,20603.0,176.0940170940171,2.1386873630103587,84,31636.0,0.10036210265601521,84,31636.0
2730.0,89,21038.0,178.28813559322035,2.048757249199955,89,32042.0,0.07414600901110281,89,32042.0
2735.0,96,21506.0,190.31858407079645,1.2927453377424258,96,32454.0,0.036464940173384926,96,32454.0
2740.0,102,22008.0,189.72413793103448,1.4182243119824516,102,32887.0,0.04024630408410939,102,32887.0
2745.0,104,22522.0,199.30973451327435,1.026141855524722,104,33331.0,0.034196842763939646,104,33331.0
2750.0,98,22868.0,200.59649122807016,0.9874591208052972,98,33479.0,0.06692850220781443,98,33479.0
2755.0,93,23093.0,202.5701754385965,1.2633129014123787,93,33371.0,0.054047651876217934,93,33371.0
2760.0,87,23356.0,197.9322033898305,1.890141265481512,87,33229.0,0.07568270850565932,87,33229.0
2765.0,79,23623.0,201.9059829059829,1.9341745506645724,79,33458.0,0.08760978682498297,79,33458.0
2770.0,83,24021.0,201.85714285714286,2.3491711500715255,83,33760.0,0.09112034250466385,83,33760.0
2775.0,90,24453.0,210.80172413793105,2.309735694886041,90,34121.0,0.06121447989082073,90,34121.0
2780.0,95,24919.0,218.58771929824562,1.8827882418840236,95,34517.0,0.043186750434892465,95,34517.0
2785.0,98,25407.0,230.97272727272727,1.4908059038607493,98,34935.0,0.05411873141561404,98,34935.0
2790.0,92,25754.0,234.12727272727273,1.0610263506930333,92,35139.0,0.05441814312414185,92,35139.0
2795.0,89,26031.0,241.02777777777777,1.339201935726834,89,35177.0,0.054030628751724326,89,35177.0
2800.0,80,26308.0,230.7719298245614,2.371642083718698,80,35227.0,0.10962614070925966,80,35227.0
2805.0,79,26662.0,238.05357142857142,2.123937434512342,79,35490.0,0.08777019371240355,79,35490.0
2810.0,82,27059.0,243.77477477477478,2.0287996619146873,82,35789.0,0.07091020537995257,82,35789.0
2815.0,89,27493.0,254.5648148148148,2.1279642441014888,89,36140.0,0.05232385293615082,89,36140.0
2820.0,86,23924.0,225.69811320754718,1.7900101592940174,86,34525.0,0.05429171952597427,86,34525.0
2825.0,78,17683.0,166.82075471698113,2.3189525677706357,78,29951.0,0.08266351199779091,78,29951.0
2830.0,73,12753.0,122.625,2.5638399289599962,73,25389.0,0.09103926356395911,73,25389.0
2835.0,64,8223.0,79.83495145631068,2.4812017590045876,64,25691.0,0.12164803274369995,64,25691.0
2840.0,64,7038.0,69.68316831683168,2.5623710484289375,64,25958.0,0.11519499563889399,64,25958.0
2845.0,72,7379.0,69.61320754716981,2.6889827179419035,72,26279.0,0.0953946095886312,72,26279.0
2850.0,79,7758.0,74.59615384615384,1.8739412372329944,79,26638.0,0.06783557297616509,79,26638.0
2855.0,86,8170.0,80.09803921568627,1.295940889810436,86,27032.0,0.03764209762179321,86,27032.0
2860.0,92,8619.0,84.5,1.2745061294159943,92,27463.0,0.05637157186030081,92,27463.0
2865.0,88,8729.0,85.57843137254902,0.814508934253628,88,27695.0,0.0456719121984638,88,27695.0
2870.0,81,8615.0,82.83653846153847,1.8455970449542605,81,27674.0,0.08094796607038764,81,27674.0
2875.0,74,8797.0,82.21495327102804,2.3297737009486643,74,27697.0,0.08702268793885277,74,27697.0
2880.0,72,9123.0,87.72115384615384,2.1637750579808914,72,27970.0,0.079547643310696,72,27970.0
2885.0,77,9492.0,88.71028037383178,2.264091356934027,77,28291.0,0.08124814403452375,77,28291.0
2890.0,85,9903.0,97.08823529411765,1.833145563901615,85,28668.0,0.04044963196408419,85,28668.0
2895.0,87,10335.0,99.375,2.112385527487579,87,29070.0,0.07877413753418645,87,29070.0
2900.0,87,10770.0,111.03092783505154,1.1374638813173574,87,29475.0,0.04566808070128921,87,29475.0
2905.0,84,11071.0,107.48543689320388,1.6306044200478675,84,29728.0,0.07159369983665266,84,29728.0
2910.0,76,11289.0,114.03030303030303,1.8416063146545918,76,29848.0,0.08160898013904631,76,29848.0
2915.0,77,11657.0,114.2843137254902,2.2958671100355295,77,29990.0,0.07049457272715698,77,29990.0
2920.0,75,11995.0,118.76237623762377,2.05574678434519,75,30320.0,0.07498823197692928,75,30320.0
2925.0,79,12375.0,123.75,2.215751532797551,79,30648.0,0.07595044015137752,79,30648.0
2930.0,81,12773.0,130.33673469387756,2.313725862226728,81,31016.0,0.06700588504942973,81,31016.0
2935.0,81,13178.0,134.46938775510205,2.279414620906031,81,31391.0,0.07195791960884022,81,31391.0
2940.0,77,13473.0,146.44565217391303,1.3739324517117104,77,31686.0,0.0494246064002053,77,31686.0
2945.0,74,13797.0,145.23157894736843,1.9061698434098664,74,31926.0,0.08476686375857982,74,31926.0
2950.0,77,14177.0,150.81914893617022,2.163666840855711,77,32233.0,0.0654535874252923,77,32233.0
2955.0,73,14509.0,148.05102040816325,2.1155411044077725,73,32544.0,0.0836459108826965,73,32544.0
2960.0,76,14884.0,158.3404255319149,2.222479068541354,76,32857.0,0.08065730581292316,76,32857.0
2965.0,76,15264.0,157.36082474226805,2.5349220361286533,76,33197.0,0.08839550949475901,76,33197.0
2970.0,78,15652.0,168.30107526881721,2.1375904694420877,78,33545.0,0.06926349688715089,78,33545.0
2975.0,78,16042.0,174.3695652173913,1.7598338483766625,78,33895.0,0.07002231094234532,78,33895.0
2980.0,74,16353.0,181.7,1.4018372880065948,74,34192.0,0.07146635775104687,74,34192.0
2985.0,76,16733.0,178.01063829787233,2.1023722859646297,76,34506.0,0.08154741228332645,76,34506.0
2990.0,80,17124.0,182.17021276595744,1.9368683975841778,80,34857.0,0.06546475353914807,80,34857.0
2995.0,74,17463.0,187.7741935483871,1.4865387831896588,74,35181.0,0.05695357685684148,74,35181.0
3000.0,74,17833.0,195.96703296703296,1.8724500636741543,74,35486.0,0.07317743115523896,74,35486.0
3005.0,76,18207.0,193.69148936170214,2.487669212928324,76,35820.0,0.08973822743262092,76,35820.0
3010.0,74,18573.0,206.36666666666667,1.8107606997468748,74,36146.0,0.06988286118676373,74,36146.0
3015.0,77,18955.0,210.61111111111111,1.568703604271384,77,36488.0,0.06468273621410207,77,36488.0
3020.0,80,19350.0,212.63736263736263,1.3993085459318637,80,36843.0,0.06458534068745264,80,36843.0
3025.0,75,19688.0,216.35164835164835,0.8796676164947297,75,37164.0,0.0579948474862547,75,37164.0
3030.0,78,20069.0,211.25263157894736,1.8414362204237908,78,37469.0,0.08860287194313655,78,37469.0
3035.0,78,20459.0,215.3578947368421,2.1492045110739624,78,37803.0,0.05639852505442891,78,37803.0
3040.0,75,18547.0,193.19791666666666,1.8885912860819036,75,37140.0,0.0705762500066694,75,37140.0
3045.0,68,15479.0,166.44086021505376,2.361336427023797,68,34995.0,0.08404786960285665,68,34995.0
3050.0,63,12395.0,130.47368421052633,2.996264188604436,63,33311.0,0.12069127786933005,63,33311.0
3055.0,52,9619.0,105.7032967032967,3.100130925924387,52,32552.0,0.13912239123157602,52,32552.0
3060.0,51,7611.0,85.51685393258427,2.9590893103994738,51,32719.0,0.1381035091204644,51,32719.0
3065.0,59,7889.0,85.75,2.9207463583083113,59,32943.0,0.11632520983865884,59,32943.0
3070.0,61,8010.0,83.4375,2.175684174305811,61,33114.0,0.09130918566776278,61,33114.0
3075.0,69,8315.0,87.52631578947368,2.125755811668769,69,33294.0,0.09624590487797574,69,33294.0
3080.0,78,8683.0,86.83,2.0355039260964882,78,33591.0,0.06507759139993395,78,33591.0
3085.0,78,9018.0,90.18,1.8895828786660267,78,33915.0,0.06295217174047246,78,33915.0
3090.0,78,9396.0,95.87755102040816,2.2071235707560857,78,34216.0,0.09118112992871055,78,34216.0
3095.0,78,9786.0,101.9375,2.3447293777634566,78,34541.0,0.05428687674471008,78,34541.0
3100.0,74,9923.0,102.29896907216495,1.877263926587123,74,33888.0,0.07107885763579623,74,33888.0
3105.0,68,9893.0,107.53260869565217,2.1579153461567104,68,32407.0,0.09591938885269412,68,32407.0
3110.0,63,9918.0,103.3125,3.0236101149082963,63,30457.0,0.12828340945163907,63,30457.0
3115.0,52,9793.0,106.44565217391305,2.9175989219034397,52,30216.0,0.13233468080204094,52,30216.0
3120.0,51,9903.0,108.82417582417582,2.9530892687411217,51,30375.0,0.13503162820686535,51,30375.0
3125.0,59,10184.0,109.50537634408602,2.9631846249964284,59,30593.0,0.10883663244905184,59,30593.0
3130.0,61,10412.0,106.24489795918367,2.4206119386041904,61,29955.0,0.09786764596585862,61,29955.0
3135.0,61,10633.0,110.76041666666667,2.1986971314634984,61,28500.0,0.08980669722011787,61,28500.0
3140.0,62,10868.0,109.77777777777777,3.0384701626912123,62,26634.0,0.13093191542615545,62,26634.0
3145.0,55,11073.0,115.34375,2.803862212167518,55,26429.0,0.13743975288939886,55,26429.0
3150.0,58,11326.0,120.48936170212765,2.8944667354767306,58,26665.0,0.15496895130287797,58,26665.0
3155.0,65,11634.0,119.9381443298969,2.6805823204612915,65,26972.0,0.09308320501591993,65,26972.0
3160.0,72,11980.0,116.31067961165049,2.3969428330731852,72,27317.0,0.09479273782621013,72,27317.0
3165.0,79,12362.0,124.86868686868686,1.2854935990483793,79,27669.0,0.04750361666545839,79,27669.0
3170.0,87,12782.0,125.31372549019608,1.2743491492877197,87,28032.0,0.0669945577239023,87,28032.0
3175.0,92,13237.0,129.77450980392157,1.067570416622295,92,28417.0,0.041958425936282594,92,28417.0
3180.0,88,13203.0,126.95192307692308,1.3996157086897463,88,28616.0,0.05737792596980874,88,28616.0
3185.0,80,13232.0,124.83018867924528,1.9874993857383132,80,28656.0,0.08340239731561853,80,28656.0
3190.0,80,13617.0,128.46226415094338,2.505321554238844,80,28694.0,0.0805357257927062,80,28694.0
3195.0,80,13985.0,131.93396226415095,2.0437548076194716,80,29012.0,0.07406060913627208,80,29012.0
3200.0,84,14388.0,139.6893203883495,1.9997033747375328,84,29330.0,0.07053379277166805,84,29330.0
3205.0,86,14811.0,142.41346153846155,2.3661034295128505,86,29678.0,0.06135292565392213,86,29678.0
3210.0,80,15151.0,151.51,1.9039676595717416,80,29940.0,0.05469139489820828,80,29940.0
3215.0,79,15501.0,159.8041237113402,1.666707454240318,79,30159.0,0.0626518599231929,79,30159.0
3220.0,80,15898.0,162.22448979591837,2.3551525977204375,80,30448.0,0.06270805110037098,80,30448.0
3225.0,82,16302.0,166.3469387755102,1.8499449808655397,82,30782.0,0.06275974792923569,82,30782.0
3230.0,78,16644.0,177.06382978723406,1.080288991143013,78,31091.0,0.0552775730589784,78,31091.0
3235.0,78,17022.0,177.3125,1.8453434188986477,78,31372.0,0.08676700348403013,78,31372.0
3240.0,78,17412.0,181.375,2.2336541542208,78,31678.0,0.05373538085149646,78,31678.0
3245.0,75,17215.0,175.66326530612244,2.155537020468568,75,31321.0,0.08263404650495822,75,31321.0
3250.0,68,16621.0,178.72043010752688,2.358658935507565,68,30893.0,0.08936631876102624,68,30893.0
3255.0,61,16109.0,167.80208333333334,3.062051073649155,61,30441.0,0.11659677184178771,61,30441.0
3260.0,51,15524.0,168.7391304347826,3.057484976569951,51,30488.0,0.1342541929910471,51,30488.0
3265.0,51,15401.0,169.24175824175825,3.045719988636849,51,30619.0,0.15633861613213346,51,30619.0
3270.0,60,15684.0,168.6451612903226,2.9779647191320135,60,30813.0,0.11570359970117297,60,30813.0
3275.0,61,15917.0,164.09278350515464,2.1805368109776744,61,30775.0,0.0788847955307215,61,30775.0
3280.0,62,16139.0,166.38144329896906,2.441341191358007,62,30568.0,0.1004917359525142,62,30568.0
3285.0,64,16391.0,163.91,2.6284829930041105,64,30160.0,0.08960955572339487,64,30160.0
3290.0,58,16591.0,171.04123711340208,2.7037513592493974,58,30363.0,0.1259328989500802,58,30363.0
3295.0,56,16834.0,175.35416666666666,2.9492370034685247,56,30524.0,0.14684617271867875,56,30524.0
3300.0,64,17138.0,174.87755102040816,2.720487637742557,64,30737.0,0.086310757160087,64,30737.0
3305.0,64,17103.0,166.04854368932038,2.2153823474179974,64,30843.0,0.09368778581711035,64,30843.0
3310.0,68,17229.0,172.29,1.9273166368210126,68,30869.0,0.07703585007002299,68,30869.0
3315.0,77,17589.0,165.93396226415095,2.423794220903118,77,30961.0,0.09080258230438823,77,30961.0
3320.0,80,17935.0,174.126213592233,2.0074416189312148,80,31249.0,0.06669388585886755,80,31249.0
3325.0,80,18324.0,176.19230769230768,2.216225015174586,80,31526.0,0.0841759176698481,80,31526.0
3330.0,82,18733.0,187.33,2.370689609498095,82,31836.0,0.07226825559991555,82,31836.0
3335.0,82,19143.0,191.43,2.0095218465889952,82,32156.0,0.05802020071885233,82,32156.0
3340.0,80,19453.0,200.5463917525773,1.5691258087648359,80,32419.0,0.06500010527843614,80,32419.0
3345.0,78,19834.0,202.3877551020408,2.2074113776192696,78,32658.0,0.09777058804430735,78,32658.0
3350.0,81,20232.0,206.44897959183675,2.0210572917826393,81,32957.0,0.06525427488503065,81,32957.0
3355.0,76,20263.0,208.89690721649484,1.6619725796539473,76,32935.0,0.059770109679282486,76,32935.0
3360.0,71,20097.0,213.79787234042553,1.930587380045456,71,32571.0,0.0795484608429883,71,32571.0
3365.0,65,19924.0,207.54166666666666,2.8808592839953664,65,31876.0,0.102896910337551,65,31876.0
3370.0,53,19587.0,208.37234042553192,2.885812563069067,53,32027.0,0.1302581539580168,53,32027.0
3375.0,49,19476.0,211.69565217391303,2.8204606120302977,49,32100.0,0.1405258207918342,49,32100.0
3380.0,55,19736.0,205.58333333333334,3.338696516956982,55,32199.0,0.14477626826667828,55,32199.0
3385.0,63,20031.0,208.65625,2.7787949935963154,63,32383.0,0.09927597086979094,63,32383.0
3390.0,71,20369.0,205.74747474747474,2.545431865421217,71,32621.0,0.07468584162224176,71,32621.0
3395.0,76,20743.0,220.67021276595744,1.460973558838792,76,32895.0,0.04889938248506717,76,32895.0
3400.0,84,21157.0,218.11340206185568,1.7434286292707384,84,33210.0,0.061188319682425815,84,33210.0
3405.0,84,21577.0,229.54255319148936,1.3586857974366957,84,33530.0,0.05592468005158254,84,33530.0
3410.0,80,21781.0,226.88541666666666,1.2721463425742197,80,33754.0,0.06376052001902961,80,33754.0
3415.0,78,22137.0,230.59375,1.9508637205852501,78,33926.0,0.07836119752846755,78,33926.0
3420.0,79,22528.0,229.87755102040816,2.0627157967771463,79,34181.0,0.05332157109959795,79,34181.0
3425.0,76,22887.0,235.94845360824743,2.0006522262771558,76,34453.0,0.05936674368789601,76,34453.0
3430.0,76,23267.0,242.36458333333334,2.3738112009266668,76,34720.0,0.07784445783246606,76,34720.0
3435.0,77,23648.0,251.5744680851064,2.3353635641279276,77,35001.0,0.06876650037909772,77,35001.0
3440.0,72,23627.0,254.05376344086022,1.9306381206803538,72,34924.0,0.07421539326097686,72,34924.0
3445.0,66,23331.0,259.23333333333335,2.2416039677475244,66,34524.0,0.09574754657875659,66,34524.0
3450.0,60,23085.0,248.2258064516129,3.1289158562460493,60,34234.0,0.1300002618203806,60,34234.0
3455.0,49,22825.0,262.35632183908046,2.7734288768670186,49,34137.0,0.12804824467750417,49,34137.0
3460.0,50,22758.0,250.0879120879121,3.2985400034051127,50,34241.0,0.15081607946073725,50,34241.0
3465.0,57,23028.0,255.86666666666667,2.9822368638684056,57,34396.0,0.12035547095882686,57,34396.0
3470.0,65,23336.0,243.08333333333334,2.5196108321714505,65,34594.0,0.10715766384839827,65,34594.0
3475.0,71,23677.0,251.88297872340425,1.7273176112439674,71,34825.0,0.07349476941661358,71,34825.0
3480.0,72,23848.0,245.8556701030928,1.492898273661985,72,34994.0,0.07378888711797646,72,34994.0
3485.0,78,24202.0,252.10416666666666,1.71710273742566,78,35157.0,0.08605385315993115,78,35157.0
3490.0,80,24601.0,246.01,2.057892439681995,80,35419.0,0.07509395220968225,80,35419.0
3495.0,84,25014.0,255.24489795918367,1.685273474702308,84,35722.0,0.06160616151134018,84,35722.0
3500.0,81,25351.0,258.68367346938777,1.412395120344857,81,35994.0,0.06672657345229162,81,35994.0
3505.0,76,25712.0,265.07216494845363,1.9683235213521453,76,36223.0,0.09137463751735317,76,36223.0
3510.0,78,26101.0,261.01,2.5749989392897947,78,36479.0,0.09219592107420892,78,36479.0
3515.0,78,26491.0,273.10309278350513,2.2598904302213665,78,36759.0,0.05208323186118944,78,36759.0
3520.0,74,26505.0,276.09375,2.0386324869475874,74,36665.0,0.09248340747683499,74,36665.0
3525.0,68,26267.0,288.64835164835165,2.006573961439261,68,36188.0,0.09029368637770722,68,36188.0
3530.0,61,26134.0,278.02127659574467,3.09800899203255,61,35334.0,0.12054099108728732,61,35334.0
3535.0,53,25882.0,284.4175824175824,2.863825945381462,53,35481.0,0.13573002361108477,53,35481.0
3540.0,52,25864.0,290.60674157303373,2.9070301721563028,52,35591.0,0.12783491803845176,52,35591.0
3545.0,62,26158.0,281.26881720430106,3.1106037837466216,62,35761.0,0.11554450005506967,62,35761.0
3550.0,67,26482.0,275.8541666666667,2.381860576500325,67,35965.0,0.09545724791950391,67,35965.0
3555.0,71,26619.0,277.28125,1.596430501277859,71,36102.0,0.07350240793236261,71,36102.0
3560.0,74,26939.0,277.7216494845361,2.0805234990273385,74,36207.0,0.09259655116102865,74,36207.0
3565.0,80,27330.0,273.3,2.2677755441356067,80,36454.0,0.07202790696071895,80,36454.0
3570.0,76,27686.0,288.3958333333333,1.7401532329123721,76,36707.0,0.048661376558653685,76,36707.0
3575.0,76,28066.0,295.4315789473684,2.128748701821916,76,36950.0,0.07740134856136062,76,36950.0
3580.0,77,28447.0,302.6276595744681,2.1657190200350387,77,37211.0,0.0690577303480424,77,37211.0
3585.0,74,28539.0,310.20652173913044,1.6856170507666512,74,37081.0,0.07559455152202299,74,37081.0
3590.0,67,28428.0,315.8666666666667,1.8787518749695677,67,36639.0,0.0814642410370989,67,36639.0
3595.0,63,28402.0,305.39784946236557,2.758856677860474,63,36027.0,0.11195799408181008,63,36027.0
3600.0,52,28293.0,314.3666666666667,2.6526941814268277,52,35997.0,0.11497477253850982,52,35997.0
3605.0,52,28286.0,310.83516483516485,2.999634537850772,52,36084.0,0.15378086134088192,52,36084.0
3610.0,58,28564.0,310.4782608695652,2.803678258625226,58,36220.0,0.10232196926700363,58,36220.0
3615.0,60,28728.0,296.16494845360825,2.7314922637270724,60,36326.0,0.12567102184194118,60,36326.0
3620.0,66,29035.0,305.63157894736844,2.2528303632725395,66,36435.0,0.0829178870936757,66,36435.0
3625.0,73,29391.0,293.91,1.982437513628015,73,36658.0,0.062217485295481385,73,36658.0
3630.0,78,29742.0,309.8125,1.7384686875256037,78,36901.0,0.0689127941738208,78,36901.0
3635.0,76,30116.0,317.0105263157895,1.824644865432015,76,37129.0,0.0772903355680305,76,37129.0
3640.0,78,30502.0,317.7291666666667,2.2976107832287878,78,37379.0,0.0649739926010286,78,37379.0
3645.0,72,30623.0,315.70103092783506,2.1343705208927326,72,37277.0,0.07579446659433153,72,37277.0
3650.0,67,30565.0,325.1595744680851,2.3586239293040494,67,36920.0,0.09419016945402008,67,36920.0
3655.0,60,30584.0,325.36170212765956,3.15368124887762,60,36277.0,0.12218557615983636,60,36277.0
3660.0,50,30461.0,338.4555555555556,2.7500665535547797,50,36401.0,0.11511028619027053,50,36401.0
3665.0,51,30568.0,335.9120879120879,3.067356651416322,51,36494.0,0.15140285538291215,51,36494.0
3670.0,56,30838.0,335.19565217391306,3.018251279512391,56,36628.0,0.1112495764314139,56,36628.0
3675.0,59,31062.0,316.9591836734694,2.487449255300034,59,36500.0,0.10902255642459324,59,36500.0
3680.0,60,31269.0,336.2258064516129,2.1230442417690436,60,36300.0,0.09427251120286156,60,36300.0
3685.0,60,31510.0,315.1,2.9680093623454593,60,35944.0,0.11758919800325479,60,35944.0
3690.0,62,31771.0,334.4315789473684,3.2764237124565723,62,35861.0,0.13986130958022994,62,35861.0
3695.0,51,31942.0,339.8085106382979,3.0157339063357274,51,35890.0,0.1407373775524237,51,35890.0
3700.0,56,32194.0,338.88421052631577,3.2696509817352273,56,35985.0,0.16724689669464668,56,35985.0
3705.0,62,32491.0,324.91,2.97984806418658,62,36134.0,0.11875566513576201,62,36134.0
3710.0,69,32826.0,321.8235294117647,2.654404475995722,69,36339.0,0.09168103972144045,69,36339.0
3715.0,76,33195.0,322.28155339805824,1.9494587896546565,76,36578.0,0.0753653667924584,76,36578.0
3720.0,84,33599.0,339.3838383838384,1.020354140012515,84,36853.0,0.03927968258984847,84,36853.0
3725.0,92,34040.0,327.3076923076923,1.4977241856270653,92,37164.0,0.07624832309064403,92,37164.0
3730.0,90,34306.0,336.3333333333333,0.9022928585490247,90,37342.0,0.03994940116460364,90,37342.0
3735.0,81,34473.0,325.2169811320755,1.9516263092858932,81,37350.0,0.08348055594376398,81,37350.0
3740.0,76,34623.0,326.6320754716981,2.3408961744632744,76,37325.0,0.0717810258929909,76,37325.0
3745.0,65,34730.0,337.18446601941747,2.313112286491578,65,37522.0,0.10242906837682016,65,37522.0
3750.0,64,34912.0,338.9514563106796,2.698001451160895,64,37690.0,0.12069750989971156,64,37690.0
3755.0,74,35262.0,345.70588235294116,2.167617325929166,74,37911.0,0.08109406295554648,74,37911.0
3760.0,80,35651.0,330.10185185185185,1.9007615849388273,80,38170.0,0.0768565788258703,80,38170.0
3765.0,89,36075.0,337.14953271028037,1.169275774908699,89,38464.0,0.04083179387868701,89,38464.0
3770.0,96,36540.0,338.3333333333333,1.1237973805125654,96,38800.0,0.06062579785937722,96,38800.0
3775.0,98,37028.0,342.85185185185185,0.914386849472279,98,39158.0,0.03509588930826603,98,39158.0
3780.0,100,37526.0,335.05357142857144,1.360811372111092,100,39526.0,0.03540795570706981,100,39526.0
3785.0,94,37791.0,337.41964285714283,1.1376187442474786,94,39740.0,0.04271608634317763,94,39740.0
3790.0,91,37942.0,332.82456140350877,1.6045640239007815,91,39796.0,0.055289354234404835,91,39796.0
3795.0,84,38080.0,334.03508771929825,2.482799628278779,84,39728.0,0.08812696937659087,84,39728.0
3800.0,75,38189.0,340.9732142857143,1.9619382495800182,75,39973.0,0.09127449254850124,75,39973.0
3805.0,75,38403.0,349.1181818181818,2.2668434231431918,75,40198.0,0.10116948578506432,75,40198.0
3810.0,83,38798.0,340.3333333333333,2.1218483561730404,83,40463.0,0.07964316061937518,83,40463.0
3815.0,89,39232.0,356.6545454545454,1.4296567743917061,89,40767.0,0.04252504088587805,89,40767.0
3820.0,96,39698.0,342.2241379310345,1.5042391459596591,96,41103.0,0.05172894858812526,96,41103.0
3825.0,103,40199.0,358.91964285714283,0.9124933134812903,103,41480.0,0.03432013474060872,103,41480.0
3830.0,104,40718.0,354.0695652173913,1.0028371372080542,104,41912.0,0.05929778930470418,104,41912.0
3835.0,106,41246.0,361.8070175438597,0.8639438030648261,106,42396.0,0.032554837484736504,106,42396.0
3840.0,106,41776.0,357.05982905982904,1.1058355244138338,106,42900.0,0.046810462482559566,106,42900.0
3845.0,108,42311.0,361.63247863247864,0.9700593624921844,108,43379.0,0.03450882280825162,108,43379.0
3850.0,102,41644.0,347.03333333333336,1.1063808990296866,102,43398.0,0.04753190054123942,102,43398.0
3855.0,96,40569.0,335.2809917355372,1.5610788234516648,96,42996.0,0.06756260759610298,96,42996.0
3860.0,92,40149.0,323.78225806451616,2.0350713138594405,92,42311.0,0.0654267385817018,92,42311.0
3865.0,82,39937.0,332.80833333333334,1.9317515522186548,82,42564.0,0.08163435945562235,82,42564.0
3870.0,81,40167.0,337.5378151260504,2.3954927577307417,81,42770.0,0.10655553164823174,81,42770.0
3875.0,88,40589.0,341.0840336134454,2.0936570386197833,88,43033.0,0.06613316923231422,88,43033.0
3880.0,95,41049.0,333.7317073170732,1.949852832501216,95,43333.0,0.06579566023466762,95,43333.0
3885.0,100,41541.0,358.11206896551727,1.1291026514194462,100,43666.0,0.03582482477700948,100,43666.0
3890.0,106,42063.0,356.46610169491527,1.230072427841677,106,44018.0,0.05174844303294495,106,44018.0
3895.0,109,42598.0,361.0,0.9068578457027657,109,44384.0,0.03364535199586028,109,44384.0
3900.0,104,42553.0,357.5882352941176,1.0205479815697935,104,44438.0,0.046319878470259514,104,44438.0
3905.0,99,42206.0,348.8099173553719,1.3909026466750862,99,44146.0,0.05209054235428629,99,44146.0
3910.0,92,41852.0,343.04918032786884,2.1392878086990423,92,43552.0,0.0665376793339575,92,43552.0
3915.0,84,41471.0,342.73553719008265,1.8903967483170219,84,43796.0,0.07990514437569418,84,43796.0
3920.0,83,41660.0,350.0840336134454,2.172056294814308,83,44017.0,0.09301131847823518,83,44017.0
3925.0,91,42098.0,347.91735537190084,2.311068991878627,91,44283.0,0.07502503816256709,91,44283.0
3930.0,96,42562.0,354.68333333333334,1.6410794619601843,96,44578.0,0.035567206723179506,96,44578.0
3935.0,101,43057.0,371.1810344827586,0.93388330086681,101,44906.0,0.03196243011754441,101,44906.0
3940.0,108,43587.0,379.0173913043478,0.8104166540000991,108,45267.0,0.032832374277566266,108,45267.0
3945.0,102,43950.0,378.87931034482756,0.7759724090258012,102,45271.0,0.039454389947388833,102,45271.0
3950.0,95,44195.0,380.9913793103448,1.3205407859047995,95,44983.0,0.0456581425777742,95,44983.0
3955.0,90,44479.0,373.7731092436975,2.1505081125435552,90,44544.0,0.07299819810325003,90,44544.0
3960.0,79,44703.0,392.13157894736844,1.8858039654205685,79,44623.0,0.07689577693494858,79,44623.0
3965.0,83,45075.0,385.2564102564103,2.1280538568469587,83,44818.0,0.09914898203165173,83,44818.0
3970.0,89,45508.0,395.7217391304348,2.0056328813430104,89,45064.0,0.0558018705822988,89,45064.0
3975.0,95,45974.0,399.7739130434783,1.6931015153537194,95,45350.0,0.03223061602020463,95,45350.0
3980.0,99,46462.0,422.3818181818182,1.1442811171321274,99,45658.0,0.032571462030043984,99,45658.0
3985.0,100,46962.0,430.8440366972477,1.0189189119404805,100,45978.0,0.047771661271146446,100,45978.0
3990.0,95,46720.0,432.5925925925926,1.0443714107844315,95,45748.0,0.04219369459092405,95,45748.0
3995.0,86,45974.0,414.1801801801802,1.7355027425258371,86,44768.0,0.05684163617287125,86,44768.0
4000.0,80,45329.0,401.14159292035396,2.5724055166919912,80,43888.0,0.10062074977870213,80,43888.0
4005.0,72,44629.0,394.94690265486724,2.279138012343291,72,43858.0,0.09216825163367659,72,43858.0
4010.0,73,44595.0,412.9166666666667,2.495490623702874,73,44011.0,0.10392636276632398,73,44011.0
4015.0,79,44980.0,401.60714285714283,2.5952136801059456,79,44212.0,0.09150393499367969,79,44212.0
4020.0,87,45400.0,409.009009009009,1.7631638704379278,87,44452.0,0.059753604693984844,87,44452.0
4025.0,92,45852.0,409.39285714285717,1.1921296349155734,92,44724.0,0.03634031422533534,92,44724.0
4030.0,100,46337.0,413.7232142857143,0.9187841021620206,100,45022.0,0.03363550482912218,100,45022.0
4035.0,103,46848.0,393.6806722689076,1.4297156910111448,103,45344.0,0.06826204069951483,103,45344.0
4040.0,107,47374.0,408.3965517241379,0.8552454840842152,107,45680.0,0.03255011782441982,107,45680.0
4045.0,102,40660.0,341.6806722689076,1.223379213865977,102,44023.0,0.06013749351237349,102,44023.0
4050.0,95,29101.0,248.72649572649573,1.3067907466597632,95,40355.0,0.04857236245121022,95,40355.0
4055.0,88,19938.0,166.15,1.9730887735888356,88,36691.0,0.08021249367043393,88,36691.0
4060.0,80,10707.0,90.73728813559322,2.1243709638887274,80,34980.0,0.08795403001321642,80,34980.0
4065.0,77,4451.0,38.37068965517241,2.336160676494536,77,35202.0,0.10525353127485161,77,35202.0
4070.0,82,4852.0,41.11864406779661,2.45475263244245,82,35469.0,0.09105542810719969,82,35469.0
4075.0,93,5294.0,43.752066115702476,1.755999554966649,93,35781.0,0.06570550918138011,93,35781.0
4080.0,100,5782.0,48.18333333333333,1.1171226900414293,100,36141.0,0.03877378097932018,100,36141.0
4085.0,107,6301.0,51.64754098360656,1.0849236706721481,107,36532.0,0.049169651266536524,107,36532.0
4090.0,112,6853.0,57.108333333333334,0.8428238471749345,112,36955.0,0.03167036704035958,112,36955.0
4095.0,112,7413.0,60.76229508196721,1.0820807447823728,112,37385.0,0.040210780763882736,112,37385.0
4100.0,107,7410.0,60.24390243902439,1.1433032399420997,107,37222.0,0.039017739143268594,107,37222.0
4105.0,98,7026.0,58.06611570247934,1.3737822157103063,98,36503.0,0.04222995518847965,98,36503.0
4110.0,94,6796.0,54.806451612903224,2.097380118924296,94,35366.0,0.06866861702169139,94,35366.0
4115.0,82,6416.0,53.46666666666667,1.9770667197636616,82,35422.0,0.07701059135780153,82,35422.0
4120.0,81,6396.0,53.747899159663866,2.348701660937807,81,35675.0,0.10277708612213038,81,35675.0
4125.0,88,6821.0,57.319327731092436,2.21124234553933,88,35971.0,0.0625115789999513,88,35971.0
4130.0,95,7282.0,59.68852459016394,1.7824995140339832,95,36302.0,0.0563257114524652,95,36302.0
4135.0,100,7773.0,65.31932773109244,0.9194253559413457,100,36663.0,0.03272175261915124,100,36663.0
4140.0,108,8297.0,68.00819672131148,0.8802536552941201,108,37057.0,0.03196621232740181,108,37057.0
4145.0,114,8853.0,73.16528925619835,0.7433320677671892,114,37484.0,0.031087743912991284,114,37484.0
4150.0,114,9423.0,76.60975609756098,0.9749604939839124,114,37924.0,0.030759682523395438,114,37924.0
4155.0,108,9763.0,80.02459016393442,1.0361323193809244,108,37868.0,0.035369574628289616,108,37868.0
4160.0,100,9977.0,81.77868852459017,1.3551844919378764,100,37059.0,0.0524135419400173,100,37059.0
4165.0,94,10175.0,83.40163934426229,2.030073967176399,94,36312.0,0.06998819623867412,94,36312.0
4170.0,87,10354.0,84.8688524590164,2.257706238675839,87,36150.0,0.09154717060440275,87,36150.0
4175.0,81,10569.0,89.5677966101695,2.2277545660506886,81,36294.0,0.10467219303234586,81,36294.0
4180.0,84,10968.0,90.64462809917356,2.3903284791711847,84,36534.0,0.10708672432390419,84,36534.0
4185.0,89,11403.0,93.4672131147541,2.309915534530214,89,36835.0,0.07072000556207003,89,36835.0
4190.0,97,11874.0,95.75806451612904,1.8797484304455552,97,37176.0,0.06050427591535199,97,37176.0
4195.0,104,12377.0,100.6260162601626,1.2844006262409122,104,37550.0,0.040692063427172326,104,37550.0
4200.0,110,12910.0,103.28,1.0855096913429476,110,37954.0,0.03263404413555428,110,37954.0
4205.0,114,13472.0,110.42622950819673,0.8554305119653318,114,38387.0,0.02919981760775716,114,38387.0
4210.0,108,13832.0,112.45528455284553,0.9742616575929085,108,38511.0,0.057966477712284054,108,38511.0
4215.0,101,14052.0,115.18032786885246,1.303880020312869,101,38302.0,0.05461045773312286,101,38302.0
4220.0,95,14289.0,113.4047619047619,2.1049187069485726,95,38128.0,0.07425474329654437,95,38128.0
4225.0,84,14459.0,118.51639344262296,1.9712919441793824,84,38427.0,0.08133966854187602,84,38427.0
4230.0,83,14766.0,123.05,1.914144819631208,83,38679.0,0.09052198762493105,83,38679.0
4235.0,89,15201.0,124.59836065573771,2.086290317903705,89,38978.0,0.06966374325849892,89,38978.0
4240.0,90,15576.0,124.608,1.7976846850697674,90,39157.0,0.08123856457291512,90,39157.0
4245.0,86,15923.0,131.59504132231405,1.4492378120477214,86,39189.0,0.06293098124956302,86,39189.0
4250.0,90,16309.0,131.5241935483871,1.8982500216146525,90,39227.0,0.06891570341864464,90,39227.0
4255.0,83,16653.0,135.390243902439,2.0161920541735063,83,39478.0,0.08320813501783693,83,39478.0
4260.0,83,17041.0,142.00833333333333,2.1036217677101567,83,39736.0,0.09306849634826836,83,39736.0
4265.0,88,17469.0,144.37190082644628,2.059781957044778,88,40032.0,0.06948055213449744,88,40032.0
4270.0,90,16081.0,132.900826446281,1.8518155355265444,90,39459.0,0.060968002302002985,90,39459.0
4275.0,88,13478.0,116.1896551724138,1.6048264268257812,88,38093.0,0.06910833007844489,88,38093.0
4280.0,87,11530.0,98.54700854700855,2.1533210452374276,87,36072.0,0.06671244368473314,87,36072.0
4285.0,78,9830.0,84.01709401709402,2.3259210366946133,78,36332.0,0.10528663526531679,78,36332.0
4290.0,78,8964.0,80.03571428571429,2.011230678070318,78,36556.0,0.07189406572816434,78,36556.0
4295.0,83,9370.0,80.08547008547009,2.2364920892856572,83,36832.0,0.07034606218709688,83,36832.0
4300.0,89,9807.0,83.82051282051282,1.545763440491609,89,37139.0,0.05709471573728832,89,37139.0
4305.0,99,10285.0,87.16101694915254,1.1050939480459516,99,37487.0,0.039018821764428786,99,37487.0
4310.0,106,10797.0,89.23140495867769,0.9544392682918607,106,37869.0,0.037114564840650344,106,37869.0
4315.0,113,11347.0,93.77685950413223,0.8474342258763712,113,38290.0,0.030625968012840947,113,38290.0
4320.0,107,11709.0,96.76859504132231,0.9846702649565767,107,37913.0,0.03433279845099759,107,37913.0
4325.0,99,11930.0,97.78688524590164,1.2217177909953205,99,36872.0,0.05142266152862335,99,36872.0
4330.0,94,12200.0,100.0,2.102023861454352,94,35221.0,0.06456417304947508,94,35221.0
4335.0,82,11946.0,97.91803278688525,1.976883046190564,82,35297.0,0.08667640075968652,82,35297.0
4340.0,75,11479.0,98.11111111111111,2.091863008909766,75,35115.0,0.0958917872435375,75,35115.0
4345.0,75,11209.0,91.87704918032787,2.395062548601306,75,34722.0,0.09655802230657501,75,34722.0
4350.0,70,10928.0,89.57377049180327,2.1902442336659593,70,34913.0,0.09672493660323331,70,34913.0
4355.0,71,10996.0,88.6774193548387,2.340324251689062,71,35055.0,0.10483457098480858,71,35055.0
4360.0,85,11390.0,90.39682539682539,2.1313466117846125,85,35264.0,0.07405270092608286,85,35264.0
4365.0,94,11844.0,91.81395348837209,2.20455718804765,94,35588.0,0.07665966575883584,94,35588.0
4370.0,102,12340.0,98.72,1.603513971600573,102,35954.0,0.04338969808448392,102,35954.0
4375.0,109,12871.0,102.968,1.4096584974598132,109,36355.0,0.035719782264697734,109,36355.0
4380.0,111,13424.0,112.80672268907563,0.875063538786256,111,36778.0,0.030989042880336933,111,36778.0
4385.0,112,13980.0,113.65853658536585,1.026134929165475,112,37204.0,0.045296153840321964,112,37204.0
4390.0,113,14545.0,120.20661157024793,0.8636098215907438,113,37639.0,0.032452892865981645,113,37639.0
4395.0,108,14753.0,117.08730158730158,1.0385906637126565,108,37315.0,0.04034408534827403,108,37315.0
4400.0,102,14731.0,120.74590163934427,1.2623694022926362,102,36331.0,0.05177414547500131,102,36331.0
4405.0,95,14797.0,117.43650793650794,2.1193591604371123,95,35151.0,0.07678450179837235,95,35151.0
4410.0,87,14839.0,121.6311475409836,1.9962932194096374,87,35191.0,0.0821194523869229,87,35191.0
4415.0,82,14889.0,123.0495867768595,2.18276220542098,82,35443.0,0.09972890883305927,82,35443.0
4420.0,88,15318.0,125.55737704918033,2.0982869795613603,88,35736.0,0.06502199005995818,88,35736.0
4425.0,96,15777.0,128.26829268292684,1.7669746589719955,96,36065.0,0.07226290128039034,96,36065.0
4430.0,101,16269.0,133.35245901639345,1.122441390501519,101,36427.0,0.03994902546677387,101,36427.0
4435.0,109,16795.0,135.44354838709677,1.0589160688665846,109,36823.0,0.041304486399801395,109,36823.0
4440.0,114,17353.0,139.94354838709677,1.0293452064993962,114,37254.0,0.03184177265700302,114,37254.0
4445.0,108,17717.0,144.04065040650406,1.0526192208176794,108,37064.0,0.047964222829390266,108,37064.0
4450.0,101,17950.0,147.13114754098362,1.3035900147110786,101,37009.0,0.05411212089112017,101,37009.0
4455.0,94,18223.0,146.95967741935485,2.067896472089872,94,36728.0,0.07100544254848536,94,36728.0
4460.0,90,18477.0,151.45081967213116,2.429607456524505,90,36610.0,0.08954439694684396,90,36610.0
4465.0,78,18676.0,159.6239316239316,2.2102976027115724,78,36790.0,0.09369807137007742,78,36790.0
4470.0,82,19062.0,158.85,2.4810810760428326,82,37011.0,0.11251568244594833,82,37011.0
4475.0,89,19489.0,165.16101694915255,2.1239986816291743,89,37302.0,0.06653375279309988,89,37302.0
4480.0,94,19949.0,170.5042735042735,1.632133388615076,94,37632.0,0.0397253879542802,94,37632.0
4485.0,100,20441.0,180.89380530973452,1.173968095280007,100,37994.0,0.03671454485770813,100,37994.0
4490.0,102,20950.0,185.39823008849558,1.1884888359185193,102,38373.0,0.035720824129341196,102,38373.0
4495.0,102,21460.0,195.0909090909091,0.881728110209993,102,38753.0,0.02668302976785088,102,38753.0
4500.0,102,21970.0,194.42477876106196,1.1591556743811036,102,39133.0,0.039511004504930794,102,39133.0
4505.0,96,21557.0,190.76991150442478,1.172735424435751,96,38987.0,0.056337877035599025,96,38987.0
4510.0,90,20527.0,178.49565217391304,1.480776114474054,90,38400.0,0.06102974922062092,90,38400.0
4515.0,86,19795.0,173.640350877193,2.2768114589110975,86,37350.0,0.07798442294829544,86,37350.0
4520.0,76,18856.0,165.40350877192984,2.2113441577092012,76,37605.0,0.09359016129534366,76,37605.0
4525.0,76,18542.0,170.11009174311926,2.2458532411327767,76,37835.0,0.09432568504546845,76,37835.0
4530.0,83,18942.0,166.1578947368421,2.308038761621076,83,38105.0,0.07131869751923416,83,38105.0
4535.0,89,19370.0,169.91228070175438,1.6102618381120397,89,38404.0,0.05217930395371633,89,38404.0
4540.0,95,19833.0,170.97413793103448,1.1504394591293339,95,38738.0,0.048047742040827845,95,38738.0
4545.0,106,20343.0,172.39830508474577,0.9686575611750444,106,39118.0,0.034787906515107866,106,39118.0
4550.0,110,20892.0,174.1,1.0099589917787266,110,39537.0,0.03423497893558189,110,39537.0
4555.0,104,21231.0,179.92372881355934,1.0453924808766706,104,39432.0,0.03487722345595482,104,39432.0
4560.0,94,21420.0,180.0,1.5821734479891796,94,38792.0,0.07073237750575909,94,38792.0
4565.0,88,21648.0,183.45762711864407,2.091341517743531,88,37950.0,0.0746815541815285,88,37950.0
4570.0,79,21786.0,184.6271186440678,1.9501930811359625,79,38228.0,0.08319067894757957,79,38228.0
4575.0,81,22078.0,190.32758620689654,2.0147897747628694,81,38486.0,0.09240561580315163,81,38486.0
4580.0,89,22505.0,184.4672131147541,2.0827574575596035,89,38783.0,0.06381970080966531,89,38783.0
4585.0,95,22968.0,189.8181818181818,1.523730789434628,95,39116.0,0.0518114103664783,95,39116.0
4590.0,103,23469.0,193.95867768595042,1.0262371534450343,103,39487.0,0.056901477351955575,103,39487.0
4595.0,103,23846.0,197.07438016528926,0.749352792217211,103,39395.0,0.03688102108330041,103,39395.0
4600.0,99,24157.0,193.256,1.6714540198832928,99,38944.0,0.07468970965589883,99,38944.0
4605.0,93,24473.0,198.96747967479675,1.991345222193728,93,38136.0,0.06337356151867583,93,38136.0
4610.0,86,24788.0,201.52845528455285,2.3617609216957085,86,37814.0,0.0806828012116496,86,37814.0
4615.0,86,25136.0,209.46666666666667,2.8567003643480167,86,37892.0,0.11500314663053589,86,37892.0
4620.0,82,25452.0,212.1,2.4614689998397283,82,38054.0,0.10990290352709586,82,38054.0
4625.0,82,25822.0,216.99159663865547,2.4104758203584975,82,38264.0,0.1006166146861166,82,38264.0
4630.0,88,26251.0,216.9504132231405,2.5123384149854617,88,38535.0,0.09966910322273384,88,38535.0
4635.0,94,26711.0,213.688,2.372729162722703,94,38863.0,0.06560834046937944,94,38863.0
4640.0,101,27199.0,224.78512396694214,1.5217222834518855,101,39221.0,0.04528203669977725,101,39221.0
4645.0,106,27719.0,229.08264462809916,1.262664510690371,106,39611.0,0.04252971943985146,106,39611.0
4650.0,103,27161.0,230.17796610169492,1.056112655224604,103,39489.0,0.03988777004968528,103,39489.0
4655.0,94,25868.0,219.22033898305085,1.50985446647853,94,38563.0,0.05815961566791592,94,38563.0
4660.0,90,24743.0,206.19166666666666,2.1198880243228406,90,37819.0,0.06690906963211037,90,37819.0
4665.0,82,23986.0,201.56302521008402,1.897694124072024,82,38102.0,0.0813608581413998,82,38102.0
4670.0,79,23934.0,208.12173913043478,1.9280208138128505,79,38354.0,0.09064764750822193,79,38354.0
4675.0,87,24357.0,201.29752066115702,2.105056306420056,87,38646.0,0.07763239478435392,87,38646.0
4680.0,89,24464.0,203.86666666666667,1.6717111783026704,89,38763.0,0.0599600516167758,89,38763.0
4685.0,89,24363.0,198.0731707317073,1.564233763309267,89,38753.0,0.05724419665092022,89,38753.0
4690.0,89,24404.0,201.68595041322314,1.9994546060503708,89,38652.0,0.06393680815210431,89,38652.0
4695.0,81,24372.0,199.7704918032787,2.0224375371796404,81,38929.0,0.08506531063443988,81,38929.0
4700.0,82,24604.0,210.2905982905983,2.21688644236418,82,39189.0,0.08782921120273615,82,39189.0
4705.0,88,25033.0,206.88429752066116,2.168654257898401,88,39488.0,0.07839825471948646,88,39488.0
4710.0,90,25231.0,213.82203389830508,1.6939137700142615,90,39315.0,0.05696620169555616,90,39315.0
4715.0,86,25279.0,212.42857142857142,1.8584866861840277,86,38412.0,0.058646608543503065,86,38412.0
4720.0,88,25425.0,215.46610169491527,2.200839566662806,88,37622.0,0.07523854090983025,88,37622.0
4725.0,79,25495.0,217.9059829059829,2.0140059785532776,79,37895.0,0.08681908022593801,79,37895.0
4730.0,80,25742.0,227.8053097345133,2.0434105156674125,80,38147.0,0.10169499136147683,80,38147.0
4735.0,88,26165.0,219.87394957983193,2.1775503497640285,88,38440.0,0.07544887597770764,88,38440.0
4740.0,96,26627.0,229.54310344827587,1.4776945345075772,96,38772.0,0.0449798964521148,96,38772.0
4745.0,101,27119.0,235.81739130434784,1.0492904375331495,101,39134.0,0.044991122478283456,101,39134.0
4750.0,105,27641.0,244.61061946902655,0.8899657819602844,105,39526.0,0.03197969638739719,105,39526.0
4755.0,100,24005.0,196.7622950819672,1.5277323469925141,100,37938.0,0.07210260461252259,100,37938.0
4760.0,96,17598.0,149.135593220339,1.3070727367851598,96,34379.0,0.05441676712453802,96,34379.0
4765.0,91,12567.0,103.00819672131148,2.128928812920995,91,28881.0,0.07121438802454776,91,28881.0
4770.0,81,7467.0,63.279661016949156,2.0441909738636705,81,29224.0,0.08526078327272907,81,29224.0
4775.0,79,3739.0,31.6864406779661,2.238140465169466,79,29512.0,0.09409308793457342,79,29512.0
4780.0,84,4150.0,35.47008547008547,2.215720940659597,84,29849.0,0.06901565817423505,84,29849.0
4785.0,92,4593.0,38.275,1.8617517262389238,92,30222.0,0.07724188003171034,92,30222.0
4790.0,97,5068.0,42.233333333333334,1.1865791689338498,97,30627.0,0.04553334509629728,97,30627.0
4795.0,108,5581.0,45.74590163934426,0.994687755665185,108,31071.0,0.03294312281672146,108,31071.0
4800.0,107,5687.0,46.614754098360656,1.123885000066496,107,30993.0,0.03773295687327178,107,30993.0
4805.0,97,5492.0,45.01639344262295,1.732715111187406,97,30386.0,0.065513245011181,97,30386.0
4810.0,91,5411.0,44.71900826446281,2.0580649719701487,91,29437.0,0.06852619443892008,91,29437.0
4815.0,82,5299.0,44.90677966101695,1.9952169335650718,82,29791.0,0.09066156150641434,82,29791.0
4820.0,82,5543.0,48.2,2.0105210841398153,82,30123.0,0.09117187596123608,82,30123.0
4825.0,88,5974.0,51.5,1.8230009801545068,88,30484.0,0.06286542413281268,88,30484.0
4830.0,94,6435.0,54.53389830508475,1.4686191140020872,94,30875.0,0.044380230942702326,94,30875.0
4835.0,102,6930.0,61.32743362831859,0.786638972160517,102,31300.0,0.0335190846922686,102,31300.0
4840.0,101,6593.0,57.3304347826087,0.7940297583578071,101,31322.0,0.042455888482792206,101,31322.0
4845.0,94,5686.0,49.87719298245614,1.3552225234932191,94,30772.0,0.046191496080516335,94,30772.0
4850.0,89,5035.0,42.66949152542373,2.211094752867481,89,30205.0,0.07130570258913314,89,30205.0
4855.0,77,4297.0,37.69298245614035,2.0907351898743394,77,30337.0,0.08114601123891091,77,30337.0
4860.0,76,3926.0,35.05357142857143,2.4321210374630913,76,30603.0,0.10987309559991776,76,30603.0
4865.0,82,4323.0,37.26724137931034,2.358462653481012,82,30926.0,0.0804446897041731,82,30926.0
4870.0,92,4760.0,39.666666666666664,1.9566624777551664,92,31293.0,0.058684806691561724,92,31293.0
4875.0,99,5239.0,44.77777777777778,1.1260331275455602,99,31702.0,0.04311490751661765,99,31702.0
4880.0,105,5752.0,48.33613445378151,0.8841408698881977,105,32145.0,0.03827080216809503,105,32145.0
4885.0,104,6116.0,51.83050847457627,1.000525326160034,104,32170.0,0.03847952349846969,104,32170.0
4890.0,94,6359.0,52.99166666666667,1.7606526257153958,94,31729.0,0.07541301366332787,94,31729.0
4895.0,90,6636.0,56.23728813559322,2.1342718857250205,90,30899.0,0.0696630666822011,90,30899.0
4900.0,78,6819.0,56.35537190082645,1.9520527128708525,78,31233.0,0.08771258766364284,78,31233.0
4905.0,82,7144.0,61.05982905982906,2.0639891071225103,82,31547.0,0.08721969024989878,82,31547.0
4910.0,88,7574.0,62.59504132231405,2.0319571630688755,88,31908.0,0.07066578304953271,88,31908.0
4915.0,91,7441.0,62.00833333333333,1.4124078084713638,91,31734.0,0.053605863275647106,91,31734.0
4920.0,86,6940.0,56.885245901639344,1.6486847485424168,86,31293.0,0.06861322418058731,86,31293.0
4925.0,87,6548.0,53.67213114754098,2.0522349353745,87,30664.0,0.07265799507407895,87,30664.0
4930.0,84,6298.0,51.203252032520325,2.0062533111451026,84,30802.0,0.07887821196726341,84,30802.0
4935.0,83,6555.0,56.02564102564103,1.9740642108751305,83,31124.0,0.09246332318509222,83,31124.0
4940.0,90,6991.0,57.30327868852459,2.232331177601897,90,31489.0,0.08513753568947645,90,31489.0
4945.0,89,7367.0,61.391666666666666,1.6479983717259683,89,31481.0,0.05092097783044189,89,31481.0
4950.0,87,7712.0,65.35593220338983,1.9079529690517905,87,31022.0,0.07673215788453641,87,31022.0
4955.0,86,8086.0,70.31304347826087,2.2912256888698153,86,30648.0,0.07495392455125786,86,30648.0
4960.0,79,8429.0,73.93859649122807,2.1203404837966864,79,30967.0,0.0935558273373376,79,30967.0
4965.0,83,8834.0,81.04587155963303,1.7507108607672213,83,31288.0,0.07083920215536453,83,31288.0
4970.0,89,9269.0,82.02654867256638,2.141480314223128,89,31652.0,0.08706280279818271,89,31652.0
4975.0,90,9287.0,83.66666666666667,1.734004787688934,90,31553.0,0.06259678135422049,90,31553.0
4980.0,84,9023.0,82.77981651376147,1.7867560314474085,84,30983.0,0.06492101514991747,84,30983.0
4985.0,79,8886.0,82.27777777777777,2.241906726194853,79,29997.0,0.07740490756045594,79,29997.0
4990.0,66,8615.0,79.76851851851852,2.28886196563436,66,30264.0,0.09090356364489449,66,30264.0
4995.0,67,8623.0,82.91346153846153,2.5225435117452615,67,30499.0,0.11123808676718393,67,30499.0
5000.0,73,8977.0,84.68867924528301,2.528903895336175,73,30784.0,0.08875014777382659,73,30784.0
5005.0,79,9360.0,85.87155963302752,2.1182155275338954,79,31098.0,0.07840489162924622,79,31098.0
5010.0,81,8346.0,77.27777777777777,1.3462483044094613,81,29493.0,0.059434745449627714,81,29493.0
5015.0,82,6414.0,57.78378378378378,1.5447973910268382,82,25974.0,0.06306390270228943,82,25974.0
5020.0,82,4974.0,45.21818181818182,2.193298528278272,82,20580.0,0.06702587207717092,82,20580.0
5025.0,71,3251.0,29.554545454545455,2.129352918033365,71,20931.0,0.09366246217503262,71,20931.0
5030.0,72,2453.0,23.141509433962263,2.3467646412391687,72,21255.0,0.09269975623175472,72,21255.0
5035.0,78,2830.0,25.727272727272727,2.362309800748715,78,21619.0,0.07706869744457157,78,21619.0
5040.0,82,3233.0,29.660550458715598,1.4912912565541847,82,22012.0,0.04311342461230307,82,22012.0
5045.0,90,3671.0,31.921739130434784,1.352750689290951,90,22441.0,0.049393003434842556,90,22441.0
5050.0,101,4158.0,36.796460176991154,0.740822423484759,101,22919.0,0.03174592022042759,101,22919.0
5055.0,106,4685.0,40.73913043478261,0.8610729256618084,106,23436.0,0.052801436167232464,106,23436.0
5060.0,100,4804.0,42.14035087719298,0.8218933399594404,100,23526.0,0.04109826524686383,100,23526.0
5065.0,92,4639.0,39.64957264957265,1.4982240945192453,92,23380.0,0.06280113357667086,92,23380.0
5070.0,88,4594.0,39.60344827586207,2.12137088537482,88,22916.0,0.07065167723819663,88,22916.0
5075.0,76,4407.0,37.666666666666664,2.2320651772000177,76,23155.0,0.09133858592932514,76,23155.0
5080.0,73,4462.0,38.8,2.385076720711305,73,23488.0,0.10971599621972827,73,23488.0
5085.0,84,4861.0,40.84873949579832,2.2359231934213435,84,23845.0,0.08858118488513132,84,23845.0
5090.0,90,5299.0,43.79338842975206,1.8306063787762485,90,24220.0,0.05892145269423668,90,24220.0
5095.0,95,5766.0,47.65289256198347,1.4779803724253788,95,24617.0,0.048321917442790484,95,24617.0
5100.0,97,6129.0,51.940677966101696,1.0893857763900965,97,24715.0,0.040419616430970695,97,24715.0
5105.0,95,6427.0,53.11570247933884,1.478347809622097,95,24534.0,0.05489595187535386,95,24534.0
5110.0,91,6769.0,56.88235294117647,2.095698419335616,91,24064.0,0.0678765993547385,91,24064.0
5115.0,82,7068.0,57.46341463414634,2.6323774085290212,82,23967.0,0.10150354875657659,82,23967.0
5120.0,80,7339.0,62.19491525423729,2.4581724256918087,80,24197.0,0.11024226407831769,80,24197.0
5125.0,81,7726.0,64.38333333333334,2.4396497162824624,81,24487.0,0.11016208235765174,81,24487.0
5130.0,88,8153.0,67.94166666666666,2.3281379186644906,88,24832.0,0.0792484641937451,88,24832.0
5135.0,89,7563.0,60.504,1.950958582114839,89,24634.0,0.078471249815902,89,24634.0
5140.0,89,6310.0,51.721311475409834,1.682837605910023,89,23687.0,0.06175389810766046,89,23687.0
5145.0,88,5497.0,44.33064516129032,2.2230199395436787,88,22932.0,0.07444310701178058,88,22932.0
5150.0,81,4980.0,40.48780487804878,2.108891184486064,81,23061.0,0.08670237776838217,81,23061.0
5155.0,83,5237.0,44.38135593220339,1.9106208727457552,83,23359.0,0.08516338762592805,83,23359.0
5160.0,89,5671.0,46.86776859504132,2.1259741573732684,89,23718.0,0.07296036957420228,89,23718.0
5165.0,95,6136.0,51.563025210084035,1.6582171736301563,95,24113.0,0.058712157566521116,95,24113.0
5170.0,96,6521.0,55.73504273504273,1.1731354159013943,96,24146.0,0.04408953184843454,96,24146.0
5175.0,93,6854.0,59.6,1.377796891838949,93,23806.0,0.05696912624806435,93,23806.0
5180.0,89,7207.0,61.598290598290596,2.259031244370028,89,23217.0,0.07394697273722856,89,23217.0
5185.0,80,7509.0,66.45132743362832,1.829950853242367,80,23542.0,0.08052860209368355,80,23542.0
5190.0,84,7904.0,68.7304347826087,2.045463987549476,84,23836.0,0.09457546964629657,84,23836.0
5195.0,88,8335.0,73.76106194690266,1.8133837528952295,88,24191.0,0.04180682155510838,88,24191.0
5200.0,90,8712.0,76.42105263157895,1.6380579482398891,90,24291.0,0.04700378297797113,90,24291.0
5205.0,85,9060.0,83.88888888888889,1.66987166413837,85,24193.0,0.05481496199246408,85,24193.0
5210.0,82,9435.0,86.55963302752293,2.362302149908974,82,24096.0,0.08065040625994256,82,24096.0
5215.0,79,9785.0,93.19047619047619,1.719263880250001,79,24410.0,0.05703988135569848,79,24410.0
5220.0,83,10178.0,98.81553398058253,1.716502719127825,83,24709.0,0.06451043129652845,83,24709.0
5225.0,85,10602.0,100.97142857142858,2.4490456187980394,85,25053.0,0.08114127132063961,85,25053.0
5230.0,86,11028.0,106.03846153846153,1.8626209442642134,86,25409.0,0.04983376129252588,86,25409.0
5235.0,89,11467.0,113.53465346534654,1.48211763741232,89,25778.0,0.0390426955537105,89,25778.0
5240.0,89,11912.0,119.12,1.438446823266775,89,26153.0,0.0493465780711982,89,26153.0
5245.0,83,11611.0,119.70103092783505,1.3072614190843825,83,26118.0,0.04810569981450855,83,26118.0
5250.0,74,10810.0,108.1,1.9441567671686995,74,25646.0,0.06792566860955475,74,25646.0
5255.0,68,10115.0,104.27835051546391,2.520860599761787,68,25066.0,0.081931004773897,68,25066.0
5260.0,58,9482.0,92.96078431372548,2.7961381633861264,58,25291.0,0.1353038999148608,58,25291.0
5265.0,58,9204.0,95.875,2.681251088487656,58,25495.0,0.1253361940789718,58,25495.0
5270.0,68,9530.0,95.3,2.558307587887579,68,25751.0,0.0996807238236859,68,25751.0
5275.0,76,9897.0,97.99009900990099,1.8761741795530218,76,26048.0,0.06601129680551263,76,26048.0
5280.0,82,10292.0,101.9009900990099,1.2140823012652253,82,26374.0,0.05699117080548206,82,26374.0
5285.0,89,10718.0,104.05825242718447,1.2050805056937104,89,26731.0,0.03932305863296143,89,26731.0
5290.0,93,11176.0,107.46153846153847,1.1859646636106012,93,27119.0,0.04704589206931172,93,27119.0
5295.0,93,11641.0,110.86666666666666,1.3766273896321926,93,27514.0,0.06601394736167901,93,27514.0
5300.0,93,12106.0,111.06422018348624,1.455154058472981,93,27909.0,0.07056054254489942,93,27909.0
5305.0,97,12583.0,119.83809523809524,0.9055201260665924,97,28316.0,0.037636067331521736,97,28316.0
5310.0,97,13068.0,119.88990825688073,1.396087806796821,97,28731.0,0.047857879999506935,97,28731.0
5315.0,92,13225.0,123.59813084112149,1.2370119990476718,92,28763.0,0.0414919779878583,92,28763.0
5320.0,82,13157.0,120.70642201834862,1.998666576612324,82,28390.0,0.08511251327202857,82,28390.0
5325.0,77,13168.0,124.22641509433963,2.3441063118560503,77,27857.0,0.08425994980946507,77,27857.0
5330.0,68,13078.0,121.0925925925926,2.554130890818193,68,27960.0,0.12463293978854798,68,27960.0
5335.0,66,13177.0,125.4952380952381,2.4912097469839156,66,28196.0,0.11355068544007962,66,28196.0
5340.0,74,13531.0,126.45794392523365,2.3297573293267635,74,28479.0,0.08360309004153686,74,28479.0
5345.0,83,13927.0,128.9537037037037,1.7521979790281688,83,28805.0,0.05977774551414419,83,28805.0
5350.0,90,14360.0,131.74311926605503,1.3278435545930056,90,29169.0,0.05300081507667476,90,29169.0
5355.0,98,14828.0,136.03669724770643,0.9918664273735777,98,29568.0,0.03630436779539357,98,29568.0
5360.0,101,15321.0,141.86111111111111,0.8610275296413695,101,29995.0,0.027199948207929918,101,29995.0
5365.0,101,15826.0,140.05309734513276,1.4286779720973422,101,30430.0,0.052679343373929405,101,30430.0
5370.0,95,16094.0,142.42477876106196,1.2009146895950642,95,30445.0,0.045740339606047745,95,30445.0
5375.0,91,16218.0,143.52212389380531,1.357296179086378,91,30034.0,0.05570400865584475,91,30034.0
5380.0,85,16403.0,145.15929203539824,2.2231812587635615,85,29224.0,0.06916806585951289,85,29224.0
5385.0,75,16486.0,145.89380530973452,2.1199585277141626,75,29530.0,0.08687014087958753,75,29530.0
5390.0,76,16706.0,156.13084112149534,2.0940691532739013,76,29809.0,0.09560283133408401,76,29809.0
5395.0,80,17099.0,151.31858407079645,2.300350550069501,80,30131.0,0.08111656049567567,80,30131.0
5400.0,87,17519.0,155.0353982300885,1.646179021163786,87,30483.0,0.056081039016192616,87,30483.0
5405.0,97,17983.0,153.7008547008547,1.1711020363005216,97,30877.0,0.039454941107616395,97,30877.0
5410.0,106,18489.0,158.02564102564102,0.8880659784508792,106,31315.0,0.03179396489116152,106,31315.0
5415.0,109,19032.0,162.66666666666666,0.8352623769529668,109,31788.0,0.037466725878125655,109,31788.0
5420.0,109,19577.0,167.32478632478632,0.8835515954973842,109,32263.0,0.03270510251302131,109,32263.0
5425.0,103,19884.0,167.0924369747899,0.8657684063449885,103,32266.0,0.04278220871567226,103,32266.0
5430.0,96,20031.0,171.2051282051282,1.2741309078108682,96,32234.0,0.05051145341979088,96,32234.0
5435.0,90,20234.0,167.22314049586777,2.1273373348343703,90,31951.0,0.07332266957654592,90,31951.0
5440.0,80,20321.0,167.94214876033058,2.047278263004579,80,32282.0,0.0894596926734392,80,32282.0
5445.0,82,20555.0,172.7310924369748,2.087899877831359,82,32581.0,0.10142141781135258,82,32581.0
5450.0,89,20987.0,174.89166666666668,2.073310858888744,89,32937.0,0.06545591230353094,89,32937.0
5455.0,89,20018.0,161.43548387096774,1.7735303893090473,89,32805.0,0.06995437671684522,89,32805.0
5460.0,88,18280.0,149.8360655737705,1.6440150993289835,88,32172.0,0.06324258853836376,88,32172.0
5465.0,88,17509.0,140.072,2.1931203147206193,88,31141.0,0.07067132596311969,88,31141.0
5470.0,84,17117.0,143.8403361344538,1.8033509005761201,84,31484.0,0.07669369317264557,84,31484.0
5475.0,84,17436.0,145.3,1.9847137555343437,84,31797.0,0.09176613780692748,84,31797.0
5480.0,90,17874.0,147.71900826446281,2.1589297657505258,90,32160.0,0.0667218936647282,90,32160.0
5485.0,92,18257.0,150.88429752066116,1.8316219958156412,92,32106.0,0.06347962896730477,92,32106.0
5490.0,90,18610.0,164.69026548672565,1.3340509513981675,90,31702.0,0.055191279953009376,90,31702.0
5495.0,85,18980.0,162.22222222222223,2.3907993599597064,85,31152.0,0.08468791912772206,85,31152.0
5500.0,79,19309.0,172.40178571428572,2.034007012003156,79,31467.0,0.08850128562409003,79,31467.0
5505.0,83,19711.0,180.8348623853211,1.789630933183494,83,31778.0,0.07073568624658756,83,31778.0
5510.0,89,20142.0,178.24778761061947,2.311172069136975,89,32136.0,0.07598926682183926,89,32136.0
5515.0,93,20602.0,185.6036036036036,1.8643018364157373,93,32526.0,0.06816686898816941,93,32526.0
5520.0,92,20601.0,192.53271028037383,0.978024290728391,92,32541.0,0.0414096305403062,92,32541.0
5525.0,84,20290.0,189.62616822429908,1.6013090064718554,84,32344.0,0.06596632146038481,84,32344.0
5530.0,78,20108.0,186.1851851851852,2.253037426016463,78,31851.0,0.07988035441416129,78,31851.0
5535.0,68,19790.0,184.9532710280374,2.158686472942594,68,32117.0,0.0967391593250402,68,32117.0
5540.0,66,19755.0,188.14285714285714,2.532619827102913,66,32351.0,0.11213781311419677,66,32351.0
5545.0,72,20101.0,191.43809523809523,2.5161641356621707,72,32615.0,0.08645121905427951,72,32615.0
5550.0,80,20483.0,182.88392857142858,2.339228319280419,80,32927.0,0.08213311330686071,80,32927.0
5555.0,90,20909.0,193.60185185185185,1.1732424345664378,90,33284.0,0.042786695581869295,90,33284.0
5560.0,96,21377.0,194.33636363636364,1.0692185108854202,96,33684.0,0.035812879546134886,96,33684.0
5565.0,101,21875.0,200.6880733944954,0.9680730719828059,101,34112.0,0.03720057413470547,101,34112.0
5570.0,101,22380.0,205.32110091743118,0.8861391196280843,101,34547.0,0.040747181754493794,101,34547.0
5575.0,95,22654.0,207.8348623853211,1.1282989741167144,95,34619.0,0.04275981636699813,95,34619.0
5580.0,86,22760.0,205.04504504504504,1.6411791477700768,86,34287.0,0.05415436319880919,86,34287.0
5585.0,81,22920.0,202.83185840707964,2.511675740667388,81,34078.0,0.1009408036414983,81,34078.0
5590.0,72,22983.0,203.38938053097345,2.269822606630407,72,34100.0,0.09698264191918309,72,34100.0
5595.0,74,23196.0,214.77777777777777,2.4463469484635265,74,34375.0,0.10281956381669573,74,34375.0
5600.0,80,23582.0,210.55357142857142,2.285313488317052,80,34691.0,0.0887987831695294,80,34691.0
5605.0,80,23917.0,215.46846846846847,1.5681179420853848,80,34762.0,0.060332681853855166,80,34762.0
5610.0,76,24219.0,214.32743362831857,1.7601398118337552,76,34625.0,0.07633335142186715,76,34625.0
5615.0,80,24558.0,215.42105263157896,2.232922703879578,80,34273.0,0.07912215057652448,80,34273.0
5620.0,72,24865.0,208.94957983193277,2.439642778598555,72,34519.0,0.10640380173927577,72,34519.0
5625.0,76,25213.0,223.12389380530973,2.2991850369104814,76,34794.0,0.09999901220350357,76,34794.0
5630.0,82,25612.0,217.05084745762713,2.186544316671484,82,35123.0,0.08548281737045872,82,35123.0
5635.0,89,26043.0,222.5897435897436,1.7471520448135431,89,35486.0,0.05231541847477266,89,35486.0
5640.0,96,26510.0,226.5811965811966,1.4006805895757157,96,35883.0,0.037244217208273915,96,35883.0
5645.0,102,27009.0,239.01769911504425,0.9194969210538411,102,36312.0,0.03340774932533645,102,36312.0
5650.0,105,27528.0,241.47368421052633,0.8868505777379574,105,36761.0,0.05306954059723818,105,36761.0
5655.0,106,28054.0,235.74789915966386,0.9797347884274424,106,37217.0,0.04372492219713339,106,37217.0
5660.0,111,28600.0,232.52032520325204,1.2667647768684294,111,37693.0,0.04758937864825724,111,37693.0
5665.0,106,28898.0,238.82644628099175,1.0260488304487279,106,37931.0,0.04355291534732823,106,37931.0
5670.0,98,29027.0,234.08870967741936,1.6365132634142272,98,37975.0,0.05817124772292616,98,37975.0
5675.0,93,29184.0,239.21311475409837,2.2199083766766803,93,38048.0,0.07518336678893837,93,38048.0
5680.0,86,29332.0,238.47154471544715,2.6248963355738404,86,38145.0,0.10100329150647953,86,38145.0
5685.0,82,29587.0,250.73728813559322,2.42400453889206,82,38453.0,0.10840474442323655,82,38453.0
5690.0,82,29973.0,254.0084745762712,2.0860429384595798,82,38736.0,0.09566567297813158,82,38736.0
5695.0,89,30406.0,257.6779661016949,2.1759879021836617,89,39084.0,0.07194962335320286,89,39084.0
5700.0,95,30874.0,270.82456140350877,1.6908835898414487,95,39482.0,0.04881443575041279,95,39482.0
5705.0,100,31368.0,272.76521739130436,1.6572021333866735,100,39907.0,0.04898041144083002,100,39907.0
5710.0,102,31873.0,284.58035714285717,1.2239255265080378,102,40342.0,0.044764983953106144,102,40342.0
5715.0,102,32383.0,289.13392857142856,1.1768248605382587,102,40782.0,0.048357768768247836,102,40782.0
5720.0,98,32686.0,294.4684684684685,0.8776022658750915,98,41068.0,0.031318199052882946,98,41068.0
5725.0,92,32861.0,288.2543859649123,1.567246207389865,92,41180.0,0.07142711073217356,92,41180.0
5730.0,86,33084.0,290.2105263157895,1.9987526985122936,86,41215.0,0.06787096377312543,86,41215.0
5735.0,79,33365.0,290.1304347826087,2.138119482095554,79,41466.0,0.093731216585175,79,41466.0
5740.0,84,33769.0,298.8407079646018,2.123322622953885,84,41779.0,0.08092435131067599,84,41779.0
5745.0,90,34206.0,305.4107142857143,1.9089499605058105,90,42145.0,0.04013216810343547,90,42145.0
5750.0,96,34677.0,315.24545454545455,1.6469783936913478,96,42546.0,0.054615563038425616,96,42546.0
5755.0,90,35042.0,321.48623853211006,1.1965961402909304,90,42786.0,0.0485818835919183,90,42786.0
5760.0,85,35331.0,333.311320754717,1.5199778389794603,85,42875.0,0.05821474893991529,85,42875.0
5765.0,82,35673.0,321.3783783783784,2.296404393666462,82,42938.0,0.08087500826257307,82,42938.0
5770.0,78,36028.0,333.5925925925926,2.0360820809076228,78,43274.0,0.074247353267826,78,43274.0
5775.0,84,36428.0,334.20183486238534,2.1366769505271455,84,43642.0,0.07726444490202572,84,43642.0
5780.0,88,36859.0,351.03809523809525,2.0282994674877526,88,44074.0,0.050386413456478506,88,44074.0
5785.0,89,37302.0,351.9056603773585,1.957274367436442,89,44494.0,0.05745551887452688,89,44494.0
5790.0,90,37752.0,377.52,1.2323608311555996,90,44889.0,0.055288947502068635,90,44889.0
5795.0,91,38205.0,367.3557692307692,1.4296375925374394,91,45257.0,0.04374224197261099,91,45257.0
5800.0,87,38494.0,377.3921568627451,1.2794226695940234,87,45463.0,0.06167644071143296,87,45463.0
5805.0,79,38704.0,368.6095238095238,1.7672251259459697,79,45541.0,0.07418618299061007,79,45541.0
5810.0,81,39085.0,372.23809523809524,2.526135218191344,81,45620.0,0.09235854522550538,81,45620.0
5815.0,78,39446.0,372.1320754716981,2.043321297301559,78,45868.0,0.0757079691308474,78,45868.0
5820.0,82,39848.0,398.48,1.763554137333146,82,46123.0,0.060429605931662286,82,46123.0
5825.0,84,40265.0,390.92233009708735,2.2933976288326514,84,46410.0,0.08083784372398115,84,46410.0
5830.0,84,40685.0,406.85,1.900848909739953,84,46700.0,0.05501286437262865,84,46700.0
5835.0,80,40997.0,414.1111111111111,1.4273357462672411,80,46913.0,0.07370515909743046,80,46913.0
5840.0,80,41357.0,430.8020833333333,1.6749817443364947,80,47082.0,0.07518836770953806,80,47082.0
5845.0,80,41757.0,409.38235294117646,2.377082808800929,80,47311.0,0.08060980414427907,80,47311.0
5850.0,79,42107.0,425.32323232323233,2.0692393536213913,79,47558.0,0.07219646734652559,79,47558.0
5855.0,77,42488.0,438.02061855670104,2.0665248251920225,77,47786.0,0.07634746044344547,77,47786.0
5860.0,79,42877.0,442.03092783505156,2.480766008218755,79,48041.0,0.0669999060444567,79,48041.0
5865.0,79,43272.0,460.3404255319149,2.087877765960119,79,48306.0,0.05536667032836739,79,48306.0
5870.0,80,43669.0,469.55913978494624,1.6129559638382158,80,48573.0,0.05870688801950849,80,48573.0
5875.0,81,44074.0,489.7111111111111,1.1657531069179996,81,48848.0,0.07954062911777562,81,48848.0
5880.0,77,44383.0,487.72527472527474,0.9097622440910902,77,49066.0,0.0632018486334159,77,49066.0
5885.0,80,44776.0,471.3263157894737,1.7318766810375026,80,49290.0,0.07910940535423254,80,49290.0
5890.0,83,45183.0,465.8041237113402,1.7515507856945836,83,49567.0,0.06133992413309779,83,49567.0
5895.0,79,45532.0,469.4020618556701,1.4244578206192862,79,49821.0,0.05741994697031035,79,49821.0
5900.0,77,45907.0,478.1979166666667,2.0066857664852638,77,50044.0,0.08884137495662864,77,50044.0
5905.0,77,46292.0,477.2371134020619,2.219228538502931,77,50286.0,0.0562083150896715,77,50286.0
5910.0,77,44236.0,451.38775510204084,2.13712248623859,77,49488.0,0.07050391434673074,77,49488.0
5915.0,67,40549.0,445.5934065934066,1.773345927132946,67,47707.0,0.06282751995893186,67,47707.0
5920.0,62,37078.0,394.4468085106383,2.733991537930363,62,45585.0,0.11126909176827098,62,45585.0
5925.0,51,35130.0,381.8478260869565,2.8240709593645534,51,45272.0,0.1151341142018317,51,45272.0
5930.0,52,34017.0,373.8131868131868,3.030081634654065,52,45341.0,0.15257623104648851,52,45341.0
5935.0,58,34293.0,368.741935483871,3.047967087717442,58,45482.0,0.11631425395150412,58,45482.0
5940.0,65,34600.0,356.70103092783506,2.5768796971101753,65,45659.0,0.0783465688512583,65,45659.0
5945.0,72,34948.0,367.87368421052633,1.7283078028862244,72,45878.0,0.06943739626093796,72,45878.0
5950.0,80,35327.0,371.86315789473684,1.1033153864884953,80,46127.0,0.05088646343498029,80,46127.0
5955.0,87,35748.0,368.5360824742268,1.3551836474125587,87,46419.0,0.05764036329330491,87,46419.0
5960.0,87,36183.0,365.4848484848485,1.4056474097330387,87,46724.0,0.054813979493609506,87,46724.0
5965.0,83,36300.0,366.6666666666667,1.5712988662310992,83,46899.0,0.06889766391780706,83,46899.0
5970.0,76,36563.0,358.46078431372547,2.1929500647368294,76,46970.0,0.09077090348435932,76,46970.0
5975.0,80,36958.0,373.3131313131313,2.316947907851666,80,47116.0,0.06190092167726045,80,47116.0
5980.0,81,37359.0,373.59,2.045487218036687,81,47380.0,0.06191992830678206,81,47380.0
5985.0,78,37425.0,385.82474226804123,1.9146471659428344,78,46690.0,0.06858085658338753,78,46690.0
5990.0,71,37254.0,384.0618556701031,2.0095708802772894,71,45079.0,0.08703731529056341,71,45079.0
5995.0,65,37135.0,386.8229166666667,3.017159396433758,65,42672.0,0.11301851867885632,65,42672.0
6000.0,53,36839.0,387.77894736842103,2.758232221661542,53,42397.0,0.12250463322475588,53,42397.0
6005.0,49,36794.0,395.63440860215053,3.0302397049414793,49,42430.0,0.1430874657332324,49,42430.0
6010.0,54,37053.0,385.96875,3.335111106246975,54,42474.0,0.14868041812429236,54,42474.0
6015.0,62,37350.0,381.1224489795918,3.1867543037583217,62,42629.0,0.1158761701208934,62,42629.0
6020.0,70,37683.0,380.6363636363636,2.7380376804408666,70,42874.0,0.1034313305290527,70,42874.0
6025.0,77,38052.0,392.2886597938144,1.9486494707106765,77,43197.0,0.06664759112362147,77,43197.0
6030.0,78,38284.0,390.6530612244898,1.7854874690965015,78,43487.0,0.08772862821489298,78,43487.0
6035.0,80,38665.0,411.32978723404256,1.5640797957122048,80,43732.0,0.06498412150849583,80,43732.0
6040.0,80,39065.0,390.65,2.2221383852123084,80,44039.0,0.07471474163789041,80,44039.0
6045.0,78,39211.0,404.2371134020619,1.8795827541302401,78,43429.0,0.06994315342055644,78,43429.0
6050.0,70,39189.0,412.5157894736842,1.8359294967043052,70,41993.0,0.07551610529803676,70,41993.0
6055.0,66,39243.0,408.78125,3.004046806166835,66,39963.0,0.11673827027763005,66,39963.0
6060.0,54,39082.0,415.7659574468085,2.4331819327883917,54,40016.0,0.09762270487370178,54,40016.0
6065.0,52,39086.0,420.2795698924731,3.138145495108756,52,40003.0,0.16024463742368775,52,40003.0
6070.0,56,39349.0,409.8854166666667,3.2089473027998356,56,39999.0,0.13475848134175658,56,39999.0
6075.0,60,39578.0,395.78,2.4268540731567825,60,40063.0,0.10313697536894442,60,40063.0
6080.0,72,39916.0,415.7916666666667,1.632404691581676,72,40186.0,0.04996861426041959,72,40186.0
6085.0,83,40309.0,395.1862745098039,1.8949596800588804,83,40389.0,0.06322281114350352,83,40389.0
6090.0,82,40657.0,414.8673469387755,1.0847750734084407,82,40587.0,0.0316471338549133,82,40587.0
6095.0,77,40994.0,418.3061224489796,1.6934625747671388,77,40743.0,0.07554806888305192,77,40743.0
6100.0,78,41375.0,413.75,2.356794997463804,78,40885.0,0.06917971045356608,78,40885.0
6105.0,77,41751.0,417.51,2.0247528395823453,77,41071.0,0.0717157113457445,77,41071.0
6110.0,83,42154.0,434.5773195876289,1.5727679992233294,83,41284.0,0.05056842729784184,83,41284.0
6115.0,87,42581.0,434.5,1.2884124808737067,87,41521.0,0.05646807807523501,87,41521.0
6120.0,82,42937.0,456.77659574468083,0.5840334048034468,82,41727.0,0.03595283905637481,82,41727.0
6125.0,78,43274.0,432.74,1.928647455734482,78,41871.0,0.08061701185446166,78,41871.0
6130.0,78,43664.0,436.64,2.321870974692095,78,42028.0,0.06333700071114345,78,42028.0
6135.0,75,43609.0,427.53921568627453,2.0917286190376982,75,41631.0,0.08193051265492601,75,41631.0
6140.0,71,43274.0,446.12371134020617,2.137602453134999,71,41170.0,0.08182282533551831,71,41170.0
6145.0,66,43066.0,430.66,2.834795324671,66,40383.0,0.10884554987099702,66,40383.0
6150.0,57,42765.0,445.46875,2.6242066647817777,57,40474.0,0.12103374489250152,57,40474.0
6155.0,51,42579.0,457.83870967741933,2.5879142898209517,51,40487.0,0.12684656673278577,51,40487.0
6160.0,59,42863.0,437.3775510204082,3.1073124616087724,59,40539.0,0.1269660451056929,59,40539.0
6165.0,66,43177.0,427.4950495049505,2.8150260970578143,66,40657.0,0.11597089843337675,66,40657.0
6170.0,74,43531.0,431.0,2.2178353896990037,74,40822.0,0.07091878250450484,74,40822.0
6175.0,83,43923.0,430.61764705882354,1.9478949636506704,83,41028.0,0.06631022843538849,83,41028.0
6180.0,88,44349.0,452.5408163265306,1.2958059818545615,88,41265.0,0.0385463205190758,88,41265.0
6185.0,82,44582.0,445.82,1.494605460771585,82,41177.0,0.08011491639926277,82,41177.0
6190.0,77,44683.0,455.94897959183675,1.6192529281121144,77,40834.0,0.06827301583815579,77,40834.0
6195.0,70,44831.0,431.0673076923077,2.771729254602118,70,40214.0,0.10195544317413635,70,40214.0
6200.0,61,44907.0,458.234693877551,2.315696919359686,61,40337.0,0.10957071134532254,61,40337.0
6205.0,61,45043.0,450.43,2.763594206749911,61,40416.0,0.1470087714421239,61,40416.0
6210.0,68,45366.0,444.7647058823529,2.6888730320429817,68,40542.0,0.09595208278690634,68,40542.0
6215.0,75,45721.0,435.43809523809523,2.2046742592835074,75,40708.0,0.09252513526138685,75,40708.0
6220.0,81,46116.0,452.11764705882354,1.4488998244877176,81,40913.0,0.06527546623962997,81,40913.0
6225.0,89,46543.0,451.873786407767,1.1426450637804815,89,41151.0,0.041001199451316764,89,41151.0
6230.0,94,47007.0,435.25,1.5566879303071546,94,41426.0,0.06032966779682557,94,41426.0
6235.0,90,46879.0,438.1214953271028,1.1835985365928687,90,41480.0,0.057494009798363235,90,41480.0
6240.0,86,46766.0,441.188679245283,1.4621606733879984,86,41355.0,0.06236415744098025,86,41355.0
6245.0,80,47039.0,427.6272727272727,2.46976987310131,80,41160.0,0.09994783743799399,80,41160.0
6250.0,81,47398.0,434.8440366972477,1.9783923911497208,81,41351.0,0.08251521879711929,81,41351.0
6255.0,82,47798.0,438.51376146788994,2.1712839160871527,82,41542.0,0.0772913396080793,82,41542.0
6260.0,88,48232.0,455.0188679245283,2.131687811302745,88,41783.0,0.05022570030474912,88,41783.0
6265.0,84,48291.0,464.33653846153845,1.8694159939735224,84,41639.0,0.05826668838404252,84,41639.0
6270.0,78,48155.0,476.7821782178218,1.824180886958343,78,41222.0,0.08051748462772017,78,41222.0
6275.0,72,48009.0,480.09,2.4373204982263577,72,40480.0,0.07534851638813313,72,40480.0
6280.0,61,47729.0,467.9313725490196,2.681291158999089,61,40466.0,0.12490028347135718,61,40466.0
6285.0,54,47484.0,494.625,2.493710988997342,54,40318.0,0.11875362423443146,54,40318.0
6290.0,62,47775.0,459.375,3.1122612684763356,62,40225.0,0.1389876389868862,62,40225.0
6295.0,65,47973.0,470.3235294117647,1.850343975857211,65,40312.0,0.06523730793036024,65,40312.0
6300.0,69,48243.0,472.97058823529414,2.110849519234336,69,40383.0,0.07443028408997879,69,40383.0
6305.0,78,48620.0,467.5,2.4463067380011134,78,40505.0,0.07690348227608389,78,40505.0
6310.0,82,49020.0,471.34615384615387,2.4852443489360163,82,40711.0,0.06549509981657638,82,40711.0
6315.0,84,49437.0,494.37,2.027553026704682,84,40938.0,0.061660214713023416,84,40938.0
6320.0,84,49857.0,503.6060606060606,1.853461289217809,84,41168.0,0.05404570944347712,84,41168.0
6325.0,80,50105.0,521.9270833333334,1.497729151019013,80,41293.0,0.06929930131152653,80,41293.0
6330.0,75,50398.0,509.07070707070704,2.3833736723591,75,41327.0,0.09922280017749772,75,41327.0
6335.0,78,50781.0,528.96875,2.296746275939639,78,41460.0,0.06351621552082931,78,41460.0
6340.0,75,51138.0,511.38,2.0770324569359233,75,41638.0,0.07262730661432976,75,41638.0
6345.0,78,51525.0,548.1382978723404,2.0135930671019695,78,41824.0,0.07579137510622289,78,41824.0
6350.0,78,51915.0,529.7448979591836,2.3647130616496232,78,42024.0,0.0636681705810508,78,42024.0
6355.0,74,51872.0,551.8297872340426,2.162504739452871,74,41778.0,0.07424762675451402,74,41778.0
6360.0,64,51519.0,566.1428571428571,2.1020560713712437,64,41304.0,0.09745404798643686,64,41304.0
6365.0,62,51299.0,557.5978260869565,2.916706813805636,62,40513.0,0.11134172739292707,62,40513.0
6370.0,51,50885.0,553.0978260869565,2.828374889000025,51,40547.0,0.13999246690742526,51,40547.0
6375.0,52,50887.0,571.7640449438202,3.0021448054858846,52,40559.0,0.15003098568508877,52,40559.0
6380.0,60,51169.0,550.2043010752689,2.440053582336245,60,40652.0,0.11580943735026847,60,40652.0
6385.0,65,51380.0,540.8421052631579,1.9753661888324028,65,40743.0,0.0973552835711839,65,40743.0
6390.0,66,51654.0,549.5106382978723,1.9522642587772647,66,40806.0,0.0928960403850514,66,40806.0
6395.0,72,52004.0,553.2340425531914,2.529942677938342,72,40923.0,0.08530517351978065,72,40923.0
6400.0,74,52371.0,551.2736842105263,2.712362476013297,74,41094.0,0.102846780872876,74,41094.0
6405.0,74,52741.0,573.2717391304348,2.426182716572797,74,41274.0,0.06663930592587167,74,41274.0
6410.0,76,53114.0,583.6703296703297,1.9889348617650588,76,41457.0,0.09748689265926118,76,41457.0
6415.0,74,53395.0,580.3804347826087,1.5914324887893303,74,41592.0,0.07062707506496363,74,41592.0
6420.0,76,53775.0,590.934065934066,1.8636044118465773,76,41738.0,0.0747620651853973,76,41738.0
6425.0,78,54159.0,576.1595744680851,1.9649129343996026,78,41932.0,0.06661128009040207,78,41932.0
6430.0,75,54507.0,592.4673913043479,1.5688659510101797,75,42112.0,0.07027037855882969,75,42112.0
6435.0,76,54875.0,596.4673913043479,1.8217537726363922,76,42273.0,0.07876775059060048,76,42273.0
6440.0,76,55255.0,600.5978260869565,2.1686014440219843,76,42458.0,0.06698694639149155,76,42458.0
6445.0,76,55635.0,591.8617021276596,2.07577971811964,76,42648.0,0.0767506527851643,76,42648.0
6450.0,79,56025.0,608.9673913043479,1.6437199188317735,79,42848.0,0.06652970913388222,79,42848.0
6455.0,74,55917.0,607.7934782608696,1.4711183655197815,74,42579.0,0.062442033121162074,74,42579.0
6460.0,68,55480.0,603.0434782608696,2.3072376943603765,68,41917.0,0.09652931123707521,68,41917.0
6465.0,62,55180.0,593.3333333333334,2.8048307779267567,62,40847.0,0.11240566667416532,62,40847.0
6470.0,54,54842.0,596.1086956521739,2.8851689726399776,54,40921.0,0.14315494947639548,54,40921.0
6475.0,53,54810.0,609.0,2.808691535337808,53,40980.0,0.15035423052690275,53,40980.0
6480.0,61,55098.0,612.2,2.3528725329368183,61,41078.0,0.08578808549918833,61,41078.0
6485.0,69,55432.0,583.4947368421052,2.0528402658929656,69,41222.0,0.07811478868252299,69,41222.0
6490.0,76,55796.0,613.1428571428571,1.2835354882618815,76,41397.0,0.05107506254684085,76,41397.0
6495.0,82,56196.0,591.5368421052632,1.6871604128221678,82,41607.0,0.07119590546711721,82,41607.0
6500.0,82,56606.0,615.2826086956521,1.3167465307189108,82,41827.0,0.05793607800989176,82,41827.0
6505.0,80,56664.0,590.25,1.2928086901703455,80,41903.0,0.07111478203474482,80,41903.0
6510.0,74,56876.0,605.063829787234,1.9267458757009834,74,41883.0,0.08760936257835698,74,41883.0
6515.0,75,57247.0,584.1530612244898,2.4622086779134076,75,41922.0,0.08122574747130427,75,41922.0
6520.0,74,57568.0,575.68,2.0249601709594462,74,42069.0,0.07184133194322866,74,42069.0
6525.0,78,57941.0,591.234693877551,1.9728583228262477,78,42229.0,0.07783097072395079,78,42229.0
6530.0,80,58335.0,595.2551020408164,2.293445292120883,80,42425.0,0.06483422467412471,80,42425.0
6535.0,80,58735.0,599.3367346938776,2.3523483246273105,80,42635.0,0.08113919113152059,80,42635.0
6540.0,75,59031.0,648.6923076923077,1.3701488076756971,75,42789.0,0.05431205619355642,75,42789.0
6545.0,75,59406.0,625.3263157894737,1.982059283553832,75,42917.0,0.08181574922526756,75,42917.0
6550.0,78,59792.0,642.9247311827957,1.9029152623850873,78,43113.0,0.06128321550531653,78,43113.0
6555.0,74,60140.0,620.0,1.9319766831438347,74,43289.0,0.08424022490238492,74,43289.0
6560.0,77,60521.0,650.763440860215,1.9631701679833398,77,43462.0,0.08052871959270122,77,43462.0
6565.0,78,60908.0,621.5102040816327,2.576758870634041,78,43659.0,0.08651520696643508,78,43659.0
6570.0,78,61280.0,666.0869565217391,1.6819911013650728,78,43846.0,0.06814463710144855,78,43846.0
6575.0,78,61670.0,656.063829787234,1.7506798402908792,78,44041.0,0.06673542431795672,78,44041.0
6580.0,81,62066.0,667.3763440860215,1.5599372662394695,81,44247.0,0.06312738495008297,81,44247.0
6585.0,77,61789.0,671.6195652173913,1.210152941307227,77,43835.0,0.055908986379589735,77,43835.0
6590.0,70,61057.0,649.5425531914893,2.0091862611463047,70,42987.0,0.09615195074977016,70,42987.0
6595.0,65,60528.0,630.5,2.80476398341262,65,41661.0,0.10437466636921108,65,41661.0
6600.0,60,59995.0,638.2446808510638,2.5061571459510352,60,41763.0,0.10695742124308383,60,41763.0
6605.0,62,59855.0,643.6021505376344,2.3188000425743667,62,41869.0,0.1077602166824182,62,41869.0
6610.0,69,60187.0,626.9479166666666,1.8269411865288177,69,42011.0,0.09947247301932452,69,42011.0
6615.0,73,60322.0,615.530612244898,1.1879054988329916,73,42096.0,0.06498102473719167,73,42096.0
6620.0,71,60448.0,604.48,1.840205514229119,71,42099.0,0.06433968693076787,71,42099.0
6625.0,73,60743.0,595.5196078431372,2.4922236507360895,73,42140.0,0.08971593499604583,73,42140.0
6630.0,74,61103.0,593.2330097087379,2.86072889176853,74,42211.0,0.10772470159346256,74,42211.0
6635.0,77,61485.0,627.3979591836735,2.6436306596728727,77,42364.0,0.07643636260491939,77,42364.0
6640.0,79,61874.0,618.74,2.713142097235375,79,42559.0,0.08493174342732845,79,42559.0
6645.0,79,62269.0,669.5591397849462,1.8378555032829227,79,42764.0,0.05799013355922886,79,42764.0
6650.0,76,62562.0,658.5473684210526,1.6817280216880708,76,42912.0,0.0776539749736853,76,42912.0
6655.0,78,62943.0,691.6813186813187,1.6033641084347092,78,43061.0,0.06326725881088062,78,43061.0
6660.0,81,63338.0,666.7157894736843,1.7330372073849925,81,43263.0,0.039807301927011894,81,43263.0
6665.0,77,63679.0,663.3229166666666,1.7890092723272275,77,43447.0,0.0631198053333386,77,43447.0
6670.0,76,64048.0,674.1894736842105,1.9764072198867217,76,43599.0,0.07976836842151588,76,43599.0
6675.0,78,64432.0,671.1666666666666,2.372645634321737,78,43787.0,0.06918486312450181,78,43787.0
6680.0,74,64348.0,670.2916666666666,2.2140128011383062,74,43353.0,0.08393010814797329,74,43353.0
6685.0,66,63950.0,710.5555555555555,1.9617242945307052,66,42461.0,0.09405296090893207,66,42461.0
6690.0,61,63685.0,677.5,2.7348910490808147,61,41143.0,0.09998376910173426,61,41143.0
6695.0,54,63352.0,696.1758241758242,2.74282837781634,54,41195.0,0.12372969864284038,54,41195.0
6700.0,54,63280.0,695.3846153846154,2.8397857971919938,54,41251.0,0.13154087444740167,54,41251.0
6705.0,64,63581.0,706.4555555555555,2.1627983832300224,64,41362.0,0.09806060346315457,64,41362.0
6710.0,68,63766.0,664.2291666666666,1.809263445485526,68,41447.0,0.09769233981140876,68,41447.0
6715.0,64,63989.0,680.7340425531914,1.7443567688644863,64,41498.0,0.06630025884169875,64,41498.0
6720.0,70,64330.0,663.1958762886597,2.5230483645399064,70,41567.0,0.0878837437199127,70,41567.0
6725.0,73,64693.0,673.8854166666666,2.995753903112648,73,41718.0,0.09838880749522648,73,41718.0
6730.0,73,65058.0,692.1063829787234,2.664827277668132,73,41893.0,0.07762194101961617,73,41893.0
6735.0,75,65429.0,696.0531914893617,2.2829328406964375,75,42074.0,0.08251542340943872,75,42074.0
6740.0,79,65815.0,700.1595744680851,1.9200387198525184,79,42270.0,0.07967742979467404,79,42270.0
6745.0,75,65919.0,716.5108695652174,1.5650145140610436,75,41925.0,0.07123870385451414,75,41925.0
6750.0,67,65871.0,693.3789473684211,2.6971408505794905,67,40957.0,0.11719692875685306,67,40957.0
6755.0,62,65847.0,715.7282608695652,2.8563009255962473,62,40111.0,0.10209658620310991,62,40111.0
6760.0,52,65714.0,706.6021505376344,3.0429002918473786,52,40188.0,0.15604493936680405,52,40188.0
6765.0,54,65902.0,740.4719101123595,2.9997883739465463,54,40243.0,0.14429911577029364,54,40243.0
6770.0,62,66196.0,704.2127659574468,3.064713171205527,62,40347.0,0.1174252138560216,62,40347.0
6775.0,69,66525.0,723.0978260869565,2.303373685579303,69,40487.0,0.08245686177677747,69,40487.0
6780.0,77,66887.0,760.0795454545455,1.3117443095194943,77,40661.0,0.05854266862415993,77,40661.0
6785.0,79,67281.0,755.9662921348314,1.4578011292758963,79,40865.0,0.06434539550394003,79,40865.0
6790.0,79,67676.0,751.9555555555555,1.3206830991447067,79,41070.0,0.05585657080116404,79,41070.0
6795.0,75,67673.0,735.5760869565217,1.526539272159362,75,41121.0,0.07128478841380159,75,41121.0
6800.0,68,67787.0,744.9120879120879,1.913949382728821,68,41042.0,0.06649758820357649,68,41042.0
6805.0,71,68133.0,702.4020618556701,2.877689174311002,71,40992.0,0.11509616841607494,71,40992.0
6810.0,70,68444.0,712.9583333333334,2.15147177238196,70,41133.0,0.07899620937752419,70,41133.0
6815.0,75,68814.0,724.3578947368421,2.237947645185335,75,41293.0,0.0789483948353608,75,41293.0
6820.0,77,69195.0,744.0322580645161,2.330033558441223,77,41484.0,0.0580582081579358,77,41484.0
6825.0,73,69499.0,755.4239130434783,1.8202946170596683,73,41616.0,0.06483875168491718,73,41616.0
6830.0,73,69856.0,784.8988764044943,1.8643864839354165,73,41738.0,0.07306698197628546,73,41738.0
6835.0,76,70229.0,763.3586956521739,2.0945784856624856,76,41913.0,0.06636561177047937,76,41913.0
6840.0,71,70543.0,801.625,1.3658467308126996,71,42069.0,0.044011291884219185,71,42069.0
6845.0,74,70896.0,754.2127659574468,2.052741330235903,74,42205.0,0.0873468478160137,74,42205.0
6850.0,76,71274.0,766.3870967741935,2.35602653968266,76,42388.0,0.05719719214093889,76,42388.0
6855.0,75,71629.0,762.0106382978723,1.924396894811811,75,42555.0,0.07279580787289659,75,42555.0
6860.0,78,72017.0,809.1797752808989,1.4825883942361235,78,42751.0,0.06151639404729249,78,42751.0
6865.0,81,72412.0,770.3404255319149,1.6781748770233227,81,42956.0,0.07115153913820778,81,42956.0
6870.0,76,72747.0,808.3,1.2320545377087895,76,43137.0,0.05834424925646575,76,43137.0
6875.0,74,73108.0,786.1075268817204,1.8631775960821932,74,43281.0,0.07501007735173632,74,43281.0
6880.0,77,73485.0,765.46875,2.4284111478086525,77,43459.0,0.07319593038910191,77,43459.0
6885.0,72,73128.0,769.7684210526315,2.1315490529436096,72,43040.0,0.08353042221489795,72,43040.0
6890.0,68,72395.0,795.5494505494505,2.0747127966292873,68,42251.0,0.0967239451183977,68,42251.0
6895.0,60,71540.0,761.063829787234,2.953060256710691,60,41034.0,0.11141523706798032,60,41034.0
6900.0,54,71021.0,780.4505494505495,3.3858833448643444,54,40391.0,0.13528824780013227,54,40391.0
6905.0,50,71045.0,789.3888888888889,3.311049034976858,50,40109.0,0.1743481634965847,50,40109.0
6910.0,49,71261.0,809.7840909090909,3.089542181151205,49,40115.0,0.1512322713135761,49,40115.0
6915.0,57,71532.0,760.9787234042553,3.331937991593479,57,40171.0,0.15272084140934586,57,40171.0
6920.0,65,71839.0,798.2111111111111,2.752191677781178,65,40285.0,0.08400917329380347,65,40285.0
6925.0,73,72181.0,802.0111111111111,2.2420306157042558,73,40437.0,0.09980337320856059,73,40437.0
6930.0,74,72550.0,853.5294117647059,1.5564671064883164,74,40616.0,0.06949747685278579,74,40616.0
6935.0,74,72920.0,838.1609195402299,1.572058271894846,74,40796.0,0.0789519424657189,74,40796.0
6940.0,76,73298.0,842.5057471264367,1.6096911046336422,76,40984.0,0.06811386678110343,76,40984.0
6945.0,76,73678.0,837.25,1.5480780797700329,76,41174.0,0.054938086869855005,76,41174.0
6950.0,74,73706.0,801.1521739130435,1.9159409673203913,74,41222.0,0.11012205325425449,74,41222.0
6955.0,66,73873.0,794.3333333333334,2.18313536947884,66,41164.0,0.10307655839318679,66,41164.0
6960.0,74,74229.0,789.6702127659574,2.415902140949396,74,41169.0,0.07396017303297879,74,41169.0
6965.0,69,74539.0,784.6210526315789,2.208916388690043,69,41313.0,0.08316508251520839,69,41313.0
6970.0,72,74897.0,814.0978260869565,2.280358374758984,72,41457.0,0.06304855762370458,72,41457.0
6975.0,74,75264.0,818.0869565217391,2.545323824931479,74,41634.0,0.09071507330866163,74,41634.0
6980.0,74,75634.0,849.8202247191011,2.164294595496555,74,41814.0,0.06938357132875879,74,41814.0
6985.0,69,75898.0,862.4772727272727,1.7937775899718025,69,41933.0,0.08047302385633132,69,41933.0
6990.0,72,76245.0,828.75,2.0722355516161404,72,42032.0,0.08305401204777729,72,42032.0
6995.0,76,76623.0,851.3666666666667,1.9375332355205612,76,42219.0,0.048395874786312194,76,42219.0
7000.0,78,77010.0,837.0652173913044,1.6515748209988588,78,42416.0,0.06387580314764611,78,42416.0
7005.0,74,77327.0,878.7159090909091,1.1343518669335269,74,42584.0,0.056293941524168396,74,42584.0
7010.0,72,77678.0,835.247311827957,2.1236433488607047,72,42713.0,0.09318337269329324,72,42713.0
7015.0,74,78046.0,848.3260869565217,2.506638186204151,74,42882.0,0.06668205314623413,74,42882.0
7020.0,70,77739.0,854.2747252747253,1.8875873979059692,70,42532.0,0.06164584205168927,70,42532.0
7025.0,65,76995.0,836.9021739130435,2.403048120702635,65,41457.0,0.09547555877628582,65,41457.0
7030.0,59,76351.0,820.9784946236559,3.0738241299798297,59,40489.0,0.12222246227727702,59,40489.0
7035.0,57,76145.0,836.7582417582418,3.6389853326573935,57,39585.0,0.14665172368691615,57,39585.0
7040.0,49,76189.0,846.5444444444445,3.609019783662458,49,39490.0,0.17226132378744052,49,39490.0
7045.0,53,76415.0,888.546511627907,2.981063003131023,53,39499.0,0.13760753931157269,53,39499.0
7050.0,58,76692.0,881.5172413793103,3.0898153018483647,58,39561.0,0.11533454084863451,58,39561.0
7055.0,64,76999.0,927.6987951807229,2.477595597881914,64,39680.0,0.052645519535239535,64,39680.0
7060.0,67,77333.0,899.2209302325581,2.716531513034919,67,39824.0,0.13642935973811815,67,39824.0
7065.0,68,77670.0,947.1951219512196,1.6200538244294633,68,39971.0,0.06673506536367131,68,39971.0
7070.0,73,78022.0,896.8045977011494,2.0010914888845557,73,40133.0,0.07499732987205299,73,40133.0
7075.0,73,78387.0,944.4216867469879,1.4863821303524063,73,40308.0,0.06251716719543543,73,40308.0
7080.0,68,78405.0,933.3928571428571,1.303815005625708,68,40340.0,0.0802167021619954,68,40340.0
7085.0,65,78572.0,924.3764705882353,2.063726164317035,65,40271.0,0.10541803745196417,65,40271.0
7090.0,65,78897.0,886.4831460674158,2.6115244324401674,65,40255.0,0.08867545024367941,65,40255.0
7095.0,63,79179.0,860.6413043478261,2.64722375670995,63,40374.0,0.1175494180203413,63,40374.0
7100.0,66,79499.0,873.6153846153846,2.6266888697790325,66,40480.0,0.10039184988124665,66,40480.0
7105.0,71,79842.0,897.1011235955057,2.5506702997478907,71,40630.0,0.06968144253427927,71,40630.0
7110.0,71,80197.0,911.3295454545455,2.4513461542068806,71,40795.0,0.10057635052379703,71,40795.0
7115.0,72,80553.0,982.3536585365854,1.381165634928864,72,40961.0,0.04840944364970796,72,40961.0
7120.0,73,80917.0,930.080459770115,2.0505991165721595,73,41135.0,0.0881195092707411,73,41135.0
7125.0,68,81123.0,977.3855421686746,1.4923862949638236,68,41238.0,0.06511957044905187,68,41238.0
7130.0,66,81433.0,904.8111111111111,2.7283787506184773,66,41284.0,0.12843875647453024,66,41284.0
7135.0,71,81774.0,908.6,2.298488320371202,71,41415.0,0.07358010676295908,71,41415.0
7140.0,69,82095.0,912.1666666666666,1.9809051690175383,69,41562.0,0.06732543240531362,69,41562.0
7145.0,71,82445.0,936.875,2.2440099468094123,71,41706.0,0.0882412377393844,71,41706.0
7150.0,71,82800.0,940.9090909090909,2.54887268289813,71,41871.0,0.08696603214615416,71,41871.0
7155.0,67,82474.0,947.9770114942529,2.012844462804199,67,41533.0,0.07725900599425987,67,41533.0
7160.0,60,81810.0,985.6626506024096,2.29192959527727,60,40820.0,0.09241843629926545,60,40820.0
7165.0,56,81312.0,913.6179775280899,3.232035119100384,56,39993.0,0.13564332042736352,56,39993.0
7170.0,46,81135.0,921.9886363636364,3.119688296611992,46,39850.0,0.14117652647318119,46,39850.0
7175.0,51,81340.0,945.8139534883721,3.0925903451323777,51,39886.0,0.14241742216724168,51,39886.0
7180.0,59,81619.0,960.2235294117647,2.766370907901839,59,39975.0,0.09947234636014332,59,39975.0
7185.0,64,81928.0,987.0843373493976,2.0894173963014873,64,40094.0,0.06439319009298942,64,40094.0
7190.0,71,82272.0,1015.7037037037037,1.6289282076196152,71,40248.0,0.07465908529956308,71,40248.0
7195.0,71,82627.0,1007.6463414634146,1.6849148790510626,71,40413.0,0.07242491880558846,71,40413.0
7200.0,66,82704.0,1021.0370370370371,1.5556926444805432,66,40458.0,0.06002169076922954,66,40458.0
7205.0,62,82937.0,942.4659090909091,2.5984963175416174,62,40423.0,0.13273252040310468,62,40423.0
7210.0,68,83266.0,957.080459770115,2.5069668094185293,68,40482.0,0.06777026761500714,68,40482.0
7215.0,65,83571.0,939.0,2.2541789100103315,65,40613.0,0.08492285813494783,65,40613.0
7220.0,67,83904.0,1010.8915662650602,2.2438616228495194,67,40740.0,0.07859022351391685,67,40740.0
7225.0,67,84239.0,968.264367816092,2.686248212342939,67,40885.0,0.08146843718435721,67,40885.0
7230.0,69,84583.0,1031.5,2.117099616542681,69,41039.0,0.07362410067158359,69,41039.0
7235.0,70,84929.0,1035.719512195122,1.6546162300200258,70,41195.0,0.057416117003063254,70,41195.0
7240.0,66,84874.0,998.5176470588235,1.9862029579142724,66,40913.0,0.10335253805422351,66,40913.0
7245.0,59,84545.0,960.7386363636364,2.388762338701474,59,40090.0,0.09080378459677178,59,40090.0
7250.0,58,84394.0,959.0227272727273,3.261901992820323,58,39422.0,0.12175039912147538,58,39422.0
7255.0,47,84436.0,970.528735632184,3.236565612691005,47,39374.0,0.15768619708440587,47,39374.0
7260.0,53,84674.0,1045.358024691358,2.4691582404995756,53,39416.0,0.10594690386805389,53,39416.0
7265.0,59,84960.0,999.5294117647059,2.9182404057604234,59,39513.0,0.1046933593551214,59,39513.0
7270.0,65,85275.0,1052.7777777777778,2.219161610458869,65,39638.0,0.0617467638157423,65,39638.0
7275.0,68,85611.0,1007.1882352941177,2.4620145533153033,68,39784.0,0.11752739796959157,68,39784.0
7280.0,68,85951.0,1035.55421686747,1.799639551657911,68,39934.0,0.07682698135682284,68,39934.0
7285.0,68,85949.0,999.4069767441861,1.761628905550463,68,39955.0,0.10042378853111712,68,39955.0
7290.0,63,86097.0,1024.9642857142858,2.05478769910438,63,39870.0,0.09796203864414109,63,39870.0
7295.0,65,86417.0,982.0113636363636,2.5757607079522775,65,39840.0,0.08750167869696018,65,39840.0
7300.0,64,86700.0,985.2272727272727,2.4519001623719103,64,39957.0,0.08147870462217116,64,39957.0
7305.0,64,87010.0,1035.8333333333333,2.6490479698067797,64,40056.0,0.08157736984128587,64,40056.0
7310.0,66,87335.0,992.4431818181819,3.243744501920663,66,40188.0,0.11242178765839446,66,40188.0
7315.0,66,87665.0,1031.3529411764705,2.644684430221112,66,40328.0,0.11229537557266735,66,40328.0
7320.0,66,74242.0,916.5679012345679,1.171889450298506,66,38475.0,0.054094936971696886,66,38475.0
7325.0,59,51658.0,614.9761904761905,2.351705480961102,59,34635.0,0.10381191790060443,59,34635.0
7330.0,55,33641.0,395.77647058823527,2.8476033170386468,55,29800.0,0.11418020321567349,55,29800.0
7335.0,46,15540.0,182.8235294117647,2.820345187633118,46,28899.0,0.14526885252555652,46,28899.0
7340.0,42,2027.0,23.847058823529412,3.555168167214101,42,28948.0,0.1652243380505557,42,28948.0
7345.0,49,2260.0,25.681818181818183,3.688789195922546,49,29045.0,0.14265744063476532,49,29045.0
7350.0,58,2531.0,27.51086956521739,2.702021930320855,58,29186.0,0.10857824761739936,58,29186.0
7355.0,68,2850.0,32.02247191011236,1.389036569261846,68,29375.0,0.05145973009280159,68,29375.0
7360.0,75,3217.0,34.223404255319146,1.5690019553300183,75,29612.0,0.06275930139042611,75,29612.0
7365.0,82,3615.0,39.29347826086956,1.0809560369334805,82,29880.0,0.044823940551883615,82,29880.0
7370.0,84,4033.0,41.577319587628864,1.6877633151129607,84,30168.0,0.0605867106532517,84,30168.0
7375.0,84,4453.0,47.37234042553192,1.2789900392794102,84,30458.0,0.053627886445395706,84,30458.0
7380.0,80,4414.0,45.04081632653061,1.461421885865322,80,30575.0,0.045038870632293004,80,30575.0
7385.0,73,4408.0,44.08,2.168783305189965,73,30529.0,0.09444416308386053,73,30529.0
7390.0,76,4762.0,46.68627450980392,2.3754869078783973,76,30475.0,0.07775157798708851,76,30475.0
7395.0,73,5100.0,50.495049504950494,2.163685799973792,73,30701.0,0.08362307316819083,73,30701.0
7400.0,79,5482.0,55.37373737373738,2.1074450337787924,79,30935.0,0.08128653717585108,79,30935.0
7405.0,82,5883.0,60.03061224489796,2.100124539768563,82,31206.0,0.06566011278377143,82,31206.0
7410.0,82,6293.0,65.55208333333333,1.8874130064382142,82,31486.0,0.07132256910074504,82,31486.0
7415.0,77,6593.0,71.66304347826087,1.4433303379213218,77,31665.0,0.060236462249991976,77,31665.0
7420.0,75,6908.0,71.21649484536083,1.9036317827381133,75,31788.0,0.09289237599517573,75,31788.0
7425.0,79,7299.0,75.24742268041237,2.2784447797352385,79,31995.0,0.07701390581453162,79,31995.0
7430.0,75,6657.0,66.57,2.0395328252859324,75,31652.0,0.07240898037649553,75,31652.0
7435.0,69,5352.0,56.93617021276596,2.297703119186471,69,30608.0,0.09127640542932247,69,30608.0
7440.0,62,4539.0,46.79381443298969,2.881270521142116,62,29652.0,0.09908474255047493,62,29652.0
7445.0,55,3880.0,41.72043010752688,2.740909309038795,55,29764.0,0.1280871781121575,55,29764.0
7450.0,50,3916.0,42.56521739130435,2.971116540915945,50,29801.0,0.15028872548203465,50,29801.0
7455.0,57,4187.0,44.07368421052632,3.3357794647533603,57,29878.0,0.1464331493682874,57,29878.0
7460.0,65,4496.0,46.350515463917525,3.0570982921025798,65,30050.0,0.11809653824870237,65,30050.0
7465.0,73,4842.0,52.064516129032256,2.3000589681090253,73,30266.0,0.07195466672296669,73,30266.0
7470.0,76,5217.0,55.5,2.3599040483782106,76,30511.0,0.09097296797040169,76,30511.0
7475.0,76,5597.0,63.60227272727273,1.519838841139002,76,30761.0,0.050770575637845525,76,30761.0
7480.0,72,5759.0,62.59782608695652,1.9316532402726836,72,30916.0,0.09662374048911274,72,30916.0
7485.0,72,6065.0,68.14606741573034,1.959211232216646,72,31012.0,0.08431174708195954,72,31012.0
7490.0,73,6426.0,67.6421052631579,2.389180580287001,73,31200.0,0.07484726583444339,73,31200.0
7495.0,72,6749.0,71.0421052631579,2.1075132103119363,72,31420.0,0.07412858348271897,72,31420.0
7500.0,72,7098.0,76.3225806451613,2.2936549790414245,72,31620.0,0.07271665234727703,72,31620.0
7505.0,73,7460.0,81.08695652173913,2.612454774308187,73,31844.0,0.069003050937299,73,31844.0
7510.0,68,7438.0,82.64444444444445,2.533988966190429,68,31541.0,0.09338160634172323,68,31541.0
7515.0,62,7156.0,82.25287356321839,2.2770320075163615,62,30751.0,0.10195946767764061,62,30751.0
7520.0,56,6989.0,81.26744186046511,2.8752994163485255,56,29709.0,0.09310696903800496,56,29709.0
7525.0,48,6810.0,77.38636363636364,3.1260327217416193,48,29814.0,0.15329678111176007,48,29814.0
7530.0,50,6984.0,82.16470588235295,3.0818588157237854,50,29904.0,0.14488565259311725,50,29904.0
7535.0,58,7257.0,82.4659090909091,2.7897934147866086,58,30044.0,0.08178132711716407,58,30044.0
7540.0,66,7571.0,90.13095238095238,1.9537017933035075,66,30228.0,0.07945233651488891,66,30228.0
7545.0,70,7915.0,95.36144578313252,1.5262677448664284,70,30442.0,0.0579029894272224,70,30442.0
7550.0,74,8278.0,98.54761904761905,1.4910377997019277,74,30675.0,0.06953322391287811,74,30675.0
7555.0,74,8648.0,99.40229885057471,1.8701917369624572,74,30915.0,0.07072344616122143,74,30915.0
7560.0,68,8743.0,104.08333333333333,1.4978798524244135,68,31037.0,0.05822988432058001,68,31037.0
7565.0,67,8995.0,99.94444444444444,2.177272744145387,67,31055.0,0.11091098386146132,67,31055.0
7570.0,71,9346.0,103.84444444444445,2.3458376639934495,71,31223.0,0.07305717927521874,71,31223.0
7575.0,68,8272.0,88.94623655913979,2.1375104967543033,68,29471.0,0.07630331762393858,68,29471.0
7580.0,62,6262.0,71.97701149425288,2.4137488843108987,62,25753.0,0.09780916068795656,62,25753.0
7585.0,56,4471.0,49.67777777777778,3.098047254661243,56,20075.0,0.13065163001378285,56,20075.0
7590.0,47,2522.0,28.988505747126435,2.890873705155546,47,19776.0,0.12831312641077333,47,19776.0
7595.0,41,996.0,11.581395348837209,3.297499953287761,41,19074.0,0.15586738302236863,41,19074.0
7600.0,43,750.0,8.241758241758241,3.314627507648902,43,18222.0,0.14304680146770432,43,18222.0
7605.0,45,554.0,5.831578947368421,2.9912010309957884,45,18300.0,0.15485898355714087,45,18300.0
7610.0,46,519.0,5.5212765957446805,2.3788396837038555,46,18319.0,0.10959662638902709,46,18319.0
7615.0,56,738.0,7.530612244897959,3.092499138703283,56,18359.0,0.12944921057415282,56,18359.0
7620.0,66,1052.0,11.191489361702128,2.806543917979779,66,18525.0,0.07633300840802429,66,18525.0
7625.0,70,1395.0,15.0,3.115626829052028,70,18777.0,0.1292499799547065,70,18777.0
7630.0,70,1745.0,19.829545454545453,2.3269142877827163,70,19056.0,0.049704149858015176,70,19056.0
7635.0,72,2103.0,22.13684210526316,2.8797716655520813,72,19344.0,0.10854157142011983,72,19344.0
7640.0,74,2466.0,28.022727272727273,1.744341258299901,74,19637.0,0.0694315041935451,74,19637.0
7645.0,77,2844.0,31.252747252747252,1.8246445471738062,77,19945.0,0.09347726062136079,77,19945.0
7650.0,78,3233.0,36.73863636363637,1.4905361712450793,78,20264.0,0.06529152941367806,78,20264.0
7655.0,79,3624.0,40.266666666666666,1.4500468883242263,79,20585.0,0.06471852605828533,79,20585.0
7660.0,80,4024.0,44.71111111111111,1.487975593714571,80,20915.0,0.06538432759338782,80,20915.0
7665.0,81,4425.0,48.09782608695652,1.4607736589338567,81,21246.0,0.04598411724811829,81,21246.0
7670.0,76,4331.0,45.114583333333336,1.9320179155817374,76,21390.0,0.10252165622373717,76,21390.0
7675.0,68,4287.0,44.1958762886598,2.129931670540651,68,21369.0,0.0926157366082916,68,21369.0
7680.0,72,4615.0,47.577319587628864,2.5829746239440787,72,21341.0,0.09023301884097476,72,21341.0
7685.0,70,4942.0,50.42857142857143,2.2961718648589713,70,21611.0,0.08217513268047921,70,21611.0
7690.0,74,5300.0,55.78947368421053,2.0167443492911614,74,21887.0,0.06030614118827034,74,21887.0
7695.0,78,5687.0,59.863157894736844,2.3837903640528717,78,22203.0,0.07796316383017575,78,22203.0
7700.0,78,6077.0,66.05434782608695,1.9882313153758229,78,22523.0,0.06405476352547398,78,22523.0
7705.0,74,6361.0,69.1413043478261,1.7510472147911584,74,22744.0,0.08805853840671268,74,22744.0
7710.0,72,6646.0,70.70212765957447,1.861958449740141,72,22904.0,0.09052942251356488,72,22904.0
7715.0,76,7022.0,74.70212765957447,1.9147938386003487,76,23143.0,0.048270548683866016,76,23143.0
7720.0,75,7363.0,74.37373737373737,2.1525719373796575,75,23432.0,0.07277841354955092,75,23432.0
7725.0,74,7731.0,83.12903225806451,2.0806694385714635,74,23714.0,0.05736186703499262,74,23714.0
7730.0,75,8103.0,85.29473684210527,2.6376183304820606,75,24014.0,0.06384400538762569,75,24014.0
7735.0,76,8483.0,95.31460674157303,1.9042185223406758,76,24324.0,0.06347937267356103,76,24324.0
7740.0,76,8863.0,101.8735632183908,1.4493547474330783,76,24634.0,0.05326785078426567,76,24634.0
7745.0,73,9160.0,101.77777777777777,1.7083670424420607,73,24892.0,0.07322077990197548,73,24892.0
7750.0,75,9529.0,105.87777777777778,1.7860148708097527,75,25160.0,0.07199079748672445,75,25160.0
7755.0,78,9913.0,107.75,1.8964532584232672,78,25474.0,0.05990915351451246,78,25474.0
7760.0,73,9381.0,101.96739130434783,1.5322921776387035,73,25185.0,0.07235747370241083,73,25185.0
7765.0,66,8233.0,90.47252747252747,2.190588526768673,66,24252.0,0.10115790596315696,66,24252.0
7770.0,61,7462.0,79.38297872340425,3.0340230475947414,61,23340.0,0.11426193502865348,61,23340.0
7775.0,56,6985.0,79.375,2.4896222080127424,56,23371.0,0.10994799908260906,56,23371.0
7780.0,60,7011.0,75.38709677419355,2.4438239832718462,60,23589.0,0.11871609805646376,60,23589.0
7785.0,66,7329.0,81.43333333333334,1.7198627612487274,66,23837.0,0.09414242658530514,66,23837.0
7790.0,70,7467.0,77.78125,1.3787936107557748,70,24038.0,0.08491261845523806,70,24038.0
7795.0,70,7612.0,80.12631578947368,1.562251897385479,70,24189.0,0.0582961040229347,70,24189.0
7800.0,69,7922.0,80.02020202020202,2.7676213626460036,69,24318.0,0.09873012978404663,69,24318.0
7805.0,71,8273.0,86.17708333333333,2.8715804045454907,71,24519.0,0.09600898594957491,71,24519.0
7810.0,71,8628.0,90.82105263157895,3.062096556738991,71,24789.0,0.12541279373043962,71,24789.0
7815.0,69,8911.0,94.79787234042553,2.291876149866456,69,25023.0,0.09741518523184037,69,25023.0
7820.0,74,9271.0,96.57291666666667,2.3987997395574268,74,25289.0,0.08813458583175651,74,25289.0
7825.0,79,9655.0,103.81720430107526,1.8815297309815735,79,25603.0,0.07665043723578381,79,25603.0
7830.0,73,9972.0,106.08510638297872,1.73177286665632,73,25889.0,0.07543700582910512,73,25889.0
7835.0,71,10315.0,113.35164835164835,2.0852749609334995,71,26131.0,0.08128701424467447,71,26131.0
7840.0,72,10674.0,112.3578947368421,2.810542855022877,72,26412.0,0.10279984045799576,72,26412.0
7845.0,73,11039.0,121.3076923076923,2.4836658008657286,73,26707.0,0.0704958089773356,73,26707.0
7850.0,68,10959.0,119.1195652173913,2.2190108776979356,68,26459.0,0.09756931663476197,68,26459.0
7855.0,62,10600.0,120.45454545454545,2.2626905940020494,62,25745.0,0.10144593965425985,62,25745.0
7860.0,57,10302.0,115.75280898876404,3.177289029735894,57,24718.0,0.12115468072029176,57,24718.0
7865.0,49,10163.0,114.19101123595506,3.197090583399099,49,24671.0,0.15243003102187075,49,24671.0
7870.0,51,10304.0,122.66666666666667,3.0607003947078586,51,24820.0,0.1592481418363456,51,24820.0
7875.0,58,10576.0,120.18181818181819,2.9128988059295056,58,25020.0,0.10181897859055188,58,25020.0
7880.0,66,10889.0,129.63095238095238,2.1290999535688204,66,25263.0,0.07713415175773403,66,25263.0
7885.0,72,11227.0,130.54651162790697,1.9800727846597943,72,25537.0,0.10576787785833022,72,25537.0
7890.0,66,11445.0,133.08139534883722,1.874507635401146,66,25441.0,0.09504581227558796,66,25441.0
7895.0,60,11574.0,131.52272727272728,2.213434350442069,60,24897.0,0.07674469037172356,60,24897.0
7900.0,58,11768.0,133.72727272727272,3.1648190322770815,58,24469.0,0.11559114935343087,58,24469.0
7905.0,53,11952.0,137.3793103448276,2.7188605791459164,53,24597.0,0.11148442070449069,53,24597.0
7910.0,58,12226.0,145.54761904761904,2.5949167866741987,58,24785.0,0.10953846463882719,58,24785.0
7915.0,64,12535.0,147.47058823529412,2.6628625575248464,64,25022.0,0.06954858471458242,64,25022.0
7920.0,68,12867.0,158.85185185185185,1.885162658826367,68,25285.0,0.047383460731273856,68,25285.0
7925.0,69,13212.0,151.86206896551724,2.491882851882457,69,25560.0,0.11886317771679626,69,25560.0
7930.0,71,13560.0,163.3734939759036,1.3919021349372547,71,25838.0,0.06054473784208825,71,25838.0
7935.0,70,13411.0,152.39772727272728,1.5883320568959407,70,25936.0,0.07773665471045273,70,25936.0
7940.0,63,13325.0,156.76470588235293,1.9766475838869997,63,25818.0,0.07886407407846277,63,25818.0
7945.0,63,13614.0,149.6043956043956,3.0065923512446533,63,25807.0,0.11631888439941229,63,25807.0
7950.0,59,13869.0,159.41379310344828,2.4927835356959895,59,25995.0,0.0916700639230769,59,25995.0
7955.0,63,14165.0,164.7093023255814,2.304281801630379,63,26192.0,0.06965304136063107,63,26192.0
7960.0,66,14491.0,164.67045454545453,3.1706595087243645,66,26443.0,0.12305443539327143,66,26443.0
7965.0,67,14823.0,168.4431818181818,2.639696017763768,67,26705.0,0.088026043702065,67,26705.0
7970.0,66,15064.0,181.49397590361446,2.054722220688086,66,26887.0,0.08359919407590947,66,26887.0
7975.0,62,15322.0,178.1627906976744,2.7380893119959744,62,27022.0,0.10174202813866506,62,27022.0
7980.0,65,15642.0,190.7560975609756,2.39640503973681,65,27220.0,0.05675788707026855,65,27220.0
7985.0,62,15932.0,187.43529411764706,2.2268324336296996,62,27453.0,0.07751630350430223,62,27453.0
7990.0,62,16242.0,200.5185185185185,2.6308655931161318,62,27680.0,0.08586640745698465,62,27680.0
7995.0,63,16555.0,192.5,3.246805862978688,63,27923.0,0.13577473641859025,63,27923.0
8000.0,65,16876.0,208.34567901234567,2.2478024261079033,65,28174.0,0.0862901156449171,65,28174.0
8005.0,66,17172.0,204.42857142857142,1.8516499192278961,66,28411.0,0.09535195971756119,66,28411.0
8010.0,69,17509.0,218.8625,1.5430910367478368,69,28667.0,0.07107219197749377,69,28667.0
8015.0,69,17854.0,212.54761904761904,1.995388089875522,69,28942.0,0.10638969076657577,69,28942.0
8020.0,67,18148.0,218.65060240963857,1.3991408889681676,67,29189.0,0.07721608921042658,67,29189.0
8025.0,67,18482.0,222.67469879518072,2.117218266325278,67,29431.0,0.08838725951595425,67,29431.0
8030.0,68,18818.0,206.7912087912088,3.027834236124474,68,29696.0,0.11084711441530504,68,29696.0
8035.0,70,19163.0,212.92222222222222,2.4091938216833353,70,29971.0,0.08908597901212191,70,29971.0
8040.0,73,19526.0,229.71764705882353,1.5693063572246568,73,30264.0,0.04981809860007437,73,30264.0
8045.0,75,19899.0,231.38372093023256,1.6916833040070922,75,30567.0,0.09008021494545723,75,30567.0
8050.0,75,20274.0,238.51764705882354,1.4027896758013063,75,30872.0,0.053064092688109514,75,30872.0
8055.0,71,20508.0,230.42696629213484,2.062151713554677,71,31107.0,0.0939853903558245,71,31107.0
8060.0,71,20850.0,239.6551724137931,1.8739777584981419,71,31311.0,0.0783216636585012,71,31311.0
8065.0,73,21215.0,233.13186813186815,1.976328188089024,73,31603.0,0.060626322530760716,73,31603.0
8070.0,71,21540.0,231.61290322580646,1.971185267381257,71,31879.0,0.07520970132361715,71,31879.0
8075.0,72,21897.0,248.82954545454547,1.9690207059990656,72,32146.0,0.06931622877966394,72,32146.0
8080.0,72,22257.0,241.92391304347825,2.6737262407368605,72,32435.0,0.0716042233826407,72,32435.0
8085.0,68,21555.0,247.75862068965517,2.133400217680029,68,32223.0,0.07505980878326576,68,32223.0
8090.0,61,20218.0,235.09302325581396,2.1761000775473165,61,31551.0,0.11056624755603366,61,31551.0
8095.0,56,19477.0,226.47674418604652,3.1048030099782262,56,30525.0,0.11742227327459863,56,30525.0
8100.0,48,19110.0,219.6551724137931,2.947669098336083,48,30676.0,0.12671097660598563,48,30676.0
8105.0,54,19197.0,228.53571428571428,2.5605380201097616,54,30844.0,0.12081731007216719,54,30844.0
8110.0,63,19489.0,221.4659090909091,2.0646865843579345,63,31066.0,0.09889075206613145,63,31066.0
8115.0,64,19689.0,221.22471910112358,1.6183843703822904,64,31274.0,0.06322869013716369,64,31274.0
8120.0,63,19939.0,224.03370786516854,2.280823149997655,63,31426.0,0.09128605524025299,63,31426.0
8125.0,66,20261.0,225.12222222222223,2.7982748641963466,66,31633.0,0.08686291721490791,66,31633.0
8130.0,68,20597.0,231.42696629213484,3.0734723326579463,68,31894.0,0.09505563596941977,68,31894.0
8135.0,68,20937.0,252.25301204819277,2.2811732176073143,68,32164.0,0.0683017473765108,68,32164.0
8140.0,66,21229.0,241.23863636363637,2.004207952681601,66,32399.0,0.10500326689231385,66,32399.0
8145.0,72,21581.0,256.9166666666667,1.5758595012436676,72,32668.0,0.07230343418089068,72,32668.0
8150.0,73,21946.0,243.84444444444443,1.8825960914419868,73,32963.0,0.07360815861910228,73,32963.0
8155.0,71,22259.0,252.9431818181818,1.7488201279940958,71,33237.0,0.07307336211545341,71,33237.0
8160.0,69,22598.0,256.79545454545456,1.9290008362318076,69,33481.0,0.08164789107579923,69,33481.0
8165.0,71,22951.0,257.87640449438203,2.5808561582240226,71,33758.0,0.07368212881195353,71,33758.0
8170.0,71,23306.0,261.86516853932585,2.6104757750356353,71,34043.0,0.08716301651849846,71,34043.0
8175.0,71,23637.0,271.6896551724138,2.0182797649642326,71,34306.0,0.09688403137308724,71,34306.0
8180.0,72,23993.0,272.64772727272725,1.8326999494874634,72,34590.0,0.0816033771359871,72,34590.0
8185.0,77,24370.0,273.82022471910113,1.8549029004005748,77,34897.0,0.06979143261779884,77,34897.0
8190.0,77,24755.0,278.14606741573033,1.2395320187479861,77,35212.0,0.06953780873592753,77,35212.0
8195.0,75,25075.0,284.9431818181818,1.1206436629083152,75,35498.0,0.06275885974823725,75,35498.0
8200.0,74,25429.0,273.4301075268817,1.9693914728257418,74,35757.0,0.08920866393905537,74,35757.0
8205.0,74,25799.0,277.40860215053766,2.589352463035216,74,36046.0,0.07063475003034048,74,36046.0
8210.0,70,25519.0,268.62105263157895,2.4950304148887326,70,35775.0,0.09614008040147119,70,35775.0
8215.0,65,24805.0,272.5824175824176,2.333156629239267,65,34994.0,0.09805307507029662,65,34994.0
8220.0,60,24323.0,267.2857142857143,2.844509219389013,60,33854.0,0.09537303021925903,60,33854.0
8225.0,54,23979.0,263.5054945054945,3.066214609682856,54,34039.0,0.1403150248825132,54,34039.0
8230.0,51,23992.0,278.9767441860465,2.6392516020444816,51,34186.0,0.1286824937214403,51,34186.0
8235.0,60,24275.0,266.75824175824175,3.019798366517888,60,34394.0,0.10687565846041351,60,34394.0
8240.0,61,24404.0,277.3181818181818,2.2759105873071905,61,34550.0,0.07335912749941927,61,34550.0
8245.0,68,24709.0,277.6292134831461,2.427244552875134,68,34703.0,0.10939146119449518,68,34703.0
8250.0,70,25057.0,278.4111111111111,2.214907237947952,70,34966.0,0.055276732425859065,70,34966.0
8255.0,71,25362.0,284.96629213483146,1.7336497453334252,71,35236.0,0.06779104287678824,71,35236.0
8260.0,71,25707.0,295.48275862068965,2.019816883170578,71,35481.0,0.07501980473561268,71,35481.0
8265.0,71,26062.0,289.5777777777778,2.745442395791398,71,35761.0,0.07258260526571074,71,35761.0
8270.0,66,26152.0,304.09302325581393,2.381024177199313,66,35550.0,0.08729105949356762,66,35550.0
8275.0,59,26059.0,306.5764705882353,2.6428312428672687,59,34918.0,0.11343284869056777,59,34918.0
8280.0,52,26020.0,313.49397590361446,3.083862210937408,52,34063.0,0.10192301007316798,52,34063.0
8285.0,47,21935.0,249.26136363636363,3.424165806395166,47,32125.0,0.15308815713352683,47,32125.0
8290.0,42,15207.0,190.0875,2.7166900084111973,42,28418.0,0.13375428790584784,42,28418.0
8295.0,43,9225.0,107.26744186046511,3.4792645679003065,43,22820.0,0.15110253805336513,43,22820.0
8300.0,40,4505.0,54.27710843373494,2.9304369472036487,40,22971.0,0.12718507311558425,40,22971.0
8305.0,38,510.0,6.144578313253012,3.2441222965157177,38,23065.0,0.16470958861052418,38,23065.0
8310.0,47,730.0,8.588235294117647,3.4939920177334622,47,23216.0,0.13411442733978468,47,23216.0
8315.0,49,814.0,9.35632183908046,2.4499398383314284,49,23139.0,0.10294722640973987,49,23139.0
8320.0,54,837.0,9.097826086956522,3.0662842584890995,54,22779.0,0.13177143880184422,54,22779.0
8325.0,57,1004.0,10.795698924731182,2.7464585268259745,57,22518.0,0.09257103313292922,57,22518.0
8330.0,60,1215.0,13.351648351648352,2.5480215433793076,60,22791.0,0.11003200291971109,60,22791.0
8335.0,59,1457.0,16.370786516853933,2.156993958974053,59,23022.0,0.09389058632596327,59,23022.0
8340.0,66,1775.0,20.170454545454547,2.51813881032551,66,23289.0,0.06821756197921781,66,23289.0
8345.0,68,2114.0,23.488888888888887,3.046197847345426,68,23628.0,0.1102697670764372,68,23628.0
8350.0,70,2456.0,28.894117647058824,2.3488298373160372,70,23970.0,0.04944072595232114,70,23970.0
8355.0,70,2806.0,31.177777777777777,2.834853055919576,70,24318.0,0.11827884664889116,70,24318.0
8360.0,64,2981.0,34.66279069767442,2.167800273783973,64,24463.0,0.08411276391159096,64,24463.0
8365.0,61,3116.0,35.40909090909091,2.6030178969606426,61,24369.0,0.11038571667865311,61,24369.0
8370.0,62,3386.0,39.372093023255815,3.0214360076106934,62,24424.0,0.09683385894834695,62,24424.0
8375.0,62,3673.0,43.726190476190474,2.178684265733377,62,24650.0,0.08192553512118755,62,24650.0
8380.0,65,3990.0,48.65853658536585,2.3711487555017934,65,24888.0,0.07808690110128211,65,24888.0
8385.0,68,4322.0,52.707317073170735,2.3061418060722323,68,25150.0,0.05284061244942552,68,25150.0
8390.0,68,4662.0,54.84705882352941,2.535109492331271,68,25420.0,0.11218182817920831,68,25420.0
8395.0,69,5003.0,60.27710843373494,1.934914891268082,69,25691.0,0.1015190117122626,69,25691.0
8400.0,68,5255.0,64.08536585365853,1.2420721940027113,68,25872.0,0.07710712909989045,68,25872.0
8405.0,67,5548.0,64.51162790697674,2.090816070374225,67,26043.0,0.08495370610404579,67,26043.0
8410.0,72,5895.0,67.75862068965517,2.1289623374821725,72,26266.0,0.060350461811857055,72,26266.0
8415.0,68,6198.0,72.91764705882353,1.5223220199628806,68,26525.0,0.06779996143167752,68,26525.0
8420.0,69,6532.0,76.84705882352941,1.9802049942182494,69,26769.0,0.07598530861817573,69,26769.0
8425.0,69,6877.0,78.14772727272727,2.66218733292817,69,27038.0,0.07955910921413689,69,27038.0
8430.0,67,6266.0,69.62222222222222,2.545483727978438,67,26969.0,0.10002222284205822,67,26969.0
8435.0,58,5407.0,64.36904761904762,2.380947630262706,58,26596.0,0.10252624083778951,58,26596.0
8440.0,55,5079.0,57.71590909090909,2.6860169334215644,55,26159.0,0.10530509316948686,55,26159.0
8445.0,47,5084.0,59.811764705882354,2.577884493748132,47,26206.0,0.1119948685282801,47,26206.0
8450.0,50,5309.0,60.32954545454545,3.3877604689107645,50,26342.0,0.14503364993517057,50,26342.0
8455.0,58,5581.0,67.24096385542168,2.7351170169095944,58,26537.0,0.07003640405897944,58,26537.0
8460.0,63,5884.0,73.55,1.977327801644405,63,26771.0,0.04546853308330379,63,26771.0
8465.0,67,6215.0,75.79268292682927,2.0742452119329666,67,27032.0,0.10396327408379928,67,27032.0
8470.0,69,6556.0,78.98795180722891,1.725893558295167,69,27303.0,0.1015360176487677,69,27303.0
8475.0,72,6909.0,83.24096385542168,1.4370269244513119,72,27586.0,0.0651748516962383,72,27586.0
8480.0,75,7277.0,83.64367816091954,1.656943949600002,75,27884.0,0.06055557043047949,75,27884.0
8485.0,75,7652.0,88.97674418604652,1.7037130946336028,75,28189.0,0.0694363766621911,75,28189.0
8490.0,76,8028.0,91.22727272727273,1.6430200043857672,76,28495.0,0.042889841776584114,76,28495.0
8495.0,71,8121.0,94.43023255813954,1.6642502832402493,71,28486.0,0.05544436534150107,71,28486.0
8500.0,62,8002.0,86.97826086956522,2.5892212530261856,62,28074.0,0.12146315043198078,62,28074.0
8505.0,59,7960.0,87.47252747252747,3.2320950292555115,59,27760.0,0.1287046012352464,59,27760.0
8510.0,53,8026.0,86.3010752688172,2.607617936708618,53,27945.0,0.12125911247388206,53,27945.0
8515.0,59,8309.0,93.35955056179775,2.6265016485657506,59,28148.0,0.10781606382789521,59,28148.0
8520.0,66,8625.0,96.91011235955057,2.436688368208327,66,28394.0,0.07497576877866494,66,28394.0
8525.0,72,8973.0,104.33720930232558,1.8924268106771447,72,28674.0,0.07437864287170515,72,28674.0
8530.0,75,9341.0,109.89411764705882,1.413524755120044,75,28972.0,0.06606757263884477,75,28972.0
8535.0,75,9716.0,106.76923076923077,2.149578265270174,75,29277.0,0.10880264600091506,75,29277.0
8540.0,75,10091.0,108.50537634408602,1.8089499830814393,75,29582.0,0.09625785669071997,75,29582.0
8545.0,80,10483.0,115.1978021978022,1.4989422351809847,80,29904.0,0.06731239620884699,80,29904.0
8550.0,81,10888.0,115.82978723404256,1.485318417330351,81,30239.0,0.05975431807567229,81,30239.0
8555.0,78,11032.0,121.23076923076923,1.1159888949323327,78,30307.0,0.049432154208769334,78,30307.0
8560.0,69,10994.0,113.34020618556701,2.2471611388614052,69,30139.0,0.09164938744218473,69,30139.0
8565.0,66,11009.0,117.11702127659575,2.6524203464101657,66,29870.0,0.08880824934940887,66,29870.0
8570.0,59,11194.0,113.07070707070707,3.091081836881458,59,30080.0,0.14867277321744818,59,30080.0
8575.0,64,11496.0,121.01052631578948,2.538077485575036,64,30286.0,0.1176813703315311,64,30286.0
8580.0,74,11845.0,124.6842105263158,2.241113980644543,74,30563.0,0.06792268659947051,74,30563.0
8585.0,78,12228.0,130.08510638297872,1.9894073651247575,78,30877.0,0.05892817863258223,78,30877.0
8590.0,81,12626.0,138.74725274725276,1.41800174756966,81,31235.0,0.06475476531792619,81,31235.0
8595.0,81,13031.0,140.11827956989248,1.6822616722238846,81,31636.0,0.06629622189031373,81,31636.0
8600.0,83,13439.0,147.6813186813187,1.1466074659438614,83,32037.0,0.03279506544603945,83,32037.0
8605.0,83,13854.0,142.82474226804123,1.9007337449099666,83,32418.0,0.0830610334221055,83,32418.0
8610.0,83,14269.0,148.63541666666666,1.2642932405503746,83,32768.0,0.06600121446338446,83,32768.0
8615.0,89,14701.0,150.01020408163265,1.1303253601135732,89,33104.0,0.036095050428397384,89,33104.0
8620.0,89,15146.0,152.989898989899,1.1941811585324866,89,33422.0,0.05127581287752145,89,33422.0
8625.0,91,15594.0,154.3960396039604,1.3347057074536601,91,33740.0,0.040341608631132106,91,33740.0
8630.0,91,16049.0,158.9009900990099,1.376180820250353,91,34065.0,0.04946975582156174,91,34065.0
8635.0,93,16507.0,161.83333333333334,1.1071712009730343,93,34393.0,0.03404866614971995,93,34393.0
8640.0,87,16553.0,165.53,1.0230944838781415,87,34424.0,0.0410912557645593,87,34424.0
8645.0,77,16303.0,150.9537037037037,1.8542440844274692,77,34181.0,0.08481098918936088,77,34181.0
8650.0,78,16224.0,151.62616822429908,2.3710213647285383,78,33814.0,0.07352987785710999,78,33814.0
8655.0,70,16379.0,150.26605504587155,2.4734595947422333,70,34038.0,0.10581476405308013,70,34038.0
8660.0,75,16741.0,160.97115384615384,2.172877441405578,75,34259.0,0.09005449160338025,75,34259.0
8665.0,81,17136.0,160.14953271028037,2.272291118598717,81,34524.0,0.06701903301967979,81,34524.0
8670.0,87,17561.0,170.49514563106797,1.5175267883497308,87,34819.0,0.04347486580386324,87,34819.0
8675.0,91,18014.0,180.14,1.087419432094813,91,35142.0,0.04519928638368609,91,35142.0
8680.0,91,18469.0,175.89523809523808,1.375869457551923,91,35467.0,0.06768359959947123,91,35467.0
8685.0,97,18940.0,177.00934579439252,1.164769495379203,97,35808.0,0.04332201619581569,97,35808.0
8690.0,97,19425.0,181.54205607476635,1.2226055950441872,97,36163.0,0.056168849555541626,97,36163.0
8695.0,98,19911.0,181.0090909090909,1.3103421735031842,98,36519.0,0.04208718241256309,98,36519.0
8700.0,99,20406.0,190.71028037383178,1.0324232946767102,99,36884.0,0.03552570260646974,99,36884.0
8705.0,99,20901.0,188.2972972972973,1.1390967114127089,99,37249.0,0.03139400447537061,99,37249.0
8710.0,95,21075.0,193.348623853211,1.130360878291526,95,37325.0,0.038809562616732816,95,37325.0
8715.0,85,21018.0,182.76521739130436,1.819318729951574,85,37132.0,0.09201539118689891,85,37132.0
8720.0,86,21026.0,182.83478260869566,2.225637422714476,86,36779.0,0.07325532827611615,86,36779.0
8725.0,77,21270.0,181.7948717948718,2.4374764367069175,77,37037.0,0.10986404558636433,77,37037.0
8730.0,82,21671.0,195.23423423423424,2.0154731803696313,82,37299.0,0.08691476545405742,82,37299.0
8735.0,88,22102.0,195.5929203539823,1.8698032094873676,88,37600.0,0.06300642734157644,88,37600.0
8740.0,95,22564.0,203.27927927927928,1.5964944982731748,95,37932.0,0.04921846041317271,95,37932.0
8745.0,93,21224.0,196.5185185185185,1.1949336764503495,93,37644.0,0.052396875369330125,93,37644.0
8750.0,86,19277.0,173.66666666666666,1.7826433659470142,86,36772.0,0.08073974813200144,86,36772.0
8755.0,81,18368.0,164.0,2.3828132637698087,81,35526.0,0.07567604305336438,81,35526.0
8760.0,73,17826.0,165.05555555555554,2.0652398935068823,73,35756.0,0.09283148605753574,73,35756.0
8765.0,70,17982.0,166.5,2.2058649979818106,70,35948.0,0.1048781039806512,70,35948.0
8770.0,79,18359.0,165.3963963963964,2.2429264426524362,79,36195.0,0.06449830529097296,79,36195.0
8775.0,84,18770.0,170.63636363636363,1.7996175361856388,84,36476.0,0.07837757554984948,84,36476.0
8780.0,93,19220.0,177.96296296296296,1.253328372103515,93,36796.0,0.033531863908680945,93,36796.0
8785.0,97,19704.0,180.77064220183487,1.392449391260567,97,37150.0,0.07059394129770671,97,37150.0
8790.0,100,20193.0,181.9189189189189,1.0125804676540993,100,37509.0,0.0367276586984564,100,37509.0
8795.0,103,20706.0,186.54054054054055,0.9916045954889671,103,37892.0,0.026038088785769988,103,37892.0
8800.0,103,21221.0,186.14912280701753,1.0365850336243598,103,38277.0,0.03392629352939318,103,38277.0
8805.0,105,21743.0,194.13392857142858,0.8028456210729585,105,38669.0,0.033889442297684695,105,38669.0
8810.0,100,21761.0,187.5948275862069,1.0000824744109345,100,38707.0,0.05199362071753271,100,38707.0
8815.0,94,21449.0,186.51304347826087,1.3144655322902503,94,38445.0,0.04490995561612964,94,38445.0
8820.0,90,21284.0,180.3728813559322,2.023653272173429,90,38113.0,0.06867983127616549,90,38113.0
8825.0,79,21231.0,174.02459016393442,1.9734056140938792,79,38252.0,0.07479964661743142,79,38252.0
8830.0,82,21563.0,178.20661157024793,2.289302276501424,82,38492.0,0.10202337741266053,82,38492.0
8835.0,88,21989.0,184.78151260504202,2.145978151281008,88,38782.0,0.06648055714782133,88,38782.0
8840.0,88,21976.0,187.82905982905982,1.3638433200268616,88,38498.0,0.044989416062883106,88,38498.0
8845.0,91,21765.0,192.61061946902655,1.653488274388547,91,37724.0,0.0746006914128888,91,37724.0
8850.0,86,21552.0,184.2051282051282,2.261439047220659,86,36639.0,0.07432530662283657,86,36639.0
8855.0,77,21360.0,190.71428571428572,1.9665818869790055,77,36894.0,0.08702432873855885,77,36894.0
8860.0,76,21535.0,188.90350877192984,2.1017467123205154,76,37102.0,0.10148956403620549,76,37102.0
8865.0,83,21934.0,190.73043478260868,2.1876062455366516,83,37363.0,0.07303365086242171,83,37363.0
8870.0,83,22104.0,188.92307692307693,1.8861104450697146,83,37337.0,0.07658943434967681,83,37337.0
8875.0,87,22171.0,196.20353982300884,1.868711203188042,87,36940.0,0.05620727832583617,87,36940.0
8880.0,82,22256.0,196.95575221238937,2.294127467338432,82,36643.0,0.07949828298201211,82,36643.0
8885.0,75,22346.0,201.3153153153153,2.114194796343652,75,36886.0,0.09161656616879743,75,36886.0
8890.0,75,22672.0,208.0,2.203601519550251,75,37093.0,0.10382578539977269,75,37093.0
8895.0,81,23062.0,204.08849557522123,2.533864599280932,81,37345.0,0.0934190479160719,81,37345.0
8900.0,91,23492.0,207.89380530973452,1.8346175861889713,91,37646.0,0.053006386905859196,91,37646.0
8905.0,97,23966.0,219.87155963302752,1.4082036234555786,97,37990.0,0.05355931707804384,97,37990.0
8910.0,91,24304.0,218.95495495495496,1.5660411877397784,91,38077.0,0.0715132003821004,91,38077.0
8915.0,85,24547.0,229.41121495327104,1.4671604720691707,85,37944.0,0.06346112922229251,85,37944.0
8920.0,79,24817.0,219.61946902654867,2.354350904449582,79,37739.0,0.08605091375343703,79,37739.0
8925.0,75,25106.0,230.3302752293578,2.119792584167882,75,37974.0,0.09355065889844884,75,37974.0
8930.0,78,25480.0,227.5,2.426342766389466,78,38203.0,0.1071941107457888,78,38203.0
8935.0,89,25902.0,233.35135135135135,2.031867110389388,89,38490.0,0.04919714886538632,89,38490.0
8940.0,95,26366.0,244.12962962962962,1.5913442711363728,95,38825.0,0.039117069219598316,95,38825.0
8945.0,90,22976.0,214.7289719626168,1.328256710561796,90,37187.0,0.0586117204466177,90,37187.0
8950.0,83,17003.0,160.4056603773585,1.7417474973391953,83,33568.0,0.07448989663460907,83,33568.0
8955.0,77,11661.0,106.98165137614679,2.4655557714271663,77,27996.0,0.0912561523728816,77,27996.0
8960.0,67,7517.0,71.5904761904762,1.9948108540973088,67,28261.0,0.07915083140099496,67,28261.0
8965.0,68,4039.0,37.398148148148145,2.7215519270254016,68,28509.0,0.12697376350435496,68,28509.0
8970.0,75,4403.0,40.76851851851852,2.2638036771414827,75,28803.0,0.08082836397629356,75,28803.0
8975.0,83,4810.0,44.12844036697248,1.6642945526392636,83,29140.0,0.052552115895922825,83,29140.0
8980.0,89,5246.0,47.69090909090909,1.1929875101200889,89,29507.0,0.052269586477737266,89,29507.0
8985.0,99,5724.0,50.65486725663717,0.974336863821735,99,29915.0,0.03022536791153719,99,29915.0
8990.0,104,6235.0,54.69298245614035,1.1084711534638199,104,30356.0,0.04700363461048477,104,30356.0
8995.0,101,5921.0,51.48695652173913,0.864358287294762,101,30123.0,0.046351040355430466,101,30123.0
9000.0,94,5063.0,44.41228070175438,1.350281322158,94,29012.0,0.04600768860157083,94,29012.0
9005.0,91,4461.0,37.175,2.2601171019809527,91,28087.0,0.07531362852865417,91,28087.0
9010.0,79,3727.0,32.12931034482759,2.083591807417174,79,28168.0,0.08209411485870743,79,28168.0
9015.0,77,3739.0,32.23275862068966,2.2955338907779423,77,28441.0,0.10928674305908914,77,28441.0
9020.0,86,4148.0,35.452991452991455,2.256350411521023,86,28768.0,0.0715069528426708,86,28768.0
9025.0,86,3995.0,32.74590163934426,1.895843657100192,86,28812.0,0.07073779326902056,86,28812.0
9030.0,88,3479.0,30.252173913043478,1.520045784201821,88,28574.0,0.05932711876877253,88,28574.0
9035.0,85,3156.0,26.74576271186441,2.1044961414536845,85,28184.0,0.06914606081373086,85,28184.0
9040.0,80,3169.0,26.408333333333335,1.9872210707610845,80,28507.0,0.0865350135968438,80,28507.0
9045.0,82,3509.0,29.48739495798319,2.2140772455496402,82,28805.0,0.10375947973454364,82,28805.0
9050.0,88,3937.0,33.36440677966102,2.2278044751284813,88,29155.0,0.07531878961293602,88,29155.0
9055.0,89,4130.0,35.2991452991453,1.4695479441596417,89,29024.0,0.051943320309499406,89,29024.0
9060.0,89,4181.0,37.0,1.6107591460626625,89,28426.0,0.057351739230643566,89,28426.0
9065.0,82,4308.0,37.13793103448276,2.449627805164563,82,27500.0,0.09452574918217801,82,27500.0
9070.0,76,4370.0,39.017857142857146,2.1025973433609644,76,27803.0,0.0914134024937664,76,27803.0
9075.0,76,4617.0,40.5,2.293125088056535,76,28077.0,0.11537132300984555,76,28077.0
9080.0,83,5019.0,44.026315789473685,2.135596303399316,83,28405.0,0.06961512765280307,83,28405.0
9085.0,85,5370.0,46.293103448275865,1.8976379876950031,85,28394.0,0.07654174872018363,85,28394.0
9090.0,87,5701.0,51.36036036036036,1.6525162336679804,87,28063.0,0.05766899174405574,87,28063.0
9095.0,80,6045.0,53.973214285714285,2.4807947179262606,80,27599.0,0.09185214265824633,80,27599.0
9100.0,76,6362.0,57.836363636363636,2.153887434296134,76,27894.0,0.09422749753651001,76,27894.0
9105.0,82,6758.0,63.75471698113208,1.7569999237443958,82,28202.0,0.06296591599792511,82,28202.0
9110.0,87,7186.0,64.16071428571429,2.283476466640164,87,28557.0,0.06966913610157063,87,28557.0
9115.0,86,7194.0,65.4,2.103608311269858,86,28562.0,0.0808588709808821,86,28562.0
9120.0,82,6909.0,64.57009345794393,1.7551263736429275,82,28218.0,0.06361730562422006,82,28218.0
9125.0,76,6761.0,63.783018867924525,2.322861338661455,76,27625.0,0.0801339655595044,76,27625.0
9130.0,67,6546.0,62.34285714285714,2.3380616668762797,67,27894.0,0.09834582938965257,67,27894.0
9135.0,66,6718.0,65.86274509803921,2.4795344062153233,66,28121.0,0.10306231959204179,66,28121.0
9140.0,70,7062.0,67.90384615384616,2.564808859064242,70,28392.0,0.08314609053947987,70,28392.0
9145.0,78,7436.0,71.5,2.198945418729793,78,28696.0,0.08001689655084972,78,28696.0
9150.0,78,6704.0,65.0873786407767,1.2211179546575173,78,27076.0,0.0686116391416152,78,27076.0
9155.0,80,5261.0,51.57843137254902,1.6373347499758295,80,23547.0,0.06394575933728408,80,23547.0
9160.0,73,4183.0,39.09345794392523,2.5473160471341454,73,18111.0,0.08697394472714289,73,18111.0
9165.0,70,2916.0,28.58823529411765,2.7099352270270707,70,13261.0,0.08915489233822489,70,13261.0
9170.0,63,2270.0,22.038834951456312,2.9322602588097237,63,13551.0,0.13229759445132203,63,13551.0
9175.0,64,2572.0,25.215686274509803,2.4865778375920278,64,13821.0,0.10143470944659665,64,13821.0
9180.0,72,2920.0,27.289719626168225,2.706062341495124,72,14163.0,0.10886447342954725,72,14163.0
9185.0,81,3310.0,29.035087719298247,2.4643245071213484,81,14554.0,0.07751013656311946,81,14554.0
9190.0,94,3754.0,32.643478260869564,1.6355592164671273,94,14998.0,0.04904175672711683,94,14998.0
9195.0,100,4240.0,37.857142857142854,0.9377656187918245,100,15487.0,0.03620099421846771,100,15487.0
9200.0,104,4753.0,42.4375,0.899083739439264,104,16000.0,0.040589085471680116,104,16000.0
9205.0,104,5273.0,47.080357142857146,0.9100032521580445,104,16520.0,0.03311891006606061,104,16520.0
9210.0,98,5313.0,46.2,1.1202273237069769,98,16601.0,0.043241589985634765,98,16601.0
9215.0,92,5113.0,45.651785714285715,1.5016468918469452,92,16117.0,0.054120191817015405,92,16117.0
9220.0,86,4900.0,41.1764705882353,2.3107129811894733,86,15735.0,0.09051433397565257,86,15735.0
9225.0,77,4630.0,39.91379310344828,2.2854539822640474,77,15975.0,0.09402948422442593,77,15975.0
9230.0,76,4754.0,41.33913043478261,2.4973511439183986,76,16328.0,0.10776140648314654,76,16328.0
9235.0,83,5154.0,44.81739130434783,2.3135784111456927,83,16722.0,0.07401774570893929,83,16722.0
9240.0,89,5591.0,48.19827586206897,1.8552373117261405,89,17159.0,0.0513238161088789,89,17159.0
9245.0,90,5943.0,52.5929203539823,1.2550169888072502,90,17293.0,0.05044293223351682,90,17293.0
9250.0,86,6242.0,54.278260869565216,1.7438852297654845,86,17140.0,0.06901780042093253,86,17140.0
9255.0,85,6578.0,55.27731092436975,2.3223640310812756,85,16836.0,0.08868941147380628,85,16836.0
9260.0,80,6878.0,57.79831932773109,2.0314504318539064,80,17234.0,0.09023822324809602,80,17234.0
9265.0,82,7245.0,63.0,2.121253057269003,82,17626.0,0.08917291145209823,82,17626.0
9270.0,88,7673.0,65.58119658119658,2.1939866827460843,88,18054.0,0.08771427658365162,88,18054.0
9275.0,95,8134.0,71.98230088495575,1.4533345137563873,95,18515.0,0.03727706587425102,95,18515.0
9280.0,101,8627.0,75.67543859649123,1.3831939122426709,101,19008.0,0.05259785058589905,101,19008.0
9285.0,103,9138.0,80.15789473684211,1.2571956982191115,103,19519.0,0.034946816906373586,103,19519.0
9290.0,97,8514.0,74.6842105263158,0.9398476277680929,97,19508.0,0.05889184002559746,97,19508.0
9295.0,94,7139.0,62.07826086956522,1.3069557859274599,94,19056.0,0.05342775207817351,94,19056.0
9300.0,87,6300.0,53.84615384615385,2.2211186088944577,87,18158.0,0.0763422749984071,87,18158.0
9305.0,75,5673.0,48.48717948717949,2.1444409437840743,75,18285.0,0.09239055563315286,75,18285.0
9310.0,70,5406.0,47.84070796460177,2.200951523275091,70,18016.0,0.09585613936594485,70,18016.0
9315.0,71,5457.0,46.64102564102564,2.7154272839461,71,17847.0,0.11731038632907449,71,17847.0
9320.0,67,5420.0,47.9646017699115,1.9091187146171111,67,18051.0,0.07249873821944239,67,18051.0
9325.0,71,5689.0,49.043103448275865,2.6866580919008944,71,18304.0,0.133450623100139,71,18304.0
9330.0,78,6069.0,53.23684210526316,2.165371321289601,78,18591.0,0.06576466443223618,78,18591.0
9335.0,89,6499.0,57.00877192982456,2.2458042497719104,89,18970.0,0.06154679045077557,89,18970.0
9340.0,94,6963.0,63.3,1.850225529618233,94,19395.0,0.05056896749094863,94,19395.0
9345.0,90,7291.0,67.50925925925925,1.3756873146477886,90,19670.0,0.04420616114100118,90,19670.0
9350.0,83,7533.0,71.06603773584905,1.8740133408492605,83,19779.0,0.07688461164749795,83,19779.0
9355.0,79,7794.0,71.5045871559633,2.435787810249456,79,19748.0,0.08324098943207003,79,19748.0
9360.0,72,8092.0,77.06666666666666,1.9337844545622735,72,20060.0,0.07526384176433658,72,20060.0
9365.0,79,8462.0,76.92727272727272,2.0127003703061166,79,20367.0,0.08252088713502555,79,20367.0
9370.0,88,8886.0,83.04672897196262,1.8962884462090404,88,20746.0,0.03946500693946562,88,20746.0
9375.0,87,9257.0,85.71296296296296,1.7485566777762693,87,21011.0,0.06770588171727944,87,21011.0
9380.0,80,9573.0,92.94174757281553,1.6382655134629218,80,21151.0,0.06587852392705636,80,21151.0
9385.0,80,9952.0,92.14814814814815,2.4502914432398692,80,21308.0,0.09424799831292152,80,21308.0
9390.0,82,10359.0,98.65714285714286,2.475152027365017,82,21605.0,0.07820054220218349,82,21605.0
9395.0,81,10680.0,102.6923076923077,1.9058824514606298,81,21932.0,0.057948812500203936,81,21932.0
9400.0,79,11042.0,108.25490196078431,2.2132767025937046,79,22230.0,0.0795667892664365,79,22230.0
9405.0,80,11442.0,112.17647058823529,2.5921500790660956,80,22561.0,0.08684955811324548,80,22561.0
9410.0,82,11845.0,118.45,2.351951437881896,82,22924.0,0.06259849516345395,82,22924.0
9415.0,76,11604.0,119.62886597938144,1.8191745166803561,76,22686.0,0.0838070401097782,76,22686.0
9420.0,72,11028.0,119.8695652173913,1.673882348144388,72,21847.0,0.07225752711260156,72,21847.0
9425.0,66,10439.0,106.5204081632653,2.885864036368289,66,20581.0,0.11031882956031337,66,20581.0
9430.0,56,9899.0,104.2,2.7653135201581343,56,20825.0,0.12043263528373627,56,20825.0
9435.0,55,9831.0,104.58510638297872,2.7660495378680507,55,21020.0,0.14899888045152612,55,21020.0
9440.0,62,10126.0,106.58947368421053,2.860710822677612,62,21269.0,0.11793898397817063,62,21269.0
9445.0,66,10448.0,104.48,2.563771592578194,66,21552.0,0.0988425947886189,66,21552.0
9450.0,76,10811.0,115.01063829787235,1.690307677849184,76,21875.0,0.06189794637949746,76,21875.0
9455.0,84,11212.0,119.27659574468085,1.3153204989221605,84,22237.0,0.05568869436803872,84,22237.0
9460.0,84,11632.0,123.74468085106383,1.3665987814990557,84,22617.0,0.05991295933985729,84,22617.0
9465.0,84,12052.0,125.54166666666667,1.4576225229746849,84,22997.0,0.04715835297921421,84,22997.0
9470.0,81,12060.0,120.6,1.6312835370091578,81,23226.0,0.08597415642304337,81,23226.0
9475.0,76,12166.0,119.27450980392157,2.2992669144579603,76,23308.0,0.09495620145945649,76,23308.0
9480.0,77,12539.0,124.14851485148515,2.4310211208732833,77,23419.0,0.07580845339007367,77,23419.0
9485.0,77,12896.0,126.43137254901961,2.0364949949953504,77,23748.0,0.07409220088365209,77,23748.0
9490.0,80,13290.0,135.6122448979592,1.9791547370921116,80,24090.0,0.06706152444896171,80,24090.0
9495.0,82,13695.0,136.95,2.387306487442854,82,24455.0,0.07562550629005832,82,24455.0
9500.0,77,13691.0,144.1157894736842,1.5953930287382974,77,24242.0,0.06946724085172408,77,24242.0
9505.0,71,13415.0,139.73958333333334,1.9107500823396315,71,23255.0,0.07537092567455474,71,23255.0
9510.0,68,13267.0,134.010101010101,2.911606737138788,68,22444.0,0.11128537785529458,68,22444.0
9515.0,55,12996.0,138.25531914893617,2.4699090294115296,55,22505.0,0.10576058006466421,55,22505.0
9520.0,57,13123.0,138.13684210526316,2.9429151697624087,57,22715.0,0.14632072076631764,57,22715.0
9525.0,63,13427.0,142.8404255319149,2.6328355764490725,63,22974.0,0.10403570361250074,63,22974.0
9530.0,72,13769.0,143.42708333333334,2.3259267677806097,72,23276.0,0.06966717403070218,72,23276.0
9535.0,78,14146.0,155.45054945054946,1.6735598635097795,78,23614.0,0.06287980820813682,78,23614.0
9540.0,81,14546.0,161.62222222222223,1.2917843077971958,81,23974.0,0.042734597291192326,81,23974.0
9545.0,81,14951.0,157.37894736842105,1.6099047941011053,81,24339.0,0.08353342126540754,81,24339.0
9550.0,86,15370.0,161.78947368421052,1.0681124601732497,86,24718.0,0.03969256210409192,86,24718.0
9555.0,87,15803.0,162.91752577319588,1.3109329931352036,87,25111.0,0.06023202086305379,87,25111.0
9560.0,87,16238.0,165.69387755102042,1.2516135975259537,87,25506.0,0.0437822916871457,87,25506.0
9565.0,83,16203.0,163.66666666666666,1.5327321991862697,83,25700.0,0.0646210741271456,83,25700.0
9570.0,75,16070.0,159.1089108910891,1.9038642570850315,75,25724.0,0.07023367922095256,75,25724.0
9575.0,73,16376.0,167.10204081632654,2.364429154812814,73,25675.0,0.0871272136141981,73,25675.0
9580.0,71,16704.0,157.58490566037736,2.320713553876395,71,25979.0,0.10238496751535743,71,25979.0
9585.0,82,17089.0,169.1980198019802,2.0406258546871574,82,26308.0,0.0558934820710842,82,26308.0
9590.0,85,17508.0,169.98058252427185,2.3440459397326414,85,26687.0,0.07529132706050169,85,26687.0
9595.0,85,17933.0,182.98979591836735,1.7222050767073622,85,27072.0,0.05663021318104341,85,27072.0
9600.0,81,18242.0,184.26262626262627,1.348882852965834,81,27328.0,0.05441254967276411,81,27328.0
9605.0,77,18528.0,191.01030927835052,1.8029267096142243,77,27506.0,0.08664767476561258,77,27506.0
9610.0,77,18913.0,187.25742574257427,2.297704939368717,77,27735.0,0.0758747877846571,77,27735.0
9615.0,77,19254.0,186.93203883495147,1.9623619275046984,77,28063.0,0.07065572768282655,77,28063.0
9620.0,80,19642.0,190.6990291262136,2.3520837379577286,80,28390.0,0.08997848564806983,80,28390.0
9625.0,80,20042.0,200.42,2.3738254075133383,80,28744.0,0.06537778574507735,80,28744.0
9630.0,76,19767.0,197.67,2.2430246577994963,76,28530.0,0.09142187063382248,76,28530.0
9635.0,70,19137.0,205.7741935483871,1.9651362039493885,70,27521.0,0.0797956183901585,70,27521.0
9640.0,64,18503.0,188.80612244897958,3.2438841201496627,64,26631.0,0.13533669728107445,64,26631.0
9645.0,54,17820.0,191.61290322580646,2.617437283763239,54,26814.0,0.12364935717231351,54,26814.0
9650.0,55,17854.0,189.93617021276594,2.761167312926888,55,26946.0,0.12794447682710466,55,26946.0
9655.0,63,18159.0,189.15625,2.6577747759770713,63,27195.0,0.10883362293035832,63,27195.0
9660.0,71,18495.0,194.68421052631578,1.5508770404527914,71,27491.0,0.05013179876988372,71,27491.0
9665.0,75,18713.0,194.92708333333334,1.5188631293453703,75,27769.0,0.0672177800780884,75,27769.0
9670.0,72,18948.0,199.45263157894738,1.7086705994192262,72,27997.0,0.06474958774949348,72,27997.0
9675.0,71,19292.0,196.85714285714286,2.6615292916535394,71,28204.0,0.09246706150542386,71,28204.0
9680.0,72,19652.0,209.06382978723406,2.805775527925236,72,28491.0,0.0946714247417683,72,28491.0
9685.0,73,20013.0,208.46875,2.989586396775607,73,28809.0,0.11003324799185836,73,28809.0
9690.0,76,20386.0,219.20430107526883,2.082435464755827,76,29142.0,0.06713048274692492,76,29142.0
9695.0,78,20776.0,225.82608695652175,1.6757577529553398,78,29492.0,0.04668891051328744,78,29492.0
9700.0,74,20847.0,231.63333333333333,1.630830638060524,74,29360.0,0.07443593821207128,74,29360.0
9705.0,65,20737.0,222.9784946236559,2.252225122996841,65,28778.0,0.08707315593393339,65,28778.0
9710.0,61,20580.0,223.69565217391303,3.0061377557681226,61,27866.0,0.10974056567722652,61,27866.0
9715.0,51,20502.0,225.2967032967033,2.9157410798950205,51,28088.0,0.1402543337383079,51,28088.0
9720.0,55,20711.0,243.65882352941176,2.463306798366056,55,28296.0,0.11978922941789054,55,28296.0
9725.0,62,21007.0,223.4787234042553,2.8889991655550937,62,28552.0,0.10192135369335499,62,28552.0
9730.0,68,21331.0,237.01111111111112,1.8308568832542569,68,28837.0,0.05328819619124823,68,28837.0
9735.0,78,21700.0,241.11111111111111,1.7029165770567043,78,29167.0,0.06681960816313362,78,29167.0
9740.0,72,21945.0,249.375,1.6782685429372806,72,29138.0,0.07444519226356408,72,29138.0
9745.0,64,22088.0,242.72527472527472,2.3764653541748864,64,28633.0,0.09950548717124452,64,28633.0
9750.0,60,22264.0,247.37777777777777,3.095671239918892,60,28253.0,0.11792397439571796,60,28253.0
9755.0,59,22479.0,247.02197802197801,2.623029672217078,59,28491.0,0.10590909702669213,59,28491.0
9760.0,64,22786.0,253.17777777777778,2.7445905002029107,64,28745.0,0.1278998297441981,64,28745.0
9765.0,69,23122.0,251.32608695652175,2.4174534013882187,69,29042.0,0.0774816977637074,69,29042.0
9770.0,76,23492.0,266.95454545454544,1.79827828647801,76,29372.0,0.06805078480899336,76,29372.0
9775.0,76,23872.0,265.24444444444447,1.727922494192168,76,29712.0,0.05683004400931537,76,29712.0
9780.0,72,23654.0,275.04651162790697,1.41527361567737,72,29830.0,0.05212878240125278,72,29830.0
9785.0,62,23420.0,260.22222222222223,2.4794016722366803,62,29744.0,0.11501512800489105,62,29744.0
9790.0,61,23627.0,268.4886363636364,2.678559087505917,61,29604.0,0.09196031010061693,61,29604.0
9795.0,60,23906.0,254.31914893617022,3.0804699723297406,60,29854.0,0.1644712455448992,60,29854.0
9800.0,65,24220.0,272.13483146067415,2.215788230182733,65,30117.0,0.09085366543669718,65,30117.0
9805.0,73,24572.0,264.21505376344084,2.5633867724224673,73,30429.0,0.08994161751007318,73,30429.0
9810.0,74,24942.0,283.4318181818182,2.0602275476808525,74,30759.0,0.06927402286555792,74,30759.0
9815.0,76,25315.0,290.97701149425285,1.5329368693556105,76,31092.0,0.06243459746294849,76,31092.0
9820.0,76,25695.0,295.3448275862069,1.6187152368376738,76,31432.0,0.06832234978076838,76,31432.0
9825.0,76,26075.0,296.3068181818182,1.5179516260960013,76,31772.0,0.06000454884306563,76,31772.0
9830.0,74,26256.0,285.39130434782606,1.7787856803555386,74,31953.0,0.10470234870533478,74,31953.0
9835.0,64,26335.0,280.1595744680851,2.2114950731762213,64,31998.0,0.09857175465576103,64,31998.0
9840.0,71,26661.0,283.6276595744681,2.450791030871939,71,32068.0,0.08499818654236867,71,32068.0
9845.0,66,26956.0,283.7473684210526,2.307564771538054,66,32346.0,0.0975844764161868,66,32346.0
9850.0,72,27306.0,296.80434782608694,2.3505433412257792,72,32633.0,0.07905124046410601,72,32633.0
9855.0,74,27670.0,300.7608695652174,2.4690320254439553,74,32957.0,0.09268346675848047,74,32957.0
9860.0,74,28040.0,318.6363636363636,1.8655188176007902,74,33287.0,0.06349734731522387,74,33287.0
9865.0,70,28300.0,317.97752808988764,2.069800420984031,70,33526.0,0.09462453731619604,70,33526.0
9870.0,67,28583.0,310.6847826086956,2.164225897275162,67,33712.0,0.08821600642952798,67,33712.0
9875.0,73,28944.0,321.6,2.2455122022383205,73,33988.0,0.05665677543268283,73,33988.0
9880.0,69,29267.0,318.1195652173913,2.158652186462158,69,34283.0,0.07524393143699926,69,34283.0
9885.0,70,29616.0,336.54545454545456,2.2012900953021557,70,34576.0,0.06848482803573873,70,34576.0
9890.0,72,29969.0,329.3296703296703,2.75444355444199,72,34889.0,0.07397171853807495,72,34889.0
9895.0,69,30302.0,352.3488372093023,2.3090724013248174,69,35186.0,0.07548217710643139,69,35186.0
9900.0,71,30650.0,369.27710843373495,1.6262043271739217,71,35490.0,0.05001722361908772,71,35490.0
9905.0,75,31013.0,352.42045454545456,1.6915237762009694,75,35813.0,0.06605093817551991,75,35813.0
9910.0,73,31358.0,352.3370786516854,1.2243255137131837,73,36132.0,0.06292542869784547,73,36132.0
9915.0,75,31727.0,356.4831460674157,1.7927333775117786,75,36447.0,0.07676647103984076,75,36447.0
9920.0,75,32102.0,345.18279569892474,2.4657751407874438,75,36782.0,0.07755690519562827,75,36782.0
9925.0,71,31455.0,341.9021739130435,2.126195357024878,71,36578.0,0.07828047175628519,71,36578.0
9930.0,62,30131.0,334.7888888888889,2.4274610438386057,62,35944.0,0.11088021169090108,62,35944.0
9935.0,58,29319.0,333.17045454545456,3.040780220958989,58,34955.0,0.10854201837931642,58,34955.0
9940.0,50,28882.0,313.9347826086956,2.7175997350846153,50,35158.0,0.1333959281229654,50,35158.0
9945.0,50,29084.0,330.5,2.9705461915878457,50,35342.0,0.14323709180458383,50,35342.0
9950.0,59,29361.0,319.14130434782606,3.034216207619448,59,35578.0,0.12432765038664645,59,35578.0
9955.0,61,29493.0,335.14772727272725,2.228931366337249,61,35763.0,0.08536253660683037,61,35763.0
9960.0,67,29794.0,342.4597701149425,2.241001357548978,67,35944.0,0.07300180833990359,67,35944.0
9965.0,71,30144.0,346.48275862068965,2.415922416671499,71,36281.0,0.06928125704921326,71,36281.0
9970.0,67,30434.0,349.81609195402297,1.9537804142869148,67,36600.0,0.07455478533106775,67,36600.0
9975.0,67,30760.0,353.5632183908046,2.4749655451554227,67,36898.0,0.12377791566972703,67,36898.0
9980.0,69,31097.0,341.72527472527474,2.8355691719084155,69,37205.0,0.08937517409007889,69,37205.0
9985.0,72,31452.0,353.39325842696627,2.349125703405469,72,37498.0,0.07129628631597654,72,37498.0
9990.0,73,31816.0,365.7011494252874,2.036397230130354,73,37771.0,0.10024808475419607,73,37771.0
9995.0,73,32181.0,387.72289156626505,1.405572769178169,73,38036.0,0.06232259324726409,73,38036.0
10000.0,69,32462.0,364.7415730337079,1.924973518530893,69,38245.0,0.09870314837979927,69,38245.0
10005.0,73,32815.0,381.56976744186045,1.865075159294243,73,38470.0,0.07304771827964622,73,38470.0
10010.0,73,33180.0,356.7741935483871,2.233853215839494,73,38735.0,0.09554643346228395,73,38735.0
10015.0,74,33503.0,368.16483516483515,1.5535386118033216,74,38982.0,0.0701136309679503,74,38982.0
10020.0,73,33865.0,376.27777777777777,1.8831478037301632,73,39223.0,0.08204894120904958,73,39223.0
10025.0,75,34237.0,368.13978494623655,2.43353532534493,75,39492.0,0.06650644287374131,75,39492.0
10030.0,69,34080.0,378.6666666666667,2.2264780443676555,69,39215.0,0.09387779358909486,69,39215.0
10035.0,62,33565.0,377.13483146067415,2.36618257951491,62,38178.0,0.0935326288197779,62,38178.0
10040.0,57,33212.0,381.7471264367816,3.0689660958987215,57,37333.0,0.10702040767752287,57,37333.0
10045.0,50,32852.0,361.010989010989,3.0235881190261544,50,37448.0,0.14707537353856392,50,37448.0
10050.0,52,33043.0,379.8045977011494,2.6376104105410723,52,37579.0,0.11160886476270178,52,37579.0
10055.0,63,33335.0,374.55056179775283,2.102553942324315,63,37772.0,0.09983100094002123,63,37772.0
10060.0,65,33535.0,385.4597701149425,1.2665782167594517,65,37950.0,0.05502412582554691,65,37950.0
10065.0,66,33790.0,379.6629213483146,2.1962328930570365,66,38099.0,0.0988604922397903,66,38099.0
10070.0,68,34122.0,379.1333333333333,2.6090891541907086,68,38264.0,0.07685263239022418,68,38264.0
10075.0,68,34462.0,382.9111111111111,3.1128084753677197,68,38499.0,0.10368735193728872,68,38499.0
10080.0,68,34802.0,414.3095238095238,2.218771862678298,68,38739.0,0.055910364226351816,68,38739.0
10085.0,70,35147.0,390.52222222222224,2.442277649377418,70,38984.0,0.08397039477519583,70,38984.0
10090.0,74,35508.0,422.7142857142857,1.477670070566732,74,39245.0,0.06274567642015397,74,39245.0
10095.0,76,35885.0,417.2674418604651,1.4390754934759629,76,39522.0,0.06141403277061629,76,39522.0
10100.0,76,36265.0,421.6860465116279,1.4108719949804849,76,39802.0,0.059799036963230134,76,39802.0
10105.0,71,36469.0,405.2111111111111,1.4695266669313891,71,39994.0,0.0798631399203271,71,39994.0
10110.0,73,36811.0,418.3068181818182,1.8012067668471197,73,40165.0,0.07828714525074565,73,40165.0
10115.0,74,37178.0,404.10869565217394,2.100955081874885,74,40415.0,0.06118413273782886,74,40415.0
10120.0,72,37497.0,398.90425531914894,1.9287347419855347,72,40665.0,0.07826539641272821,72,40665.0
10125.0,74,37850.0,411.4130434782609,2.0621831508220336,74,40892.0,0.08932844855977298,74,40892.0
10130.0,75,38221.0,406.6063829787234,2.500237884536719,75,41158.0,0.06835740208271374,75,41158.0
10135.0,76,38601.0,415.06451612903226,2.3569043859714136,76,41438.0,0.06543938088137694,76,41438.0
10140.0,73,38939.0,447.57471264367814,1.6037717583882543,73,41685.0,0.064851775934413,73,41685.0
10145.0,74,39305.0,436.72222222222223,1.887886505108657,74,41942.0,0.0847904220340986,74,41942.0
10150.0,76,39678.0,450.8863636363636,1.4984470169065751,76,42215.0,0.0665615145965887,76,42215.0
10155.0,75,40037.0,430.505376344086,1.2070538096953898,75,42482.0,0.07192519110214413,75,42482.0
10160.0,78,40422.0,434.64516129032256,1.9103513966426402,78,42776.0,0.07677501625769105,78,42776.0
10165.0,79,40813.0,416.4591836734694,2.3419628798450742,79,43126.0,0.09346320682114227,79,43126.0
10170.0,80,41213.0,443.1505376344086,1.7390000760605153,80,43518.0,0.06195427920305797,80,43518.0
10175.0,74,40839.0,434.4574468085106,1.8595398728690213,74,43265.0,0.09103157529836095,74,43265.0
10180.0,69,39950.0,434.2391304347826,1.9905120532296068,69,42433.0,0.0918968522156346,69,42433.0
10185.0,63,39298.0,418.06382978723406,2.709362013010348,63,41225.0,0.0917045203758987,63,41225.0
10190.0,60,38768.0,408.0842105263158,3.5483589478573814,60,40415.0,0.13995783722028693,60,40415.0
10195.0,49,38649.0,429.43333333333334,3.4766682868622145,49,40309.0,0.17565641158064302,49,40309.0
10200.0,53,38886.0,427.31868131868134,3.12241272711288,53,40333.0,0.1582456650786701,53,40333.0
10205.0,60,39176.0,421.247311827957,3.0210137460957864,60,40419.0,0.12560198228423575,60,40419.0
10210.0,67,39495.0,429.29347826086956,2.43422144691282,67,40548.0,0.05855645667637166,67,40548.0
10215.0,69,39560.0,439.55555555555554,2.3002214870686917,69,40594.0,0.09769875813938951,69,40594.0
10220.0,64,39783.0,457.2758620689655,2.271087971350753,64,40556.0,0.09373817320121572,64,40556.0
10225.0,67,40115.0,450.7303370786517,2.8245183114030845,67,40598.0,0.09570383821009107,67,40598.0
10230.0,67,40415.0,444.1208791208791,2.2530996619013743,67,40725.0,0.07966184438134477,67,40725.0
10235.0,69,40752.0,479.43529411764706,1.855155931039414,69,40857.0,0.06198495276209636,69,40857.0
10240.0,71,41102.0,456.68888888888887,2.7477282641667675,71,41015.0,0.07427646720830113,71,41015.0
10245.0,71,41457.0,487.7294117647059,2.081034567846625,71,41180.0,0.06104428587703067,71,41180.0
10250.0,67,41745.0,496.9642857142857,1.6160372620742185,67,41303.0,0.07647523289749462,67,41303.0
10255.0,69,42088.0,507.0843373493976,2.038855323559801,69,41431.0,0.06981955161111084,69,41431.0
10260.0,70,42435.0,499.2352941176471,1.841334605247107,70,41588.0,0.05819015095258969,70,41588.0
10265.0,67,42750.0,491.37931034482756,1.7026297025502075,67,41728.0,0.07198808659545376,67,41728.0
10270.0,71,43099.0,484.2584269662921,2.23952053534301,71,41872.0,0.08811692111111726,71,41872.0
10275.0,73,43459.0,488.30337078651684,2.3807503835533605,73,42042.0,0.07168105846044585,73,42042.0
10280.0,73,43824.0,503.7241379310345,2.0215795890618877,73,42217.0,0.07716054483196624,73,42217.0
10285.0,71,44164.0,519.5764705882353,1.8105465228126025,71,42367.0,0.08602748987818463,71,42367.0
10290.0,71,44519.0,511.71264367816093,2.006036769219611,71,42532.0,0.09308963824370711,71,42532.0
10295.0,75,44885.0,528.0588235294117,1.4003789896659722,75,42708.0,0.06376624256153417,75,42708.0
10300.0,73,44646.0,485.2826086956522,1.2952494688549345,73,42348.0,0.0693655435772207,73,42348.0
10305.0,68,44011.0,483.6373626373626,2.0336944385432907,68,41523.0,0.08880435425917131,68,41523.0
10310.0,62,43461.0,452.71875,2.8516496531264557,62,40587.0,0.11016082087902959,62,40587.0
10315.0,56,43231.0,475.0659340659341,2.673200355729478,56,40477.0,0.12156325118137547,56,40477.0
10320.0,59,43456.0,477.53846153846155,2.2902761136301732,59,40565.0,0.10473531681371563,59,40565.0
10325.0,66,43775.0,486.3888888888889,1.6240307787191457,66,40694.0,0.0698580884374826,66,40694.0
10330.0,71,43920.0,477.39130434782606,1.4792654583829925,71,40782.0,0.06912122980136515,71,40782.0
10335.0,67,44060.0,463.7894736842105,2.139054417456015,67,40776.0,0.10014019298138509,67,40776.0
10340.0,69,44361.0,448.09090909090907,2.808839380859124,69,40806.0,0.10923261891097559,69,40806.0
10345.0,70,44707.0,465.6979166666667,2.941413150384348,70,40886.0,0.09901457251558912,70,40886.0
10350.0,71,45062.0,469.3958333333333,3.2937271910003587,71,41033.0,0.11586679986486004,71,41033.0
10355.0,71,45417.0,510.30337078651684,2.3668512154447603,71,41197.0,0.058431437112522994,71,41197.0
10360.0,68,45516.0,517.2272727272727,2.10217897420189,68,40910.0,0.08760117312881302,68,40910.0
10365.0,62,45449.0,528.4767441860465,2.456963180897253,62,40074.0,0.09551413779311227,62,40074.0
10370.0,56,45444.0,488.64516129032256,3.70334039863626,56,39458.0,0.16141294099113326,56,39458.0
10375.0,50,45483.0,505.3666666666667,3.1823575708641663,50,39373.0,0.15024583514704998,50,39373.0
10380.0,53,45731.0,531.7558139534884,2.8060123085877593,53,39402.0,0.10918336938610217,53,39402.0
10385.0,61,46021.0,528.9770114942529,3.0228510087743437,61,39497.0,0.09393146991036821,61,39497.0
10390.0,68,46346.0,551.7380952380952,2.4144187160321926,68,39632.0,0.07403586723980606,68,39632.0
10395.0,70,46692.0,562.5542168674699,2.0987683017013463,70,39788.0,0.07501307154979404,70,39788.0
10400.0,70,47042.0,595.4683544303797,1.3649219593431803,70,39948.0,0.06362344219895089,70,39948.0
10405.0,67,47039.0,559.9880952380952,1.79598425971116,67,39968.0,0.10221769352471481,67,39968.0
10410.0,60,47184.0,548.6511627906976,2.7389944009436697,60,39877.0,0.1302357637448418,60,39877.0
10415.0,66,47498.0,539.75,2.7121943876993426,66,39848.0,0.0782543521801585,66,39848.0
10420.0,64,47788.0,555.6744186046511,2.102970275121588,64,39961.0,0.06830772396665848,64,39961.0
10425.0,66,48117.0,559.5,2.4829732179449158,66,40087.0,0.0965053743366565,66,40087.0
10430.0,67,48448.0,576.7619047619048,2.5081021700155213,67,40228.0,0.07481663650408595,67,40228.0
10435.0,68,48788.0,587.8072289156627,2.4038687548916506,68,40378.0,0.07487866557673303,68,40378.0
10440.0,62,49025.0,628.525641025641,1.6257257687713365,62,40465.0,0.061086077737832575,62,40465.0
10445.0,63,49336.0,587.3333333333334,2.260464384912908,63,40532.0,0.11456654458912638,63,40532.0
10450.0,69,49669.0,591.297619047619,1.9948284549313513,69,40675.0,0.07318981860933808,69,40675.0
10455.0,66,49983.0,581.1976744186046,1.7169051148697911,66,40812.0,0.0818886449027084,66,40812.0
10460.0,68,50322.0,606.289156626506,2.062066079016421,68,40948.0,0.07669033585713649,68,40948.0
10465.0,69,50663.0,575.7159090909091,2.6469375390238867,69,41099.0,0.07611351088851291,69,41099.0
10470.0,70,51010.0,607.2619047619048,2.0819115466875724,70,41256.0,0.07325302035189496,70,41256.0
10475.0,64,50765.0,619.0853658536586,1.5144102229073104,64,40974.0,0.08431145201590408,64,40974.0
10480.0,60,50129.0,582.8953488372093,2.5230314927912763,60,40301.0,0.12943898596725936,60,40301.0
10485.0,57,49763.0,552.9222222222222,3.290809519717078,57,39461.0,0.11909618139577205,57,39461.0
10490.0,50,49810.0,579.1860465116279,2.835350305387729,50,39518.0,0.13762562235484743,50,39518.0
10495.0,54,50066.0,589.0117647058823,2.5870471418637364,54,39561.0,0.13559051205711833,54,39561.0
10500.0,62,50360.0,599.5238095238095,2.4332109554832395,62,39659.0,0.05290718679927265,62,39659.0
10505.0,68,50693.0,582.6781609195402,2.7567590432115487,68,39802.0,0.10393852838853807,68,39802.0
10510.0,68,51033.0,637.9125,1.5767462999716886,68,39952.0,0.05060288927678662,68,39952.0
10515.0,64,51088.0,580.5454545454545,2.587101243507169,64,39985.0,0.15136155835216802,64,39985.0
10520.0,61,51288.0,603.3882352941176,2.2193007702828473,61,39928.0,0.10340252135029551,61,39928.0
10525.0,66,51612.0,573.4666666666667,2.917857329341759,66,39961.0,0.10461043961816642,66,39961.0
10530.0,66,51905.0,603.546511627907,2.3569797146312825,66,40086.0,0.08263347238907554,66,40086.0
10535.0,64,52223.0,614.3882352941176,2.3418631260538634,64,40194.0,0.08596435205721965,64,40194.0
10540.0,66,52549.0,625.5833333333334,2.746529228332562,66,40328.0,0.0783437565854706,66,40328.0
10545.0,66,52879.0,644.8658536585366,2.5612747151087354,66,40468.0,0.07647323061140067,66,40468.0
10550.0,62,53138.0,648.0243902439024,2.1243944238951533,62,40560.0,0.12250963066105082,62,40560.0
10555.0,64,53458.0,644.0722891566265,2.008864556081462,64,40667.0,0.08693048765246399,64,40667.0
10560.0,72,53800.0,640.4761904761905,1.6825626422763347,72,40819.0,0.043584615751821945,72,40819.0
10565.0,66,54103.0,636.5058823529412,1.977028620904915,66,40953.0,0.09091387398473451,66,40953.0
10570.0,66,54433.0,655.8192771084338,2.199241273617062,66,41072.0,0.09561342772382353,66,41072.0
10575.0,67,54764.0,651.952380952381,2.404689821670635,67,41213.0,0.06502006591308414,67,41213.0
10580.0,68,55103.0,663.8915662650602,2.2285243612049723,68,41362.0,0.07100765849895042,68,41362.0
10585.0,68,55443.0,667.9879518072289,2.151102680493697,68,41512.0,0.10949976551105808,68,41512.0
10590.0,67,55754.0,648.3023255813954,1.6898351618354928,67,41635.0,0.08395706585366566,67,41635.0
10595.0,73,56110.0,667.9761904761905,1.5348471758194902,73,41799.0,0.05088064722935949,73,41799.0
10600.0,76,56480.0,634.6067415730337,1.597497028287101,76,41979.0,0.06631698973972638,76,41979.0
10605.0,77,56865.0,653.6206896551724,1.244017120691272,77,42174.0,0.05741606009456977,77,42174.0
10610.0,74,57166.0,642.314606741573,1.212234956986064,74,42331.0,0.07280808444852743,74,42331.0
10615.0,71,57503.0,646.1011235955057,1.8402556818511202,71,42453.0,0.07545894919860201,71,42453.0
10620.0,71,57858.0,628.8913043478261,2.616637135047924,71,42597.0,0.07820295189217541,71,42597.0
10625.0,73,58220.0,619.3617021276596,2.379906290097068,73,42769.0,0.06899221096000663,73,42769.0
10630.0,77,58601.0,623.4148936170212,2.12638335967914,77,42960.0,0.05692131864616163,77,42960.0
10635.0,79,58990.0,655.4444444444445,1.5059322966274986,79,43159.0,0.06518025040093728,79,43159.0
10640.0,79,59385.0,659.8333333333334,1.4749262097630378,79,43364.0,0.08308541001478637,79,43364.0
10645.0,75,59677.0,655.7912087912088,1.6485148314129123,75,43509.0,0.07698160534623724,75,43509.0
10650.0,75,60046.0,632.0631578947368,2.19556164084756,75,43647.0,0.07457966769641626,75,43647.0
10655.0,78,60432.0,664.0879120879121,1.771512026613625,78,43841.0,0.06352348749402947,78,43841.0
10660.0,76,59806.0,629.5368421052632,1.4920500118772644,76,43446.0,0.06691392588018391,76,43446.0
10665.0,70,58677.0,637.7934782608696,2.098406256527862,70,42510.0,0.09056422731719137,70,42510.0
10670.0,63,57592.0,593.7319587628866,2.9882530845180733,63,41181.0,0.11071839068457326,63,41181.0
10675.0,54,56938.0,618.8913043478261,2.589708974057348,54,41245.0,0.12602175102088436,54,41245.0
10680.0,49,56942.0,625.7362637362637,2.8411260659312574,49,41227.0,0.13810581264847682,49,41227.0
10685.0,56,57205.0,615.1075268817204,3.254620450578977,56,41247.0,0.1258899037070415,56,41247.0
10690.0,62,57504.0,625.0434782608696,2.89851255662566,62,41354.0,0.09566603180152243,62,41354.0
10695.0,73,57846.0,615.3829787234042,2.796335070824786,73,41506.0,0.10540698875977653,73,41506.0
10700.0,74,58211.0,632.7282608695652,2.052164806825631,74,41682.0,0.08365265162645788,74,41682.0
10705.0,79,58597.0,658.3932584269663,1.5032788485697837,79,41878.0,0.06683461395607534,79,41878.0
10710.0,79,58992.0,641.2173913043479,1.7902655473669664,79,42083.0,0.09361562991728366,79,42083.0
10715.0,80,59389.0,667.2921348314607,1.1456435465535841,80,42290.0,0.04495299787083978,80,42290.0
10720.0,75,59527.0,647.0326086956521,1.552868053924371,75,42385.0,0.08248212469835767,75,42385.0
10725.0,73,59813.0,657.2857142857143,1.750945065367356,73,42382.0,0.07181146701435176,73,42382.0
10730.0,74,60183.0,607.9090909090909,2.884529094619583,74,42514.0,0.11304313083076112,74,42514.0
10735.0,77,60516.0,623.8762886597938,2.0697524282964666,77,42680.0,0.07418434783089892,77,42680.0
10740.0,75,60889.0,640.9368421052632,2.081589534591833,75,42842.0,0.06136534895879435,75,42842.0
10745.0,77,61272.0,644.9684210526316,2.4811724838298668,77,43033.0,0.06905008776852616,77,43033.0
10750.0,74,61622.0,662.6021505376344,2.2614716382130213,74,43200.0,0.08189047324529802,74,43200.0
10755.0,77,61997.0,681.2857142857143,1.8148397990974958,77,43378.0,0.06741276854839977,77,43378.0
10760.0,78,62386.0,700.9662921348314,1.4612436723656308,78,43577.0,0.055062147370599564,78,43577.0
10765.0,76,62248.0,669.3333333333334,1.3000708216119814,76,43188.0,0.07928977694272812,76,43188.0
10770.0,70,61768.0,671.3913043478261,1.7809234685252842,70,42015.0,0.07081819051656821,70,42015.0
10775.0,66,61448.0,640.0833333333334,2.690335270759387,66,40981.0,0.09163273347415461,66,40981.0
10780.0,55,60933.0,648.2234042553191,2.5078684310336428,55,41040.0,0.10251627363654195,55,41040.0
10785.0,49,60944.0,662.4347826086956,3.0224612109437143,49,41014.0,0.1471727635791264,49,41014.0
10790.0,56,61210.0,651.1702127659574,3.0214574120081132,56,41038.0,0.11869449345657428,56,41038.0
10795.0,64,61513.0,654.3936170212766,3.0856000292703416,64,41143.0,0.11200235455284788,64,41143.0
10800.0,72,61853.0,694.9775280898876,2.1722466709283186,72,41295.0,0.05052598156298607,72,41295.0
10805.0,74,62220.0,676.304347826087,2.090975830223537,74,41472.0,0.07855555779517599,74,41472.0
10810.0,78,62602.0,711.3863636363636,1.2627221490479774,78,41664.0,0.05688803583154641,78,41664.0
10815.0,80,62997.0,684.75,1.6232331015981871,80,41869.0,0.08198739425554473,80,41869.0
10820.0,80,63397.0,704.4111111111112,1.2949298906682758,80,42079.0,0.05819310447953661,80,42079.0
10825.0,76,63513.0,668.5578947368421,1.661085443545202,76,42168.0,0.07827082984903726,76,42168.0
10830.0,73,63796.0,685.9784946236559,2.188175654096502,73,42182.0,0.09279632759022226,73,42182.0
10835.0,75,64164.0,675.4105263157895,2.289180379288857,75,42276.0,0.06090880715844085,75,42276.0
10840.0,73,64493.0,658.0918367346939,2.1517514799469017,73,42439.0,0.07240669392083644,73,42439.0
10845.0,76,64863.0,675.65625,2.2607972091019928,76,42599.0,0.08830027702267036,76,42599.0
10850.0,77,65244.0,686.7789473684211,2.3888327359452073,77,42786.0,0.06724122621766958,77,42786.0
10855.0,74,65188.0,686.1894736842105,2.0241913268644898,74,42432.0,0.07494851164096013,74,42432.0
10860.0,66,64845.0,728.5955056179776,1.8991745228282688,66,41574.0,0.07488250247420972,66,41574.0
10865.0,61,64622.0,687.468085106383,3.020888826754266,61,40426.0,0.11377336004247349,61,40426.0
10870.0,51,64280.0,714.2222222222222,2.8839163011855105,51,40459.0,0.13424972631556292,51,40459.0
10875.0,53,64420.0,692.6881720430108,2.883624802544148,53,40472.0,0.1380083628133737,53,40472.0
10880.0,62,64719.0,703.4673913043479,2.4726468823949754,62,40582.0,0.10585816816237707,62,40582.0
10885.0,67,64977.0,691.2446808510638,1.820278473406092,67,40360.0,0.08511105810006177,67,40360.0
10890.0,66,65224.0,724.7111111111111,1.927142039777968,66,39874.0,0.0853414208137903,66,39874.0
10895.0,64,65483.0,696.6276595744681,2.8551350781859623,64,39205.0,0.1072499756145381,64,39205.0
10900.0,58,65517.0,719.967032967033,2.376707926767437,58,39228.0,0.10711586106724208,58,39228.0
10905.0,58,65562.0,728.4666666666667,2.616324175255497,58,39142.0,0.09421038648227933,58,39142.0
10910.0,57,65775.0,699.7340425531914,3.214031565545211,57,39102.0,0.12877002432339923,57,39102.0
10915.0,60,66074.0,718.195652173913,3.715145163477784,60,39122.0,0.16411997181145485,60,39122.0
10920.0,63,66380.0,762.9885057471264,2.9584525461411584,63,39190.0,0.11379514548665037,63,39190.0
10925.0,66,66710.0,775.6976744186046,3.0494212942796683,66,39319.0,0.0983697802990584,66,39319.0
10930.0,66,67040.0,807.710843373494,2.444009132007348,66,39459.0,0.061319480565122854,66,39459.0
10935.0,62,67151.0,850.0126582278481,1.7745945092306512,62,39501.0,0.06648502233162425,62,39501.0
10940.0,61,67413.0,832.2592592592592,2.6463785631727474,61,39474.0,0.0963225130271966,61,39474.0
10945.0,62,67723.0,825.890243902439,2.9781624366038315,62,39572.0,0.09846786396262852,62,39572.0
10950.0,59,67987.0,809.3690476190476,2.800192402551259,59,39666.0,0.122536899192496,59,39666.0
10955.0,61,68280.0,875.3846153846154,2.1259407206854974,61,39750.0,0.06961305805064695,61,39750.0
10960.0,64,68594.0,836.5121951219512,2.9247992672277494,64,39873.0,0.07588492560489059,64,39873.0
10965.0,64,68914.0,883.5128205128206,2.308054333644878,64,40003.0,0.07354899057849534,64,40003.0
10970.0,62,69210.0,898.8311688311688,1.436207722854198,62,40109.0,0.08471787717094231,62,40109.0
10975.0,66,69536.0,914.9473684210526,1.6204097432622935,66,40245.0,0.07407374578246959,66,40245.0
10980.0,68,69869.0,873.3625,1.5384054355602879,68,40388.0,0.058929501898387915,68,40388.0
10985.0,65,70150.0,855.4878048780488,1.6510843854775057,65,40512.0,0.10335523006938342,65,40512.0
10990.0,67,70464.0,819.3488372093024,2.1283262548897586,67,40611.0,0.093317604161807,67,40611.0
10995.0,69,70801.0,813.8045977011494,2.6101080938314785,69,40750.0,0.07008523859827771,69,40750.0
11000.0,66,71117.0,817.4367816091954,2.514295018977363,66,40880.0,0.09211743120553477,66,40880.0
11005.0,70,71458.0,850.6904761904761,2.031249416300839,70,41027.0,0.0676833021060053,70,41027.0
11010.0,72,71813.0,844.8588235294118,1.582658995410128,72,41192.0,0.06687700608858047,72,41192.0
11015.0,68,72116.0,879.4634146341464,1.3954801105757277,68,41338.0,0.07144261699474418,68,41338.0
11020.0,68,72443.0,804.9222222222222,2.352515364571879,68,41446.0,0.11597817231728204,68,41446.0
11025.0,71,72789.0,808.7666666666667,2.6005893947001413,71,41598.0,0.07108699356242273,71,41598.0
11030.0,72,73149.0,803.8351648351648,2.439777096930983,72,41768.0,0.06837098129966931,72,41768.0
11035.0,68,72707.0,855.3764705882353,1.9478828625299989,68,41485.0,0.08021938992894642,68,41485.0
11040.0,58,71717.0,843.7294117647059,2.4511519377340574,58,40784.0,0.11744315025697305,58,40784.0
11045.0,55,71099.0,826.7325581395348,3.366878502166449,55,39805.0,0.13222218065670824,55,39805.0
11050.0,46,71055.0,826.2209302325581,3.0441024625686577,46,39849.0,0.13838487667473434,46,39849.0
11055.0,54,71308.0,838.9176470588235,3.110593309953826,54,39902.0,0.17042149453910194,54,39902.0
11060.0,59,71592.0,813.5454545454545,2.8775193038161686,59,39996.0,0.11314415166254936,59,39996.0
11065.0,67,71911.0,836.1744186046511,2.177170950093803,67,40125.0,0.07525286526700113,67,40125.0
11070.0,72,72264.0,840.2790697674419,2.0782803071299445,72,40290.0,0.09009441491911124,72,40290.0
11075.0,67,61203.0,746.3780487804878,1.4064432290811377,67,38457.0,0.06108334733403594,67,38457.0
11080.0,59,42524.0,500.2823529411765,2.7725898024049376,59,33621.0,0.11257297497127662,59,33621.0
11085.0,53,25725.0,302.6470588235294,3.245388294374071,53,28785.0,0.10895632424765928,53,28785.0
11090.0,45,10761.0,122.2840909090909,3.578106067513968,45,28878.0,0.18870011093024272,45,28878.0
11095.0,46,1507.0,17.523255813953487,3.122307507349918,46,28954.0,0.152198484459986,46,28954.0
11100.0,57,1773.0,20.147727272727273,2.7398262963417888,57,29091.0,0.11136110546239573,57,29091.0
11105.0,64,2083.0,22.89010989010989,2.311807087650706,64,29271.0,0.10018937785130808,64,29271.0
11110.0,73,2427.0,26.380434782608695,1.5793470956782245,73,29485.0,0.062463498911418655,73,29485.0
11115.0,80,2811.0,29.904255319148938,1.437104454881912,80,29739.0,0.06521910632548086,80,29739.0
11120.0,84,3225.0,34.67741935483871,0.9823465205255046,84,30025.0,0.032265248913825276,84,30025.0
11125.0,86,3655.0,37.295918367346935,1.5533457446421342,86,30325.0,0.08117440986066313,86,30325.0
11130.0,88,4087.0,40.87,1.1461472977448373,88,30627.0,0.05071878212663996,88,30627.0
11135.0,92,4540.0,44.509803921568626,1.2271229384965194,92,30950.0,0.03852392561331987,92,30950.0
11140.0,92,5000.0,49.01960784313726,1.2650356628532784,92,31280.0,0.056733743088274,92,31280.0
11145.0,94,5462.0,53.029126213592235,1.2083316211288435,94,31612.0,0.039887881088974154,94,31612.0
11150.0,88,5336.0,51.30769230769231,1.3653725285559353,88,31469.0,0.05517375613302887,88,31469.0
11155.0,81,4806.0,46.21153846153846,1.4908725296718723,81,30853.0,0.06499631318808208,81,30853.0
11160.0,75,4398.0,42.28846153846154,2.425201081486544,75,29941.0,0.08102030117778668,75,29941.0
11165.0,66,4384.0,40.22018348623853,2.223313737283014,66,30137.0,0.10744332110045801,66,30137.0
11170.0,74,4739.0,45.13333333333333,2.2295824505435236,74,30344.0,0.08990419175538336,74,30344.0
11175.0,80,5127.0,47.47222222222222,2.377988594428907,80,30602.0,0.08112255470707273,80,30602.0
11180.0,82,5012.0,48.19230769230769,1.6731104349363606,82,28909.0,0.043583376060924106,82,28909.0
11185.0,77,4564.0,43.88461538461539,1.9309684052238487,77,25262.0,0.07563808610393202,77,25262.0
11190.0,73,4195.0,41.127450980392155,2.397622049117441,73,19667.0,0.07247697314465461,73,19667.0
11195.0,62,3772.0,36.98039215686274,2.372575847746292,62,19916.0,0.09968581914900944,62,19916.0
11200.0,62,3757.0,36.47572815533981,2.817886481303895,62,20137.0,0.13619985266588516,62,20137.0
11205.0,73,4095.0,37.916666666666664,2.512079503877422,73,20405.0,0.09722998567427242,73,20405.0
11210.0,80,4483.0,41.12844036697248,1.8886543024000577,80,20723.0,0.067359114160238,80,20723.0
11215.0,90,4914.0,44.270270270270274,1.4061284205448519,90,21084.0,0.04116469597507425,90,21084.0
11220.0,96,5379.0,48.45945945945946,1.1255810831926087,96,21480.0,0.03764693118300642,96,21480.0
11225.0,98,4711.0,41.324561403508774,0.8528852640567025,98,21493.0,0.03894877078471915,98,21493.0
11230.0,92,3669.0,32.75892857142857,1.3788965690880917,92,21149.0,0.058611031568461563,92,21149.0
11235.0,84,3259.0,27.158333333333335,2.5504143930357803,84,20543.0,0.10836309892965318,84,20543.0
11240.0,77,3054.0,26.102564102564102,2.0371456451789345,77,20850.0,0.08458603095165862,77,20850.0
11245.0,78,3299.0,28.439655172413794,2.2520967955746265,78,21132.0,0.10108999296315523,78,21132.0
11250.0,85,3713.0,32.008620689655174,2.151094439172161,85,21471.0,0.06769648438560177,85,21471.0
11255.0,92,4156.0,35.827586206896555,1.8278918163892692,92,21844.0,0.0753277272171993,92,21844.0
11260.0,97,4631.0,40.982300884955755,1.2833101459088496,97,22249.0,0.04816376221330696,97,22249.0
11265.0,101,5130.0,45.80357142857143,1.1753051666841725,101,22679.0,0.028182146718655467,101,22679.0
11270.0,102,5640.0,47.79661016949152,1.475704693279881,102,23119.0,0.065010690747287,102,23119.0
11275.0,107,6160.0,52.20338983050848,1.1081759937208189,107,23569.0,0.03512631864891609,107,23569.0
11280.0,108,6699.0,57.75,0.9445799446855353,108,24038.0,0.03379205639992012,108,24038.0
11285.0,104,6707.0,55.891666666666666,1.0873484162695182,104,22553.0,0.0434947570622835,104,22553.0
11290.0,97,6369.0,53.52100840336134,1.3233482822355087,97,19126.0,0.05284995705594906,97,19126.0
11295.0,90,6185.0,51.541666666666664,2.006172664200263,90,13792.0,0.06492794406219034,90,13792.0
11300.0,83,5855.0,48.791666666666664,1.9715873783174904,83,14192.0,0.08663793337942377,83,14192.0
11305.0,83,5863.0,50.111111111111114,2.0789733405540054,83,14569.0,0.089943250495127,83,14569.0
11310.0,90,6298.0,51.622950819672134,2.113391234098968,90,14992.0,0.06608744556501125,90,14992.0
11315.0,97,6770.0,55.950413223140494,1.4537275455592011,97,15454.0,0.04988534671697403,97,15454.0
11320.0,103,7272.0,59.60655737704918,1.1748377293975858,103,15947.0,0.04202859334552381,103,15947.0
11325.0,110,7807.0,63.99180327868852,0.8754759236652387,110,16473.0,0.03362622723790907,110,16473.0
11330.0,110,7388.0,59.58064516129032,0.9238277516839741,110,16391.0,0.039391040296454786,110,16391.0
11335.0,102,6472.0,53.049180327868854,1.2331183173520468,102,15720.0,0.042773720462421054,102,15720.0
11340.0,96,5539.0,44.312,1.993662182021723,96,14889.0,0.0707553376612941,96,14889.0
11345.0,83,4897.0,40.80833333333333,1.7801982892063626,83,15047.0,0.0744717400678505,83,15047.0
11350.0,83,5007.0,41.725,2.1613060477995174,83,15417.0,0.09694216862247344,83,15417.0
11355.0,88,5437.0,45.30833333333333,2.0971847407104534,88,15833.0,0.0674918242924661,88,15833.0
11360.0,90,5819.0,47.69672131147541,1.4586913649996782,90,15802.0,0.053811668007817164,90,15802.0
11365.0,90,6183.0,52.84615384615385,1.384825251014703,90,15371.0,0.05101042364549134,90,15371.0
11370.0,90,6575.0,54.791666666666664,2.109313794409239,90,14745.0,0.06202509977552838,90,14745.0
11375.0,80,6894.0,59.947826086956525,2.042232107705192,80,15128.0,0.08643242899304598,80,15128.0
11380.0,84,7291.0,61.26890756302521,2.2458908740476975,84,15484.0,0.09433194169975151,84,15484.0
11385.0,90,7729.0,66.62931034482759,2.018733113329881,90,15910.0,0.052144115945176976,90,15910.0
11390.0,96,8193.0,71.24347826086957,1.7156260829494825,96,16367.0,0.03915366580351957,96,16367.0
11395.0,100,8690.0,79.0,1.167037571493458,100,16854.0,0.03251604327733882,100,16854.0
11400.0,94,9045.0,81.48648648648648,1.2104116318715996,94,16996.0,0.055016183829044246,94,16996.0
11405.0,87,9295.0,86.06481481481481,1.4726840877428051,87,16836.0,0.05708752744561711,87,16836.0
11410.0,81,9572.0,85.46428571428571,2.4025633350661435,81,16587.0,0.07427226949187515,81,16587.0
11415.0,80,9934.0,88.69642857142857,2.573516511987767,80,16964.0,0.11616608108591774,80,16964.0
11420.0,83,10334.0,93.09909909909909,1.9732570680869699,83,17335.0,0.07594485903362948,83,17335.0
11425.0,90,10771.0,99.73148148148148,1.8872162488132314,90,17756.0,0.035773723452098616,90,17756.0
11430.0,92,11230.0,103.98148148148148,1.8752848919932121,92,18205.0,0.05969103358889024,92,18205.0
11435.0,92,11690.0,115.74257425742574,1.1486685035428315,92,18655.0,0.037317175016602186,92,18655.0
11440.0,86,10953.0,107.38235294117646,1.214652622515258,86,18413.0,0.04322024771752383,86,18413.0
11445.0,80,9404.0,93.10891089108911,1.6351716766414839,80,17518.0,0.06337066774847466,80,17518.0
11450.0,71,8040.0,75.84905660377359,3.062558481839501,71,16101.0,0.1285266096293621,71,16101.0
11455.0,63,6812.0,65.5,2.678352789030493,63,16400.0,0.12469428344219359,63,16400.0
11460.0,65,6267.0,62.67,2.514491194803787,65,16673.0,0.11598096487934925,65,16673.0
11465.0,71,6610.0,63.55769230769231,2.492386549375444,71,17004.0,0.08309006110073391,71,17004.0
11470.0,72,6901.0,65.10377358490567,2.0737307458242205,72,16786.0,0.08058665364364688,72,16786.0
11475.0,71,7165.0,68.89423076923077,1.8196010085992167,71,16049.0,0.06891685521125993,71,16049.0
11480.0,71,7463.0,71.75961538461539,2.1760691427738417,71,14952.0,0.06825557608428513,71,14952.0
11485.0,66,7717.0,72.1214953271028,2.4690784057956767,66,15267.0,0.11781810675282257,66,15267.0
11490.0,67,8013.0,77.04807692307692,2.705384817166353,67,15565.0,0.1257213093961989,67,15565.0
11495.0,78,8380.0,77.5925925925926,2.459148424416018,78,15922.0,0.08280706687792976,78,15922.0
11500.0,78,8696.0,80.51851851851852,1.8154749034799353,78,15841.0,0.05839257775372986,78,15841.0
11505.0,76,8966.0,82.25688073394495,1.7904096794310487,76,15369.0,0.06555827108570952,76,15369.0
11510.0,78,9289.0,86.00925925925925,2.163143502458433,78,14542.0,0.07235509809648345,78,14542.0
11515.0,71,9558.0,87.68807339449542,2.099640878096321,71,14886.0,0.09000487264209843,71,14886.0
11520.0,69,9856.0,93.86666666666666,2.519382767940088,69,15199.0,0.1006484749397152,69,15199.0
11525.0,75,10219.0,92.9,2.671033845415783,75,15550.0,0.10766690431807614,75,15550.0
11530.0,85,10619.0,94.8125,1.7921275716670546,85,15940.0,0.0640502391451714,85,15940.0
11535.0,92,11066.0,99.69369369369369,1.089990416302413,92,16377.0,0.04795506409723947,92,16377.0
11540.0,98,11546.0,103.08928571428571,0.9524432605907427,98,16848.0,0.03671373627159425,98,16848.0
11545.0,104,12056.0,106.69026548672566,0.9824229838134497,104,17349.0,0.041153959170818655,104,17349.0
11550.0,98,11767.0,105.0625,1.1085976544600353,98,17447.0,0.039720956177358734,98,17447.0
11555.0,90,10932.0,95.89473684210526,1.690249539494686,90,17126.0,0.0574593990630903,90,17126.0
11560.0,84,10712.0,93.14782608695653,2.3819190677072104,84,16803.0,0.08644542342570237,84,16803.0
11565.0,78,10949.0,96.89380530973452,1.8210693561070301,78,17171.0,0.09036177652095674,78,17171.0
11570.0,83,11354.0,103.21818181818182,1.9076931327271591,83,17553.0,0.08045867457116782,83,17553.0
11575.0,90,11789.0,105.25892857142857,1.8301531730419085,90,17978.0,0.05202333696704897,90,17978.0
11580.0,90,10576.0,97.92592592592592,1.5044920444322476,90,16512.0,0.041675333603991574,90,16512.0
11585.0,83,8523.0,79.65420560747664,1.8605336918979036,83,15177.0,0.0762670122542748,83,15177.0
11590.0,77,6459.0,61.51428571428571,2.4437268062669517,77,12947.0,0.08340741220555564,77,12947.0
11595.0,67,4595.0,42.15596330275229,2.6595139255527287,67,13280.0,0.13303329702532962,67,13280.0
11600.0,66,3291.0,31.047169811320753,2.6481975568676126,66,13578.0,0.11271643645578154,66,13578.0
11605.0,75,3647.0,33.45871559633027,2.6169585765488947,75,13933.0,0.10568990840177746,75,13933.0
11610.0,83,4046.0,37.81308411214953,1.810470002777222,83,14332.0,0.05987808638297367,83,14332.0
11615.0,90,4480.0,41.10091743119266,1.3419472475491507,90,14766.0,0.0550891983745005,90,14766.0
11620.0,96,4945.0,45.78703703703704,0.9744176239200603,96,15232.0,0.03374694020779627,96,15232.0
11625.0,100,5440.0,49.45454545454545,1.190557974991703,100,15727.0,0.04221076888729696,100,15727.0
11630.0,94,5736.0,51.214285714285715,1.2890169747894027,94,15274.0,0.07192294571360469,94,15274.0
11635.0,86,5894.0,51.70175438596491,1.7131590103789076,86,13799.0,0.06523118577254272,86,13799.0
11640.0,85,6100.0,53.50877192982456,2.134040395566238,85,12319.0,0.0748863203911665,85,12319.0
11645.0,74,6236.0,55.1858407079646,2.3481187022429335,74,12313.0,0.10003205900487128,74,12313.0
11650.0,74,6443.0,58.57272727272727,2.5330489111650114,74,12652.0,0.10601793950773036,74,12652.0
11655.0,81,6830.0,63.24074074074074,2.010339744850469,81,13039.0,0.06589762625340563,81,13039.0
11660.0,85,7246.0,65.87272727272727,1.6811447376983344,85,13455.0,0.06372228889508193,85,13455.0
11665.0,92,7691.0,68.66964285714286,1.2253807159139893,92,13902.0,0.06148307811513318,92,13902.0
11670.0,97,7255.0,61.483050847457626,0.8241577094511257,97,13713.0,0.04254984426330698,97,13713.0
11675.0,96,6252.0,53.89655172413793,1.1544891146539362,96,13528.0,0.045693504389158326,96,13528.0
11680.0,91,5537.0,46.141666666666666,1.935171378425849,91,13170.0,0.06681434514671188,91,13170.0
11685.0,81,4732.0,40.44444444444444,1.7695663375213722,81,13569.0,0.07052386415581834,81,13569.0
11690.0,78,4242.0,36.56896551724138,2.2064829204504655,78,13918.0,0.10494770638472381,78,13918.0
11695.0,85,4653.0,40.11206896551724,2.1311162087687796,85,14320.0,0.06887988374885722,85,14320.0
11700.0,91,5095.0,42.81512605042017,1.8208126942832752,91,14763.0,0.05170696227396986,91,14763.0
11705.0,98,5573.0,46.44166666666667,1.1208060563180002,98,15241.0,0.0395884812848002,98,15241.0
11710.0,109,6099.0,49.99180327868852,1.0412994819323191,109,15768.0,0.03893327477766604,109,15768.0
11715.0,112,6657.0,55.475,0.8722042969604954,112,16326.0,0.03224631232715493,112,16326.0
11720.0,106,6291.0,51.5655737704918,0.7811071189524379,106,16309.0,0.04021301212421236,106,16309.0
11725.0,100,5312.0,44.266666666666666,1.2996861394939978,100,15516.0,0.04942955262231975,100,15516.0
11730.0,92,4600.0,37.096774193548384,2.1642075992452807,92,14883.0,0.07190812722192727,92,14883.0
11735.0,82,4419.0,37.134453781512605,1.9052675291951735,82,15298.0,0.08339095601016773,82,15298.0
11740.0,82,4730.0,39.416666666666664,2.1270914000812007,82,15668.0,0.10565264828693424,82,15668.0
11745.0,90,5163.0,43.025,2.1208601401322587,90,16097.0,0.0675041364638769,90,16097.0
11750.0,89,5545.0,46.208333333333336,1.4224030996043686,89,16161.0,0.048742078374887275,89,16161.0
11755.0,91,5909.0,51.38260869565217,1.4682149576441736,91,15911.0,0.05222053281182492,91,15911.0
11760.0,85,6290.0,54.224137931034484,2.2294608512412823,85,15494.0,0.07813275966099263,85,15494.0
11765.0,80,6191.0,55.276785714285715,2.081113567020702,80,15417.0,0.0888105877388653,80,15417.0
11770.0,79,5828.0,52.981818181818184,1.826056546747257,79,14865.0,0.07606796454183111,79,14865.0
11775.0,78,5630.0,50.267857142857146,2.67790664562267,78,13878.0,0.10954738300621765,78,13878.0
11780.0,69,5205.0,46.06194690265487,2.3726553996408324,69,14189.0,0.10749813026405415,69,14189.0
11785.0,66,5085.0,47.52336448598131,2.2825477096331492,66,14436.0,0.10104986236032881,66,14436.0
11790.0,73,5438.0,48.55357142857143,2.651963530979296,73,14707.0,0.1110733563839835,73,14707.0
11795.0,80,5824.0,52.0,2.422071072752661,80,15077.0,0.07946067677246146,80,15077.0
11800.0,85,6238.0,55.69642857142857,2.1064268588497588,85,15491.0,0.052806561454290614,85,15491.0
11805.0,92,6686.0,61.3394495412844,1.4682723308529573,92,15941.0,0.03503391747348539,92,15941.0
11810.0,96,7162.0,65.10909090909091,1.552482321560775,96,16417.0,0.07733750902639329,96,16417.0
11815.0,91,7434.0,67.58181818181818,1.241155558091222,91,16361.0,0.06617919147132789,91,16361.0
11820.0,86,7574.0,68.85454545454546,1.637841853430128,86,15787.0,0.06762511009447122,86,15787.0
11825.0,81,7757.0,69.88288288288288,2.201177753277102,81,14948.0,0.07552225815931099,81,14948.0
11830.0,70,7874.0,72.23853211009174,2.073721656658904,70,15057.0,0.08723412625114524,70,15057.0
11835.0,69,8052.0,75.25233644859813,2.4851010374844393,69,15374.0,0.11248390728031563,69,15374.0
11840.0,74,8414.0,77.9074074074074,2.2427923593177153,74,15731.0,0.05981433849386049,74,15731.0
11845.0,81,8809.0,76.6,2.362946778334126,81,16126.0,0.07662584780154544,81,16126.0
11850.0,87,9234.0,82.44642857142857,1.3605496105704127,87,16551.0,0.051215551134936275,87,16551.0
11855.0,97,9704.0,85.87610619469027,1.0957293039855418,97,17022.0,0.036128007157935786,97,17022.0
11860.0,104,10215.0,91.20535714285714,1.0002781441482855,104,17533.0,0.018029701398593497,104,17533.0
11865.0,104,10735.0,95.0,1.1142697406480533,104,18053.0,0.03458443702068518,104,18053.0
11870.0,98,9909.0,90.08181818181818,0.8462760076118578,98,17431.0,0.03613198124366315,98,17431.0
11875.0,91,8176.0,72.35398230088495,1.515635367912826,91,15810.0,0.060491110966428105,91,15810.0
11880.0,84,6876.0,61.392857142857146,2.178427140324386,84,13129.0,0.07394837989711617,84,13129.0
11885.0,74,5500.0,47.41379310344828,2.0361031978904327,74,13496.0,0.09482981457880822,74,13496.0
11890.0,78,4585.0,40.575221238938056,2.3125267524547755,78,13856.0,0.10008961723582988,78,13856.0
11895.0,86,4994.0,43.426086956521736,2.1479926673544814,86,14265.0,0.06524783925870817,86,14265.0
11900.0,93,5446.0,47.771929824561404,1.5972682769785855,93,14718.0,0.057194498313495205,93,14718.0
11905.0,92,5093.0,43.52991452991453,1.1809265476492785,92,14703.0,0.05874391762600004,92,14703.0
11910.0,92,4210.0,36.293103448275865,1.346446652259454,92,14273.0,0.0575862841060637,92,14273.0
11915.0,91,3766.0,31.383333333333333,2.159609626981164,91,13633.0,0.06968194419386774,91,13633.0
11920.0,80,3752.0,31.266666666666666,2.051748749570011,80,14032.0,0.08698199366178602,80,14032.0
11925.0,83,4143.0,34.81512605042017,2.1846217673230024,83,14393.0,0.09715538309870628,83,14393.0
11930.0,88,4577.0,39.456896551724135,1.8971418924297794,88,14824.0,0.04891853918272114,88,14824.0
11935.0,89,4418.0,37.76068376068376,1.7153644931071141,89,14575.0,0.04994053622880971,89,14575.0
11940.0,88,3876.0,35.236363636363635,1.64558537366934,88,14068.0,0.05415390713020218,88,14068.0
11945.0,81,3517.0,31.401785714285715,2.2761416084536017,81,13489.0,0.07824887643455106,81,13489.0
11950.0,72,3084.0,28.555555555555557,2.2606819241911,72,13651.0,0.09445992342502373,72,13651.0
11955.0,69,2850.0,25.675675675675677,2.7120093835786885,69,13962.0,0.13532453902384955,69,13962.0
11960.0,77,3214.0,28.954954954954953,2.398808347421954,77,14319.0,0.0748553439265851,77,14319.0
11965.0,85,3623.0,31.504347826086956,1.9878960955474723,85,14728.0,0.08011105871033514,85,14728.0
11970.0,93,4069.0,36.330357142857146,1.2352265152980668,93,15174.0,0.04016285376437869,93,15174.0
11975.0,94,4409.0,38.008620689655174,1.3858475017814411,94,15208.0,0.06102204721683027,94,15208.0
11980.0,92,4678.0,41.39823008849557,1.4854229542941915,92,15081.0,0.05772443828454115,92,15081.0
11985.0,83,4964.0,43.54385964912281,2.2131597288721703,83,14654.0,0.0730524727477959,83,14654.0
11990.0,79,5255.0,45.30172413793103,2.9860587223722073,79,14437.0,0.13664534007398105,79,14437.0
11995.0,69,5456.0,47.85964912280702,2.5690164759219134,69,14660.0,0.1171975540770692,69,14660.0
12000.0,76,5807.0,51.389380530973455,2.5239567443397743,76,14982.0,0.10508935810200967,76,14982.0
12005.0,82,6206.0,53.96521739130435,2.3760816243414986,82,15368.0,0.08147613901012371,82,15368.0
12010.0,88,6635.0,56.70940170940171,2.0933679621027643,88,15797.0,0.06256862833209428,88,15797.0
12015.0,90,6321.0,54.02564102564103,1.4223176922870977,90,15231.0,0.03799630598734239,90,15231.0
12020.0,91,5522.0,47.60344827586207,1.3281301097516025,91,14194.0,0.05746340849010338,91,14194.0
12025.0,88,4975.0,42.16101694915254,2.2535168067535425,88,12437.0,0.08195032749636881,88,12437.0
12030.0,85,4418.0,36.81666666666667,2.3420006786498013,85,11475.0,0.09545988878002674,85,11475.0
12035.0,78,4031.0,34.75,2.1699836936981245,78,11514.0,0.09439536059595223,78,11514.0
12040.0,82,4418.0,37.12605042016807,2.454739128214801,82,11872.0,0.10941401669554593,82,11872.0
12045.0,88,4846.0,41.067796610169495,2.2412063950175227,88,12290.0,0.07473318483559621,88,12290.0
12050.0,93,5301.0,43.8099173553719,1.8071236076020012,93,12746.0,0.06135079077767425,93,12746.0
12055.0,99,5787.0,48.63025210084034,1.1235017241188892,99,13232.0,0.039753759952730276,99,13232.0
12060.0,108,6306.0,51.68852459016394,1.0572246770857792,108,13751.0,0.038156700476937915,108,13751.0
12065.0,108,5999.0,49.17213114754098,1.0217196956843306,108,13728.0,0.034815789968101134,108,13728.0
12070.0,99,5119.0,41.28225806451613,1.4078252235348003,99,13139.0,0.05183445675546706,99,13139.0
12075.0,94,4503.0,36.90983606557377,2.1338165453701077,94,12138.0,0.06572616815190571,94,12138.0
12080.0,85,4107.0,34.225,2.5554065870200806,85,11602.0,0.10938632584760512,85,11602.0
12085.0,79,4270.0,37.130434782608695,2.194861405197848,79,11814.0,0.10353463857360085,79,11814.0
12090.0,82,4665.0,40.21551724137931,2.2791598502215145,82,12187.0,0.11210694051415312,82,12187.0
12095.0,88,5093.0,44.675438596491226,2.0323810497508346,88,12610.0,0.050064390937552584,88,12610.0
12100.0,91,5169.0,43.80508474576271,1.9343822162165019,91,12253.0,0.07602551375238344,91,12253.0
12105.0,89,5071.0,44.876106194690266,1.5791575699475273,89,11085.0,0.05739757441281173,89,11085.0
12110.0,84,4986.0,43.73684210526316,2.1152423235845923,84,9951.0,0.07843182316402564,84,9951.0
12115.0,73,4822.0,43.44144144144144,2.1511302591211203,73,10135.0,0.09188955808147524,73,10135.0
12120.0,72,4888.0,44.43636363636364,2.620227329943342,72,10442.0,0.10486618890213681,72,10442.0
12125.0,77,5265.0,47.86363636363637,2.456155737478392,77,10819.0,0.08114723087901811,77,10819.0
12130.0,84,5671.0,50.1858407079646,1.9635898925180166,84,11225.0,0.0642281781667292,84,11225.0
12135.0,86,5283.0,46.3421052631579,1.810730489816368,86,11156.0,0.07913747747963613,86,11156.0
12140.0,85,4366.0,37.31623931623932,2.041552644642363,85,10347.0,0.08032109529247276,85,10347.0
12145.0,84,3612.0,31.68421052631579,2.298874402527365,84,9927.0,0.07759272397928006,84,9927.0
12150.0,74,2810.0,24.434782608695652,2.2195971684682094,74,10309.0,0.09390777084437099,74,10309.0
12155.0,76,2662.0,24.422018348623855,2.191908193600784,76,10675.0,0.09643969149477724,76,10675.0
12160.0,82,3058.0,27.303571428571427,2.17695186341278,82,11071.0,0.07554474857949592,82,11071.0
12165.0,84,3016.0,26.928571428571427,1.440048104804512,84,10997.0,0.05741538919125915,84,10997.0
12170.0,81,2696.0,23.24137931034483,1.9050129891811631,81,10368.0,0.098637574236605,81,10368.0
12175.0,82,2466.0,20.55,2.167371500642938,82,9897.0,0.07252776190724071,82,9897.0
12180.0,79,2598.0,22.016949152542374,2.073789951688082,79,10283.0,0.08358414247595479,79,10283.0
12185.0,84,3005.0,26.130434782608695,2.1149446887280274,84,10673.0,0.09191472523292994,84,10673.0
12190.0,88,3437.0,30.149122807017545,1.959684887663341,88,11104.0,0.0472442137422037,88,11104.0
12195.0,91,3431.0,30.90990990990991,1.4975088974067767,91,11040.0,0.04086438426609137,91,11040.0
12200.0,84,3123.0,29.462264150943398,1.648651905231371,84,10451.0,0.056792952286264624,84,10451.0
12205.0,78,2945.0,26.772727272727273,2.543838752100673,78,9696.0,0.09164616377464016,78,9696.0
12210.0,66,2624.0,24.296296296296298,2.384786357541458,66,10032.0,0.10781789309208735,66,10032.0
12215.0,71,2614.0,24.429906542056074,2.3818124409498593,71,10354.0,0.10635851263435774,71,10354.0
12220.0,77,2988.0,27.666666666666668,2.0497485230376387,77,10728.0,0.0742830855732385,77,10728.0
12225.0,79,2948.0,27.045871559633028,1.4232328567607344,79,10679.0,0.0598802074698232,79,10679.0
12230.0,79,2647.0,24.28440366972477,1.5903499115143085,79,10198.0,0.06426352172376608,79,10198.0
12235.0,80,2498.0,22.106194690265486,2.147069300892034,80,9349.0,0.072842431433763,80,9349.0
12240.0,74,2231.0,20.28181818181818,2.1348231712699013,74,9713.0,0.08772883722046033,74,9713.0
12245.0,72,2250.0,20.089285714285715,2.3437611586856204,72,10034.0,0.11690756703879787,72,10034.0
12250.0,81,2637.0,23.13157894736842,2.203372850178085,81,10414.0,0.07049230162126222,81,10414.0
12255.0,82,2618.0,22.376068376068375,1.6313234710790392,82,10376.0,0.058150839527936815,82,10376.0
12260.0,84,2343.0,20.37391304347826,1.7055193684600585,84,9848.0,0.06100992305859649,84,9848.0
12265.0,84,2248.0,19.050847457627118,2.3026004397818136,84,9546.0,0.08100061950480239,84,9546.0
12270.0,79,2419.0,21.4070796460177,1.9781545173828725,79,9931.0,0.0840682301923348,79,9931.0
12275.0,84,2816.0,24.920353982300885,1.9975094729120368,84,10305.0,0.07662838258005572,84,10305.0
12280.0,90,3250.0,28.50877192982456,2.304386041016127,90,10732.0,0.07204173570844433,90,10732.0
12285.0,89,3270.0,28.68421052631579,1.4800737863890217,89,10779.0,0.04147504102300992,89,10779.0
12290.0,86,3015.0,27.660550458715598,1.7349917276861808,86,10416.0,0.059115276146418115,86,10416.0
12295.0,77,2812.0,25.563636363636363,2.5183130150096047,77,9638.0,0.0843260482920247,77,9638.0
12300.0,70,2597.0,24.5,2.290784241937824,70,9986.0,0.09583437361962262,70,9986.0
12305.0,68,2602.0,25.01923076923077,2.290882188541352,68,10292.0,0.10976129242262228,68,10292.0
12310.0,74,2961.0,27.933962264150942,2.564072405810383,74,10645.0,0.08798230230175091,74,10645.0
12315.0,80,3352.0,29.403508771929825,2.352055193520118,80,11036.0,0.10489676831207077,80,11036.0
12320.0,90,3778.0,34.6605504587156,1.1416706725265149,90,11462.0,0.042258552771659366,90,11462.0
12325.0,100,4259.0,37.35964912280702,1.3525676316943758,100,11943.0,0.05848583956105649,100,11943.0
12330.0,102,4768.0,43.345454545454544,0.9756728643153909,102,12452.0,0.035790718854418715,102,12452.0
12335.0,96,5064.0,44.421052631578945,1.2678487362688848,96,12492.0,0.05475408141397412,96,12492.0
12340.0,90,5224.0,47.49090909090909,1.4029755299596947,90,12261.0,0.057228564112845576,90,12261.0
12345.0,82,5426.0,48.44642857142857,2.1719934366997777,82,11669.0,0.07122530658076404,82,11669.0
12350.0,76,5550.0,48.68421052631579,2.590101624898912,76,12038.0,0.1309305776523282,76,12038.0
12355.0,73,5740.0,51.711711711711715,2.283280933964971,73,12371.0,0.0999028555863178,73,12371.0
12360.0,84,6141.0,53.86842105263158,2.3438379186109275,84,12767.0,0.0714078504443913,84,12767.0
12365.0,90,6581.0,56.73275862068966,1.8671136557124197,90,13207.0,0.06287077983794187,90,13207.0
12370.0,96,7049.0,62.38053097345133,1.1324373524504507,96,13675.0,0.03828114083014348,96,13675.0
12375.0,100,7547.0,67.38392857142857,0.7262153744517883,100,14175.0,0.026054982774072113,100,14175.0
12380.0,106,8077.0,70.85087719298245,0.8946982940776887,106,14705.0,0.03313609219765348,106,14705.0
12385.0,100,8393.0,72.35344827586206,1.2554861356469231,100,14822.0,0.052586393608483474,100,14822.0
12390.0,95,8620.0,73.05084745762711,1.2760231312989396,95,14783.0,0.05496967293509957,95,14783.0
12395.0,90,8782.0,74.42372881355932,1.8975126184941198,90,14503.0,0.06297794750709665,90,14503.0
12400.0,83,8943.0,75.15126050420169,2.32470897683841,83,14568.0,0.09210865094844334,83,14568.0
12405.0,74,9170.0,79.73913043478261,2.500466939883384,74,14819.0,0.11196726797456369,74,14819.0
12410.0,80,9539.0,80.83898305084746,2.779664416286348,80,15158.0,0.12319982585304688,80,15158.0
12415.0,84,9951.0,85.78448275862068,2.2225158152905027,84,15564.0,0.08164884846625342,84,15564.0
12420.0,90,10387.0,86.55833333333334,1.9934801865718177,90,16000.0,0.05347265962017172,90,16000.0
12425.0,96,10857.0,88.26829268292683,1.28169739665633,96,16470.0,0.043635434604716576,96,16470.0
12430.0,108,11381.0,91.78225806451613,1.082717692003438,108,16994.0,0.03882202662978988,108,16994.0
12435.0,108,10949.0,89.74590163934427,1.0699618877020374,108,16936.0,0.037169286172038817,108,16936.0
12440.0,100,9868.0,79.58064516129032,1.5145886143978051,100,16146.0,0.04922432550976627,100,16146.0
12445.0,94,9165.0,75.12295081967213,2.1446551659892092,94,15512.0,0.06201105935498574,94,15512.0
12450.0,90,8886.0,73.43801652892562,2.36343187903315,90,15187.0,0.0917947010805335,90,15187.0
12455.0,80,7803.0,66.6923076923077,2.540119029391797,80,14420.0,0.1097287366149486,80,14420.0
12460.0,73,6085.0,52.00854700854701,2.181266762712106,73,13150.0,0.10844401441294826,73,13150.0
12465.0,75,4597.0,39.62931034482759,2.3811397270002366,75,11481.0,0.09147587716856645,75,11481.0
12470.0,72,3158.0,27.46086956521739,1.9896789978948268,72,11382.0,0.08474670558896087,72,11382.0
12475.0,69,2368.0,21.333333333333332,2.167629380973739,69,11609.0,0.08572003016317453,69,11609.0
12480.0,76,2735.0,23.782608695652176,2.748159546951213,76,11913.0,0.1085001180031386,76,11913.0
12485.0,82,3132.0,27.716814159292035,2.4949686861529057,82,12288.0,0.07949584104469275,82,12288.0
12490.0,83,3446.0,29.45299145299145,1.793272946358475,83,11854.0,0.055030059376953315,83,11854.0
12495.0,85,3719.0,32.33913043478261,1.9480779863670619,85,11111.0,0.08809325780874137,85,11111.0
12500.0,82,4037.0,34.21186440677966,2.1257804904041455,82,9802.0,0.07798795155662365,82,9802.0
12505.0,78,4280.0,37.54385964912281,1.9329045174000807,78,10180.0,0.08588412287171797,78,10180.0
12510.0,73,4577.0,39.8,2.4306235916288603,73,10493.0,0.10765351021627491,73,10493.0
12515.0,80,4961.0,43.902654867256636,2.3754887442552812,80,10861.0,0.09478927197293469,80,10861.0
12520.0,86,5378.0,47.5929203539823,2.0032952906378556,86,11278.0,0.060834949154995835,86,11278.0
12525.0,87,5715.0,50.13157894736842,1.5257192688040122,87,11109.0,0.04953600796773094,87,11109.0
12530.0,86,5999.0,50.411764705882355,2.23846496876486,86,10593.0,0.0965553783446253,86,10593.0
12535.0,85,6321.0,54.02564102564103,2.1966989567651294,85,9622.0,0.07453189086318995,85,9622.0
12540.0,78,6612.0,57.0,2.1081387232346303,78,10022.0,0.08853503469459144,78,10022.0
12545.0,78,6931.0,61.336283185840706,2.275728587359916,78,10391.0,0.09350568446122827,78,10391.0
12550.0,84,7339.0,63.81739130434783,2.1625488800135915,84,10799.0,0.07892921307394125,84,10799.0
12555.0,85,7689.0,68.04424778761062,1.5403462753013888,85,10737.0,0.06322241151020845,85,10737.0
12560.0,84,8011.0,70.89380530973452,1.4905218789893848,84,11013.0,0.059517776410525976,84,11013.0
12565.0,84,8369.0,69.74166666666666,2.2041910752155767,84,11237.0,0.08161864082409637,84,11237.0
12570.0,79,8682.0,72.95798319327731,1.8935614562357386,79,11629.0,0.07346786778929798,79,11629.0
12575.0,80,9042.0,76.62711864406779,2.272039925497402,80,12005.0,0.09033940859958027,80,12005.0
12580.0,87,9463.0,80.19491525423729,1.9675810702483394,87,12421.0,0.06712771737496061,87,12421.0
12585.0,87,9149.0,76.24166666666666,1.4465936967785946,87,12296.0,0.06010195643584684,87,12296.0
12590.0,88,8360.0,70.25210084033614,1.418360684976672,88,11680.0,0.05270691861372356,88,11680.0
12595.0,90,7838.0,63.20967741935484,2.081327767698866,90,10981.0,0.06894415856124032,90,10981.0
12600.0,83,7547.0,62.891666666666666,1.9350994059905076,83,11174.0,0.07674659318462056,83,11174.0
12605.0,83,7858.0,65.48333333333333,2.0563404854249607,83,11547.0,0.09843333297983482,83,11547.0
12610.0,90,8293.0,69.10833333333333,2.131971632206381,90,11972.0,0.06682058523218,90,11972.0
12615.0,90,8670.0,72.25,1.6335569239229755,90,12035.0,0.04871470375883351,90,12035.0
12620.0,92,9043.0,79.32456140350877,1.6033603179327398,92,11790.0,0.05875479738994689,92,11790.0
12625.0,85,9410.0,81.12068965517241,2.2908483142448737,85,11397.0,0.07491524229138902,85,11397.0
12630.0,81,9454.0,84.41071428571429,1.9978684378798888,81,11632.0,0.08103638322068663,81,11632.0
12635.0,77,9302.0,83.05357142857143,1.874830595594815,77,11714.0,0.06705974118602391,77,11714.0
12640.0,78,9283.0,82.88392857142857,2.437274735436204,78,11742.0,0.10603694715855894,78,11742.0
12645.0,71,9102.0,79.84210526315789,2.343116448636897,71,11989.0,0.09583973079713663,71,11989.0
12650.0,64,9035.0,83.6574074074074,2.2485084016583,64,12231.0,0.09373970555693686,64,12231.0
12655.0,70,9372.0,84.43243243243244,2.733132968033666,70,12484.0,0.1129927974560647,70,12484.0
12660.0,76,9742.0,86.98214285714286,2.5637506532643237,76,12834.0,0.08779770543905659,76,12834.0
12665.0,83,10143.0,90.5625,2.1727182807460075,83,13235.0,0.05978532166279539,83,13235.0
12670.0,92,10575.0,98.83177570093459,1.420005839945216,92,13669.0,0.03600028100830866,92,13669.0
12675.0,90,10864.0,97.87387387387388,1.6972020426756373,90,13923.0,0.09393313212621902,90,13923.0
12680.0,84,11058.0,102.38888888888889,1.4721072062671512,84,14006.0,0.062047344446743515,84,14006.0
12685.0,81,11299.0,100.88392857142857,2.329540385136173,81,13926.0,0.08424263247457517,81,13926.0
12690.0,70,11460.0,105.13761467889908,2.2937389493836773,70,14280.0,0.09792454292032471,70,14280.0
12695.0,68,11697.0,108.30555555555556,2.453599226752809,68,14591.0,0.11039961464032876,68,14591.0
12700.0,76,12061.0,111.67592592592592,2.4263929225037253,76,14951.0,0.07932943444580681,76,14951.0
12705.0,83,12458.0,114.29357798165138,1.9082260176202768,83,15348.0,0.06311158339025422,83,15348.0
12710.0,84,12779.0,114.09821428571429,1.6758258867948963,84,15573.0,0.07951450917942214,84,15573.0
12715.0,80,13058.0,114.54385964912281,1.8254480580268784,80,15540.0,0.06750099037204059,80,15540.0
12720.0,85,13359.0,117.1842105263158,2.3109856267058406,85,15531.0,0.07714167134898939,85,15531.0
12725.0,78,13672.0,122.07142857142857,2.6461545828407624,78,15638.0,0.09955628848122994,78,15638.0
12730.0,69,13915.0,127.66055045871559,2.530867804020153,69,15966.0,0.12009978658459886,69,15966.0
12735.0,73,14255.0,131.99074074074073,2.3671545007539327,73,16280.0,0.10259504251212713,73,16280.0
12740.0,80,14641.0,129.56637168141592,2.5396676678670542,80,16653.0,0.0950270074738082,80,16653.0
12745.0,82,14368.0,126.03508771929825,1.7155766803198067,82,16618.0,0.07513365242708911,82,16618.0
12750.0,81,13670.0,115.84745762711864,1.5832233836618592,81,16222.0,0.06305438805026303,81,16222.0
12755.0,86,13385.0,112.47899159663865,2.0557750144986975,86,15695.0,0.05760138717712188,86,15695.0
12760.0,83,13556.0,114.88135593220339,1.9854746355183737,83,16086.0,0.08159458648941353,83,16086.0
12765.0,84,13956.0,123.50442477876106,2.0189284359899347,84,16461.0,0.07993516444468196,84,16461.0
12770.0,90,14397.0,126.28947368421052,1.9892972088118441,90,16893.0,0.05386783923566923,90,16893.0
12775.0,91,12661.0,116.1559633027523,1.5758048423624091,91,16507.0,0.042601560082740866,91,16507.0
12780.0,83,9450.0,86.69724770642202,1.8858576378404583,83,15242.0,0.061295805566464134,83,15242.0
12785.0,77,6963.0,63.88073394495413,2.7949640245736758,77,13237.0,0.11333466208164304,77,13237.0
12790.0,70,3561.0,32.669724770642205,2.2795805251266015,70,13304.0,0.09901921548241187,70,13304.0
12795.0,63,2207.0,21.221153846153847,2.440382396849404,63,13083.0,0.11189412258197863,63,13083.0
12800.0,64,2395.0,21.576576576576578,2.764200590674808,64,12742.0,0.10665209552118617,64,12742.0
12805.0,67,2593.0,24.00925925925926,2.0199372368824466,67,13026.0,0.08113619234371053,67,13026.0
12810.0,73,2861.0,26.24770642201835,1.6588503679192113,73,13274.0,0.055250445067443935,73,13274.0
12815.0,84,3253.0,29.844036697247706,2.096349447702038,84,13617.0,0.057678879966673584,84,13617.0
12820.0,84,3153.0,28.151785714285715,2.1806548401991166,84,13799.0,0.09742261547138752,84,13799.0
12825.0,80,2799.0,25.916666666666668,1.9096934839455595,80,13737.0,0.07019964963129867,80,13737.0
12830.0,79,2452.0,22.495412844036696,2.3451098721078147,79,13617.0,0.07953546654261558,79,13617.0
12835.0,68,2017.0,19.20952380952381,2.0816401756295533,68,13856.0,0.0779591933012488,68,13856.0
12840.0,62,1867.0,17.951923076923077,2.450084713843075,62,14123.0,0.1173011907836447,62,14123.0
12845.0,68,2190.0,21.057692307692307,2.574478747073727,68,14395.0,0.09716597022581602,68,14395.0
12850.0,74,2545.0,23.136363636363637,2.8413757018199894,74,14734.0,0.0997234099066915,74,14734.0
12855.0,75,2537.0,23.275229357798164,2.0926303359635967,75,14200.0,0.08590849977251618,75,14200.0
12860.0,77,2308.0,21.37037037037037,1.6133071239487597,77,12778.0,0.07824107328033902,77,12778.0
12865.0,78,2122.0,19.64814814814815,2.2841482909161157,78,10577.0,0.08063908017453143,78,10577.0
12870.0,67,1980.0,18.165137614678898,2.239201998525617,67,10908.0,0.09476622828063887,67,10908.0
12875.0,66,2072.0,20.116504854368934,2.3875482228961076,66,11182.0,0.10616783923781525,66,11182.0
12880.0,72,2414.0,23.21153846153846,2.555729656719805,72,11514.0,0.09937598038947207,72,11514.0
12885.0,78,2792.0,27.372549019607842,2.088931676830319,78,11892.0,0.04513677562167822,78,11892.0
12890.0,84,3202.0,30.495238095238093,2.356453094331384,84,12302.0,0.10547042863611412,84,12302.0
12895.0,88,3634.0,35.98019801980198,1.3931881063606197,88,12734.0,0.05167971592168085,88,12734.0
12900.0,92,4085.0,40.445544554455445,1.251765762864237,92,13185.0,0.04000044580263617,92,13185.0
12905.0,92,4545.0,45.45,1.0694379255650623,92,13645.0,0.03892437112106592,92,13645.0
12910.0,86,4555.0,44.65686274509804,1.3999282032885452,86,13757.0,0.059453547261273616,86,13757.0
12915.0,79,4334.0,43.34,1.5207654624358435,79,13507.0,0.06275462149771371,79,13507.0
12920.0,72,4108.0,41.08,2.3885661644534806,72,12951.0,0.07370987287705767,72,12951.0
12925.0,64,3881.0,37.679611650485434,2.789044400953728,64,13268.0,0.12844489382283142,64,13268.0
12930.0,61,3792.0,37.92,2.4506160747241057,61,13551.0,0.10522041464065958,61,13551.0
12935.0,73,4134.0,39.75,2.498282039187465,73,13890.0,0.08343114108390667,73,13890.0
12940.0,78,4514.0,42.99047619047619,1.9479817683060832,78,14270.0,0.06720809429718431,78,14270.0
12945.0,86,4928.0,48.31372549019608,1.0610340974247454,86,14685.0,0.05302690200328051,86,14685.0
12950.0,92,5375.0,51.68269230769231,0.9507814482093268,92,15133.0,0.036849903534550775,92,15133.0
12955.0,96,5851.0,54.6822429906542,1.2702239876724581,96,15609.0,0.03512877579301005,96,15609.0
12960.0,90,5403.0,51.457142857142856,1.2702474709209277,90,15640.0,0.043336064953381805,90,15640.0
12965.0,80,4375.0,39.414414414414416,1.749641238736032,80,15263.0,0.07644640922914094,80,15263.0
12970.0,81,4050.0,37.15596330275229,2.2122738978546077,81,14677.0,0.06780198876043426,81,14677.0
12975.0,70,4261.0,38.736363636363635,2.22852536930639,70,15040.0,0.0922981965507768,70,15040.0
12980.0,77,4635.0,44.56730769230769,2.0732292840496616,77,15401.0,0.09109698202580017,77,15401.0
12985.0,83,5039.0,47.5377358490566,1.9753295184646174,83,15805.0,0.040515104390132145,83,15805.0
12990.0,89,5475.0,54.75,1.306142148958371,89,16241.0,0.04062834849560884,89,16241.0
12995.0,90,5925.0,59.25,1.2435861266127397,90,16691.0,0.037915259552291185,90,16691.0
13000.0,90,6375.0,62.5,1.5313574077779628,90,17141.0,0.07487813170751591,90,17141.0
13005.0,92,6828.0,64.41509433962264,1.4392074816459293,92,17594.0,0.04490876582111551,92,17594.0
13010.0,88,6789.0,66.55882352941177,1.2144629478633386,88,17582.0,0.04378955906496792,88,17582.0
13015.0,78,6397.0,61.50961538461539,1.9836885832821916,78,16837.0,0.07776402514857385,78,16837.0
13020.0,74,6150.0,60.294117647058826,2.496604995964153,74,16078.0,0.08586226078769402,74,16078.0
13025.0,63,5776.0,56.627450980392155,2.3910192303151456,63,16404.0,0.10815465073118025,63,16404.0
13030.0,63,5709.0,58.855670103092784,2.4542790202515907,63,16704.0,0.10635518179193638,63,16704.0
13035.0,71,6051.0,56.02777777777778,2.9309683548221304,71,17046.0,0.13894332044418448,71,17046.0
13040.0,81,6432.0,60.11214953271028,1.590316415288497,81,17427.0,0.060241164478419866,81,17427.0
13045.0,90,6869.0,62.445454545454545,1.3376947333286833,90,17864.0,0.06065182757406763,90,17864.0
13050.0,96,7339.0,67.95370370370371,0.8921671840697856,96,18334.0,0.03412767079913165,96,18334.0
13055.0,100,7833.0,69.9375,1.258562944502626,100,18829.0,0.06157223028969399,100,18829.0
13060.0,100,8333.0,76.44954128440367,0.9841380532745577,100,19329.0,0.03328054310837705,100,19329.0
13065.0,100,8833.0,80.3,1.1576757831696807,100,19829.0,0.04376847776766311,100,19829.0
13070.0,94,9066.0,79.52631578947368,1.5925905695049063,94,19778.0,0.07080841728643603,94,19778.0
13075.0,87,9111.0,79.92105263157895,1.9086791858218213,87,19476.0,0.07610724591719234,87,19476.0
13080.0,84,9225.0,81.63716814159292,2.2421024611953926,84,18793.0,0.07514246150736577,84,18793.0
13085.0,73,9251.0,82.59821428571429,2.25047631905286,73,19165.0,0.09623013969850251,73,19165.0
13090.0,75,9437.0,86.57798165137615,2.3683503215576818,75,19513.0,0.09858194406130481,75,19513.0
13095.0,80,9825.0,90.97222222222223,2.0357714165214555,80,19901.0,0.0620361442220274,80,19901.0
13100.0,85,10240.0,89.82456140350877,1.899391099812192,85,20316.0,0.06163650296390967,85,20316.0
13105.0,93,10691.0,93.78070175438596,1.2599522477913287,93,20768.0,0.061660298422700224,93,20768.0
13110.0,104,11184.0,94.77966101694915,0.8853878153535527,104,21266.0,0.033177355128119264,104,21266.0
13115.0,104,11554.0,97.91525423728814,0.9702000481053814,104,21378.0,0.03315404705879169,104,21378.0
13120.0,97,11800.0,98.33333333333333,1.4377554427956951,97,21303.0,0.053442233442235906,97,21303.0
13125.0,88,12043.0,102.05932203389831,1.9576119961174447,88,20923.0,0.0611520752439528,88,20923.0
13130.0,83,12300.0,103.36134453781513,2.447342594864208,83,20949.0,0.09753858792014924,83,20949.0
13135.0,80,12622.0,109.75652173913043,2.548258082253216,80,21002.0,0.09617520735179143,80,21002.0
13140.0,80,12929.0,109.5677966101695,2.4152846073566576,80,21367.0,0.115195277131663,80,21367.0
13145.0,82,13287.0,111.65546218487395,2.4003772560524084,82,21697.0,0.09649146670956132,82,21697.0
13150.0,87,13714.0,111.4959349593496,2.4553379577827745,87,22095.0,0.0919151629929227,87,22095.0
13155.0,94,14168.0,116.1311475409836,2.003518861749432,94,22549.0,0.056703112539675596,94,22549.0
13160.0,101,14660.0,118.2258064516129,1.5808882662396946,101,23041.0,0.05488389809942615,101,23041.0
13165.0,108,15184.0,126.53333333333333,0.8936387954489754,108,23566.0,0.032310651100247424,108,23566.0
13170.0,107,15562.0,127.55737704918033,0.8872884431869784,107,23939.0,0.0360204605629241,107,23939.0
13175.0,99,15827.0,129.7295081967213,1.5386531653504896,99,24191.0,0.054262913123126914,99,24191.0
13180.0,95,16123.0,128.984,2.089502164029375,95,24385.0,0.06771263980394293,95,24385.0
13185.0,85,16350.0,135.12396694214877,1.9811726911996825,85,24803.0,0.08482446938959078,85,24803.0
13190.0,84,16635.0,138.625,2.1734012626694663,84,25193.0,0.09968542670464096,84,25193.0
13195.0,91,17073.0,142.275,1.9724609498254797,91,25628.0,0.0736098959835306,91,25628.0
13200.0,96,17544.0,141.48387096774192,1.6636877134987518,96,26099.0,0.05616908068511175,96,26099.0
13205.0,97,17927.0,146.94262295081967,1.2789703813021218,97,26458.0,0.04258010095950705,97,26458.0
13210.0,93,18250.0,147.17741935483872,1.6535625210000973,93,26732.0,0.06661559947157275,93,26732.0
13215.0,93,18605.0,152.5,2.1316168440483048,93,26968.0,0.0713971609088757,93,26968.0
13220.0,85,18960.0,156.69421487603304,2.417202365310135,85,27232.0,0.1011154226680551,85,27232.0
13225.0,78,17836.0,152.44444444444446,2.2772201604696476,78,26835.0,0.10708014158315028,78,26835.0
13230.0,75,16019.0,133.49166666666667,2.4552533721235306,75,25751.0,0.11992904669342064,75,25751.0
13235.0,76,14269.0,118.90833333333333,2.6917008216346687,76,24180.0,0.10628706901211214,76,24180.0
13240.0,73,13069.0,108.90833333333333,1.9342123683646364,73,24501.0,0.09250097657247254,73,24501.0
13245.0,72,12621.0,103.45081967213115,2.2394598144475872,72,24777.0,0.11043421487009183,72,24777.0
13250.0,84,13014.0,102.4724409448819,2.312733981311402,84,25100.0,0.08942424330998491,84,25100.0
13255.0,97,13474.0,104.44961240310077,2.0268600338139198,97,25541.0,0.06813024857744063,97,25541.0
13260.0,98,13771.0,107.5859375,1.6171864278957837,98,25894.0,0.05631174852989762,98,25894.0
13265.0,98,13970.0,110.87301587301587,1.5356967692402992,98,26128.0,0.05501559480865084,98,26128.0
13270.0,95,14218.0,112.84126984126983,2.0402943987033484,95,26333.0,0.06383221151298041,95,26333.0
13275.0,91,14480.0,116.7741935483871,2.4719206982484105,91,26571.0,0.0888830035071607,91,26571.0
13280.0,81,14692.0,123.46218487394958,2.0136585276699996,81,26962.0,0.08189043648236664,81,26962.0
13285.0,83,15066.0,122.48780487804878,2.432579304845772,83,27318.0,0.1088725489391582,83,27318.0
13290.0,89,15498.0,127.0327868852459,2.0873685184758957,89,27714.0,0.06907139410134869,89,27714.0
13295.0,91,15632.0,122.125,1.6959773209737188,91,27494.0,0.05846727089392931,91,27494.0
13300.0,92,15635.0,126.08870967741936,1.5346420936972909,92,26676.0,0.062225070638547736,92,26676.0
13305.0,93,15667.0,123.36220472440945,1.8449452257959795,93,25417.0,0.06265331498716972,93,25417.0
13310.0,88,15688.0,126.51612903225806,1.8460506809576196,88,25849.0,0.07715419716526915,88,25849.0
13315.0,84,15807.0,128.5121951219512,1.9911626123490613,84,26222.0,0.09414800496548463,84,26222.0
13320.0,91,16245.0,131.00806451612902,2.1623504299168403,91,26633.0,0.07617959380024354,91,26633.0
13325.0,96,16718.0,132.68253968253967,1.6715649819242768,96,27106.0,0.05871217087735627,96,27106.0
13330.0,104,17224.0,137.792,1.3027908470878458,104,27612.0,0.0337767596475511,104,27612.0
13335.0,109,17758.0,143.20967741935485,1.2290225372258465,109,28146.0,0.03767866199155001,109,28146.0
13340.0,106,17963.0,149.69166666666666,1.090536891571482,106,28504.0,0.03822642796015796,106,28504.0
13345.0,98,17928.0,145.7560975609756,1.6397390619256826,98,28595.0,0.05063358961055545,98,28595.0
13350.0,90,17882.0,149.01666666666668,2.0734401280948265,90,28661.0,0.06628029057122997,90,28661.0
13355.0,81,17700.0,147.5,1.9574496433803565,81,28505.0,0.08205769220724188,81,28505.0
13360.0,76,17437.0,149.03418803418805,2.1693817786463665,76,27553.0,0.09151716719227726,76,27553.0
13365.0,74,17504.0,143.47540983606558,2.5742236616948686,74,26807.0,0.10675899648291576,74,26807.0
13370.0,70,17425.0,144.0082644628099,1.9982944000101015,70,27127.0,0.09104967299620632,70,27127.0
13375.0,72,17579.0,144.09016393442624,2.1643734473923293,72,27398.0,0.10163392776190955,72,27398.0
13380.0,84,17973.0,144.94354838709677,2.3320359054115576,84,27740.0,0.0832150817550573,84,27740.0
13385.0,90,18247.0,148.34959349593495,1.7731005213742743,90,27970.0,0.060711277483155975,90,27970.0
13390.0,93,18479.0,156.60169491525423,1.6677420123118956,93,27910.0,0.05223231468497457,93,27910.0
13395.0,87,18726.0,152.2439024390244,2.3205982183389002,87,27949.0,0.09332829055695761,87,27949.0
13400.0,82,18908.0,158.890756302521,2.140382152086294,82,28276.0,0.09250327541617376,82,28276.0
13405.0,76,19139.0,162.1949152542373,2.296782002980587,76,28613.0,0.107082591270682,76,28613.0
13410.0,82,19536.0,165.5593220338983,2.2876213396594736,82,28987.0,0.08851016285618978,82,28987.0
13415.0,90,19971.0,165.0495867768595,2.2397396144877946,90,29416.0,0.07646811536039541,90,29416.0
13420.0,95,20438.0,173.20338983050848,1.6025161380799933,95,29883.0,0.03873546864647303,95,29883.0
13425.0,102,20936.0,183.64912280701753,1.1623674417351695,102,30381.0,0.036137171349065064,102,30381.0
13430.0,98,21098.0,178.79661016949152,1.3753748615575416,98,30375.0,0.06255232441235829,98,30375.0
13435.0,92,21029.0,175.24166666666667,1.9848876987067015,92,30081.0,0.06654098752828316,92,30081.0
13440.0,88,21065.0,178.51694915254237,2.248687661773549,88,29903.0,0.07712990253695787,88,29903.0
13445.0,78,20835.0,178.07692307692307,2.2840406003616347,78,29741.0,0.09125324113946523,78,29741.0
13450.0,75,20791.0,182.37719298245614,2.361323661077421,75,29590.0,0.11178750517421465,75,29590.0
13455.0,73,20861.0,187.93693693693695,2.0820057227809285,73,29335.0,0.07372768014862457,73,29335.0
13460.0,70,20806.0,187.44144144144144,2.149150133222974,70,29479.0,0.09502535071438784,70,29479.0
13465.0,68,20966.0,190.6,2.3611426903625423,68,29685.0,0.1020261140841836,68,29685.0
13470.0,75,21327.0,185.45217391304348,2.721090385038469,75,29931.0,0.10662361563434991,75,29931.0
13475.0,85,21734.0,197.5818181818182,1.948192828863853,85,30268.0,0.04647334868480139,85,30268.0
13480.0,91,22177.0,199.7927927927928,1.7010479257636866,91,30642.0,0.04190250953809823,91,30642.0
13485.0,97,22650.0,213.67924528301887,1.0901818566310815,97,31045.0,0.03698200920693623,97,31045.0
13490.0,92,22875.0,211.80555555555554,0.966078905835078,92,31141.0,0.05471744816775518,92,31141.0
13495.0,87,22934.0,214.33644859813083,1.3410031375038076,87,30998.0,0.04947501480179865,87,30998.0
13500.0,83,23070.0,207.83783783783784,2.2740836293885947,83,30613.0,0.07533607245288708,83,30613.0
13505.0,78,23312.0,206.30088495575222,2.2685749658594876,78,30911.0,0.0983567040689883,78,30911.0
13510.0,83,23699.0,215.44545454545454,1.9150379296394915,83,31202.0,0.08697239669778833,83,31202.0
13515.0,91,24133.0,217.4144144144144,1.8982010929833741,91,31554.0,0.03815885572948127,91,31554.0
13520.0,95,24602.0,223.65454545454546,1.7586110051598511,95,31953.0,0.036210620480087864,95,31953.0
13525.0,95,25077.0,236.5754716981132,1.3565107912355137,95,32358.0,0.03796903278421495,95,32358.0
13530.0,90,25137.0,244.04854368932038,0.6730151378471866,90,32445.0,0.04148071203291403,90,32445.0
13535.0,83,24925.0,241.9902912621359,1.5058404510515417,83,32299.0,0.06507473646708815,83,32299.0
13540.0,76,24818.0,223.5855855855856,2.6676602178674145,76,31886.0,0.10943612370769842,76,31886.0
13545.0,67,24642.0,228.16666666666666,2.338615161258989,67,32148.0,0.10121706268801746,67,32148.0
13550.0,70,24703.0,230.86915887850466,2.6775457254847783,70,32375.0,0.11369207225561445,70,32375.0
13555.0,75,25068.0,234.2803738317757,2.4822082313931983,75,32666.0,0.07955941300419003,75,32666.0
13560.0,77,25379.0,232.8348623853211,1.9336981179802013,77,32734.0,0.06995241060808935,77,32734.0
13565.0,76,25655.0,244.33333333333334,1.8369793871633966,76,32603.0,0.07035805494980855,76,32603.0
13570.0,75,25966.0,242.6728971962617,2.4605243282332565,75,32278.0,0.08559144455521538,75,32278.0
13575.0,67,26217.0,240.52293577981652,2.5760007938850245,67,32539.0,0.1312157236394081,67,32539.0
13580.0,72,26544.0,243.52293577981652,2.5863685585830307,72,32781.0,0.11967211962025372,72,32781.0
13585.0,79,26926.0,251.6448598130841,2.389386288652494,79,33086.0,0.07547940072105983,79,33086.0
13590.0,86,27341.0,255.52336448598132,1.9534910780189325,86,33431.0,0.062258290090256296,86,33431.0
13595.0,91,27785.0,272.4019607843137,1.3949508287932122,91,33805.0,0.04004033568193416,91,33805.0
13600.0,91,28240.0,274.1747572815534,1.4841362625237333,91,34190.0,0.05247929334956447,91,34190.0
13605.0,93,28699.0,284.1485148514852,1.1125718000663996,93,34579.0,0.03924979704883152,93,34579.0
13610.0,93,29164.0,272.5607476635514,1.6760683167018608,93,34974.0,0.08765558295272112,93,34974.0
13615.0,96,29634.0,276.95327102803736,1.005300687299177,96,35374.0,0.035908281174371066,96,35374.0
13620.0,93,29852.0,273.8715596330275,1.3415049994722388,93,35512.0,0.05506047600173421,93,35512.0
13625.0,87,29932.0,274.60550458715596,1.4943340896667527,87,35324.0,0.060254334522684465,87,35324.0
13630.0,81,30010.0,270.36036036036035,2.2892762185176965,81,35184.0,0.07558556937053265,81,35184.0
13635.0,73,30168.0,271.7837837837838,2.3002244989015317,73,35477.0,0.1062237457144207,73,35477.0
13640.0,78,30538.0,285.4018691588785,1.9868586045371979,78,35759.0,0.07547794377369609,78,35759.0
13645.0,83,30943.0,278.76576576576576,2.4793045318154543,83,36089.0,0.07923589571186326,83,36089.0
13650.0,92,31386.0,287.9449541284404,1.6378056692850838,92,36462.0,0.03575539768801315,92,36462.0
13655.0,97,31864.0,303.46666666666664,0.9922810158401104,97,36870.0,0.035520146389340305,97,36870.0
13660.0,91,32201.0,300.94392523364485,1.307048848134332,91,37069.0,0.05405798567062509,91,37069.0
13665.0,84,32428.0,303.06542056074767,1.5717186672117531,84,37091.0,0.06545554853049546,84,37091.0
13670.0,78,32680.0,299.8165137614679,2.4638257574843814,78,37116.0,0.08878301802047114,78,37116.0
13675.0,75,32050.0,294.0366972477064,2.1061581715166935,75,36902.0,0.09697406421669476,75,36902.0
13680.0,72,30761.0,295.77884615384613,1.905538952786285,72,36201.0,0.07486457175697618,72,36201.0
13685.0,74,29980.0,272.54545454545456,2.5648691602402756,74,35194.0,0.09614898598028329,74,35194.0
13690.0,67,29534.0,276.01869158878503,2.114785882578434,67,35435.0,0.08019016917955049,67,35435.0
13695.0,63,29688.0,280.07547169811323,2.5795769172066203,63,35611.0,0.1338557764301653,63,35611.0
13700.0,69,30024.0,285.9428571428571,2.4129494405990917,69,35819.0,0.08081235426885786,69,35819.0
13705.0,78,30403.0,281.50925925925924,2.6942388338581997,78,36121.0,0.08217004740260334,78,36121.0
13710.0,84,30813.0,302.0882352941176,1.9254384409266996,84,36461.0,0.04853818710207288,84,36461.0
13715.0,87,31245.0,315.6060606060606,1.511750019407743,87,36823.0,0.044270793688313985,87,36823.0
13720.0,87,31680.0,313.66336633663366,1.6299671345521294,87,37188.0,0.08162041485111016,87,37188.0
13725.0,90,32122.0,308.86538461538464,1.3679188902651533,90,37560.0,0.03596169207689502,90,37560.0
13730.0,93,32587.0,316.378640776699,1.3082961989751014,93,37955.0,0.05776757082826055,93,37955.0
13735.0,93,33052.0,320.8932038834951,0.9707923786728418,93,38350.0,0.05402149410218627,93,38350.0
13740.0,91,33145.0,321.79611650485435,0.9801392134233124,91,38507.0,0.045607925911100654,91,38507.0
13745.0,82,32980.0,305.3703703703704,1.7019924394694657,82,38447.0,0.07448618954322424,82,38447.0
13750.0,79,33061.0,308.98130841121497,2.2563439182996254,79,38299.0,0.07527783786143853,79,38299.0
13755.0,70,33328.0,294.9380530973451,2.4692777847886553,70,38567.0,0.1276096964525117,70,38567.0
13760.0,79,33702.0,309.1926605504587,1.9775298267856856,79,38838.0,0.0785011911866565,79,38838.0
13765.0,86,34119.0,301.9380530973451,2.4946432605000144,86,39185.0,0.07695768311232115,86,39185.0
13770.0,91,34567.0,326.10377358490564,1.7635018115096812,91,39563.0,0.05015841211905746,91,39563.0
13775.0,93,35026.0,333.5809523809524,1.4355281137792524,93,39952.0,0.051011989756161086,93,39952.0
13780.0,93,35491.0,344.5728155339806,1.2054425994621696,93,40347.0,0.05321791255418391,93,40347.0
13785.0,88,35784.0,344.0769230769231,1.2246183323524373,88,40546.0,0.054911476553536016,88,40546.0
13790.0,80,35960.0,336.0747663551402,1.7947135520226574,80,40590.0,0.08592784189481997,80,40590.0
13795.0,80,36260.0,329.6363636363636,2.364323356999145,80,40624.0,0.08336492824389785,80,40624.0
13800.0,83,36668.0,339.51851851851853,2.5695547840397968,83,40874.0,0.09388534270825678,83,40874.0
13805.0,79,37015.0,345.93457943925233,1.972197712541525,79,41206.0,0.06786685411055625,79,41206.0
13810.0,82,37404.0,359.65384615384613,1.9660966970284937,82,41509.0,0.0686353995156737,82,41509.0
13815.0,84,37822.0,367.20388349514565,2.2302373006179015,84,41820.0,0.05186097978900256,84,41820.0
13820.0,79,37471.0,367.3627450980392,1.8106745674266789,79,41467.0,0.056486456329627954,79,41467.0
13825.0,74,36604.0,366.04,2.318912262474455,74,40524.0,0.08584470581866457,74,40524.0
13830.0,66,35845.0,358.45,2.9698226481199193,66,39172.0,0.11182300266970781,66,39172.0
13835.0,60,35169.0,366.34375,2.3388502952644004,60,39264.0,0.0919616910033275,60,39264.0
13840.0,57,35084.0,365.4583333333333,2.9106118979943916,57,39266.0,0.14195152846188633,57,39266.0
13845.0,64,35390.0,361.1224489795918,2.247210355908998,64,39388.0,0.07036418280736509,64,39388.0
13850.0,68,35654.0,349.54901960784315,2.134394150376818,68,39111.0,0.08914255559229939,68,39111.0
13855.0,67,35895.0,373.90625,1.8767455882416535,67,38458.0,0.05611408183586101,67,38458.0
13860.0,66,36168.0,372.8659793814433,2.652176745344536,66,37638.0,0.08394270288232783,66,37638.0
13865.0,58,36206.0,365.7171717171717,2.3720440742137763,58,37779.0,0.09632594401651991,58,37779.0
13870.0,57,36223.0,369.6224489795918,2.7062553290388767,57,37881.0,0.12358480943227762,57,37881.0
13875.0,58,36417.0,375.4329896907216,2.677233612458303,58,37947.0,0.08763735263210719,58,37947.0
13880.0,64,36722.0,378.5773195876289,3.224145372560306,64,38083.0,0.11550440815914965,64,38083.0
13885.0,69,37057.0,394.22340425531917,3.247497490384673,69,38286.0,0.12039050714086343,69,38286.0
13890.0,69,37402.0,415.5777777777778,2.9042426004693787,69,38494.0,0.1114656529690734,69,38494.0
13895.0,66,37547.0,436.59302325581393,1.9147228720182108,66,38606.0,0.056967715796092555,66,38606.0
13900.0,65,37846.0,420.5111111111111,2.4050603726694533,65,38670.0,0.12179925291811607,65,38670.0
13905.0,71,38190.0,429.1011235955056,2.170884666755723,71,38840.0,0.06545960500411374,71,38840.0
13910.0,73,38555.0,423.68131868131866,2.180582548388484,73,39055.0,0.07819347052150724,73,39055.0
13915.0,71,38825.0,446.264367816092,1.5430915791292257,71,39236.0,0.05942013486024889,71,39236.0
13920.0,65,39109.0,449.5287356321839,1.683927224425002,65,39359.0,0.07237740896180607,65,39359.0
13925.0,67,39443.0,443.17977528089887,2.7301919613869288,67,39496.0,0.09007124377617542,67,39496.0
13930.0,67,39778.0,446.9438202247191,3.159163705387912,67,39678.0,0.10355971679558375,67,39678.0
13935.0,68,40116.0,445.73333333333335,2.885533946984563,68,39866.0,0.10930677490457065,68,39866.0
13940.0,71,40464.0,459.8181818181818,2.0796652471885926,71,40064.0,0.0900061328890259,71,40064.0
13945.0,74,40830.0,474.7674418604651,1.6465875236813374,74,40280.0,0.06862890005672372,74,40280.0
13950.0,69,40702.0,467.8390804597701,1.8294806088525302,69,40050.0,0.10722331391175224,69,40050.0
13955.0,61,40229.0,473.2823529411765,2.007072505773204,61,39414.0,0.0870919678576447,61,39414.0
13960.0,57,39928.0,448.6292134831461,3.1348192214950603,57,38582.0,0.11730720501188219,57,38582.0
13965.0,51,39893.0,458.5402298850575,3.0509525049048714,51,38678.0,0.15135088799698876,51,38678.0
13970.0,56,40153.0,446.14444444444445,3.4133061050835654,56,38758.0,0.17205981783921626,56,38758.0
13975.0,62,40454.0,454.53932584269666,2.8721145576901113,62,38897.0,0.09187471917337832,62,38897.0
13980.0,70,40786.0,468.8045977011494,2.051651605739821,70,39069.0,0.05983973240018221,70,39069.0
13985.0,73,41147.0,478.45348837209303,1.9609827927087446,73,39270.0,0.06804818342847802,73,39270.0
13990.0,67,41361.0,486.6,1.8610875604810664,67,39156.0,0.07895065203831511,67,39156.0
13995.0,62,41476.0,487.9529411764706,2.1852753455694294,62,38892.0,0.11066645129340603,62,38892.0
14000.0,56,41647.0,489.9647058823529,2.8637787579399254,56,38449.0,0.09746859941640082,56,38449.0
14005.0,57,41893.0,470.70786516853934,3.12547190254986,57,38483.0,0.14454707013853577,57,38483.0
14010.0,60,42177.0,502.10714285714283,2.4840654565339415,60,38589.0,0.10971723316456759,60,38589.0
14015.0,66,42497.0,494.1511627906977,2.49431641197674,66,38744.0,0.055168181096391045,66,38744.0
14020.0,70,42841.0,510.01190476190476,2.170577069286534,70,38928.0,0.07230444344141572,70,38928.0
14025.0,71,43192.0,526.7317073170732,1.5000060225362455,71,39119.0,0.04656637332930563,71,39119.0
14030.0,72,43552.0,531.1219512195122,1.550776923142657,72,39319.0,0.07289265504594533,72,39319.0
14035.0,72,43912.0,529.0602409638554,1.435269003636947,72,39519.0,0.054608807213270334,72,39519.0
14040.0,68,43637.0,532.1585365853658,1.5114988556908018,68,39475.0,0.05859424562395996,68,39475.0
14045.0,59,43319.0,470.85869565217394,3.1066830141875594,59,39219.0,0.14274377300396637,59,39219.0
14050.0,57,43472.0,499.67816091954023,2.8661938788227155,57,38894.0,0.10088345766146324,57,38894.0
14055.0,58,43736.0,485.9555555555556,2.7113578708632997,58,39000.0,0.1249464686094377,58,39000.0
14060.0,64,44044.0,518.1647058823529,2.2296165363478515,64,39126.0,0.07235893931354104,64,39126.0
14065.0,70,44382.0,504.34090909090907,2.5456178284557893,70,39294.0,0.09061496757998166,70,39294.0
14070.0,70,44732.0,532.5238095238095,2.022207430789636,70,39474.0,0.07018249433125578,70,39474.0
14075.0,67,44966.0,535.3095238095239,1.4429669530756324,67,39501.0,0.05847909952968523,67,39501.0
14080.0,60,45149.0,524.9883720930233,2.691468981207753,60,39429.0,0.14231488922430818,60,39429.0
14085.0,60,45449.0,504.9888888888889,3.052376186555343,60,39399.0,0.10830382309779321,60,39399.0
14090.0,64,45712.0,525.4252873563219,2.348374289758054,64,39507.0,0.08517421134801273,64,39507.0
14095.0,65,46026.0,529.0344827586207,2.7060032694990497,65,39626.0,0.10170028396384351,65,39626.0
14100.0,65,46351.0,558.4457831325301,2.5229214634264348,65,39777.0,0.05587167690417793,65,39777.0
14105.0,67,46684.0,549.2235294117647,2.8122625132165946,67,39940.0,0.08897804255221978,67,39940.0
14110.0,67,47019.0,587.7375,2.041677213146779,67,40101.0,0.06909849164617571,67,40101.0
14115.0,63,47227.0,562.2261904761905,2.0428694751002063,63,40184.0,0.13459029743675083,63,40184.0
14120.0,65,47517.0,572.4939759036145,2.00802983439296,65,40236.0,0.09336229905805202,65,40236.0
14125.0,68,47853.0,537.6741573033707,2.507348670003364,68,40370.0,0.09854293200874116,68,40370.0
14130.0,66,48146.0,566.4235294117647,2.0636445678496154,66,40506.0,0.07868866976643907,66,40506.0
14135.0,64,48463.0,570.1529411764706,2.63458178752217,64,40623.0,0.10594369266764865,64,40623.0
14140.0,66,48787.0,580.797619047619,2.8773431618631937,66,40764.0,0.07838914903833305,66,40764.0
14145.0,64,49103.0,598.8170731707318,2.3003473579731133,64,40900.0,0.07074486857777473,64,40900.0
14150.0,68,49431.0,574.7790697674419,2.6897647755112475,68,41048.0,0.11188558201632677,68,41048.0
14155.0,69,49772.0,592.5238095238095,1.7212527804478006,69,41209.0,0.08201048844389461,69,41209.0
14160.0,69,50081.0,610.7439024390244,0.8781677811739826,69,41359.0,0.05468157534469352,69,41359.0
14165.0,70,50429.0,586.3837209302326,2.1256083587942105,70,41507.0,0.08762260240746902,70,41507.0
14170.0,70,50779.0,577.0340909090909,2.670428276254471,70,41676.0,0.06786239236984384,70,41676.0
14175.0,65,50122.0,582.8139534883721,2.2223589881247285,65,41383.0,0.0673790073780502,65,41383.0
14180.0,58,48873.0,581.8214285714286,2.44456484550927,58,40671.0,0.10044608310219444,58,40671.0
14185.0,54,48383.0,562.5930232558139,3.5335842101237525,54,39695.0,0.1450145435312396,54,39695.0
14190.0,47,48336.0,555.5862068965517,3.1380686813708407,47,39732.0,0.15123999963394033,47,39732.0
14195.0,51,48582.0,592.4634146341464,2.584814408630339,51,39770.0,0.10313368020873682,51,39770.0
14200.0,60,48869.0,568.2441860465116,2.793351623844035,60,39867.0,0.09140954613610414,60,39867.0
14205.0,62,48999.0,597.5487804878048,2.2396664003973603,62,39906.0,0.07494924310730267,62,39906.0
14210.0,64,49285.0,601.0365853658536,2.333980048188854,64,39925.0,0.09874126947876653,64,39925.0
14215.0,65,49609.0,612.4567901234568,2.3481563157086596,65,40039.0,0.05973745137426614,65,40039.0
14220.0,62,49876.0,615.7530864197531,1.7962857031726354,62,40144.0,0.061073743540617106,62,40144.0
14225.0,62,50180.0,604.5783132530121,2.7770120297126226,62,40235.0,0.13258907543293383,62,40235.0
14230.0,66,50497.0,594.0823529411765,2.7448553445653987,66,40357.0,0.0756587451095286,66,40357.0
14235.0,63,50564.0,624.2469135802469,2.031774422447282,63,40113.0,0.07670568318756334,63,40113.0
14240.0,54,50452.0,615.2682926829268,2.669890515458885,54,39527.0,0.11435921418419254,54,39527.0
14245.0,50,50454.0,622.8888888888889,3.348007158804606,50,38807.0,0.12045206038525531,50,38807.0
14250.0,45,50612.0,632.65,3.1256265764880737,45,38834.0,0.14972546597096234,45,38834.0
14255.0,49,50846.0,677.9466666666667,2.5105333509442525,49,38855.0,0.08857555216834374,49,38855.0
14260.0,58,51120.0,615.9036144578313,3.5605454213481984,58,38938.0,0.14646225141581723,58,38938.0
14265.0,61,51416.0,650.8354430379746,2.4923977227128065,61,39044.0,0.08217616970479498,61,39044.0
14270.0,66,51736.0,646.7,2.2256994449812666,66,39174.0,0.09974582258784505,66,39174.0
14275.0,66,52066.0,685.078947368421,1.6716086729869062,66,39314.0,0.07301932960604343,66,39314.0
14280.0,62,52115.0,659.6835443037975,1.6586706700287868,62,39333.0,0.08042559382008918,62,39333.0
14285.0,59,52329.0,662.3924050632911,2.409735566485013,59,39278.0,0.10496399631501831,59,39278.0
14290.0,62,52631.0,641.8414634146342,2.8301360908799085,62,39309.0,0.08112095519837988,62,39309.0
14295.0,58,52888.0,629.6190476190476,3.038456010089226,58,39404.0,0.13755338901415232,58,39404.0
14300.0,58,53170.0,640.6024096385543,2.9289844079561997,58,39476.0,0.12440324026969962,58,39476.0
14305.0,63,53472.0,652.0975609756098,2.9105006876760466,63,39580.0,0.08295116970668213,63,39580.0
14310.0,64,53792.0,664.0987654320987,2.6911150895445486,64,39710.0,0.10187063766260654,64,39710.0
14315.0,64,54112.0,712.0,1.81515817444723,64,39840.0,0.06253681799434566,64,39840.0
14320.0,60,54351.0,705.8571428571429,1.9074986490794372,60,39921.0,0.09629798882548278,60,39921.0
14325.0,63,54659.0,719.1973684210526,1.8815536287614536,63,40007.0,0.07980330209025385,63,40007.0
14330.0,64,54979.0,654.5119047619048,2.71631325018921,64,40137.0,0.12334860722111593,64,40137.0
14335.0,62,55255.0,673.8414634146342,1.89797996815898,62,40244.0,0.09220560268132959,62,40244.0
14340.0,64,55563.0,677.5975609756098,2.111175132718609,64,40345.0,0.08102478112066347,64,40345.0
14345.0,66,55889.0,665.3452380952381,2.663771174275944,66,40477.0,0.07372600076379773,66,40477.0
14350.0,60,55633.0,678.4512195121952,2.7184279681094705,60,40236.0,0.11091841076483362,60,40236.0
14355.0,53,54988.0,687.35,2.749572302486454,53,39660.0,0.12260562879876799,53,39660.0
14360.0,48,54799.0,702.5512820512821,3.3922609701198096,48,38942.0,0.11817452334751646,48,38942.0
14365.0,47,54952.0,678.4197530864197,3.3925514013039577,47,38971.0,0.17029214076070842,47,38971.0
14370.0,53,55202.0,698.7594936708861,2.9192256461027295,53,39016.0,0.13472159069792616,53,39016.0
14375.0,59,55486.0,693.575,2.5435402572869763,59,39107.0,0.058145963516442925,59,39107.0
14380.0,64,55798.0,715.3589743589744,2.2350494474254137,64,39229.0,0.07668842028835147,64,39229.0
14385.0,64,56118.0,748.24,1.6801777980498407,64,39359.0,0.09418996639536775,64,39359.0
14390.0,62,56229.0,739.8552631578947,1.4159874611767085,62,39398.0,0.07390688354134284,62,39398.0
14395.0,61,56491.0,706.1375,2.535939954137723,61,39359.0,0.09336770029058934,61,39359.0
14400.0,62,56800.0,728.2051282051282,2.3695284270633206,62,39471.0,0.0454617032811956,62,39471.0
14405.0,59,57036.0,671.0117647058823,2.8529377332730403,59,39556.0,0.12709531480637112,59,39556.0
14410.0,58,57313.0,716.4125,2.496655536387094,58,39612.0,0.08786900173867403,58,39612.0
14415.0,61,57614.0,702.609756097561,3.1493645712996052,61,39715.0,0.10039378992573049,61,39715.0
14420.0,62,57922.0,742.5897435897435,2.686629154803127,62,39833.0,0.0809591293535819,62,39833.0
14425.0,60,58212.0,736.8607594936709,2.231904390657537,60,39933.0,0.09869142220399553,60,39933.0
14430.0,64,58528.0,790.918918918919,1.6258240444611929,64,40059.0,0.07355041409373415,64,40059.0
14435.0,67,58854.0,754.5384615384615,1.5612153574027756,67,40195.0,0.07106346361732414,67,40195.0
14440.0,62,58744.0,725.2345679012345,2.1648193994708183,62,39988.0,0.12353189380659985,62,39988.0
14445.0,55,58323.0,694.3214285714286,2.3285550980434,55,39456.0,0.10148423084133339,55,39456.0
14450.0,52,58300.0,694.047619047619,3.368444528238114,52,38815.0,0.12659504441758132,52,38815.0
14455.0,51,58391.0,703.5060240963855,2.8025980985882026,51,38825.0,0.12770583472096328,51,38825.0
14460.0,48,58529.0,750.3717948717949,2.400956667746585,48,38784.0,0.102276987342166,48,38784.0
14465.0,54,58791.0,716.9634146341464,3.5089090857451906,54,38768.0,0.14018593653300668,54,38768.0
14470.0,56,59070.0,767.1428571428571,3.260007176192077,56,38839.0,0.13129107337900559,56,38839.0
14475.0,58,59353.0,723.8170731707318,3.519126422225349,58,38932.0,0.1505003558147142,58,38932.0
14480.0,54,59536.0,763.2820512820513,2.8571455757722672,54,38972.0,0.12641446551345561,54,38972.0
14485.0,57,59814.0,757.1392405063291,2.644923182677692,57,39013.0,0.12328550774680352,57,39013.0
14490.0,61,60113.0,790.9605263157895,2.1580877724218137,61,39122.0,0.08115605473200752,61,39122.0
14495.0,62,60423.0,784.7142857142857,1.8208829160488404,62,39242.0,0.07666980647628076,62,39242.0
14500.0,65,60743.0,809.9066666666666,1.4997537945475463,65,39372.0,0.07304396183614388,65,39372.0
14505.0,62,60954.0,802.0263157894736,1.3083239561916093,62,39456.0,0.06426929578743784,62,39456.0
14510.0,56,61201.0,746.3536585365854,2.7840032856793786,56,39494.0,0.15504328896530586,56,39494.0
14515.0,58,61489.0,732.0119047619048,3.292442017917527,58,39556.0,0.13803590476353134,58,39556.0
14520.0,61,61788.0,762.8148148148148,2.703151412755357,61,39657.0,0.08315689962453665,61,39657.0
14525.0,64,62104.0,766.716049382716,2.676894996062451,64,39783.0,0.10488033614180335,64,39783.0
14530.0,58,61980.0,794.6153846153846,1.9936773401168983,58,39591.0,0.07567859052327358,58,39591.0
14535.0,52,61599.0,810.5131578947369,2.4419135846129967,52,39121.0,0.09871462262818381,52,39121.0
14540.0,50,61662.0,790.5384615384615,3.3433969133450185,50,38645.0,0.12949495121023052,50,38645.0
14545.0,47,61860.0,803.3766233766233,3.100672266470958,47,38676.0,0.15182686038956344,47,38676.0
14550.0,53,62115.0,796.3461538461538,3.1772352234256043,53,38718.0,0.15369921370056416,53,38718.0
14555.0,60,62397.0,810.3506493506494,2.4133195525852864,60,38810.0,0.058156127473080535,60,38810.0
14560.0,63,62709.0,803.9615384615385,2.4623841051273554,63,38932.0,0.08209237430446677,63,38932.0
14565.0,63,63024.0,851.6756756756756,1.672255894888952,63,39057.0,0.06566231715224694,63,39057.0
14570.0,59,63056.0,818.9090909090909,1.7501705869577446,59,39064.0,0.08515577729259645,59,39064.0
14575.0,56,63246.0,843.28,2.3220465449659367,56,38994.0,0.09568922861988335,56,38994.0
14580.0,59,63532.0,814.5128205128206,2.77017902685922,59,38995.0,0.08017857332693468,59,38995.0
14585.0,55,63768.0,797.1,3.028180245372053,55,39070.0,0.13584337655421244,55,39070.0
14590.0,57,64041.0,810.6455696202531,2.8086143977770925,57,39129.0,0.10504230681526254,57,39129.0
14595.0,61,64337.0,824.8333333333334,2.874731353660976,61,39230.0,0.0854457643810762,61,39230.0
14600.0,61,64642.0,839.5064935064935,2.6161979781255225,61,39345.0,0.09267312480124013,61,39345.0
14605.0,58,64883.0,876.7972972972973,2.024681942273561,58,39417.0,0.0924640986391387,58,39417.0
14610.0,58,65173.0,868.9733333333334,2.138196224587462,58,39496.0,0.087105860217089,58,39496.0
14615.0,62,65478.0,884.8378378378378,2.00471025932203,62,39611.0,0.08236344249270633,62,39611.0
14620.0,58,65346.0,806.7407407407408,2.5026320664764805,58,39427.0,0.12694391643334763,58,39427.0
14625.0,51,64962.0,832.8461538461538,2.4012231702731746,51,38997.0,0.10151730319122425,51,38997.0
14630.0,52,65106.0,784.4096385542168,3.4727791822742837,52,38509.0,0.12548610257276602,52,38509.0
14635.0,50,65238.0,825.7974683544304,2.833053669321001,50,38530.0,0.10711680355194296,50,38530.0
14640.0,51,65401.0,838.474358974359,2.563013778002663,51,38493.0,0.08926889295335266,51,38493.0
14645.0,54,65663.0,852.7662337662338,3.372236723528284,54,38510.0,0.11237312997112577,54,38510.0
14650.0,54,65933.0,856.2727272727273,3.7620661387944376,54,38576.0,0.12591693017451602,54,38576.0
14655.0,52,66092.0,881.2266666666667,3.1136517228840694,52,38597.0,0.15363416125234564,52,38597.0
14660.0,53,66350.0,884.6666666666666,3.104635396045329,53,38615.0,0.1563561087119426,53,38615.0
14665.0,58,66626.0,888.3466666666667,2.5738906492500297,58,38699.0,0.08736884572628442,58,38699.0
14670.0,54,66852.0,891.36,2.0865421083813427,54,38769.0,0.0916676337194353,54,38769.0
14675.0,53,67111.0,932.0972222222222,2.682727540311071,53,38811.0,0.11681636140233342,53,38811.0
14680.0,54,67377.0,910.5,3.281414983557471,54,38880.0,0.11242448827801066,54,38880.0
14685.0,55,67652.0,939.6111111111111,3.133949795553014,55,38965.0,0.09429036650658533,55,38965.0
14690.0,53,67906.0,917.6486486486486,2.956289226222156,53,39029.0,0.14987232223056038,53,39029.0
14695.0,56,68179.0,960.2676056338029,2.337019457426301,56,39112.0,0.1275231452561161,56,39112.0
14700.0,60,68471.0,937.9589041095891,1.7359712562088245,60,39214.0,0.07163120829241082,60,39214.0
14705.0,59,68730.0,941.5068493150685,1.7245579855529767,59,39305.0,0.09176836580046221,59,39305.0
14710.0,57,69013.0,920.1733333333333,2.724590828979283,57,39377.0,0.10044865327784454,57,39377.0
14715.0,59,69303.0,900.038961038961,3.084953990038564,59,39476.0,0.0851884184400493,59,39476.0
14720.0,59,69598.0,953.3972602739726,2.496076731762287,59,39581.0,0.08906793191559273,59,39581.0
14725.0,60,69873.0,931.64,2.099468270280531,60,39666.0,0.11771748609497175,60,39666.0
14730.0,60,70173.0,935.64,2.3816815166194343,60,39776.0,0.11856320259856419,60,39776.0
14735.0,65,70485.0,903.6538461538462,1.7398753266455782,65,39898.0,0.07821108137971983,65,39898.0
14740.0,63,70757.0,931.0131578947369,1.0542671561849997,63,40008.0,0.056707258507717385,63,40008.0
14745.0,62,71063.0,888.2875,2.27488569018067,62,40101.0,0.09773498756775778,62,40101.0
14750.0,63,71374.0,881.1604938271605,2.7315600989449043,63,40217.0,0.08017769595554036,63,40217.0
14755.0,64,71692.0,896.15,2.6398006731758445,64,40345.0,0.07992060417947495,64,40345.0
14760.0,61,71972.0,959.6266666666667,1.9183499876188834,61,40444.0,0.06442984950332685,61,40444.0
14765.0,62,72278.0,881.439024390244,2.3710460488619556,62,40551.0,0.10613077612313139,62,40551.0
14770.0,68,72606.0,907.575,1.7029856148672795,68,40689.0,0.07412604192260136,68,40689.0
14775.0,70,72952.0,878.9397590361446,1.4433185822833625,70,40845.0,0.0658331954409078,70,40845.0
14780.0,67,73246.0,904.2716049382716,1.4305682801752497,67,40980.0,0.07806664543997774,67,40980.0
14785.0,65,73564.0,865.4588235294118,2.3264922473210947,65,41080.0,0.10643628615356861,65,41080.0
14790.0,67,73896.0,869.364705882353,2.6882252573207333,67,41219.0,0.07547168668968075,67,41219.0
14795.0,63,73274.0,862.0470588235294,2.199515052157131,63,40901.0,0.0749434129142697,63,40901.0
14800.0,57,72156.0,839.0232558139535,2.814225957924498,57,40205.0,0.13094907652295357,57,40205.0
14805.0,52,71800.0,825.2873563218391,3.2729352630229047,52,39464.0,0.1333693098973658,52,39464.0
14810.0,48,71868.0,845.5058823529412,3.175846571208445,48,39361.0,0.14912217585601165,48,39361.0
14815.0,51,72108.0,879.3658536585366,2.9001263176653693,51,39386.0,0.1509871931655193,51,39386.0
14820.0,58,72381.0,893.5925925925926,2.608589646573822,58,39465.0,0.06843598607382147,58,39465.0
14825.0,64,72693.0,886.5,2.648411797064604,64,39590.0,0.08580620746488413,64,39590.0
14830.0,59,72823.0,945.7532467532468,1.9384405918328014,59,39632.0,0.06566707093015696,59,39632.0
14835.0,57,73088.0,870.0952380952381,3.281966559816353,57,39616.0,0.1615037115937515,57,39616.0
14840.0,59,73377.0,905.8888888888889,2.5103476618970055,59,39704.0,0.0889932284850387,59,39704.0
14845.0,61,73674.0,877.0714285714286,2.7263882728786997,61,39817.0,0.12796786785818676,61,39817.0
14850.0,63,73984.0,948.5128205128206,2.366220825207831,63,39931.0,0.09101789520170114,63,39931.0
14855.0,63,74299.0,917.2716049382716,2.6310837753126197,63,40056.0,0.08286077103458431,63,40056.0
14860.0,61,62683.0,793.4556962025316,2.2442299262771375,61,38184.0,0.08662505561285593,61,38184.0
14865.0,51,43114.0,567.2894736842105,2.6124233336813876,51,34305.0,0.11909108803685635,51,34305.0
14870.0,49,27495.0,331.26506024096386,3.9485992807140913,49,28436.0,0.18792349984866627,49,28436.0
14875.0,37,11958.0,147.62962962962962,3.0945866310107584,37,28489.0,0.15317839556527219,37,28489.0
14880.0,42,1547.0,19.3375,3.345751399858007,42,28534.0,0.15179419408074696,42,28534.0
14885.0,49,1776.0,21.397590361445783,3.653332418266614,49,28633.0,0.16830631674545246,49,28633.0
14890.0,55,2037.0,24.542168674698797,2.2386944476769663,55,28764.0,0.08142919383573094,55,28764.0
14895.0,63,2339.0,28.180722891566266,1.5914452186398125,63,28936.0,0.07864972114727858,63,28936.0
14900.0,73,2680.0,31.162790697674417,1.511373596143057,73,29147.0,0.06566975386807608,73,29147.0
14905.0,71,2764.0,31.0561797752809,1.952693155454485,71,29266.0,0.09987998382278306,71,29266.0
14910.0,66,3007.0,32.68478260869565,2.1496231159040975,66,29305.0,0.09854954594027512,66,29305.0
14915.0,73,3362.0,36.94505494505494,2.1941480133343423,73,29441.0,0.047743424694778776,73,29441.0
14920.0,72,3695.0,38.89473684210526,2.248930086457838,72,29658.0,0.07229671282643116,72,29658.0
14925.0,71,4049.0,45.49438202247191,2.295748479328878,71,29868.0,0.06894614821007092,71,29868.0
14930.0,73,4408.0,48.43956043956044,2.648431282953025,73,30097.0,0.07263813891779995,73,30097.0
14935.0,67,4028.0,46.83720930232558,2.0964491953711475,67,29805.0,0.07255360509515484,67,29805.0
14940.0,59,3144.0,36.55813953488372,2.240998604783698,59,29057.0,0.08057217245347961,59,29057.0
14945.0,55,2539.0,28.528089887640448,3.1907645932916537,55,28077.0,0.1277143488516536,55,28077.0
14950.0,48,2473.0,27.786516853932586,2.9463976706795374,48,28185.0,0.14354104301474016,48,28185.0
14955.0,54,2714.0,31.558139534883722,2.9790575298370054,54,28286.0,0.13961220061666713,54,28286.0
14960.0,60,3000.0,34.48275862068966,2.839718125144571,60,28441.0,0.08208216098272636,60,28441.0
14965.0,63,3234.0,38.04705882352941,2.4080113884890952,63,28281.0,0.08230662859234004,63,28281.0
14970.0,55,3432.0,40.857142857142854,2.611551950171692,55,27880.0,0.10903459517232032,55,27880.0
14975.0,53,3644.0,44.98765432098765,3.158846558373404,53,27364.0,0.1105945880029557,53,27364.0
14980.0,52,3879.0,44.07954545454545,3.396793005888951,52,27481.0,0.17138357864319284,52,27481.0
14985.0,58,4154.0,50.04819277108434,2.4928869061644896,58,27614.0,0.09368537008136403,58,27614.0
14990.0,65,4465.0,52.529411764705884,2.8242586884678205,65,27795.0,0.11202954902125224,65,27795.0
14995.0,67,4799.0,59.9875,2.053639387051573,67,27999.0,0.07099167559065063,67,27999.0
15000.0,69,5139.0,64.2375,1.7577867339579314,69,28209.0,0.061770025269052974,69,28209.0
15005.0,69,5484.0,69.41772151898734,1.666191881803294,69,28424.0,0.07422865443242076,69,28424.0
15010.0,64,5021.0,62.7625,1.117663044657035,64,26655.0,0.06599162769689768,64,26655.0
15015.0,58,4030.0,46.86046511627907,2.8909985714365036,58,20946.0,0.13590662341124277,58,20946.0
15020.0,49,3029.0,34.03370786516854,3.361983596985794,49,17213.0,0.14271708255851737,49,17213.0
15025.0,46,2221.0,25.825581395348838,2.891107630365604,46,17362.0,0.14016266172036956,46,17362.0
15030.0,47,1950.0,22.674418604651162,3.3368915436058795,47,17498.0,0.17686564136109237,47,17498.0
15035.0,55,2202.0,25.310344827586206,3.0201895528106153,55,17678.0,0.10123038916196185,55,17678.0
15040.0,61,2491.0,27.373626373626372,2.6313261368779703,61,17897.0,0.08807237025606582,61,17897.0
15045.0,69,2815.0,31.629213483146067,1.5945664683435177,69,18151.0,0.05488460710378567,69,18151.0
15050.0,75,3182.0,33.49473684210526,1.8627925307230513,75,18448.0,0.11092949559492378,75,18448.0
15055.0,81,3571.0,37.589473684210525,1.2569799143843425,81,18767.0,0.055818071574436495,81,18767.0
15060.0,87,3997.0,41.20618556701031,1.2940166134445366,87,19123.0,0.06048667070937747,87,19123.0
15065.0,87,4432.0,45.224489795918366,1.2182635288479549,87,19488.0,0.04444472958594535,87,19488.0
15070.0,89,4875.0,49.24242424242424,1.3060557877661176,89,19861.0,0.049503359877391,89,19861.0
15075.0,89,5320.0,52.15686274509804,1.5587241605242879,89,20236.0,0.053022907165731964,89,20236.0
15080.0,85,4863.0,49.62244897959184,0.9927792966075373,85,20286.0,0.03760707738124454,85,20286.0
15085.0,77,4197.0,40.35576923076923,2.1095404019279034,77,20039.0,0.10311255729023495,77,20039.0
15090.0,73,4087.0,38.923809523809524,2.4852364156334303,73,19754.0,0.09047677885659243,73,19754.0
15095.0,66,4240.0,40.38095238095238,2.2817588333927312,66,19905.0,0.10178597255482966,66,19905.0
15100.0,72,4589.0,44.55339805825243,2.32326949813532,72,20167.0,0.09665864294530828,72,20167.0
15105.0,77,4964.0,48.19417475728155,2.1420701010621026,77,20472.0,0.05232966568612502,77,20472.0
15110.0,84,5369.0,53.15841584158416,1.843671371231289,84,20807.0,0.062444129525952144,84,20807.0
15115.0,87,5802.0,58.60606060606061,1.3370526002845136,87,21170.0,0.03982995319097784,87,21170.0
15120.0,83,6100.0,62.88659793814433,1.3387312414847636,83,21291.0,0.047293256360131194,83,21291.0
15125.0,75,6301.0,60.58653846153846,1.8799135602950001,75,21199.0,0.08094355151344451,75,21199.0
15130.0,75,6551.0,63.601941747572816,2.4541808946030037,75,21052.0,0.07999165932074846,75,21052.0
15135.0,71,6872.0,65.44761904761904,2.320890745076117,71,21323.0,0.10864105533205635,71,21323.0
15140.0,76,7242.0,71.70297029702971,2.1077349150571476,76,21608.0,0.06958750465181558,76,21608.0
15145.0,82,7639.0,74.16504854368932,2.278799472703495,82,21935.0,0.07087117886417657,82,21935.0
15150.0,85,8062.0,82.26530612244898,1.6229969296909132,85,22288.0,0.05785430736655114,85,22288.0
15155.0,80,8374.0,85.44897959183673,1.0894772004718756,80,22493.0,0.04926373716533418,80,22493.0
15160.0,75,8621.0,85.35643564356435,1.7131363232722883,75,22597.0,0.08882464593515521,75,22597.0
15165.0,77,8990.0,85.61904761904762,2.528293284337194,77,22746.0,0.09998263954785534,77,22746.0
15170.0,75,9323.0,90.51456310679612,2.1140428449596667,75,23011.0,0.08402233576789075,75,23011.0
15175.0,79,9707.0,94.24271844660194,2.150634192737089,79,23298.0,0.08018503431467501,79,23298.0
15180.0,81,10111.0,102.13131313131314,2.0278117238225843,81,23630.0,0.0440113156284729,81,23630.0
15185.0,77,10444.0,103.4059405940594,2.0785900202047967,77,23905.0,0.08197038746503466,77,23905.0
15190.0,77,10792.0,111.25773195876289,2.0547768740994927,77,24128.0,0.07044638964011936,77,24128.0
15195.0,78,11177.0,109.57843137254902,2.3045975474763885,78,24413.0,0.07915265082935238,78,24413.0
15200.0,84,11586.0,117.03030303030303,1.8489997979047188,84,24753.0,0.06147182065507591,84,24753.0
15205.0,85,12007.0,117.7156862745098,1.6844503485290936,85,25104.0,0.05801387313704483,85,25104.0
15210.0,82,12324.0,128.375,1.2677269433486151,82,25418.0,0.06335004050872518,82,25418.0
15215.0,76,12661.0,129.19387755102042,1.7606254034568916,76,25667.0,0.08055663679414282,76,25667.0
15220.0,77,13043.0,130.43,2.588526460831345,77,25930.0,0.08357449578294235,77,25930.0
15225.0,72,11969.0,122.13265306122449,2.1474400477753512,72,25598.0,0.07132279112789443,72,25598.0
15230.0,70,9962.0,104.86315789473684,2.0903727818505344,70,24709.0,0.0949701648289306,70,24709.0
15235.0,64,8830.0,91.97916666666667,2.9059595653198964,64,23440.0,0.10544041785313182,64,23440.0
15240.0,54,7950.0,84.57446808510639,2.9166936530775764,54,23402.0,0.12357686332860982,54,23402.0
15245.0,51,7946.0,87.31868131868131,2.7828395790066827,51,23534.0,0.13727505722988279,51,23534.0
15250.0,57,8214.0,86.46315789473684,3.2986970135971534,57,23696.0,0.1420426023713996,57,23696.0
15255.0,65,8519.0,90.62765957446808,2.7392433608139233,65,23927.0,0.08940519940189574,65,23927.0
15260.0,70,8859.0,95.25806451612904,2.3837717376375576,70,24197.0,0.07142207835923581,70,24197.0
15265.0,77,9232.0,100.34782608695652,2.0423802194461835,77,24500.0,0.08152984061347063,77,24500.0
15270.0,80,9625.0,104.6195652173913,1.3857122005217968,80,24823.0,0.06076020130228818,80,24823.0
15275.0,76,9829.0,106.83695652173913,1.3638310802260427,76,24608.0,0.0496416613099373,76,24608.0
15280.0,68,9904.0,103.16666666666667,2.3166943013104966,68,23943.0,0.09934492072723926,68,23943.0
15285.0,62,9978.0,106.14893617021276,2.8313279028167915,62,23039.0,0.09165459503303913,62,23039.0
15290.0,56,10066.0,104.85416666666667,2.8323472187460594,56,23245.0,0.12854063752801545,56,23245.0
15295.0,60,10351.0,116.30337078651685,2.3516728279854493,60,23445.0,0.1141958428360168,60,23445.0
15300.0,68,10670.0,115.97826086956522,2.3524109046828516,68,23692.0,0.05898277458860628,68,23692.0
15305.0,74,11028.0,117.31914893617021,2.423122609261358,74,23980.0,0.09718793624726503,74,23980.0
15310.0,79,11414.0,124.06521739130434,1.4024783907232297,79,24296.0,0.044571023514355886,79,24296.0
15315.0,82,11824.0,128.52173913043478,1.4014579783500423,82,24636.0,0.06379311948819212,82,24636.0
15320.0,82,12234.0,131.5483870967742,1.238589443537296,82,24976.0,0.053726063906859245,82,24976.0
15325.0,78,12082.0,128.53191489361703,1.5772528135835733,78,25106.0,0.07164336615238963,78,25106.0
15330.0,70,11963.0,124.61458333333333,2.1274526731530674,70,24976.0,0.08244032297440028,70,24976.0
15335.0,68,12211.0,129.90425531914894,2.684292206667446,68,24948.0,0.09753379512550002,68,24948.0
15340.0,68,12518.0,125.18,2.645485882512604,68,25199.0,0.12192739842434579,68,25199.0
15345.0,76,12874.0,135.5157894736842,1.9210011863724876,76,25471.0,0.06157948425780593,76,25471.0
15350.0,80,13267.0,134.010101010101,2.557333168270979,80,25794.0,0.06285259906077882,80,25794.0
15355.0,80,13667.0,146.95698924731184,1.8724839319739977,80,26124.0,0.06415882767222196,80,26124.0
15360.0,75,13947.0,151.59782608695653,1.3394555020701056,75,26324.0,0.06943102030003144,75,26324.0
15365.0,72,14212.0,154.47826086956522,1.9793696011571371,72,26419.0,0.08742471633507692,72,26419.0
15370.0,73,14573.0,151.80208333333334,2.4488772678441744,73,26622.0,0.07771057521850684,73,26622.0
15375.0,72,14892.0,150.42424242424244,2.3899384681832343,72,26900.0,0.09940920616683004,72,26900.0
15380.0,76,15255.0,155.66326530612244,2.3914539916431767,76,27172.0,0.095898666249979,76,27172.0
15385.0,76,15635.0,162.86458333333334,2.472896934104049,76,27474.0,0.06942642145738284,76,27474.0
15390.0,78,16025.0,166.92708333333334,2.3848331887067604,78,27794.0,0.09337473960141149,78,27794.0
15395.0,78,16415.0,184.43820224719101,1.3206473286411913,78,28114.0,0.048267816608078315,78,28114.0
15400.0,74,16681.0,183.30769230769232,1.5338284818361596,74,28376.0,0.07861282225291996,74,28376.0
15405.0,76,17043.0,187.28571428571428,1.87297175006773,76,28604.0,0.07946862394634228,76,28604.0
15410.0,76,17423.0,181.48958333333334,2.3131295160154477,76,28905.0,0.08561374734508767,76,28905.0
15415.0,77,17761.0,185.01041666666666,1.8065457617034248,77,29197.0,0.06980293017773948,77,29197.0
15420.0,76,18139.0,192.96808510638297,1.9171956974769473,76,29483.0,0.06228649691625473,76,29483.0
15425.0,78,18529.0,191.02061855670104,2.4846655704282807,78,29802.0,0.06607502789912217,78,29802.0
15430.0,72,18080.0,192.3404255319149,2.38910651470589,72,29490.0,0.09445586309690031,72,29490.0
15435.0,66,17068.0,185.52173913043478,2.3896462981124036,66,28178.0,0.0887363260934225,66,28178.0
15440.0,59,16193.0,179.92222222222222,3.137124554023614,59,27533.0,0.1140446386182682,59,27533.0
15445.0,53,15680.0,172.30769230769232,2.904626262202838,53,27691.0,0.13841145180969344,53,27691.0
15450.0,53,15743.0,185.21176470588236,2.3339896938510756,53,27863.0,0.10227761440957744,53,27863.0
15455.0,64,16040.0,174.34782608695653,2.308578797640218,64,28090.0,0.10909632252295576,64,28090.0
15460.0,66,16292.0,179.03296703296704,1.3244757499454627,66,27959.0,0.04757590538915942,66,27959.0
15465.0,67,16527.0,179.6413043478261,2.194689548056556,67,27542.0,0.10019003944114784,67,27542.0
15470.0,63,16778.0,182.3695652173913,2.4920350947032683,63,26865.0,0.07501842237070763,63,26865.0
15475.0,58,16830.0,182.93478260869566,2.7313296046079403,58,27020.0,0.12976787098235926,58,27020.0
15480.0,54,16878.0,194.0,1.8913181548676181,54,27084.0,0.06277816351291612,54,27084.0
15485.0,57,17106.0,180.06315789473683,3.276191684836221,57,27141.0,0.1411386068164603,57,27141.0
15490.0,61,17407.0,191.28571428571428,3.0866359423354934,61,27294.0,0.09955345855269591,61,27294.0
15495.0,67,17731.0,194.84615384615384,3.410840724301267,67,27507.0,0.1344724068819975,67,27507.0
15500.0,67,18066.0,212.54117647058823,2.7386824715424147,67,27766.0,0.06920356278389239,67,27766.0
15505.0,69,18403.0,211.5287356321839,2.671137289100397,69,28033.0,0.0807014355360395,69,28033.0
15510.0,69,18748.0,228.6341463414634,2.1125238736030307,69,28308.0,0.07577186964476122,69,28308.0
15515.0,64,18855.0,232.77777777777777,1.3506616619685532,64,28476.0,0.06805496912187886,64,28476.0
15520.0,64,19125.0,225.0,2.481238469233308,64,28570.0,0.1271543322132539,64,28570.0
15525.0,68,19450.0,218.53932584269663,2.4051270047785245,68,28800.0,0.0760946765799854,68,28800.0
15530.0,72,19806.0,225.0681818181818,2.206284114632899,72,29086.0,0.0678873438635745,72,29086.0
15535.0,67,20072.0,233.3953488372093,1.7259872747919982,67,29332.0,0.07879003640930893,67,29332.0
15540.0,64,20373.0,242.53571428571428,2.11343013351715,64,29535.0,0.07990189247741802,64,29535.0
15545.0,66,20701.0,235.23863636363637,3.0294481853731994,66,29771.0,0.10565829919856282,66,29771.0
15550.0,66,21031.0,253.3855421686747,2.4822650159376765,66,30031.0,0.06909853568353318,66,30031.0
15555.0,61,20884.0,237.3181818181818,2.894721409176395,61,29847.0,0.1511100522714621,61,29847.0
15560.0,56,20422.0,249.0487804878049,2.3472914788129615,56,29327.0,0.10882113578448858,56,29327.0
15565.0,52,20187.0,232.0344827586207,3.346026296166047,52,28700.0,0.13557409130609677,52,28700.0
15570.0,48,20287.0,244.42168674698794,3.1741302239693177,48,28860.0,0.1567209310282066,48,28860.0
15575.0,52,20530.0,256.625,2.4463879020485195,52,29015.0,0.09823614360480472,52,29015.0
15580.0,60,20819.0,253.890243902439,2.8999647762360454,60,29231.0,0.08143268305683388,60,29231.0
15585.0,64,21137.0,264.2125,2.6532198419044866,64,29479.0,0.09068966095305817,64,29479.0
15590.0,66,21460.0,261.7073170731707,2.5587867080188196,66,29732.0,0.12240490571593172,66,29732.0
15595.0,66,21790.0,269.01234567901236,2.054491676910856,66,29992.0,0.10734054436532235,66,29992.0
15600.0,67,21854.0,269.8024691358025,1.3960127237088356,67,30142.0,0.06101164353107793,67,30142.0
15605.0,62,22087.0,266.10843373493975,2.516947343889914,62,30230.0,0.12025494934399561,62,30230.0
15610.0,64,22401.0,266.67857142857144,2.65134832738039,64,30393.0,0.07879900353884761,64,30393.0
15615.0,66,22731.0,273.86746987951807,1.9803339424722823,66,30653.0,0.05266720561620485,66,30653.0
15620.0,64,22990.0,280.3658536585366,2.0242256511877823,64,30880.0,0.08660753682058257,64,30880.0
15625.0,60,23278.0,283.8780487804878,2.5483446502723357,60,31069.0,0.10907506221815523,60,31069.0
15630.0,62,23584.0,271.08045977011494,3.2319944728588124,62,31296.0,0.11752625723941587,62,31296.0
15635.0,66,23904.0,295.1111111111111,2.293175934745829,66,31546.0,0.07178580163824158,66,31546.0
15640.0,61,23820.0,294.0740740740741,1.7718062184670518,61,31432.0,0.08483979115367125,61,31432.0
15645.0,56,23525.0,301.6025641025641,2.318279839500202,56,31068.0,0.10762158617868259,56,31068.0
15650.0,50,23371.0,281.578313253012,3.492104713704353,50,30498.0,0.14253618415207078,50,30498.0
15655.0,47,23513.0,301.44871794871796,2.9728778533947056,47,30645.0,0.13765404497171319,47,30645.0
15660.0,50,23754.0,304.53846153846155,2.492929612962842,50,30794.0,0.09753451403742085,50,30794.0
15665.0,60,24030.0,296.6666666666667,3.17655409017924,60,31000.0,0.13288085702639843,60,31000.0
15670.0,55,24141.0,301.7625,2.2278546519124234,55,31139.0,0.09644414342938706,55,31139.0
15675.0,59,24410.0,305.125,2.582653214300862,59,31248.0,0.091524145098315,59,31248.0
15680.0,62,24715.0,308.9375,2.466066071433853,62,31475.0,0.08001166612631254,62,31475.0
15685.0,58,24967.0,316.0379746835443,2.291565523950691,58,31689.0,0.0916324006628087,58,31689.0
15690.0,58,25246.0,327.87012987012986,2.4256279328135197,58,31874.0,0.1065262640441708,58,31874.0
15695.0,58,25536.0,336.0,2.9439489066732465,58,32086.0,0.07506796039669905,58,32086.0
15700.0,60,25833.0,318.9259259259259,3.349591990500067,60,32313.0,0.13710941831471515,60,32313.0
15705.0,61,26134.0,343.86842105263156,2.0475039323261273,61,32544.0,0.07288719385943619,61,32544.0
15710.0,66,26458.0,339.20512820512823,2.03203589973273,66,32798.0,0.09876383458658539,66,32798.0
15715.0,66,26788.0,352.4736842105263,1.7666812609301334,66,33058.0,0.07663289202355243,66,33058.0
15720.0,62,26980.0,341.5189873417722,1.5452117972116117,62,33247.0,0.0697910372208366,62,33247.0
15725.0,64,27293.0,349.9102564102564,2.127600984365838,64,33424.0,0.08548412422600646,64,33424.0
15730.0,64,27613.0,336.7439024390244,2.4636139340367817,64,33673.0,0.09858396583518494,64,33673.0
15735.0,62,27882.0,331.92857142857144,2.5745880803368952,62,33898.0,0.12909644819764343,62,33898.0
15740.0,62,28184.0,335.5238095238095,2.3255462319389286,62,34107.0,0.09799195675937514,62,34107.0
15745.0,65,28507.0,335.3764705882353,2.749370480750735,65,34357.0,0.07592294902715024,65,34357.0
15750.0,61,28275.0,332.6470588235294,2.9010172663754803,61,34210.0,0.12331956707380184,61,34210.0
15755.0,54,27676.0,350.32911392405066,2.4513090563552056,54,33768.0,0.09419445027338127,54,33768.0
15760.0,49,27521.0,344.0125,3.3006438389212436,49,33185.0,0.12317870282237672,49,33185.0
15765.0,47,27681.0,354.88461538461536,3.1122784099789857,47,33338.0,0.1426110965467979,47,33338.0
15770.0,52,27916.0,348.95,3.055179875219905,52,33485.0,0.1629516869461213,52,33485.0
15775.0,59,28200.0,348.14814814814815,3.375371641975187,59,33693.0,0.12957150729722242,59,33693.0
15780.0,61,28496.0,365.3333333333333,2.23185311109835,61,33920.0,0.07268938382555933,61,33920.0
15785.0,65,28819.0,369.47435897435895,2.1624791845864273,65,34173.0,0.08012954074963571,65,34173.0
15790.0,65,29144.0,393.8378378378378,1.3985311750723186,65,34428.0,0.05310174053219113,65,34428.0
15795.0,67,29475.0,382.7922077922078,1.5972188103152125,67,34689.0,0.07239378724236749,67,34689.0
15800.0,67,29810.0,387.14285714285717,1.6433350882964821,67,34954.0,0.07625456708243128,67,34954.0
15805.0,63,29830.0,368.2716049382716,1.9253776687079494,63,35088.0,0.1181366802421753,63,35088.0
15810.0,59,30005.0,361.50602409638554,2.747651277317651,59,35134.0,0.1352003941178357,59,35134.0
15815.0,62,30306.0,352.3953488372093,2.692112658416218,62,35245.0,0.07686844078318243,62,35245.0
15820.0,63,30583.0,364.0833333333333,2.09476527827484,63,35474.0,0.06447027372102115,63,35474.0
15825.0,63,30892.0,367.76190476190476,2.7059667231163345,63,35696.0,0.10333587572382728,63,35696.0
15830.0,64,31210.0,380.609756097561,2.6954497857543527,64,35939.0,0.06502386888482518,64,35939.0
15835.0,65,31535.0,384.5731707317073,2.6636446773076248,65,36194.0,0.07446226788941647,65,36194.0
15840.0,66,31861.0,424.81333333333333,1.3141271918979442,66,36450.0,0.05052666209619834,66,36450.0
15845.0,61,32079.0,391.2073170731707,1.8908496519544098,61,36650.0,0.12347457481754545,61,36650.0
15850.0,67,32397.0,399.962962962963,1.8030397768643638,67,36844.0,0.07522239084829091,67,36844.0
15855.0,70,32741.0,376.3333333333333,2.156067939391437,70,37115.0,0.06793765665467437,70,37115.0
15860.0,66,32534.0,391.9759036144578,1.8020825635891735,66,36992.0,0.07125912825466027,66,36992.0
15865.0,59,31950.0,371.51162790697674,2.368818009788275,59,36528.0,0.09598456177973577,59,36528.0
15870.0,53,31790.0,378.45238095238096,3.39136660264671,53,36061.0,0.13156899043603973,53,36061.0
15875.0,51,31882.0,384.12048192771084,2.881426494674396,51,36113.0,0.12737623740391119,51,36113.0
15880.0,51,32026.0,376.77647058823527,2.739813964391829,51,36267.0,0.12360348824220369,51,36267.0
15885.0,55,32294.0,375.51162790697674,3.317929828630454,55,36444.0,0.137263812448757,55,36444.0
15890.0,60,32582.0,387.8809523809524,3.2777707751327307,60,36686.0,0.11606399948471428,60,36686.0
15895.0,62,32891.0,396.27710843373495,3.218462192025442,62,36937.0,0.10737772190164638,62,36937.0
15900.0,62,33201.0,431.1818181818182,2.1464212596294607,62,37151.0,0.054384985077192416,62,37151.0
15905.0,64,33520.0,435.3246753246753,2.0944015598813874,64,37348.0,0.09945746472907907,64,37348.0
15910.0,64,33840.0,451.2,1.6044310184519817,64,37538.0,0.06172593911044914,64,37538.0
15915.0,60,33943.0,413.9390243902439,2.379961426933026,60,37630.0,0.15094885749151118,60,37630.0
15920.0,59,34192.0,422.12345679012344,2.3456637275901504,59,37668.0,0.10510139894439914,59,37668.0
15925.0,64,34501.0,401.1744186046512,3.0350419036734846,64,37809.0,0.09818072075195551,64,37809.0
15930.0,68,34833.0,424.7926829268293,2.2153479628739485,68,38011.0,0.07669208600057283,68,38011.0
15935.0,64,35093.0,444.2151898734177,1.3143475524241044,64,38184.0,0.052959292148061235,64,38184.0
15940.0,62,35381.0,442.2625,2.240024891168397,62,38322.0,0.106436583254047,62,38322.0
15945.0,62,35691.0,435.2560975609756,3.0383211533912147,62,38479.0,0.10161697359309636,62,38479.0
15950.0,64,36003.0,418.63953488372096,3.1394174779925037,64,38661.0,0.11485807441007846,64,38661.0
15955.0,64,36323.0,448.4320987654321,2.2877189526523383,64,38851.0,0.11657909242638573,64,38851.0
15960.0,64,36586.0,457.325,1.4737989172562027,64,39002.0,0.06357770444793584,64,39002.0
15965.0,67,36921.0,450.2560975609756,1.9864089258382118,67,39189.0,0.07307402538400248,67,39189.0
15970.0,71,37265.0,448.9759036144578,1.8645626545655887,71,39403.0,0.05915247226064895,71,39403.0
15975.0,65,37551.0,463.5925925925926,1.5442560381320667,65,39591.0,0.05597700659973641,65,39591.0
15980.0,64,37865.0,461.7682926829268,2.2885195930985742,64,39749.0,0.08946955786352521,64,39749.0
15985.0,65,38186.0,449.2470588235294,2.9359386200954996,65,39934.0,0.10054193283274587,65,39934.0
15990.0,67,38517.0,447.8720930232558,2.4091456398804705,67,40135.0,0.0906118987737038,67,40135.0
15995.0,70,38862.0,473.9268292682927,1.761704338131719,70,40350.0,0.06001672254075845,70,40350.0
16000.0,66,38469.0,452.5764705882353,1.5415174290422506,66,40099.0,0.07819180210467111,66,40099.0
16005.0,60,37590.0,452.89156626506025,2.3684435915781132,60,39110.0,0.09939415383257298,60,39110.0
16010.0,55,37200.0,422.72727272727275,3.373809978857168,55,38633.0,0.13747940437668799,55,38633.0
16015.0,46,37170.0,447.8313253012048,3.325180729228191,46,38428.0,0.15358183394910274,46,38428.0
16020.0,55,37422.0,462.0,2.5762071620514413,55,38558.0,0.10185756075786297,55,38558.0
16025.0,61,37718.0,449.0238095238095,2.356657188674732,61,38810.0,0.09312047353898979,61,38810.0
16030.0,65,37892.0,451.0952380952381,1.6797750844367545,65,39046.0,0.0775547706764696,65,39046.0
16035.0,59,38086.0,464.4634146341463,1.9138246573647713,59,39208.0,0.0810172347292534,59,39208.0
16040.0,60,38383.0,446.3139534883721,3.3137610416658942,60,39331.0,0.11940250174646834,60,39331.0
16045.0,60,38683.0,460.51190476190476,3.2896303410506187,60,39489.0,0.105864972985593,60,39489.0
16050.0,62,38990.0,487.375,2.991774630362098,62,39644.0,0.10378988587560538,62,39644.0
16055.0,62,39300.0,517.1052631578947,2.242848065614943,62,39780.0,0.06678793703294839,62,39780.0
16060.0,59,39535.0,476.32530120481925,2.5658292251847303,59,39851.0,0.12973606841392332,59,39851.0
16065.0,63,39843.0,510.8076923076923,1.7308915151616242,63,39943.0,0.07511279584288723,63,39943.0
16070.0,67,40173.0,478.25,2.0212244738273792,67,40083.0,0.07879940516117967,67,40083.0
16075.0,64,40171.0,489.890243902439,1.871256184852273,64,39879.0,0.08157002725295213,64,39879.0
16080.0,55,39933.0,486.9878048780488,2.303367885947518,55,39359.0,0.10008975950270008,55,39359.0
16085.0,52,39926.0,486.9024390243902,3.2067760602994873,52,38736.0,0.12545810091238244,52,38736.0
16090.0,50,40036.0,482.3614457831325,3.0318749492577712,50,38746.0,0.1313669657036073,50,38746.0
16095.0,49,40185.0,490.0609756097561,2.989668595005816,49,38712.0,0.14743753532600176,49,38712.0
16100.0,54,40448.0,481.5238095238095,3.790515733244256,54,38705.0,0.1581237103216595,54,38705.0
16105.0,55,40660.0,495.8536585365854,2.660592596349181,55,38745.0,0.10336375239323504,55,38745.0
16110.0,61,40954.0,505.60493827160496,2.2983940648454495,61,38831.0,0.07961179688623064,61,38831.0
16115.0,66,41276.0,529.1794871794872,1.8777612014574072,66,38963.0,0.06353098503093929,66,38963.0
16120.0,62,41522.0,525.5949367088608,1.7779692990154254,62,39057.0,0.064613233161931,62,39057.0
16125.0,55,41740.0,535.1282051282051,2.7360813578490624,55,39100.0,0.11481946599010386,55,39100.0
16130.0,55,42008.0,500.0952380952381,3.5767249069018185,55,39122.0,0.15797124008809071,55,39122.0
16135.0,56,42288.0,522.074074074074,3.5447303903253955,56,39198.0,0.15355389393468832,56,39198.0
16140.0,54,35886.0,460.0769230769231,2.609123071824138,54,37290.0,0.10560814794871352,54,37290.0
16145.0,50,25052.0,329.63157894736844,2.711932252603075,50,33394.0,0.12095264639341487,50,33394.0
16150.0,44,16431.0,222.04054054054055,3.0858099335439,44,28516.0,0.10762966250744788,44,28516.0
16155.0,34,5510.0,72.5,3.5458865198245078,34,27562.0,0.17650187609465592,34,27562.0
16160.0,34,1242.0,17.492957746478872,3.522761808787475,34,27552.0,0.17424359340766293,34,27552.0
16165.0,39,1424.0,18.025316455696203,3.9643927808079273,39,27589.0,0.19229813750260105,39,27589.0
16170.0,47,1648.0,19.85542168674699,3.5142200285553558,47,27683.0,0.15188336581917652,47,27683.0
16175.0,56,1908.0,22.987951807228917,2.145006663325525,56,27813.0,0.06231617015221709,56,27813.0
16180.0,67,2226.0,27.146341463414632,1.5984522364906033,67,28002.0,0.07374039789150152,67,28002.0
16185.0,68,2015.0,24.573170731707318,1.000429499417325,68,27883.0,0.06793512205164523,68,27883.0
16190.0,62,1460.0,17.38095238095238,2.1508470117128917,62,27466.0,0.09977565204056545,62,27466.0
16195.0,56,1466.0,16.65909090909091,3.198488348520159,56,26917.0,0.11681099326492833,56,26917.0
16200.0,56,1685.0,20.05952380952381,2.598061000056912,56,27042.0,0.09643187118475471,56,27042.0
16205.0,61,1967.0,22.352272727272727,2.910511965903903,61,27167.0,0.1487581214706777,61,27167.0
16210.0,64,2281.0,26.523255813953487,2.557842235457019,64,27342.0,0.069805469484916,64,27342.0
16215.0,70,2622.0,29.795454545454547,2.515253290939561,70,27553.0,0.06418801477125767,70,27553.0
16220.0,70,2972.0,36.24390243902439,1.5881096465811337,70,27773.0,0.04992163532513071,70,27773.0
16225.0,66,2834.0,33.73809523809524,1.7014752065597898,66,27804.0,0.092742284492922,66,27804.0
16230.0,60,2749.0,33.52439024390244,2.1377513638476153,60,27688.0,0.09765006654335869,60,27688.0
16235.0,59,3022.0,35.13953488372093,2.852204341401886,59,27548.0,0.09959989214367407,59,27548.0
16240.0,58,3267.0,36.70786516853933,2.9662823068169883,58,27693.0,0.1361491770124525,58,27693.0
16245.0,62,3555.0,39.943820224719104,2.6468724477457046,62,27828.0,0.10103875328364298,62,27828.0
16250.0,68,3886.0,45.18604651162791,2.866227815017734,68,28022.0,0.07741530558214883,68,28022.0
16255.0,62,3898.0,45.325581395348834,2.5165726159265343,62,27944.0,0.08568649009398854,62,27944.0
16260.0,58,3705.0,47.5,2.0143494534302593,58,27626.0,0.0852011288329263,58,27626.0
16265.0,54,3916.0,46.61904761904762,3.379551115179976,54,27286.0,0.13348879760413712,54,27286.0
16270.0,54,4145.0,52.46835443037975,2.4012334739104677,54,27413.0,0.09089362510712087,54,27413.0
16275.0,59,4419.0,51.98823529411764,3.2562908936099375,59,27537.0,0.15164459773395836,59,27537.0
16280.0,60,4719.0,57.548780487804876,3.222305316474489,60,27699.0,0.10594409148507493,60,27699.0
16285.0,65,5029.0,60.59036144578313,2.6251027695245175,65,27879.0,0.1078632791126225,65,27879.0
16290.0,66,5358.0,68.6923076923077,2.0210693272950473,66,28078.0,0.07801840946524922,66,28078.0
16295.0,67,5689.0,73.88311688311688,1.5662378409558382,67,28279.0,0.04144889931444834,67,28279.0
16300.0,68,6029.0,77.2948717948718,1.6120704476805976,68,28489.0,0.07716482265404377,68,28489.0
16305.0,68,6369.0,81.65384615384616,1.2939117905097788,68,28699.0,0.07641449060953656,68,28699.0
16310.0,65,6303.0,75.03571428571429,1.7252841378667059,65,28710.0,0.11801122169292641,65,28710.0
16315.0,58,6098.0,70.90697674418605,2.3766258619113,58,28565.0,0.12240586592299296,58,28565.0
16320.0,59,6320.0,71.81818181818181,2.822364527198756,59,28359.0,0.10220046228573741,59,28359.0
16325.0,57,6554.0,73.64044943820225,2.59007677669206,57,28501.0,0.11119174310069428,57,28501.0
16330.0,62,6839.0,79.52325581395348,2.3317704323662882,62,28626.0,0.07614264145276638,62,28626.0
16335.0,66,7162.0,85.26190476190476,2.688432956895543,66,28811.0,0.07324077200078463,66,28811.0
16340.0,66,7492.0,91.36585365853658,2.3150637304515285,66,29011.0,0.06426325960507705,66,29011.0
16345.0,62,7711.0,95.19753086419753,2.330720080672102,62,29084.0,0.11006721028755749,62,29084.0
16350.0,56,7893.0,96.2560975609756,2.6379189954729,56,29065.0,0.14377069833346445,56,29065.0
16355.0,61,8188.0,99.85365853658537,2.5200098532472697,61,29113.0,0.07586471197625826,61,29113.0
16360.0,61,8460.0,99.52941176470588,2.306476627804275,61,29273.0,0.08599742034716314,61,29273.0
16365.0,62,8770.0,106.95121951219512,2.5873227236642706,62,29435.0,0.07667186168237251,62,29435.0
16370.0,62,9080.0,110.73170731707317,2.8197977345911838,62,29615.0,0.07580578689140131,62,29615.0
16375.0,58,8773.0,113.93506493506493,2.4473521409477126,58,29491.0,0.08952286028914465,58,29491.0
16380.0,50,8231.0,109.74666666666667,2.4796893797053245,50,29094.0,0.1139479186603412,50,29094.0
16385.0,50,8370.0,104.625,4.168994228563032,50,28609.0,0.18814736864396256,50,28609.0
16390.0,48,8588.0,107.35,3.1145678328620106,48,28709.0,0.1374009569999911,48,28709.0
16395.0,56,8855.0,118.06666666666666,2.378371197516168,56,28834.0,0.09729494315540388,56,28834.0
16400.0,60,9148.0,117.28205128205128,2.798715324634709,60,28997.0,0.07153807604323147,60,28997.0
16405.0,62,9454.0,124.39473684210526,2.2997065844131,62,29173.0,0.08238150496424855,62,29173.0
16410.0,62,9764.0,133.75342465753425,1.7764056982930205,62,29353.0,0.08633312066223892,62,29353.0
16415.0,58,9763.0,135.59722222222223,1.5606626870698577,58,29407.0,0.06945086999924947,58,29407.0
16420.0,51,9872.0,121.87654320987654,3.238616267459035,51,29277.0,0.16437876159632547,51,29277.0
16425.0,55,10139.0,128.34177215189874,3.3439820744899644,55,29334.0,0.146140361227995,55,29334.0
16430.0,56,10379.0,126.57317073170732,2.5565002170328865,56,29459.0,0.09512367796972895,56,29459.0
16435.0,57,10661.0,138.45454545454547,2.8827711263727265,57,29593.0,0.10818563034920883,57,29593.0
16440.0,57,10946.0,142.15584415584416,3.1170835245146593,57,29747.0,0.08050329313831005,57,29747.0
16445.0,59,11239.0,153.95890410958904,2.5532510014519745,59,29910.0,0.0864500291380411,59,29910.0
16450.0,59,11534.0,160.19444444444446,1.9833377372128222,59,30075.0,0.08488869650585516,59,30075.0
16455.0,61,11833.0,157.77333333333334,2.2444649209116827,61,30244.0,0.1231219044672289,61,30244.0
16460.0,61,12138.0,157.63636363636363,2.2652169303573335,61,30419.0,0.13533385480812965,61,30419.0
16465.0,66,12456.0,159.69230769230768,1.8373774339096058,66,30607.0,0.07873012572771543,66,30607.0
16470.0,67,12791.0,159.8875,2.066684198970725,67,30812.0,0.0979005906407942,67,30812.0
16475.0,61,12900.0,161.25,2.06721696296513,61,30917.0,0.06474708872798514,61,30917.0
16480.0,58,13147.0,162.30864197530863,2.83467835777229,58,30952.0,0.11002570467776653,58,30952.0
16485.0,62,13448.0,170.22784810126583,2.6764782086541437,62,31077.0,0.08476455449046713,62,31077.0
16490.0,56,13158.0,156.64285714285714,2.893843373827202,56,30929.0,0.13327408765944684,56,30929.0
16495.0,52,12590.0,157.375,2.8210883977513306,52,30507.0,0.12864979679648003,52,30507.0
16500.0,48,12698.0,158.725,3.307652299261572,48,29996.0,0.11394785406627082,48,29996.0
16505.0,52,12848.0,164.71794871794873,2.8542640161025443,52,30080.0,0.13553539463813832,52,30080.0
16510.0,52,13054.0,178.82191780821918,1.9569575732311963,52,30134.0,0.06570964015066395,52,30134.0
16515.0,56,13323.0,170.80769230769232,3.364467863520692,56,30231.0,0.1158701745300749,56,30231.0
16520.0,51,13511.0,185.08219178082192,2.491959416055586,51,30209.0,0.08704847443601847,51,30209.0
16525.0,51,13691.0,177.80519480519482,3.1536643729821714,51,30074.0,0.14547037965106552,51,30074.0
16530.0,54,13960.0,183.68421052631578,3.2580643054707346,54,30076.0,0.11213827219355132,54,30076.0
16535.0,52,14161.0,183.9090909090909,3.0478757652448034,52,30192.0,0.1196610869922612,52,30192.0
16540.0,50,14371.0,199.59722222222223,2.2886093104977467,50,30265.0,0.07659300601067089,50,30265.0
16545.0,52,14630.0,197.7027027027027,3.4301107388032572,52,30360.0,0.11919060097972554,52,30360.0
16550.0,54,14896.0,206.88888888888889,3.405219376048186,54,30492.0,0.09472581600400659,54,30492.0
16555.0,54,15166.0,213.6056338028169,3.0569999583533924,54,30632.0,0.08371434349612254,54,30632.0
16560.0,50,15089.0,232.13846153846154,2.0628590029568112,50,30630.0,0.07314115812062007,50,30630.0
16565.0,43,15151.0,216.44285714285715,3.5146243659910326,43,30518.0,0.20057175563919,43,30518.0
16570.0,46,15374.0,219.62857142857143,3.906796749264921,46,30458.0,0.15975827727267908,46,30458.0
16575.0,47,15579.0,213.41095890410958,2.8044134068450868,47,30544.0,0.10108826913345964,47,30544.0
16580.0,50,15827.0,232.75,3.043516420578676,50,30651.0,0.10901472930080544,50,30651.0
16585.0,52,16080.0,229.71428571428572,3.2408227511164425,52,30774.0,0.10125376244585198,52,30774.0
16590.0,52,16340.0,243.88059701492537,2.8526265466198737,52,30904.0,0.09380672213091414,52,30904.0
16595.0,46,16497.0,253.8,2.098000228786632,46,30978.0,0.11035155132312606,46,30978.0
16600.0,50,16736.0,246.11764705882354,3.024915216023666,50,31032.0,0.16126663521435597,50,31032.0
16605.0,50,16986.0,235.91666666666666,3.0885799718425693,50,31152.0,0.14244840334558712,50,31152.0
16610.0,50,17197.0,238.84722222222223,2.3100166333103003,50,31259.0,0.09460468312613925,50,31259.0
16615.0,52,17447.0,249.24285714285713,2.5521563667931537,52,31358.0,0.12110355422925319,52,31358.0
16620.0,52,17707.0,252.95714285714286,2.9542193225784628,52,31483.0,0.06656595738563378,52,31483.0
16625.0,54,17974.0,249.63888888888889,3.160401898300463,54,31620.0,0.11398001542068738,54,31620.0
16630.0,54,18244.0,280.67692307692306,1.9113777934056906,54,31760.0,0.07535008644240261,54,31760.0
16635.0,50,18441.0,252.6164383561644,2.872959651318376,50,31854.0,0.17521920789279863,50,31854.0
16640.0,53,18696.0,263.32394366197184,2.7312134190829997,53,31952.0,0.13631178765496957,53,31952.0
16645.0,56,18970.0,249.60526315789474,2.5180009402097316,56,32096.0,0.10115343135625735,56,32096.0
16650.0,56,19217.0,263.24657534246575,2.244720612985519,56,32239.0,0.09259291564593981,56,32239.0
16655.0,54,19482.0,278.3142857142857,2.225689603485513,54,32350.0,0.08765891010294158,54,32350.0
16660.0,56,19757.0,266.9864864864865,3.253442935485588,56,32493.0,0.10070314605575563,56,32493.0
16665.0,54,20022.0,282.0,2.8842172132249586,54,32628.0,0.11184838440229061,54,32628.0
16670.0,57,20298.0,274.2972972972973,2.7070288135139524,57,32774.0,0.13162122892711703,57,32774.0
16675.0,58,20588.0,278.2162162162162,2.2481023224267984,58,32934.0,0.1250121483859258,58,32934.0
16680.0,58,20841.0,289.4583333333333,1.1140593572750932,58,33079.0,0.07537274232405201,58,33079.0
16685.0,60,21133.0,278.0657894736842,2.314477050410058,60,33221.0,0.11035516315052261,60,33221.0
16690.0,60,21433.0,274.78205128205127,2.956777253629122,60,33389.0,0.07954624941762739,60,33389.0
16695.0,58,21709.0,285.64473684210526,2.4710591230183576,58,33535.0,0.08009046543558918,58,33535.0
16700.0,60,22003.0,297.3378378378378,2.06964318559136,60,33699.0,0.0844745100255718,60,33699.0
16705.0,62,22313.0,293.5921052631579,2.124580208804345,62,33879.0,0.0981438641722804,62,33879.0
16710.0,66,22634.0,286.50632911392404,1.9281463670201215,66,34070.0,0.1057773465206054,66,34070.0
16715.0,62,22886.0,293.4102564102564,0.9531407522291908,62,34234.0,0.036851310559174594,62,34234.0
16720.0,64,23187.0,279.3614457831325,2.1850384616347007,64,34376.0,0.09995252516657675,64,34376.0
16725.0,64,23507.0,286.6707317073171,2.8961416547771384,64,34553.0,0.07752678879261048,64,34553.0
16730.0,60,22755.0,277.5,2.335058769946507,60,34359.0,0.09018109926196079,60,34359.0
16735.0,54,21885.0,284.2207792207792,2.6442154989764557,54,33516.0,0.1008635487213833,54,33516.0
16740.0,48,21806.0,272.575,3.38250589660518,48,33143.0,0.12042950542551945,48,33143.0
16745.0,47,21991.0,271.4938271604938,3.615542450317266,47,33142.0,0.177359758166812,47,33142.0
16750.0,50,22221.0,284.88461538461536,2.5977526735153793,50,33217.0,0.12361074208726489,50,33217.0
16755.0,59,22495.0,284.746835443038,2.972015464344592,59,33351.0,0.08399289637686284,59,33351.0
16760.0,56,22620.0,282.75,2.760757235682254,56,33436.0,0.0962403604436916,56,33436.0
16765.0,57,22885.0,305.1333333333333,2.614275524568219,57,33497.0,0.10645447324574593,57,33497.0
16770.0,59,23174.0,300.961038961039,2.6818329193448416,59,33640.0,0.08488966856855366,59,33640.0
16775.0,55,23406.0,316.2972972972973,2.333938727481001,55,33775.0,0.09089519251642389,55,33775.0
16780.0,55,23668.0,299.59493670886076,3.197412259495127,55,33876.0,0.14969016922693434,55,33876.0
16785.0,55,23943.0,310.94805194805195,3.210666347893767,55,34019.0,0.10476870233278829,55,34019.0
16790.0,60,24231.0,310.65384615384613,2.6360552195646085,60,34177.0,0.09800273682304027,60,34177.0
16795.0,61,24535.0,340.7638888888889,1.911187810563134,61,34351.0,0.08104198821315907,61,34351.0
16800.0,55,24519.0,326.92,2.0371164974779297,55,34231.0,0.0924686232265177,55,34231.0
16805.0,51,24322.0,333.17808219178085,2.5373997955148617,51,33898.0,0.12103527328767083,51,33898.0
16810.0,48,24509.0,318.2987012987013,3.3082669642909956,48,33561.0,0.12445295076543206,48,33561.0
16815.0,49,24715.0,308.9375,3.3669276373663664,49,33662.0,0.15491010420720477,49,33662.0
16820.0,53,24965.0,324.2207792207792,3.305992681084413,53,33762.0,0.16788408470418748,53,33762.0
16825.0,56,25233.0,327.7012987012987,2.9453372744009734,56,33895.0,0.08503757005506721,56,33895.0
16830.0,59,25526.0,331.5064935064935,2.9139394382800257,59,34058.0,0.11966411281202545,59,34058.0
16835.0,59,25821.0,363.67605633802816,1.7172375304516578,59,34223.0,0.05757919105246743,59,34223.0
16840.0,61,26125.0,357.8767123287671,2.097391391792529,61,34397.0,0.09813834994987426,61,34397.0
16845.0,61,26430.0,367.0833333333333,1.638279056827472,61,34572.0,0.06148301567691866,61,34572.0
16850.0,57,26378.0,333.8987341772152,2.862498601071634,57,34602.0,0.1620467033002307,57,34602.0
16855.0,51,26464.0,343.68831168831167,2.995716491796083,51,34521.0,0.1610182781512792,51,34521.0
16860.0,54,26730.0,338.3544303797468,3.108749401410241,54,34494.0,0.10706939570428947,54,34494.0
16865.0,56,26977.0,341.4810126582278,2.511006920373379,56,34631.0,0.09181050579496912,56,34631.0
16870.0,57,27259.0,368.36486486486484,2.2403923949610056,57,34766.0,0.0651240847744896,57,34766.0
16875.0,59,27550.0,357.7922077922078,2.9265446489228055,59,34924.0,0.0799827350638573,59,34924.0
16880.0,53,27461.0,376.17808219178085,2.6814010882195998,53,34856.0,0.09173478974928921,53,34856.0
16885.0,46,27323.0,369.22972972972974,3.0965726477210955,46,34617.0,0.15645892151204166,46,34617.0
16890.0,50,27570.0,367.6,4.044793417199869,50,34406.0,0.17232412355485274,50,34406.0
16895.0,48,27786.0,375.4864864864865,2.591857071877881,48,34505.0,0.0988134838587222,48,34505.0
16900.0,53,28047.0,400.6714285714286,2.3529686650259594,53,34623.0,0.09656927782286759,53,34623.0
16905.0,55,28322.0,387.972602739726,2.9599299949474704,55,34768.0,0.07998755950866066,55,34768.0
16910.0,56,28599.0,402.80281690140845,2.4430304614278877,56,34915.0,0.08724556121293181,56,34915.0
16915.0,57,28884.0,418.60869565217394,2.106769637507321,57,35070.0,0.09913574585751316,57,35070.0
16920.0,59,29173.0,435.4179104477612,1.4818822961665532,59,35229.0,0.06204666169291894,59,35229.0
16925.0,53,29118.0,383.13157894736844,2.5186374584402462,53,35252.0,0.1421961888300287,53,35252.0
16930.0,48,29164.0,399.5068493150685,2.8487075380033153,48,35150.0,0.13775925516422913,48,35150.0
16935.0,53,29413.0,377.0897435897436,3.3268685466381274,53,35087.0,0.12042573303532489,53,35087.0
16940.0,53,29641.0,395.2133333333333,2.7144225637782,53,35204.0,0.09205581573251037,53,35204.0
16945.0,54,29899.0,398.6533333333333,2.8456696590837436,54,35313.0,0.10706459907406798,54,35313.0
16950.0,55,30174.0,413.3424657534247,3.1472917753669267,55,35458.0,0.09163342612023423,55,35458.0
16955.0,55,30449.0,428.85915492957747,2.558695052588789,55,35603.0,0.07607889312982212,55,35603.0
16960.0,51,30616.0,425.22222222222223,2.9669828428491605,51,35683.0,0.15493977595466066,51,35683.0
16965.0,49,30856.0,416.97297297297297,3.320630370585267,49,35735.0,0.15233565371263513,49,35735.0
16970.0,56,31119.0,426.28767123287673,2.7156448625067746,56,35863.0,0.0846872615696028,56,35863.0
16975.0,53,31373.0,418.3066666666667,2.4559883153783857,53,35997.0,0.0943216834584079,53,35997.0
16980.0,53,31638.0,458.5217391304348,2.5005594321950286,53,36122.0,0.0781193666262354,53,36122.0
16985.0,55,31909.0,437.1095890410959,3.1055337347070266,55,36263.0,0.13795727778389077,55,36263.0
16990.0,55,32184.0,473.29411764705884,2.353253737867479,55,36408.0,0.08793197018011903,55,36408.0
16995.0,51,31867.0,424.8933333333333,2.8863564190757174,51,36301.0,0.1654922653019016,51,36301.0
17000.0,45,31633.0,439.34722222222223,3.1043777518461457,45,35996.0,0.15907239202318926,45,35996.0
17005.0,46,31863.0,413.8051948051948,3.741277468267767,46,35720.0,0.15161613476317212,46,35720.0
17010.0,48,32025.0,438.6986301369863,2.944575609503983,48,35788.0,0.10860475454575788,48,35788.0
17015.0,54,32285.0,461.2142857142857,2.2140233977175936,54,35882.0,0.05929037350213389,54,35882.0
17020.0,57,32567.0,458.6901408450704,2.5879730180004543,57,36034.0,0.0872774395317544,57,36034.0
17025.0,53,32708.0,474.0289855072464,1.8830161739240892,53,36130.0,0.07446173883851284,53,36130.0
17030.0,47,32859.0,450.1232876712329,3.4246182099400255,47,36124.0,0.16810861487787185,47,36124.0
17035.0,47,33094.0,441.25333333333333,4.3656733155224705,47,36185.0,0.18661836810056023,47,36185.0
17040.0,48,33330.0,462.9166666666667,3.5783776905777653,48,36277.0,0.09954977773657613,48,36277.0
17045.0,53,33591.0,479.87142857142857,3.1912802335613755,53,36408.0,0.11309204935004297,53,36408.0
17050.0,53,33856.0,505.3134328358209,2.609602034194371,53,36543.0,0.0875305799797263,53,36543.0
17055.0,49,34040.0,523.6923076923077,2.282747859763751,49,36623.0,0.09994309160173968,49,36623.0
17060.0,51,34289.0,527.5230769230769,2.4041181184993095,51,36716.0,0.09338556659083945,51,36716.0
17065.0,53,34554.0,500.7826086956522,3.0593544812721842,53,36851.0,0.12284527571651205,53,36851.0
17070.0,49,29342.0,413.2676056338028,2.711057095562184,49,35007.0,0.1512920855518831,49,35007.0
17075.0,43,21387.0,319.2089552238806,2.383361255079515,43,31194.0,0.11434643111518847,43,31194.0
17080.0,43,13433.0,184.013698630137,3.6356662241311586,43,25444.0,0.15042859040405643,43,25444.0
17085.0,31,6240.0,87.88732394366197,3.3906230390847605,31,25505.0,0.14282970022437205,31,25505.0
17090.0,25,866.0,12.027777777777779,3.9746885919481922,25,25482.0,0.20175010988134912,25,25482.0
17095.0,32,1014.0,14.28169014084507,4.2544296405008275,32,25494.0,0.1824997492138106,32,25494.0
17100.0,37,1192.0,15.893333333333333,3.8124339912571257,37,25598.0,0.14405862569047623,37,25598.0
17105.0,47,1405.0,18.012820512820515,3.5125224624054603,47,25741.0,0.14599968729305943,47,25741.0
17110.0,55,1661.0,21.571428571428573,2.2020395862894535,55,25927.0,0.08777622394065526,55,25927.0
17115.0,64,1968.0,25.894736842105264,1.8152829960084933,64,26164.0,0.0784222641482928,64,26164.0
17120.0,65,2293.0,29.77922077922078,1.8856088485720137,65,26419.0,0.09633083847071622,65,26419.0
17125.0,62,1934.0,25.116883116883116,1.5886808306964473,62,26381.0,0.08744210703100302,62,26381.0
17130.0,55,1589.0,19.8625,2.1563565351438405,55,26116.0,0.09720011914134805,55,26116.0
17135.0,54,1745.0,22.088607594936708,2.964586831283222,54,25897.0,0.10584263719691259,54,25897.0
17140.0,52,1952.0,22.697674418604652,3.2232057019205786,52,25981.0,0.1550765081331384,52,25981.0
17145.0,57,2221.0,27.419753086419753,2.9471127381768505,57,26150.0,0.13416654234813177,57,26150.0
17150.0,63,2518.0,30.337349397590362,3.0218641170877785,63,26374.0,0.10022422455752171,63,26374.0
17155.0,58,2753.0,34.848101265822784,2.6068084029346106,58,26506.0,0.08482589809389844,58,26506.0
17160.0,56,2984.0,38.256410256410255,2.564168914162756,56,26617.0,0.09283402475777325,56,26617.0
17165.0,59,3272.0,43.05263157894737,2.8379814175816525,59,26843.0,0.08283295805664603,59,26843.0
17170.0,55,3518.0,46.28947368421053,2.591086374476384,55,27086.0,0.10001347687022497,55,27086.0
17175.0,56,3798.0,50.64,2.9091875603831285,56,27287.0,0.15653147548650617,56,27287.0
17180.0,56,4078.0,51.620253164556964,3.371935786469268,56,27475.0,0.13249197112276162,56,27475.0
17185.0,58,4366.0,57.44736842105263,2.7256735620837143,58,27641.0,0.10945363729402488,58,27641.0
17190.0,62,4667.0,61.4078947368421,2.2150957524768518,62,27812.0,0.08660771026009599,62,27812.0
17195.0,64,4982.0,69.19444444444444,1.4846357452474457,64,27997.0,0.05071797877464386,64,27997.0
17200.0,58,4617.0,61.56,1.9074183615537519,58,26201.0,0.0903244191509586,58,26201.0
17205.0,52,3797.0,51.310810810810814,2.0674168191814424,52,22425.0,0.09285597561754619,52,22425.0
17210.0,46,3191.0,38.91463414634146,4.072629737718045,46,16701.0,0.20025693501668185,46,16701.0
17215.0,37,2506.0,31.325,3.6036328637107573,37,16813.0,0.18883342545839524,37,16813.0
17220.0,37,2054.0,26.0,3.4830736193964267,37,16902.0,0.1629479675364017,37,16902.0
17225.0,48,2269.0,27.670731707317074,3.309851492442883,48,17047.0,0.12269162697485358,48,17047.0
17230.0,56,2533.0,31.271604938271604,2.2335069539230226,56,17241.0,0.07830714447649506,56,17241.0
17235.0,63,2834.0,34.144578313253014,1.817231554942945,63,17472.0,0.07627554897986775,63,17472.0
17240.0,72,3176.0,37.80952380952381,1.3189766400460408,72,17745.0,0.03768515967273655,72,17745.0
17245.0,76,3551.0,39.89887640449438,1.8806292569808316,76,18052.0,0.08262023859607175,76,18052.0
17250.0,78,3933.0,44.19101123595506,1.5498111684142561,78,18364.0,0.07999257707141282,78,18364.0
17255.0,78,4323.0,48.03333333333333,1.4095423154533189,78,18684.0,0.06061430402460238,78,18684.0
17260.0,76,3705.0,40.27173913043478,1.3936926479386478,76,18647.0,0.052258568623210946,76,18647.0
17265.0,69,2805.0,30.161290322580644,1.8041964604279621,69,18286.0,0.07574916058781034,69,18286.0
17270.0,64,2494.0,26.53191489361702,2.6151617868426893,64,17732.0,0.09919916036441312,64,17732.0
17275.0,55,2429.0,25.568421052631578,2.4932777243818256,55,17942.0,0.10670059758686498,55,17942.0
17280.0,58,2686.0,29.516483516483518,2.8771251186357945,58,18137.0,0.11770569945212468,58,18137.0
17285.0,64,2993.0,31.177083333333332,2.88017237539217,64,18374.0,0.11868214627596328,64,18374.0
17290.0,69,3325.0,35.75268817204301,1.94618366355372,69,18637.0,0.057979709427136046,69,18637.0
17295.0,80,3707.0,39.86021505376344,1.7241637489342705,80,18950.0,0.06862301598923526,80,18950.0
17300.0,76,3504.0,38.93333333333333,1.3674444747002903,76,19052.0,0.053618744746234744,76,19052.0
17305.0,66,3476.0,36.208333333333336,2.588757915753741,66,18957.0,0.10160005949168092,66,18957.0
17310.0,72,3822.0,41.54347826086956,2.5989134851870763,72,18903.0,0.07772512600605926,72,18903.0
17315.0,71,4152.0,45.62637362637363,1.8444312759858719,71,19175.0,0.056222779202897734,71,19175.0
17320.0,72,4509.0,48.483870967741936,2.554336943884123,72,19450.0,0.09888521444278943,72,19450.0
17325.0,74,4875.0,51.861702127659576,2.8003198936038713,74,19746.0,0.0993537046998831,74,19746.0
17330.0,75,5246.0,58.28888888888889,1.7053898395310547,75,20047.0,0.06246860986873734,75,20047.0
17335.0,74,5279.0,58.65555555555556,1.2497369997406094,74,20008.0,0.06268019156353827,74,20008.0
17340.0,68,5087.0,57.80681818181818,1.8171959896829861,68,19661.0,0.07320313828776184,68,19661.0
17345.0,61,4988.0,53.06382978723404,2.7500780588681097,61,19121.0,0.09398654516721715,61,19121.0
17350.0,53,4883.0,54.25555555555555,2.6342827096296366,53,19320.0,0.11383756230687647,53,19320.0
17355.0,54,5105.0,54.308510638297875,3.297545223915986,54,19478.0,0.1736319137767362,54,19478.0
17360.0,58,5388.0,58.56521739130435,3.100287674063452,58,19688.0,0.11829468939834568,58,19688.0
17365.0,68,5706.0,60.702127659574465,2.491331011431991,68,19936.0,0.10571966985669573,68,19936.0
17370.0,75,6071.0,68.98863636363636,1.4525539576226065,75,20231.0,0.04734672092923172,75,20231.0
17375.0,72,5502.0,63.241379310344826,1.2458962061505088,72,18592.0,0.0549792257104585,72,18592.0
17380.0,66,4296.0,48.26966292134831,2.0745003763736074,66,15007.0,0.08996315998318821,66,15007.0
17385.0,60,3388.0,37.644444444444446,2.8340480845746105,60,9517.0,0.09501146939827662,60,9517.0
17390.0,52,2225.0,23.42105263157895,3.4520528021110013,52,9489.0,0.17558820893706914,52,9489.0
17395.0,45,1206.0,13.252747252747254,3.311773296180534,45,9188.0,0.16680947963654638,45,9188.0
17400.0,47,1179.0,12.815217391304348,3.3581865735832266,47,8803.0,0.14362595323579513,47,8803.0
17405.0,45,1097.0,11.547368421052632,2.654676788998973,45,8980.0,0.12355677740782349,45,8980.0
17410.0,52,1256.0,13.505376344086022,2.65083184254069,52,9135.0,0.12830676886785622,52,9135.0
17415.0,62,1545.0,15.76530612244898,2.5515056139950403,62,9335.0,0.07939406078584176,62,9335.0
17420.0,74,1897.0,19.357142857142858,2.743105628938491,74,9667.0,0.07718361771820287,74,9667.0
17425.0,78,2282.0,24.021052631578947,2.3581729820551467,78,10042.0,0.09119441369972085,78,10042.0
17430.0,72,2524.0,26.02061855670103,2.227279041358521,72,10193.0,0.09195810637256042,72,10193.0
17435.0,67,2675.0,29.07608695652174,2.0234586407701873,67,10051.0,0.06972972826801212,67,10051.0
17440.0,63,2861.0,29.802083333333332,2.5831159789272475,63,10037.0,0.09580667296263916,63,10037.0
17445.0,59,2408.0,26.17391304347826,2.3367911363459415,59,10053.0,0.10839166370797722,59,10053.0
17450.0,57,1945.0,20.473684210526315,2.7285704882988253,57,9823.0,0.115760587191435,57,9823.0
17455.0,63,2183.0,24.255555555555556,2.73715749267604,63,9559.0,0.08380262255804515,63,9559.0
17460.0,65,2382.0,26.764044943820224,2.0650776051960116,65,9822.0,0.06788665536557559,65,9822.0
17465.0,64,2638.0,29.640449438202246,2.2543920986042374,64,10058.0,0.11133610502989216,64,10058.0
17470.0,66,2960.0,32.17391304347826,2.8140697842327715,66,10313.0,0.10368327567994155,66,10313.0
17475.0,70,3298.0,36.644444444444446,2.7755743715995917,70,10634.0,0.08961521626150781,70,10634.0
17480.0,70,3648.0,41.45454545454545,2.2244050209148365,70,10974.0,0.06373871973008977,70,10974.0
17485.0,72,4007.0,47.141176470588235,1.9875152856726963,72,11323.0,0.07263312838506844,72,11323.0
17490.0,66,4105.0,48.86904761904762,1.3134342563301893,66,11477.0,0.0733299936513758,66,11477.0
17495.0,62,4024.0,48.48192771084337,1.9325515433037739,62,11441.0,0.07787959161281664,62,11441.0
17500.0,54,4130.0,44.891304347826086,3.7897249204050674,54,11351.0,0.17430611087864628,54,11351.0
17505.0,53,4357.0,50.08045977011494,2.694319625579393,53,11593.0,0.1308149059878297,53,11593.0
17510.0,62,4637.0,52.10112359550562,2.401489535138748,62,11842.0,0.10205270671033806,62,11842.0
17515.0,68,4964.0,57.72093023255814,2.528773844937523,68,12155.0,0.07105765361871365,68,12155.0
17520.0,69,5307.0,61.7093023255814,2.4402835315008544,69,12488.0,0.061855294538144805,69,12488.0
17525.0,70,5656.0,68.144578313253,2.104717567302833,70,12827.0,0.07485289641106284,70,12827.0
17530.0,65,5588.0,68.14634146341463,1.4863379216431076,65,12921.0,0.07707699935692736,65,12921.0
17535.0,60,5434.0,63.18604651162791,2.742793885964014,60,12827.0,0.146012703894092,60,12827.0
17540.0,62,5737.0,63.74444444444445,3.072235859442211,62,12722.0,0.11541985875612767,62,12722.0
17545.0,62,5997.0,68.14772727272727,2.5368645921429938,62,13003.0,0.09847351484463808,62,13003.0
17550.0,65,6302.0,72.4367816091954,2.4353103496294977,65,13273.0,0.09262054792586669,65,13273.0
17555.0,68,6637.0,79.01190476190476,2.5045250591361246,68,13592.0,0.0508794813815752,68,13592.0
17560.0,68,6977.0,84.06024096385542,2.3235424010417893,68,13922.0,0.07033018467912588,68,13922.0
17565.0,70,7321.0,91.5125,1.641736466057072,70,14256.0,0.05093268203047335,70,14256.0
17570.0,70,7671.0,89.19767441860465,2.3792697240257668,70,14596.0,0.12278899735935063,70,14596.0
17575.0,71,8022.0,95.5,1.7548390735629573,71,14937.0,0.08719150796681029,71,14937.0
17580.0,66,7932.0,92.23255813953489,1.7653702450412958,66,15025.0,0.08294511645079145,66,15025.0
17585.0,62,7559.0,87.8953488372093,1.9255062070528264,62,14891.0,0.08988422536640747,62,14891.0
17590.0,58,7535.0,87.61627906976744,2.8171002487217405,58,14661.0,0.09104072511309412,58,14661.0
17595.0,54,7736.0,87.9090909090909,2.9148727415091815,54,14909.0,0.1347968804918071,54,14909.0
17600.0,58,8011.0,95.36904761904762,2.3890731423961733,58,15159.0,0.08664883116831329,58,15159.0
17605.0,63,8318.0,94.52272727272727,3.0066565510117016,63,15453.0,0.09942199106613558,63,15453.0
17610.0,68,8654.0,101.81176470588235,2.418585652509691,68,15779.0,0.10425655455521297,68,15779.0
17615.0,71,9000.0,105.88235294117646,1.7778015847829363,71,16115.0,0.05162291967646301,71,16115.0
17620.0,74,9367.0,111.51190476190476,1.5913389114724101,74,16472.0,0.06579071767718134,74,16472.0
17625.0,75,9738.0,115.92857142857143,1.244486847509581,75,16833.0,0.042904271168381115,75,16833.0
17630.0,70,9909.0,115.22093023255815,1.747494609415839,70,16985.0,0.07650497011937317,70,16985.0
17635.0,61,9959.0,114.47126436781609,1.8456714749701175,61,16924.0,0.0733247595940005,61,16924.0
17640.0,58,10094.0,117.37209302325581,2.7246648725070473,58,16816.0,0.09742268079087488,58,16816.0
17645.0,56,10349.0,111.27956989247312,3.070947776707958,56,17075.0,0.15912122825341093,56,17075.0
17650.0,62,10646.0,118.28888888888889,2.3001026493446597,62,17348.0,0.06865811476589945,62,17348.0
17655.0,70,10983.0,120.6923076923077,2.775927052708448,70,17675.0,0.08300247477122384,70,17675.0
17660.0,72,11342.0,131.88372093023256,1.9465962299094668,72,18024.0,0.05845560067335535,72,18024.0
17665.0,74,11709.0,137.75294117647059,1.5562806458995444,74,18381.0,0.06565077521553367,74,18381.0
17670.0,74,12079.0,143.79761904761904,1.4865694152546727,74,18741.0,0.06652731406354792,74,18741.0
17675.0,70,12275.0,144.41176470588235,1.2355842049006824,70,18947.0,0.07337847737483312,70,18947.0
17680.0,63,12376.0,137.51111111111112,2.516404393471393,63,19032.0,0.13101067380532946,63,19032.0
17685.0,63,12675.0,134.8404255319149,2.7701242022163166,63,19107.0,0.09462191789691779,63,19107.0
17690.0,65,12959.0,140.8586956521739,2.2883224852241453,65,19408.0,0.08715203432793354,65,19408.0
17695.0,69,13288.0,146.02197802197801,2.2188386935685123,69,19707.0,0.08804153688939309,69,19707.0
17700.0,71,13639.0,154.98863636363637,2.2930746494110985,71,20041.0,0.046178199878012194,71,20041.0
17705.0,72,13999.0,155.54444444444445,2.5121848069939605,72,20391.0,0.08523215284999394,72,20391.0
17710.0,67,12440.0,146.35294117647058,1.8297125683062059,67,18817.0,0.06156002450317668,67,18817.0
17715.0,59,9604.0,104.3913043478261,3.221312990711866,59,16248.0,0.16478483609210615,59,16248.0
17720.0,56,7383.0,82.95505617977528,3.06722628922498,56,13663.0,0.12337612023669811,56,13663.0
17725.0,51,5123.0,56.2967032967033,2.9640296332903597,51,13915.0,0.144580132358475,51,13915.0
17730.0,49,3505.0,40.28735632183908,3.337111449633184,49,14139.0,0.16243837927289104,49,14139.0
17735.0,55,3771.0,42.37078651685393,2.813890500812627,55,14405.0,0.09509620169125833,55,14405.0
17740.0,65,4082.0,44.369565217391305,2.4579809159090367,65,14717.0,0.09559385669188931,65,14717.0
17745.0,65,4101.0,45.56666666666667,1.4633062144354874,65,14898.0,0.07332932258284518,65,14898.0
17750.0,66,4082.0,41.6530612244898,2.3820495507780484,66,14973.0,0.12640727218133122,66,14973.0
17755.0,71,4418.0,44.18,2.421867777821485,71,15052.0,0.0828151938800536,71,15052.0
17760.0,73,4742.0,48.38775510204081,1.8500559051765424,73,15399.0,0.06577427017817611,73,15399.0
17765.0,78,5115.0,52.19387755102041,2.335526088516122,78,15751.0,0.08274720466810745,78,15751.0
17770.0,78,5505.0,57.34375,2.430103862058676,78,16139.0,0.06005346697715966,78,16139.0
17775.0,74,5814.0,63.19565217391305,1.7933360357365846,74,16444.0,0.06313051260673212,74,16444.0
17780.0,72,6144.0,66.06451612903226,2.187433440352012,72,16718.0,0.09000402929732215,72,16718.0
17785.0,74,6514.0,69.29787234042553,2.442421837160071,74,17060.0,0.08097462224351688,74,17060.0
17790.0,72,5428.0,55.95876288659794,2.094244905399701,72,16886.0,0.0697895460170823,72,16886.0
17795.0,66,3742.0,40.67391304347826,2.0872772336937677,66,16221.0,0.06749082027751005,66,16221.0
17800.0,64,3032.0,32.60215053763441,2.6926598237405814,64,15221.0,0.10592299220464664,64,15221.0
17805.0,48,2640.0,29.01098901098901,2.7154558582121258,48,15449.0,0.11563671876583954,48,15449.0
17810.0,47,2769.0,30.766666666666666,3.0394689568891224,47,15599.0,0.15932228456540468,47,15599.0
17815.0,55,3028.0,34.40909090909091,2.9217107840125567,55,15793.0,0.09930504873726759,55,15793.0
17820.0,62,3325.0,37.78409090909091,2.8913770167169743,62,16087.0,0.09549107035288121,62,16087.0
17825.0,63,3551.0,40.81609195402299,2.4997385274822053,63,16018.0,0.1108754213264201,63,16018.0
17830.0,60,3726.0,42.34090909090909,2.4968888284341135,60,15610.0,0.0995606168526005,60,15610.0
17835.0,56,3902.0,45.372093023255815,3.188031108401079,56,15074.0,0.12563301775461105,56,15074.0
17840.0,49,4066.0,47.27906976744186,2.997796633656546,49,15304.0,0.14639712633410248,49,15304.0
17845.0,54,4316.0,51.38095238095238,2.9095487174758947,54,15522.0,0.10976992882683018,54,15522.0
17850.0,61,4610.0,54.88095238095238,3.019698269398753,61,15813.0,0.09881102179836822,61,15813.0
17855.0,59,4656.0,58.936708860759495,2.3400691043642676,59,16010.0,0.06543220970226071,59,16010.0
17860.0,54,4858.0,57.833333333333336,3.488875467138835,54,16135.0,0.1744473665519577,54,16135.0
17865.0,59,5142.0,64.275,2.84476727252835,59,16345.0,0.08722513060416887,59,16345.0
17870.0,63,5449.0,66.45121951219512,2.395006548449235,63,16652.0,0.07870688150032902,63,16652.0
17875.0,60,5574.0,72.3896103896104,2.059632900943749,60,16712.0,0.08929455328302412,60,16712.0
17880.0,51,5557.0,73.11842105263158,2.242587239296586,51,16548.0,0.10373869101112845,51,16548.0
17885.0,52,5754.0,73.76923076923077,3.6205633494906406,52,16398.0,0.13920112871913196,52,16398.0
17890.0,48,5864.0,76.15584415584415,2.5228251213677018,48,16596.0,0.09589606809664586,48,16596.0
17895.0,49,6020.0,78.18181818181819,2.867912505276332,49,16758.0,0.14617963639808118,49,16758.0
17900.0,50,6270.0,78.375,4.019408628910756,50,16926.0,0.17842238742519023,50,16926.0
17905.0,54,6525.0,84.74025974025975,3.4298821376254542,54,17169.0,0.12019513860187019,54,17169.0
17910.0,56,6803.0,88.35064935064935,3.547443613511137,56,17447.0,0.11476178688991992,56,17447.0
17915.0,56,7083.0,99.7605633802817,2.6459178299676505,56,17727.0,0.07637056779420515,56,17727.0
17920.0,52,7198.0,102.82857142857142,2.362592930429419,52,17926.0,0.10890119353273002,52,17926.0
17925.0,53,7452.0,109.58823529411765,2.406329353122029,53,18097.0,0.0979549200831518,53,18097.0
17930.0,54,7722.0,101.60526315789474,3.3297488332618532,54,18366.0,0.13482241003732623,54,18366.0
17935.0,52,7948.0,108.87671232876713,2.866933367331785,52,18613.0,0.14915778224470985,52,18613.0
17940.0,52,8198.0,113.86111111111111,2.3857565087967987,52,18845.0,0.08748674480977207,52,18845.0
17945.0,56,8477.0,114.55405405405405,3.1040189891258914,56,19121.0,0.08905557517862338,56,19121.0
17950.0,50,8402.0,121.76811594202898,2.4944405592646666,50,19198.0,0.08793656309529309,50,19198.0
17955.0,45,8276.0,116.56338028169014,3.0899355352717595,45,19034.0,0.12433146240006324,45,19034.0
17960.0,46,8506.0,125.08823529411765,3.8442943073005655,46,19006.0,0.13433037528942543,46,19006.0
17965.0,47,8701.0,122.54929577464789,3.120325228894971,47,19220.0,0.1356868354722296,47,19220.0
17970.0,48,8939.0,131.4558823529412,3.5248431271489804,48,19440.0,0.16447042519754332,48,19440.0
17975.0,48,9179.0,131.12857142857143,3.312391298091699,48,19679.0,0.10414470064121353,48,19679.0
17980.0,54,9433.0,140.7910447761194,2.567613025911284,54,19933.0,0.09577043254539333,54,19933.0
17985.0,54,9703.0,142.69117647058823,2.509017408509236,54,20203.0,0.0800532106953878,54,20203.0
17990.0,50,9754.0,147.78787878787878,2.210985167211102,50,20372.0,0.09429207558834349,50,20372.0
17995.0,48,9957.0,148.61194029850745,2.7987373559454487,48,20491.0,0.12842567322118956,48,20491.0
18000.0,50,10203.0,154.5909090909091,2.9470763397000668,50,20703.0,0.08008246337764174,50,20703.0
18005.0,46,10412.0,142.63013698630138,3.4154126331981733,46,20924.0,0.16200631241719413,46,20924.0
18010.0,46,10642.0,156.5,3.414326377002196,46,21142.0,0.14552267426454904,46,21142.0
18015.0,51,10886.0,155.5142857142857,3.370274705640961,51,21386.0,0.10870333137367562,51,21386.0
18020.0,52,11146.0,166.3582089552239,2.847829135801614,52,21646.0,0.09788382957862815,52,21646.0
18025.0,52,11386.0,172.5151515151515,1.899129743927063,52,21886.0,0.10380550669058596,52,21886.0
18030.0,54,11655.0,182.109375,2.0490979252266204,54,22155.0,0.09479843120535351,54,22155.0
18035.0,56,11927.0,175.39705882352942,1.9952996182997595,56,22427.0,0.09208148223787477,56,22427.0
18040.0,52,12140.0,173.42857142857142,2.2378635722632976,52,22675.0,0.1382714080600737,52,22675.0
18045.0,50,12383.0,167.33783783783784,3.1477846804901586,50,22890.0,0.1562223663426556,50,22890.0
18050.0,54,12640.0,170.8108108108108,3.16664718879593,54,23140.0,0.09112429632845911,54,23140.0
18055.0,51,10937.0,147.7972972972973,3.0015942871814496,51,21605.0,0.12020194558811327,51,21605.0
18060.0,44,7923.0,116.51470588235294,2.6080729756686156,44,17877.0,0.09269015394153178,44,17877.0
18065.0,39,5543.0,76.98611111111111,3.910203991757276,39,14930.0,0.18163736558222476,39,14930.0
18070.0,30,2774.0,40.20289855072464,3.7513878287267572,30,14291.0,0.18602040298431544,30,14291.0
18075.0,29,1304.0,17.62162162162162,4.533208007516731,29,14397.0,0.2565700575449447,29,14397.0
18080.0,37,1472.0,19.89189189189189,3.965357369150799,37,14559.0,0.16592749781852056,37,14559.0
18085.0,46,1678.0,21.240506329113924,3.457235248425283,46,14766.0,0.15046302202990255,46,14766.0
18090.0,54,1937.0,26.175675675675677,1.938237671348215,54,15025.0,0.08973640270981524,54,15025.0
18095.0,62,2233.0,28.628205128205128,1.7357948159647738,62,15322.0,0.056258169676631234,62,15322.0
18100.0,68,2568.0,32.92307692307692,1.7083181296491905,68,15657.0,0.07674250010441272,68,15657.0
18105.0,62,2085.0,26.73076923076923,1.6249948383524806,62,15676.0,0.09258987658344396,62,15676.0
18110.0,57,1510.0,17.764705882352942,2.7757860052866237,57,15413.0,0.14271355753986326,57,15413.0
18115.0,54,1670.0,19.41860465116279,3.6771494043319857,54,15058.0,0.1591012866655443,54,15058.0
18120.0,53,1898.0,22.867469879518072,2.6655372823838177,53,15309.0,0.1048895387182755,53,15309.0
18125.0,59,2182.0,26.609756097560975,2.2703072798944537,59,15570.0,0.09130187447591666,59,15570.0
18130.0,65,2498.0,30.463414634146343,2.5460293048471976,65,15886.0,0.05495257231695869,65,15886.0
18135.0,66,2828.0,35.35,2.2593084551804297,66,16216.0,0.06611281111630615,66,16216.0
18140.0,62,2691.0,34.94805194805195,1.4020819555943949,62,16366.0,0.07175752753731486,62,16366.0
18145.0,55,2631.0,33.30379746835443,2.405799151215,55,16369.0,0.12385050027281355,55,16369.0
18150.0,56,2895.0,34.05882352941177,3.512796571408611,56,16368.0,0.1553623683188166,56,16368.0
18155.0,54,3119.0,38.50617283950617,2.2475892801220745,54,16619.0,0.08069196983720542,54,16619.0
18160.0,61,3405.0,41.024096385542165,2.8077093386913203,61,16878.0,0.09441894772607422,61,16878.0
18165.0,62,3715.0,47.0253164556962,2.6125449396174245,62,17188.0,0.06976140546757105,62,17188.0
18170.0,59,3433.0,42.9125,2.1851813341546644,59,15720.0,0.08741472805868916,59,15720.0
18175.0,53,2859.0,38.63513513513514,2.407367095048386,53,13066.0,0.11935557647209818,53,13066.0
18180.0,48,2265.0,29.03846153846154,3.077581834971594,48,8935.0,0.1118691058649852,48,8935.0
18185.0,37,1595.0,19.691358024691358,3.7201112512267738,37,9122.0,0.1892887735165964,37,9122.0
18190.0,37,1308.0,16.14814814814815,3.2354681626932873,37,9262.0,0.1405108756571537,37,9262.0
18195.0,48,1532.0,18.682926829268293,3.4835306864173883,48,9478.0,0.13404201372894486,48,9478.0
18200.0,52,1784.0,20.988235294117647,2.8798378344343503,52,9731.0,0.12123850655929697,52,9731.0
18205.0,64,2078.0,25.03614457831325,1.8400399801148706,64,10025.0,0.08128119507271604,64,10025.0
18210.0,69,2413.0,27.420454545454547,1.9385882500403424,69,10362.0,0.058200985617286115,69,10362.0
18215.0,76,2781.0,32.71764705882353,1.3616176790753627,76,10730.0,0.04565195733219878,76,10730.0
18220.0,70,2566.0,28.511111111111113,1.7748376151685907,70,10780.0,0.12406645562005908,70,10780.0
18225.0,67,2059.0,22.877777777777776,1.6513573436279823,67,10553.0,0.0723330373251173,67,10553.0
18230.0,62,2225.0,23.177083333333332,2.8960566754851693,62,10244.0,0.11156163278765818,62,10244.0
18235.0,62,2491.0,27.07608695652174,2.480523349888129,62,10535.0,0.09824061367161772,62,10535.0
18240.0,68,2810.0,31.22222222222222,2.062084218193331,68,10832.0,0.0717701674052886,68,10832.0
18245.0,72,3163.0,35.144444444444446,2.4942401877208185,72,11182.0,0.06414571416494713,72,11182.0
18250.0,68,3442.0,38.24444444444445,2.335201974604788,68,11373.0,0.08166353794575094,68,11373.0
18255.0,66,3707.0,41.18888888888889,2.8710853154378424,66,11400.0,0.13022273581656188,66,11400.0
18260.0,69,4041.0,43.92391304347826,2.8830342854496904,69,11635.0,0.09659151337006867,69,11635.0
18265.0,66,4336.0,48.71910112359551,2.3994876520339465,66,11958.0,0.09976291688685979,66,11958.0
18270.0,67,4658.0,53.54022988505747,1.9264443862344254,67,12258.0,0.0804754527713739,67,12258.0
18275.0,70,5007.0,58.22093023255814,2.4958707982442605,70,12601.0,0.05020964305030162,70,12601.0
18280.0,70,5357.0,63.023529411764706,2.1451431802516066,70,12951.0,0.07202662784982489,70,12951.0
18285.0,68,4938.0,60.21951219512195,1.4907788189293132,68,12993.0,0.056281039965629255,68,12993.0
18290.0,59,4260.0,48.40909090909091,2.9990318339477913,59,12759.0,0.15307655048379246,59,12759.0
18295.0,57,4003.0,45.48863636363637,3.3678339285898433,57,12332.0,0.150254526774671,57,12332.0
18300.0,43,3986.0,45.81609195402299,2.8615672858802412,43,12550.0,0.13614691960824632,43,12550.0
18305.0,54,4231.0,48.07954545454545,3.2309490690460816,54,12775.0,0.1214711060475171,54,12775.0
18310.0,59,4516.0,55.073170731707314,2.333406567876371,59,13060.0,0.06313351578051231,59,13060.0
18315.0,65,4828.0,58.16867469879518,2.312957502050725,65,13372.0,0.07349624759728633,65,13372.0
18320.0,69,5168.0,66.25641025641026,1.3497404211059116,69,13712.0,0.05085049382716459,69,13712.0
18325.0,70,5517.0,67.28048780487805,1.9251300376550604,70,14061.0,0.09377477148235853,70,14061.0
18330.0,64,5694.0,67.78571428571429,2.104034534402758,64,14145.0,0.10322311555183866,64,14145.0
18335.0,57,5750.0,68.45238095238095,2.078730321856025,57,14012.0,0.09259369622469436,57,14012.0
18340.0,56,5866.0,68.20930232558139,2.977743896932513,56,13877.0,0.10588211151637805,56,13877.0
18345.0,52,6082.0,70.72093023255815,3.099072308034399,52,13995.0,0.1296200625553435,52,13995.0
18350.0,56,6348.0,76.48192771084338,2.726544295374348,56,14245.0,0.09651252698701854,56,14245.0
18355.0,63,6651.0,80.13253012048193,2.705790959256259,63,14548.0,0.08549780727894792,63,14548.0
18360.0,67,6980.0,88.35443037974683,2.0302996465674057,67,14877.0,0.05353457901503403,67,14877.0
18365.0,61,7208.0,85.80952380952381,2.4159631722859665,61,15058.0,0.12609975236162313,61,15058.0
18370.0,55,7354.0,90.79012345679013,2.2438253614213126,55,15133.0,0.09046759556028677,55,15133.0
18375.0,58,7625.0,88.66279069767442,3.1271098397546697,58,15212.0,0.1221311316793607,58,15212.0
18380.0,56,7874.0,96.02439024390245,2.4101485877755446,56,15481.0,0.09591855188991776,56,15481.0
18385.0,61,8163.0,97.17857142857143,2.7176197557440824,61,15755.0,0.10193910414332348,61,15755.0
18390.0,63,8476.0,105.95,2.739595032186814,63,16063.0,0.07930050587044767,63,16063.0
18395.0,64,8792.0,109.9,2.359660972941956,64,16379.0,0.08594218452319942,64,16379.0
18400.0,60,9003.0,112.5375,2.464041392405844,60,16619.0,0.13363911058232655,60,16619.0
18405.0,56,9224.0,112.48780487804878,2.380866055261446,56,16776.0,0.09101754163513372,56,16776.0
18410.0,63,9530.0,116.21951219512195,2.8567229625554407,63,17039.0,0.09108381583958677,63,17039.0
18415.0,59,9793.0,117.98795180722891,2.40464025192984,59,17325.0,0.08682278977283613,59,17325.0
18420.0,60,10089.0,129.34615384615384,2.5955319709739477,60,17593.0,0.06701453940502619,60,17593.0
18425.0,61,10393.0,129.9125,2.9941929023358838,61,17887.0,0.10134841683083691,61,17887.0
18430.0,61,10698.0,142.64,2.2198343643527765,61,18182.0,0.07088941420181473,61,18182.0
18435.0,63,11007.0,139.32911392405063,2.425967827911694,63,18481.0,0.1589737169670009,63,18481.0
18440.0,64,11323.0,143.32911392405063,1.905303780957029,64,18787.0,0.07795263004430382,64,18787.0
18445.0,68,11657.0,140.44578313253012,2.0025821961346804,68,19111.0,0.08881887918239174,68,19111.0
18450.0,69,12000.0,150.0,1.6726938076937388,69,19444.0,0.06987956632075758,69,19444.0
18455.0,63,12181.0,150.3827160493827,1.9353052727970141,63,19695.0,0.08824996308518382,63,19695.0
18460.0,65,12484.0,154.12345679012347,2.133714079841685,65,19920.0,0.0959208141059061,65,19920.0
18465.0,66,12814.0,154.3855421686747,2.320144346029156,66,20228.0,0.0791728383382857,66,20228.0
18470.0,64,13101.0,150.58620689655172,2.4010168682746276,64,20528.0,0.11989979439855228,64,20528.0
18475.0,66,13422.0,156.06976744186048,2.4211926044155785,66,20817.0,0.10093044470016063,66,20817.0
18480.0,68,13758.0,159.97674418604652,2.4397093471500795,68,21142.0,0.05193664393209666,68,21142.0
18485.0,64,12870.0,149.65116279069767,2.568223058143614,64,21038.0,0.10165084828966599,64,21038.0
18490.0,58,11732.0,143.0731707317073,2.398047176399132,58,20531.0,0.10258490665218215,58,20531.0
18495.0,52,11452.0,139.65853658536585,3.3184415350251695,52,19828.0,0.11855051687767512,52,19828.0
18500.0,46,11570.0,142.8395061728395,3.2315475947599177,46,20035.0,0.15366194990109922,46,20035.0
18505.0,53,11819.0,149.60759493670886,2.657959575552376,53,20255.0,0.12774109963296146,53,20255.0
18510.0,59,12101.0,144.0595238095238,3.3195451092851376,59,20527.0,0.1268431252970668,59,20527.0
18515.0,64,12410.0,157.08860759493672,1.9044026480585363,64,20826.0,0.06082664102672846,64,20826.0
18520.0,68,12747.0,161.35443037974684,1.7075869534707266,68,21153.0,0.07242841597429382,68,21153.0
18525.0,62,12938.0,165.87179487179486,1.813762855736769,62,21188.0,0.07836641027298406,62,21188.0
18530.0,54,13030.0,160.8641975308642,2.3429516039686953,54,20966.0,0.1053771547809816,54,20966.0
18535.0,54,13236.0,167.54430379746836,3.3243920695549027,54,20725.0,0.12604553019784573,54,20725.0
18540.0,54,13475.0,170.56962025316454,2.45902559355616,54,20968.0,0.09635536858318126,54,20968.0
18545.0,58,13759.0,174.16455696202533,2.7263980924975177,58,21228.0,0.13604075249028194,58,21228.0
18550.0,61,14060.0,171.46341463414635,2.7955485115167074,61,21519.0,0.09507923660914006,61,21519.0
18555.0,64,14374.0,179.675,2.162935171388076,64,21823.0,0.07761547184305073,64,21823.0
18560.0,66,14704.0,183.8,1.772861009061637,66,22143.0,0.07415175989878135,66,22143.0
18565.0,62,14894.0,190.94871794871796,1.8305762534975305,62,22332.0,0.08406227254365768,62,22332.0
18570.0,56,15090.0,186.2962962962963,2.969319677406191,56,22379.0,0.12721628729356282,56,22379.0
18575.0,60,15380.0,197.17948717948718,2.681044110064561,60,22574.0,0.0565606977608704,60,22574.0
18580.0,58,15665.0,186.48809523809524,3.067300960301568,58,22856.0,0.13713208740078786,58,22856.0
18585.0,58,15955.0,204.55128205128204,2.695469081537499,58,23129.0,0.12072784089715992,58,23129.0
18590.0,61,16256.0,198.2439024390244,2.794740707300034,61,23420.0,0.10072259995146174,61,23420.0
18595.0,64,16572.0,212.46153846153845,1.9441860528385313,64,23726.0,0.053748502733575586,64,23726.0
18600.0,60,16188.0,210.23376623376623,1.5942315695098865,60,23776.0,0.07507975991060752,60,23776.0
18605.0,54,15724.0,206.89473684210526,2.1960752816577656,54,23605.0,0.10474451762408518,54,23605.0
18610.0,47,15749.0,196.8625,3.312034210705297,47,23335.0,0.12489362865084846,47,23335.0
18615.0,44,15925.0,194.20731707317074,3.566688053085564,44,23528.0,0.19236887730762392,44,23528.0
18620.0,50,16158.0,197.0487804878049,3.5270991080345677,50,23728.0,0.17701379733619857,50,23728.0
18625.0,55,16421.0,205.2625,3.0582712919219928,55,23980.0,0.09701307737640195,55,23980.0
18630.0,62,16721.0,209.0125,2.859560417327277,62,24270.0,0.10433948069352897,62,24270.0
18635.0,63,17032.0,230.16216216216216,1.7475131431162962,63,24571.0,0.053788717559778466,63,24571.0
18640.0,58,17209.0,229.45333333333335,1.9173968631872462,58,24694.0,0.09427306229510586,58,24694.0
18645.0,53,17291.0,233.66216216216216,2.1218042228747014,53,24674.0,0.08850031609605599,53,24674.0
18650.0,50,17519.0,213.64634146341464,4.014893096591769,50,24660.0,0.18703486723317567,50,24660.0
18655.0,50,17723.0,221.5375,3.3000775366141055,50,24879.0,0.1571732426176231,50,24879.0
18660.0,55,17980.0,233.5064935064935,2.434641843593959,55,25103.0,0.08249523677248759,55,25103.0
18665.0,60,18277.0,234.32051282051282,3.0607020269441714,60,25388.0,0.08473425410084544,60,25388.0
18670.0,54,18490.0,253.2876712328767,2.233578625488448,54,25600.0,0.059261740589559325,54,25600.0
18675.0,53,18703.0,256.2054794520548,2.4829979203193013,53,25743.0,0.11471236452043682,53,25743.0
18680.0,54,18973.0,263.5138888888889,2.6793004185304654,54,25957.0,0.0969226452228504,54,25957.0
18685.0,51,19199.0,246.14102564102564,2.9396041007648646,51,26192.0,0.1388127563212045,51,26192.0
18690.0,52,19453.0,252.63636363636363,3.4460442373036164,52,26418.0,0.14455271383421928,52,26418.0
18695.0,52,19713.0,262.84,3.4493962734175434,52,26667.0,0.10585728043065899,52,26667.0
18700.0,57,19989.0,277.625,2.5992883811935155,57,26933.0,0.08987544306117697,57,26933.0
18705.0,55,20231.0,289.01428571428573,1.919998098363733,55,27175.0,0.09291033515236054,55,27175.0
18710.0,57,20515.0,293.07142857142856,2.0733022060129347,57,27439.0,0.07476209161721493,57,27439.0
18715.0,59,20806.0,285.013698630137,2.1750372550506727,59,27720.0,0.09285051511408016,59,27720.0
18720.0,55,21047.0,300.6714285714286,1.4732549944392657,55,27976.0,0.06651049348857392,55,27976.0
18725.0,56,21315.0,276.8181818181818,2.7927978896674865,56,28216.0,0.15136122385717835,56,28216.0
18730.0,58,21597.0,280.4805194805195,2.74566869122675,58,28487.0,0.07919671996759495,58,28487.0
18735.0,61,21897.0,273.7125,2.8060914157803567,61,28787.0,0.09359020242124955,61,28787.0
18740.0,58,22159.0,303.54794520547944,2.142466544125049,58,29058.0,0.08823827274869264,58,29058.0
18745.0,59,22450.0,295.39473684210526,2.6010848529642847,59,29335.0,0.10871587591353422,59,29335.0
18750.0,62,22753.0,307.47297297297297,2.20510155183445,62,29603.0,0.08521714114074651,62,29603.0
18755.0,58,22148.0,299.2972972972973,1.5047859652846494,58,29515.0,0.07232145655610345,58,29515.0
18760.0,52,21537.0,276.11538461538464,3.0185210524207435,52,29139.0,0.16231180380149818,52,29139.0
18765.0,50,21663.0,264.1829268292683,3.5530261897359585,50,28676.0,0.14505151432477673,50,28676.0
18770.0,49,21799.0,275.9367088607595,2.7797280290593553,49,28813.0,0.12465228437427392,49,28813.0
18775.0,50,21985.0,278.2911392405063,2.7661430601254917,50,28916.0,0.11606515838515546,50,28916.0
18780.0,54,22249.0,292.75,2.980022309152396,54,29052.0,0.08239740729599267,54,29052.0
18785.0,56,22528.0,288.8205128205128,3.5821072840443398,56,29261.0,0.11036886494400558,56,29261.0
18790.0,50,22688.0,315.1111111111111,2.7093522378127384,50,29297.0,0.09412796596193455,50,29297.0
18795.0,48,22837.0,296.5844155844156,3.59313373397484,48,29214.0,0.17902913300807088,48,29214.0
18800.0,52,23088.0,312.0,3.762503439874061,52,29244.0,0.14184689071112244,52,29244.0
18805.0,49,23293.0,298.62820512820514,3.3121382631533303,49,29404.0,0.13081611520483497,49,29404.0
18810.0,51,23541.0,341.17391304347825,2.8648808367378678,51,29558.0,0.11960846151390216,51,29558.0
18815.0,53,23802.0,340.0285714285714,2.9983198152268997,53,29748.0,0.06300648637344926,53,29748.0
18820.0,54,24071.0,353.9852941176471,2.8200287203909853,54,29947.0,0.0941225679665412,54,29947.0
18825.0,48,24005.0,369.3076923076923,2.1665389504919275,48,30004.0,0.10671659060073438,48,30004.0
18830.0,44,24088.0,344.1142857142857,3.2812243188622454,44,29963.0,0.18102885942010408,44,29963.0
18835.0,46,24317.0,337.7361111111111,4.263659729742447,46,29986.0,0.18324057102629165,46,29986.0
18840.0,49,24555.0,350.7857142857143,3.1231022402450743,49,30151.0,0.0805118588162172,49,30151.0
18845.0,49,24744.0,353.48571428571427,2.489381242169422,49,30310.0,0.08122566677319111,49,30310.0
18850.0,46,24962.0,372.56716417910445,3.0447511893300367,46,30432.0,0.12326790912886179,46,30432.0
18855.0,48,25195.0,381.74242424242425,3.262822289831089,48,30581.0,0.09025025016995424,48,30581.0
18860.0,48,25435.0,385.3787878787879,3.5901815556107737,48,30751.0,0.106287178507374,48,30751.0
18865.0,46,25652.0,407.1746031746032,2.910555727921404,46,30898.0,0.14532952424554227,46,30898.0
18870.0,47,25883.0,392.1666666666667,3.1158766812825385,47,31059.0,0.1606981028437617,47,31059.0
18875.0,50,26127.0,408.234375,2.0963952715128027,50,31233.0,0.09636081885299169,50,31233.0
18880.0,53,26358.0,399.3636363636364,1.5129599083973557,53,31407.0,0.09340365589875284,53,31407.0
18885.0,51,26611.0,403.1969696969697,2.4734566071322655,51,31579.0,0.10293685637574215,51,31579.0
18890.0,52,26867.0,378.40845070422534,3.1218188609718003,52,31763.0,0.11767108807277801,52,31763.0
18895.0,47,26672.0,392.2352941176471,3.013326142743154,47,31774.0,0.10486002275189753,47,31774.0
18900.0,41,26698.0,404.5151515151515,2.8852196411536513,41,31639.0,0.1169745305572387,41,31639.0
18905.0,47,26924.0,384.62857142857143,4.109309903734801,47,31630.0,0.16681461353370108,47,31630.0
18910.0,43,27125.0,398.8970588235294,3.366706184488269,43,31752.0,0.15472986371594288,43,31752.0
18915.0,48,27349.0,420.75384615384615,2.9064646512598786,48,31895.0,0.11688284547150012,48,31895.0
18920.0,49,27593.0,411.8358208955224,3.4158367005415955,49,32069.0,0.10487709819343294,49,32069.0
18925.0,50,27839.0,434.984375,2.6714562872663823,50,32245.0,0.09675856707608259,50,32245.0
18930.0,51,28093.0,445.92063492063494,2.4349719118333746,51,32429.0,0.09022889190239855,51,32429.0
18935.0,51,28348.0,464.72131147540983,1.821188976864741,51,32614.0,0.06794189177154296,51,32614.0
18940.0,47,28345.0,423.05970149253733,2.3847837828190297,47,32687.0,0.16493290995789084,47,32687.0
18945.0,46,28501.0,425.3880597014925,3.229744019701251,46,32695.0,0.17643325946660446,46,32695.0
18950.0,49,28734.0,393.6164383561644,3.124161705844475,49,32790.0,0.10707643085288678,49,32790.0
18955.0,49,28941.0,407.61971830985914,2.8352300306021245,49,32955.0,0.10150535783624827,49,32955.0
18960.0,47,29169.0,422.7391304347826,3.108897905873315,47,33092.0,0.11926056574293309,47,33092.0
18965.0,48,29408.0,438.92537313432837,3.479564250618131,48,33254.0,0.11996467304541292,48,33254.0
18970.0,49,29653.0,442.5820895522388,3.335077401993309,49,33429.0,0.12379153217344462,49,33429.0
18975.0,46,29853.0,439.0147058823529,3.236575436774876,46,33572.0,0.15891194148099935,46,33572.0
18980.0,47,30088.0,436.05797101449275,3.7136187953065556,47,33724.0,0.18306643387160504,47,33724.0
18985.0,52,30335.0,446.1029411764706,2.49627579405801,52,33901.0,0.09635496053090112,52,33901.0
18990.0,55,30609.0,443.60869565217394,1.9709577850849185,55,34105.0,0.09380114465831108,55,34105.0
18995.0,59,30896.0,475.32307692307694,1.1326626251556455,59,34322.0,0.08308122991578139,59,34322.0
19000.0,54,31091.0,450.59420289855075,1.2877851935834865,54,34500.0,0.0735351786885738,54,34500.0
19005.0,51,31320.0,441.1267605633803,2.675319543539477,51,34637.0,0.12311887627764997,51,34637.0
19010.0,51,31575.0,404.8076923076923,3.9619143994959516,51,34793.0,0.1706170378722732,51,34793.0
19015.0,53,31840.0,413.5064935064935,3.9536559890487144,53,34986.0,0.14978688693162087,53,34986.0
19020.0,56,32112.0,439.8904109589041,2.6253023098930575,56,35188.0,0.07236842452949056,56,35188.0
19025.0,59,32403.0,450.0416666666667,2.3336254505143206,59,35409.0,0.08661963386049927,59,35409.0
19030.0,54,32612.0,472.6376811594203,1.9697480122582816,54,35579.0,0.08243973970256505,54,35579.0
19035.0,56,32887.0,463.19718309859155,2.126805865587753,56,35753.0,0.08997735076658739,56,35753.0
19040.0,58,33176.0,467.2676056338028,2.3021919849141557,58,35972.0,0.0871256884574373,58,35972.0
19045.0,55,33423.0,445.64,2.171015815621716,55,36164.0,0.12120565056891637,55,36164.0
19050.0,56,33701.0,455.4189189189189,2.581342096440717,56,36357.0,0.13424825125495268,56,36357.0
19055.0,58,33983.0,435.6794871794872,2.845276461025461,58,36569.0,0.08186880031315984,58,36569.0
19060.0,58,34253.0,450.69736842105266,2.5799410542294643,58,36769.0,0.0935634732699728,58,36769.0
19065.0,59,34544.0,466.81081081081084,2.202020335362998,59,36990.0,0.09556599800869263,59,36990.0
19070.0,61,34848.0,470.9189189189189,1.9173810517495045,61,37252.0,0.06873337674542931,61,37252.0
19075.0,58,35123.0,468.3066666666667,1.7201864217151248,58,37533.0,0.08798918127732411,58,37533.0
19080.0,58,35413.0,478.55405405405406,2.2950976542544135,58,37808.0,0.07657204342709625,58,37808.0
19085.0,60,35708.0,435.4634146341463,3.3562044931365276,60,38076.0,0.1339979493759761,60,38076.0
19090.0,60,35996.0,461.4871794871795,2.4245181160956455,60,38305.0,0.08357856349751694,60,38305.0
19095.0,63,36305.0,459.55696202531647,2.1861067972246655,63,38517.0,0.08136015805196671,63,38517.0
19100.0,66,36630.0,481.9736842105263,1.6640735763357104,66,38716.0,0.07317828625415165,66,38716.0
19105.0,67,36961.0,473.85897435897436,1.253922880741559,67,38917.0,0.07174900104624535,67,38917.0
19110.0,64,36203.0,464.14102564102564,1.5283047930594331,64,38736.0,0.08251162436975905,64,38736.0
19115.0,56,35383.0,436.82716049382714,2.3113534638954945,56,38192.0,0.10204553706618556,56,38192.0
19120.0,51,35195.0,409.24418604651163,3.7976826160467123,51,37500.0,0.1632508138498257,51,37500.0
19125.0,50,35306.0,415.36470588235295,2.9933866886510683,50,37572.0,0.13850796442319346,50,37572.0
19130.0,48,35449.0,437.641975308642,2.3356811982581824,48,37598.0,0.10541781968929673,48,37598.0
19135.0,56,35714.0,425.1666666666667,3.3407858075410606,56,37648.0,0.12811595063046877,56,37648.0
19140.0,53,35916.0,448.95,2.438071023650932,53,37579.0,0.08532163348580533,53,37579.0
19145.0,52,36081.0,440.0121951219512,2.9861261471953093,52,37275.0,0.11278402140367125,52,37275.0
19150.0,56,36356.0,466.1025641025641,3.0779672490440597,56,37198.0,0.09360836113397539,56,37198.0
19155.0,56,36564.0,440.5301204819277,2.762581095124014,56,37310.0,0.12904184632079518,56,37310.0
19160.0,50,36751.0,471.1666666666667,2.9194866221707696,50,37390.0,0.14405422818366617,50,37390.0
19165.0,50,37001.0,451.2317073170732,3.3959823578218935,50,37457.0,0.15363466905505907,50,37457.0
19170.0,56,37274.0,465.925,3.5518288176800255,56,37576.0,0.1282747719162864,56,37576.0
19175.0,57,37555.0,494.14473684210526,3.0927430505851174,57,37732.0,0.0677395592825404,57,37732.0
19180.0,58,37844.0,504.58666666666664,2.9309540667067413,58,37933.0,0.08863591782223493,58,37933.0
19185.0,59,38135.0,544.7857142857143,1.910645159521201,59,38177.0,0.07536880020909717,59,38177.0
19190.0,56,38079.0,507.72,2.35993883102588,56,38300.0,0.13990155436662016,56,38300.0
19195.0,49,38158.0,495.5584415584416,3.3202980575712835,49,38289.0,0.1676839726052363,49,38289.0
19200.0,54,38413.0,498.87012987012986,3.007860422668682,54,38300.0,0.09865001272675332,54,38300.0
19205.0,53,38629.0,495.2435897435897,2.597060570380674,53,38426.0,0.09456693472754016,53,38426.0
19210.0,54,38892.0,525.5675675675676,2.614820052534976,54,38508.0,0.09853787494839418,54,38508.0
19215.0,56,39167.0,536.5342465753424,2.859612301562592,56,38593.0,0.08114615308381368,56,38593.0
19220.0,50,33239.0,455.32876712328766,2.4553546078210724,50,36677.0,0.09641923569661434,50,36677.0
19225.0,45,23181.0,321.9583333333333,3.0801619763614574,45,32760.0,0.14337763141352422,45,32760.0
19230.0,40,15178.0,199.71052631578948,4.317863420091813,40,26866.0,0.20287605088482785,40,26866.0
19235.0,29,6057.0,81.85135135135135,2.9835870859707296,29,26885.0,0.11139790409010486,29,26885.0
19240.0,33,1077.0,14.554054054054054,4.013940105519121,33,26880.0,0.19824335961496206,33,26880.0
19245.0,40,1261.0,17.04054054054054,3.5568159557591357,40,26922.0,0.12132759421444969,40,26922.0
19250.0,47,1481.0,18.746835443037973,3.234155891391897,47,27012.0,0.10987837485984213,47,27012.0
19255.0,55,1738.0,22.86842105263158,2.2041619597198747,55,27140.0,0.08866215173298768,55,27140.0
19260.0,64,2037.0,26.80263157894737,1.3129412820819049,64,27309.0,0.04887463227931153,64,27309.0
19265.0,68,2372.0,28.926829268292682,2.184816508854571,68,27514.0,0.11368273445431455,68,27514.0
19270.0,70,2714.0,32.30952380952381,1.5062074643839527,70,27726.0,0.056764917086295254,70,27726.0
19275.0,74,3082.0,36.69047619047619,1.5761388200192412,74,27964.0,0.07052524944406945,74,27964.0
19280.0,70,3185.0,36.60919540229885,1.2709601181293952,70,26220.0,0.05358809860491375,70,26220.0
19285.0,64,3124.0,36.325581395348834,2.0641501003328555,64,22505.0,0.09722378943722977,64,22505.0
19290.0,56,3125.0,34.72222222222222,3.16874744131491,56,16832.0,0.1173669818424757,56,16832.0
19295.0,48,3007.0,34.96511627906977,2.961986112251012,48,16998.0,0.12837397995105412,48,16998.0
19300.0,47,3055.0,33.57142857142857,3.742568893702129,47,17128.0,0.19658907153131983,47,17128.0
19305.0,56,3315.0,36.03260869565217,2.8462645015958885,56,17312.0,0.0932900362739878,56,17312.0
19310.0,68,3639.0,37.13265306122449,2.7978691767361688,68,17566.0,0.10013824228134953,68,17566.0
19315.0,73,3993.0,42.935483870967744,1.4340142183600961,73,17851.0,0.05085026491363527,73,17851.0
19320.0,83,4393.0,44.826530612244895,1.6164387884644051,83,18181.0,0.03901055670281514,83,18181.0
19325.0,86,4821.0,50.21875,1.2580583942358547,86,18539.0,0.04939713072790526,86,18539.0
19330.0,82,4520.0,46.597938144329895,1.2012221253167819,82,18630.0,0.06907154403242813,82,18630.0
19335.0,76,4121.0,40.40196078431372,2.3118833724957844,76,18472.0,0.11796965256557283,76,18472.0
19340.0,71,4115.0,38.820754716981135,2.623239404500691,71,18191.0,0.08857906531256453,71,18191.0
19345.0,69,4396.0,42.26923076923077,2.703122264103175,69,18382.0,0.11915014177410711,69,18382.0
19350.0,72,4740.0,46.019417475728154,2.4566890373107038,72,18638.0,0.10234560683941306,72,18638.0
19355.0,79,5120.0,51.717171717171716,2.065081786689641,79,18942.0,0.04203554304319957,79,18942.0
19360.0,83,5528.0,55.83838383838384,2.2405203510280742,83,19280.0,0.07419632354845997,83,19280.0
19365.0,84,5944.0,62.56842105263158,1.3603497014932626,84,19626.0,0.042533962715034755,84,19626.0
19370.0,79,6228.0,61.663366336633665,2.073507984595436,79,19782.0,0.10942763546091483,79,19782.0
19375.0,72,6414.0,64.14,1.6891667205699745,72,19783.0,0.06799712218512834,72,19783.0
19380.0,74,6743.0,66.76237623762377,2.571173481252105,74,19847.0,0.09199698092708905,74,19847.0
19385.0,78,7121.0,70.5049504950495,2.710486719377669,78,20014.0,0.0946380622037474,78,20014.0
19390.0,73,7432.0,75.83673469387755,1.7285751240078195,73,20295.0,0.037775948281075285,73,20295.0
19395.0,74,7785.0,78.63636363636364,2.4324805321190546,74,20547.0,0.081812207860153,74,20547.0
19400.0,76,8165.0,86.86170212765957,2.422229769131727,76,20848.0,0.07107246852355882,76,20848.0
19405.0,78,8549.0,87.23469387755102,2.6089372117552516,78,21162.0,0.07873698524001665,78,21162.0
19410.0,79,8940.0,96.12903225806451,1.5697972073470086,79,21483.0,0.06410896988294601,79,21483.0
19415.0,82,9349.0,97.38541666666667,1.7026896442476804,82,21822.0,0.04506588778638342,82,21822.0
19420.0,78,8200.0,87.23404255319149,1.5926624813537458,78,21615.0,0.0674456595185584,78,21615.0
19425.0,71,6609.0,70.30851063829788,1.9170134300489534,71,20861.0,0.08515971630944974,71,20861.0
19430.0,66,5645.0,59.421052631578945,2.831625653209977,66,19741.0,0.10553912962202547,66,19741.0
19435.0,56,5294.0,55.72631578947368,2.547092059292934,56,19954.0,0.11634153841762075,56,19954.0
19440.0,59,5498.0,60.417582417582416,2.6428390832659665,59,20150.0,0.11552471530656683,59,20150.0
19445.0,67,5821.0,59.39795918367347,2.8990658601450305,67,20401.0,0.11350333132020912,67,20401.0
19450.0,74,6178.0,66.43010752688173,1.6313158443982743,74,20688.0,0.05516872302356284,74,20688.0
19455.0,81,6571.0,69.16842105263157,1.7540378781229975,81,21011.0,0.06429194455743814,81,21011.0
19460.0,82,6979.0,75.8586956521739,1.2985524900270398,82,21349.0,0.05301633773266961,82,21349.0
19465.0,84,7397.0,76.25773195876289,1.6162465093115173,84,21697.0,0.05383844480554313,84,21697.0
19470.0,78,7357.0,78.26595744680851,1.5122499306886665,78,21860.0,0.06312882105635811,78,21860.0
19475.0,70,7270.0,76.52631578947368,2.0324941141646686,70,21851.0,0.09377318235324804,70,21851.0
19480.0,68,7558.0,75.58,3.01139492594678,68,21789.0,0.12742424649548623,68,21789.0
19485.0,70,7891.0,79.70707070707071,2.3091018308502242,70,22010.0,0.09471958973418702,70,22010.0
19490.0,78,8266.0,84.34693877551021,2.3871855537232047,78,22309.0,0.07817406335762998,78,22309.0
19495.0,79,8661.0,89.28865979381443,2.321913048243402,79,22634.0,0.05833811343833143,79,22634.0
19500.0,81,9058.0,97.39784946236558,1.6685433612870042,81,22961.0,0.043456519600796474,81,22961.0
19505.0,81,9463.0,101.75268817204301,1.6218471001019792,81,23296.0,0.06785598260597558,81,23296.0
19510.0,81,9868.0,108.43956043956044,1.1337010251503283,81,23631.0,0.04265948155639158,81,23631.0
19515.0,77,10107.0,101.07,1.931883772886205,77,23847.0,0.10973260265927538,77,23847.0
19520.0,77,10356.0,106.76288659793815,1.706581103516605,77,23987.0,0.07622258206356898,77,23987.0
19525.0,78,10746.0,104.33009708737865,2.626009706119616,78,24188.0,0.10289818667531288,78,24188.0
19530.0,77,11093.0,110.93,2.1234986420141255,77,24484.0,0.07182314845711152,77,24484.0
19535.0,77,11472.0,118.26804123711341,2.079511831492269,77,24770.0,0.05924056450650866,77,24770.0
19540.0,79,11862.0,122.28865979381443,2.448461409987504,79,25088.0,0.06592421637186911,79,25088.0
19545.0,73,11602.0,123.42553191489361,2.0974574139941264,73,24809.0,0.0796032120813359,73,24809.0
19550.0,66,10890.0,115.85106382978724,2.026201963714986,66,23968.0,0.08763958713602395,66,23968.0
19555.0,62,10286.0,108.27368421052631,3.1125755636046537,62,22781.0,0.12015807594962344,62,22781.0
19560.0,53,9892.0,107.52173913043478,2.5828230150094638,53,22978.0,0.10984491478882098,53,22978.0
19565.0,53,10001.0,109.9010989010989,2.821981396072942,53,23147.0,0.13732982466095034,53,23147.0
19570.0,61,10292.0,110.66666666666667,2.8632759477005294,61,23367.0,0.09790182091141639,61,23367.0
19575.0,69,10621.0,116.71428571428571,2.1726718066472346,69,23626.0,0.0753870858234417,69,23626.0
19580.0,74,10982.0,124.79545454545455,1.5756983136572027,74,23917.0,0.05770115374432712,74,23917.0
19585.0,79,11371.0,124.95604395604396,1.8468924125324582,79,24236.0,0.08832554701470316,79,24236.0
19590.0,80,11767.0,126.52688172043011,1.4418943044839776,80,24562.0,0.05884609750582301,80,24562.0
19595.0,85,12182.0,130.98924731182797,1.1853810634425601,85,24907.0,0.040581763091459076,85,24907.0
19600.0,85,12607.0,132.70526315789473,1.4340388690711494,85,25262.0,0.06077281898580785,85,25262.0
19605.0,86,13033.0,137.18947368421053,1.162922827294563,86,25618.0,0.04257973909592114,86,25618.0
19610.0,82,13025.0,132.90816326530611,1.2129665735203423,82,25811.0,0.06262682535309483,82,25811.0
19615.0,74,13058.0,134.61855670103094,1.7207871470070235,74,25851.0,0.07127942732330779,74,25851.0
19620.0,75,13415.0,134.15,2.554204822766102,75,25874.0,0.08805504119995372,75,25874.0
19625.0,72,13735.0,132.06730769230768,2.07322244198529,72,26148.0,0.0673840959511114,72,26148.0
19630.0,80,14118.0,138.41176470588235,1.9414962111578564,80,26439.0,0.0678628639768156,80,26439.0
19635.0,83,14528.0,145.28,2.179583892408657,83,26777.0,0.06330676664066755,83,26777.0
19640.0,83,14943.0,149.43,2.015009821549211,83,27122.0,0.06633476409024361,83,27122.0
19645.0,79,15250.0,158.85416666666666,1.6462981489467585,79,27374.0,0.068551538720287,79,27374.0
19650.0,75,15578.0,157.35353535353536,2.4920821000383317,75,27573.0,0.10023364398820553,75,27573.0
19655.0,78,15960.0,168.0,2.3060946984469086,78,27838.0,0.06013287748960457,78,27838.0
19660.0,77,15769.0,160.90816326530611,2.09211302871178,77,27567.0,0.08415036944559282,77,27567.0
19665.0,68,15181.0,161.5,2.1910739918571807,68,26760.0,0.08481648768589699,68,26760.0
19670.0,65,14773.0,152.29896907216494,2.8621286071316647,65,25617.0,0.10441628142905256,65,25617.0
19675.0,59,14425.0,155.10752688172042,3.4902722185917376,59,25074.0,0.15203414281356353,59,25074.0
19680.0,51,14279.0,155.20652173913044,3.2516100849471887,51,24885.0,0.1529384300893256,51,24885.0
19685.0,50,14433.0,162.1685393258427,2.9725655478506057,50,24980.0,0.14790488730235274,50,24980.0
19690.0,56,14694.0,161.47252747252747,3.2689939185572863,56,25090.0,0.1322919308140735,56,25090.0
19695.0,63,14993.0,162.9673913043478,3.4117735999856125,63,25299.0,0.1433986622146221,63,25299.0
19700.0,68,15327.0,168.42857142857142,2.8064129680007484,68,25563.0,0.0963464473405698,68,25563.0
19705.0,73,15682.0,176.20224719101122,2.316021366587713,73,25848.0,0.07371760262313358,73,25848.0
19710.0,73,16047.0,184.44827586206895,2.1092282619490508,73,26143.0,0.0935542408465435,73,26143.0
19715.0,68,16175.0,194.87951807228916,1.2455494896251325,68,26330.0,0.05804296674863711,68,26330.0
19720.0,66,16460.0,189.19540229885058,2.2398612350998333,66,26462.0,0.09323731529498078,66,26462.0
19725.0,70,16805.0,193.16091954022988,2.3580415453790473,70,26691.0,0.06654976430700474,70,26691.0
19730.0,65,16865.0,185.32967032967034,2.6118430433798507,65,26531.0,0.12618678729527344,65,26531.0
19735.0,61,16731.0,187.98876404494382,2.544195263846763,61,26048.0,0.10570870863743595,61,26048.0
19740.0,56,16694.0,189.70454545454547,2.8942393383459644,56,25453.0,0.09457955169903172,56,25453.0
19745.0,52,16714.0,192.11494252873564,2.967091456237393,52,25594.0,0.13959402074251748,52,25594.0
19750.0,49,16888.0,208.49382716049382,1.9922718597700773,49,25681.0,0.07800927248091613,49,25681.0
19755.0,57,17157.0,199.5,3.0699495422381347,57,25820.0,0.11226491542871393,57,25820.0
19760.0,62,17462.0,212.9512195121951,2.9278287651219244,62,26043.0,0.09152467175567898,62,26043.0
19765.0,57,17633.0,207.4470588235294,2.826079873913572,57,26208.0,0.11793739796057985,57,26208.0
19770.0,60,17929.0,218.64634146341464,2.954983898749201,60,26370.0,0.12599723171078994,60,26370.0
19775.0,65,18240.0,222.4390243902439,2.156566940376597,65,26611.0,0.06538997837608364,65,26611.0
19780.0,62,18506.0,228.46913580246914,1.7248921468574439,62,26844.0,0.05837023220569004,62,26844.0
19785.0,61,18800.0,235.0,2.4908041333369755,61,27036.0,0.10249045803110941,61,27036.0
19790.0,62,19106.0,235.87654320987653,2.9237839860353234,62,27267.0,0.07739301267230168,62,27267.0
19795.0,60,19395.0,239.44444444444446,2.6980770812442767,60,27487.0,0.08380190715264042,60,27487.0
19800.0,63,19706.0,262.74666666666667,2.0717373991538843,63,27727.0,0.06854468860572871,63,27727.0
19805.0,65,20023.0,244.1829268292683,2.264767128566573,65,27974.0,0.11052297289090615,65,27974.0
19810.0,64,20306.0,257.0379746835443,1.3128308423047557,64,28209.0,0.06545816285702874,64,28209.0
19815.0,65,20623.0,248.46987951807228,2.1045012376690635,65,28439.0,0.09619513719392783,65,28439.0
19820.0,66,20951.0,252.42168674698794,2.7527009794308537,66,28692.0,0.07849768592539973,66,28692.0
19825.0,62,20808.0,247.71428571428572,2.3848440740771872,62,28533.0,0.09408622639387611,62,28533.0
19830.0,56,20361.0,257.73417721518985,2.6669065929048967,56,28087.0,0.11676812443547847,56,28087.0
19835.0,48,20163.0,248.92592592592592,3.2255216766084076,48,27536.0,0.11694105442376852,48,27536.0
19840.0,47,20321.0,241.91666666666666,3.822834198746153,47,27569.0,0.1850811987564962,47,27569.0
19845.0,51,20560.0,253.82716049382717,2.8731206824647946,51,27709.0,0.1364826938694672,51,27709.0
19850.0,58,20831.0,257.17283950617286,2.8308567668733056,58,27906.0,0.08414334530075429,58,27906.0
19855.0,57,21057.0,259.962962962963,2.6074761690392525,57,27916.0,0.10357881971322855,57,27916.0
19860.0,52,21237.0,286.9864864864865,2.2911613376850752,52,27772.0,0.09400532499108898,52,27772.0
19865.0,52,21487.0,271.9873417721519,3.3605429582074136,52,27658.0,0.12010259788643611,52,27658.0
19870.0,52,21703.0,289.37333333333333,2.548804237898585,52,27830.0,0.08491848583164226,52,27830.0
19875.0,55,21969.0,278.0886075949367,3.2847443733352257,55,28004.0,0.1595935415063266,55,28004.0
19880.0,55,22244.0,288.8831168831169,3.5270825886538457,55,28205.0,0.1324872841389074,55,28205.0
19885.0,58,22527.0,281.5875,3.112473709690936,58,28418.0,0.10527211044751988,58,28418.0
19890.0,61,22829.0,321.53521126760563,1.7769078090214812,61,28650.0,0.07412575315373765,61,28650.0
19895.0,63,23139.0,316.972602739726,1.7830018320049998,63,28890.0,0.0659180002268711,63,28890.0
19900.0,58,23291.0,319.05479452054794,1.5785515290585506,58,29027.0,0.08754660844020697,58,29027.0
19905.0,56,23527.0,313.6933333333333,2.646437051035597,56,29118.0,0.10730645252427966,56,29118.0
19910.0,61,23821.0,294.08641975308643,3.0141694234511407,61,29297.0,0.12307568039904039,61,29297.0
19915.0,56,24075.0,312.6623376623377,2.437284642978545,56,29499.0,0.13803604022565233,56,29499.0
19920.0,58,24362.0,320.55263157894734,2.5911024572665875,58,29698.0,0.1268410692979398,58,29698.0
19925.0,61,24658.0,312.126582278481,2.726590429478471,61,29924.0,0.08410069790826724,61,29924.0
19930.0,63,24968.0,324.2597402597403,2.041766055614869,63,30164.0,0.06826646668568959,63,30164.0
19935.0,59,21453.0,282.2763157894737,1.9571427827859775,59,28458.0,0.08424509494498111,59,28458.0
19940.0,53,15377.0,205.02666666666667,2.1185826697797863,53,24808.0,0.08936921258744389,53,24808.0
19945.0,47,10556.0,133.62025316455697,3.75214124059386,47,19251.0,0.1613532817010137,47,19251.0
19950.0,37,5651.0,69.76543209876543,3.557038430205631,37,19421.0,0.18679921891166748,37,19421.0
19955.0,36,2031.0,26.376623376623378,3.499531900440671,36,19555.0,0.16236203146111178,36,19555.0
19960.0,45,2239.0,26.97590361445783,3.5217777267346677,45,19749.0,0.1384741299186742,45,19749.0
19965.0,57,2502.0,29.785714285714285,2.4428851025312857,57,20002.0,0.07502753168255454,57,20002.0
19970.0,58,1937.0,22.788235294117648,2.095706009279938,58,19981.0,0.08975759371790233,58,19981.0
19975.0,59,1219.0,14.511904761904763,2.116180597042115,59,19712.0,0.07796492048958342,59,19712.0
19980.0,56,1070.0,12.44186046511628,2.784279508542319,56,19320.0,0.10387655519776913,56,19320.0
19985.0,48,1180.0,13.11111111111111,3.4022243480510173,48,19544.0,0.16559585429425125,48,19544.0
19990.0,54,1437.0,16.329545454545453,2.989197032936669,54,19776.0,0.1330233669630823,54,19776.0
19995.0,64,1739.0,20.22093023255814,2.540839561308156,64,20068.0,0.07671922359456236,64,20068.0
20000.0,65,1994.0,23.458823529411763,1.6223089395693016,65,20180.0,0.05866951192157088,65,20180.0
