step,system_total_stopped,system_total_waiting_time,system_mean_waiting_time,system_mean_speed,t_stopped,t_accumulated_waiting_time,t_average_speed,agents_total_stopped,agents_total_accumulated_waiting_time
5.0,0,0.0,0.0,12.929982241069444,0,0.0,0.9080240483890719,0,0.0
10.0,0,0.0,0.0,11.713404556142178,0,0.0,0.8200204309412655,0,0.0
15.0,6,13.0,0.7222222222222222,7.588247384049702,6,13.0,0.43290557358795256,6,13.0
20.0,8,51.0,3.0,6.841898522067425,8,51.0,0.40747875558257596,8,51.0
25.0,8,91.0,4.333333333333333,6.61204996208142,8,91.0,0.34293680113996283,8,91.0
30.0,6,97.0,4.85,7.348582842107946,6,103.0,0.4281188447326295,6,103.0
35.0,7,128.0,6.095238095238095,7.142464410861696,7,128.0,0.373415739845779,7,128.0
40.0,10,172.0,6.615384615384615,7.981561843674271,10,172.0,0.4617181070283741,10,172.0
45.0,6,187.0,7.1923076923076925,6.837377561115229,6,198.0,0.45568866324984697,6,198.0
50.0,10,222.0,8.538461538461538,6.323341928755259,10,222.0,0.36159217147969924,10,222.0
55.0,12,281.0,9.366666666666667,7.478484036520176,12,281.0,0.3636552458529043,12,281.0
60.0,12,341.0,13.115384615384615,6.428223306495525,12,341.0,0.27923080188037996,12,341.0
65.0,10,369.0,14.192307692307692,4.974747735083805,10,372.0,0.30915100038646587,10,372.0
70.0,14,436.0,18.166666666666668,5.427353341809588,14,436.0,0.27807341141083736,14,436.0
75.0,14,506.0,14.055555555555555,6.355120970807199,14,506.0,0.362427433511889,14,506.0
80.0,12,526.0,15.93939393939394,6.158772730019824,12,556.0,0.4070484668338139,12,556.0
85.0,11,570.0,15.405405405405405,5.844409209961434,11,577.0,0.30343814413259323,11,577.0
90.0,18,657.0,18.25,6.760146143650935,18,657.0,0.2281530119333175,18,657.0
95.0,18,747.0,20.75,5.996882798678145,18,747.0,0.19412131971905106,18,747.0
100.0,17,811.0,26.161290322580644,4.93241163497416,17,814.0,0.23921828867871034,17,814.0
105.0,17,896.0,27.151515151515152,5.695822492473207,17,896.0,0.2858667674794087,17,896.0
110.0,20,991.0,26.783783783783782,5.733042819920463,20,991.0,0.2954141953300151,20,991.0
115.0,16,1049.0,29.97142857142857,4.5014030803875995,16,1066.0,0.2612827529482311,16,1066.0
120.0,19,1135.0,32.42857142857143,4.446113369277613,19,1135.0,0.18151999526721566,19,1135.0
125.0,22,1241.0,31.82051282051282,5.870009136587362,22,1241.0,0.2295774301063184,22,1241.0
130.0,22,1351.0,37.52777777777778,5.1941807391501875,22,1351.0,0.19943525425148662,22,1351.0
135.0,17,805.0,23.0,4.068544773425415,17,1211.0,0.2385150411623484,17,1211.0
140.0,14,458.0,12.378378378378379,5.451899340996818,14,875.0,0.2633414039220328,14,875.0
145.0,12,477.0,11.925,7.251330144495117,12,663.0,0.3783908114491337,12,663.0
150.0,14,504.0,11.720930232558139,6.61370256563081,14,609.0,0.3656138955956702,14,609.0
155.0,14,568.0,14.947368421052632,6.099865728274101,14,652.0,0.25494328058177135,14,652.0
160.0,22,666.0,16.65,5.794008105177943,22,749.0,0.20595403851316313,22,749.0
165.0,22,776.0,22.17142857142857,4.684285589335963,22,859.0,0.1928720474841805,22,859.0
170.0,20,674.0,19.257142857142856,3.079017544454816,20,872.0,0.20244041515485553,20,872.0
175.0,18,731.0,21.5,4.624939450651897,18,847.0,0.2318663825640512,18,847.0
180.0,20,827.0,21.763157894736842,5.3282564773706085,20,910.0,0.17042670180228306,20,910.0
185.0,16,861.0,21.525,5.422851057775015,16,980.0,0.26416527559684966,16,980.0
190.0,14,920.0,22.4390243902439,6.2738024843902735,14,1011.0,0.3024666881355522,14,1011.0
195.0,18,996.0,26.210526315789473,6.069474776709233,18,1079.0,0.2144179458507938,18,1079.0
200.0,20,1095.0,29.594594594594593,6.0368386170429655,20,1178.0,0.20946706808964402,20,1178.0
205.0,16,880.0,26.666666666666668,4.91811627057483,16,1121.0,0.23714796104190927,16,1121.0
210.0,10,791.0,23.264705882352942,5.792044419440063,10,936.0,0.28314761105178304,10,936.0
215.0,14,856.0,26.75,7.064818509389391,14,856.0,0.24994743673343076,14,856.0
220.0,12,895.0,22.375,7.03146372555359,12,907.0,0.39646339195354413,12,907.0
225.0,12,955.0,28.08823529411765,7.6018232561218815,12,955.0,0.43271132799538214,12,955.0
230.0,16,1021.0,26.86842105263158,6.075951976748253,16,1021.0,0.23854198983177785,16,1021.0
235.0,20,1117.0,32.85294117647059,5.25778870791083,20,1117.0,0.2123579220136406,20,1117.0
240.0,22,1219.0,38.09375,3.665486873341754,22,1219.0,0.20221865114658308,22,1219.0
245.0,22,1329.0,41.53125,4.033356231363685,22,1329.0,0.19952541426040152,22,1329.0
250.0,23,1440.0,40.0,4.2346898287112715,23,1440.0,0.16048311143755495,23,1440.0
255.0,24,1558.0,41.0,4.869725255496378,24,1558.0,0.26572161093688496,24,1558.0
260.0,24,1678.0,41.95,4.700819067933732,24,1678.0,0.24888575167054006,24,1678.0
265.0,21,1445.0,36.125,3.4294231428038087,21,1656.0,0.18296967187146507,21,1656.0
270.0,17,1370.0,31.86046511627907,5.573634356789451,17,1538.0,0.30501524893330156,17,1538.0
275.0,20,1462.0,35.65853658536585,5.445112152358066,20,1472.0,0.21285296174267224,20,1472.0
280.0,19,1530.0,34.77272727272727,4.49250224951141,19,1554.0,0.19336121090171307,19,1554.0
285.0,20,1630.0,40.75,5.407264678666135,20,1640.0,0.23261601089592096,20,1640.0
290.0,22,1732.0,38.48888888888889,6.68534558736316,22,1742.0,0.32694216012720534,22,1742.0
295.0,22,1842.0,43.857142857142854,6.256081992921204,22,1852.0,0.3257852382336277,22,1852.0
300.0,19,1850.0,47.43589743589744,3.625691413555638,19,1907.0,0.1904905751827242,19,1907.0
305.0,24,1959.0,48.975,4.3672570611733095,24,1960.0,0.1913400199967949,24,1960.0
310.0,26,2087.0,49.69047619047619,4.438346986254678,26,2087.0,0.15005026287733947,26,2087.0
315.0,24,2179.0,51.88095238095238,3.994690308728051,24,2197.0,0.17885452009394867,24,2197.0
320.0,23,2291.0,58.743589743589745,4.6401898111280975,23,2293.0,0.21698399485711425,23,2293.0
325.0,23,2406.0,53.46666666666667,5.922362887136233,23,2406.0,0.23387326477566348,23,2406.0
330.0,25,2530.0,60.23809523809524,5.397118105971463,25,2530.0,0.25000465591733556,25,2530.0
335.0,26,2656.0,66.4,3.2888215046150377,26,2656.0,0.1483294008413647,26,2656.0
340.0,30,2800.0,70.0,2.8982877977315433,30,2800.0,0.15317701404572837,30,2800.0
345.0,31,2954.0,72.04878048780488,2.934639089190918,31,2954.0,0.1390070685397652,31,2954.0
350.0,33,3113.0,72.3953488372093,2.9905350767544325,33,3113.0,0.1490186443239413,33,3113.0
355.0,33,3278.0,71.26086956521739,3.6273255289948168,33,3278.0,0.14859012288307588,33,3278.0
360.0,28,3275.0,76.16279069767442,2.861844243725025,28,3358.0,0.11765607987800462,28,3358.0
365.0,28,3396.0,65.3076923076923,5.053664507104661,28,3398.0,0.2691969239394299,28,3398.0
370.0,32,3548.0,69.56862745098039,3.637421561837611,32,3548.0,0.13252190716006143,32,3548.0
375.0,32,3685.0,68.24074074074075,3.3060274296645393,32,3701.0,0.13692086281669955,32,3701.0
380.0,33,3850.0,78.57142857142857,3.8355430881429426,33,3850.0,0.15397833295992286,33,3850.0
385.0,33,4015.0,75.75471698113208,4.73910313493409,33,4015.0,0.14755929452579408,33,4015.0
390.0,35,4189.0,87.27083333333333,3.753578902385831,35,4189.0,0.14135716604449564,35,4189.0
395.0,35,4364.0,90.91666666666667,3.0446641181608776,35,4364.0,0.09283235841214932,35,4364.0
400.0,32,4485.0,87.94117647058823,3.7691561233602,32,4502.0,0.2098933658809708,32,4502.0
405.0,33,4647.0,91.11764705882354,2.7951886329944755,33,4647.0,0.14135346718336986,33,4647.0
410.0,40,4836.0,91.24528301886792,3.066866923565398,40,4836.0,0.11731220559042421,40,4836.0
415.0,36,5000.0,94.33962264150944,2.9665903109286327,36,5012.0,0.1573251935336065,36,5012.0
420.0,36,5180.0,103.6,2.97240164968213,36,5180.0,0.10214037306143998,36,5180.0
425.0,38,5366.0,95.82142857142857,3.8976118117403145,38,5366.0,0.15023538706102477,38,5366.0
430.0,38,5556.0,106.84615384615384,3.432273463992883,38,5556.0,0.12686539186662704,38,5556.0
435.0,36,5720.0,96.94915254237289,3.757199312535071,36,5720.0,0.2308547210679805,36,5720.0
440.0,41,5915.0,105.625,2.5612289300504125,41,5915.0,0.12517788723417222,41,5915.0
445.0,46,6138.0,99.0,2.8864698985605184,46,6138.0,0.12815176732878994,46,6138.0
450.0,44,6320.0,108.96551724137932,2.1816786710210994,44,6347.0,0.11811199569923934,44,6347.0
455.0,42,6524.0,106.95081967213115,3.210684325014731,42,6528.0,0.13730463674175994,42,6528.0
460.0,44,6739.0,108.69354838709677,3.8585689386083,44,6739.0,0.1115080831409294,44,6739.0
465.0,44,6959.0,114.08196721311475,3.593471739040142,44,6959.0,0.1318858323588077,44,6959.0
470.0,43,7155.0,117.29508196721312,3.2080364284004683,43,7155.0,0.16870457783404746,43,7155.0
475.0,44,7371.0,118.88709677419355,2.6961803244776807,44,7371.0,0.10186046182517199,44,7371.0
480.0,51,7616.0,124.85245901639344,2.1106517812595293,51,7616.0,0.07002001981631038,51,7616.0
485.0,46,7823.0,128.24590163934425,2.135800728024272,46,7841.0,0.11864689996989597,46,7841.0
490.0,46,8053.0,129.88709677419354,3.0173242840087746,46,8053.0,0.1204115934065613,46,8053.0
495.0,46,8283.0,127.43076923076923,3.3877992422141836,46,8283.0,0.13629045139455634,46,8283.0
500.0,48,8522.0,137.4516129032258,2.7983381804015606,48,8522.0,0.09752870553303757,48,8522.0
505.0,46,8743.0,136.609375,3.0461030552060167,46,8743.0,0.16679069622007886,46,8743.0
510.0,51,8980.0,136.06060606060606,2.400745853256662,51,8980.0,0.12451147118061398,51,8980.0
515.0,54,9247.0,140.1060606060606,1.8095361084959423,54,9247.0,0.04947953197881754,54,9247.0
520.0,54,9488.0,139.52941176470588,1.779619255748611,54,9506.0,0.09173829756854565,54,9506.0
525.0,52,9746.0,145.46268656716418,2.613819421358595,52,9746.0,0.08889002090219487,52,9746.0
530.0,53,10007.0,138.98611111111111,3.1256306102331433,53,10007.0,0.09811319352330503,53,10007.0
535.0,54,10277.0,158.1076923076923,2.0688887112108723,54,10277.0,0.0877739701533342,54,10277.0
540.0,53,10529.0,159.53030303030303,1.6826018407110737,53,10529.0,0.0892902824921692,53,10529.0
545.0,58,10808.0,156.63768115942028,1.7478458916881474,58,10808.0,0.07020258436065963,58,10808.0
550.0,60,11104.0,154.22222222222223,1.834609195949434,60,11104.0,0.07480100136752867,60,11104.0
555.0,57,11342.0,159.74647887323943,1.628690152456515,57,11376.0,0.08265032390558372,57,11376.0
560.0,55,11607.0,159.0,2.470536324406711,55,11614.0,0.11189628329262905,55,11614.0
565.0,55,11882.0,158.42666666666668,3.0537719059482487,55,11882.0,0.09376227471978997,55,11882.0
570.0,51,10199.0,135.98666666666668,2.5224776702815834,51,11479.0,0.10162766798488188,51,11479.0
575.0,45,7794.0,111.34285714285714,3.0027333629923376,45,10134.0,0.11712624662035065,45,10134.0
580.0,38,6346.0,84.61333333333333,4.241454890393977,38,8949.0,0.17696721163750812,38,8949.0
585.0,30,5540.0,79.14285714285714,3.707515236845509,30,9099.0,0.18822987196810417,30,9099.0
590.0,31,5368.0,76.68571428571428,3.8145594705377457,31,9218.0,0.20934919805418042,31,9218.0
595.0,39,5548.0,76.0,3.965060034881312,39,9393.0,0.15466714641168935,39,9393.0
600.0,47,5763.0,76.84,2.929958145499322,47,9608.0,0.10405134953595929,47,9608.0
605.0,54,6022.0,84.8169014084507,2.1469141263616387,54,9867.0,0.0883662411057017,54,9867.0
610.0,59,6309.0,86.42465753424658,2.1088727381381136,59,10155.0,0.07154566102653127,59,10155.0
615.0,61,6610.0,88.13333333333334,1.9494660039406995,61,10456.0,0.09607248038476829,61,10456.0
620.0,65,6924.0,88.76923076923077,1.954736580071663,65,10770.0,0.10003842895132649,65,10770.0
625.0,67,7253.0,94.1948051948052,1.6914915876344807,67,11099.0,0.07740700820961859,67,11099.0
630.0,67,7588.0,94.85,2.1476449501850814,67,11434.0,0.09807538123368652,67,11434.0
635.0,68,7925.0,102.92207792207792,1.4081574682278901,68,11771.0,0.05096056617683034,68,11771.0
640.0,69,8270.0,102.09876543209876,2.000510773485307,69,12116.0,0.08506140961943233,69,12116.0
645.0,69,8615.0,107.6875,1.6219019227100517,69,12461.0,0.05399984413499251,69,12461.0
650.0,65,8499.0,99.98823529411764,1.7461863838809804,65,12629.0,0.09551357551871457,65,12629.0
655.0,61,8466.0,99.6,2.1699687028175543,61,12610.0,0.09727896390754032,61,12610.0
660.0,62,8763.0,100.72413793103448,2.9266239393664457,62,12696.0,0.1048496476681389,62,12696.0
665.0,62,9027.0,103.75862068965517,2.3114395554225413,62,12985.0,0.09143362593429921,62,12985.0
670.0,64,9340.0,109.88235294117646,2.512331337019774,64,13275.0,0.08703251892155289,64,13275.0
675.0,67,9669.0,113.75294117647059,2.846296903749382,67,13602.0,0.07398974501974885,67,13602.0
680.0,67,10004.0,120.53012048192771,2.5091402501573445,67,13937.0,0.09675245738610734,67,13937.0
685.0,66,10228.0,124.73170731707317,1.8492403139087077,66,14182.0,0.08071286292547421,66,14182.0
690.0,61,10490.0,132.78481012658227,2.1258504347133917,61,14383.0,0.08032107071232253,61,14383.0
695.0,65,10807.0,131.79268292682926,2.5732513401101076,65,14653.0,0.07099407977201581,65,14653.0
700.0,60,11059.0,138.2375,2.0525625868692985,60,14940.0,0.06016606101099114,60,14940.0
705.0,59,11347.0,141.8375,2.90843185946963,59,15200.0,0.10930203271325811,59,15200.0
710.0,61,11644.0,149.28205128205127,2.8710482216993567,61,15490.0,0.08235645772827518,61,15490.0
715.0,61,11949.0,155.1818181818182,2.6854220293822384,61,15795.0,0.07868192619929364,61,15795.0
720.0,58,12211.0,171.98591549295776,1.7556223743620478,58,16066.0,0.0711977039206334,58,16066.0
725.0,58,12501.0,164.48684210526315,2.404309727501149,58,16347.0,0.11038703569345679,58,16347.0
730.0,64,12811.0,170.81333333333333,1.90099937523893,64,16657.0,0.06603934583517755,64,16657.0
735.0,60,13095.0,170.06493506493507,1.6193933278806318,60,16953.0,0.08625167177310007,60,16953.0
740.0,61,13399.0,178.65333333333334,2.1332108633841727,61,17245.0,0.08896151540017497,61,17245.0
745.0,61,13704.0,169.1851851851852,2.764104116936318,61,17550.0,0.08904185354240375,61,17550.0
750.0,63,14017.0,182.03896103896105,2.3436287892940086,63,17863.0,0.07963539356666796,63,17863.0
755.0,63,14332.0,186.12987012987014,2.232441812827489,63,18178.0,0.0706520471462521,63,18178.0
760.0,60,14595.0,194.6,2.139471931947332,60,18455.0,0.09307215614183643,60,18455.0
765.0,62,14897.0,196.01315789473685,1.9598382486723878,62,18743.0,0.08090124985046004,62,18743.0
770.0,64,15212.0,197.55844155844156,2.137462241750404,64,19058.0,0.0786061751779141,64,19058.0
775.0,64,15532.0,201.71428571428572,1.6323996665463991,64,19378.0,0.08391027805046612,64,19378.0
780.0,68,15867.0,211.56,1.1305326369358044,68,19713.0,0.05889954371402546,68,19713.0
785.0,65,16117.0,201.4625,1.5015552836330812,65,20011.0,0.08000262976207911,65,20011.0
790.0,60,16395.0,207.53164556962025,2.2540562741022923,60,20269.0,0.0964807391860279,60,20269.0
795.0,62,16699.0,194.17441860465115,3.1768925088849413,62,20545.0,0.13358275211678328,62,20545.0
800.0,62,17009.0,204.9277108433735,2.769582367676626,62,20855.0,0.08096026714487868,62,20855.0
805.0,64,17328.0,208.7710843373494,2.6254218358550703,64,21174.0,0.12214641574342601,64,21174.0
810.0,65,17651.0,226.2948717948718,1.831349699965392,65,21497.0,0.0873303137073675,65,21497.0
815.0,66,17981.0,224.7625,1.774748223708513,66,21827.0,0.08467106974864214,66,21827.0
820.0,68,18319.0,228.9875,1.7846289600046195,68,22165.0,0.0744865867200701,68,22165.0
825.0,68,18659.0,224.80722891566265,2.1296572607577384,68,22505.0,0.10377627212969379,68,22505.0
830.0,70,19003.0,237.5375,1.601102809075688,70,22849.0,0.07618486875341861,70,22849.0
835.0,70,19353.0,236.0121951219512,1.872653433273391,70,23199.0,0.07600347104891554,70,23199.0
840.0,65,19499.0,240.7283950617284,1.4976470318562065,65,23450.0,0.05967134809857691,65,23450.0
845.0,63,19790.0,235.5952380952381,2.6687362663175502,63,23661.0,0.11634874554845953,63,23661.0
850.0,66,20109.0,242.27710843373495,2.394402157960821,66,23955.0,0.0771461663759874,66,23955.0
855.0,63,20406.0,242.92857142857142,2.1435357701083424,63,24264.0,0.07920883823485608,63,24264.0
860.0,63,20721.0,252.6951219512195,2.429436272922259,63,24567.0,0.08770711073389509,63,24567.0
865.0,63,21036.0,256.5365853658537,2.693426453596,63,24882.0,0.1063907686349191,63,24882.0
870.0,65,21360.0,257.34939759036143,2.5736930329280425,65,25206.0,0.08256773675088958,65,25206.0
875.0,67,21691.0,281.7012987012987,1.617156022732276,67,25537.0,0.05679738373211106,67,25537.0
880.0,69,22031.0,278.873417721519,1.6922277775462153,69,25877.0,0.07424570500351506,69,25877.0
885.0,69,22376.0,286.87179487179486,1.3963057121799431,69,26222.0,0.06738986896227522,69,26222.0
890.0,65,22613.0,272.4457831325301,1.578095867843867,65,26504.0,0.08316733122721301,65,26504.0
895.0,67,22944.0,283.25925925925924,2.000058382567703,67,26793.0,0.07948894140464251,67,26793.0
900.0,68,23281.0,277.1547619047619,1.9087392384516686,68,27127.0,0.058832300162394595,68,27127.0
905.0,65,23575.0,287.5,1.6919125850223693,65,27445.0,0.07464354156141287,65,27445.0
910.0,65,23895.0,287.89156626506025,2.2159811192852388,65,27746.0,0.09751652098128716,65,27746.0
915.0,67,24222.0,288.35714285714283,2.55761360854033,67,28068.0,0.079174216497408,67,28068.0
920.0,65,24532.0,288.61176470588236,2.2964264552981626,65,28382.0,0.08317638413784376,65,28382.0
925.0,68,24868.0,307.01234567901236,1.996259413335299,68,28714.0,0.07406565852994168,68,28714.0
930.0,71,25212.0,303.7590361445783,1.6627097535719888,71,29058.0,0.07212325306348562,71,29058.0
935.0,66,25500.0,310.9756097560976,1.4265099369925618,66,29380.0,0.057960786155940185,66,29380.0
940.0,66,25815.0,300.1744186046512,2.2830213975701805,66,29671.0,0.11177630379342889,66,29671.0
945.0,68,26151.0,304.0813953488372,2.619133337709955,68,29997.0,0.07422519230271621,68,29997.0
950.0,69,26492.0,301.04545454545456,2.697124222467372,69,30338.0,0.09854625456245482,69,30338.0
955.0,70,26842.0,327.3414634146341,1.8863878364694335,70,30688.0,0.07612645958050637,70,30688.0
960.0,70,27192.0,327.6144578313253,1.8544885252330505,70,31038.0,0.07111919935906302,70,31038.0
965.0,66,27456.0,334.8292682926829,1.850009250310195,66,31334.0,0.0821646819651771,66,31334.0
970.0,66,27786.0,330.7857142857143,2.2584629503406393,66,31632.0,0.09211439341794171,66,31632.0
975.0,70,28128.0,334.85714285714283,2.140427900810889,70,31974.0,0.07446952591429848,70,31974.0
980.0,66,28446.0,338.64285714285717,1.836249721450019,66,32302.0,0.08727805181188443,66,32302.0
985.0,66,28776.0,346.69879518072287,2.2263887440722394,66,32622.0,0.08815306332474111,66,32622.0
990.0,68,29115.0,338.54651162790697,2.7160062196098926,68,32961.0,0.09902193799159817,68,32961.0
995.0,66,29436.0,358.9756097560976,2.127166924203631,66,33282.0,0.07013805458981108,66,33282.0
1000.0,67,29771.0,358.68674698795184,2.1573069298032075,67,33617.0,0.09435382882454914,67,33617.0
1005.0,71,30118.0,371.82716049382714,1.6016648747282873,71,33964.0,0.07454401357032306,71,33964.0
1010.0,71,30473.0,362.7738095238095,1.584763313237919,71,34319.0,0.08127466576330697,71,34319.0
1015.0,70,30767.0,361.9647058823529,1.5210605927883434,70,34647.0,0.07792759343302336,70,34647.0
1020.0,68,31098.0,365.8588235294118,1.6711958062028507,68,34942.0,0.07166742746318383,68,34942.0
1025.0,70,31445.0,353.314606741573,2.6369096100612115,70,35269.0,0.0806749943598018,70,35269.0
1030.0,65,29127.0,334.7931034482759,2.4477974107005256,65,34233.0,0.09921785723061893,65,34233.0
1035.0,59,25033.0,287.735632183908,2.6989126103537773,59,31870.0,0.1110773297664722,59,31870.0
1040.0,53,21807.0,256.5529411764706,3.246891854634958,53,28395.0,0.12017258863954561,53,28395.0
1045.0,44,18073.0,215.1547619047619,3.1304276109332285,44,28599.0,0.15571498228479674,44,28599.0
1050.0,43,16203.0,202.5375,2.9221898962433412,43,28771.0,0.13630044209278316,43,28771.0
1055.0,51,16438.0,191.13953488372093,3.286287531244434,51,28990.0,0.12223358451050256,51,28990.0
1060.0,59,16715.0,194.36046511627907,2.496212250284608,59,29257.0,0.09463925654039088,59,29257.0
1065.0,65,17025.0,195.68965517241378,1.9778879977981796,65,29558.0,0.07173784708688505,65,29558.0
1070.0,74,17377.0,197.4659090909091,1.5054290504859658,74,29900.0,0.05840991465476932,74,29900.0
1075.0,78,17758.0,197.3111111111111,1.7783735849520406,78,30272.0,0.06744796701514116,78,30272.0
1080.0,79,18149.0,206.23863636363637,1.3063003507278597,79,30653.0,0.046522419829715125,79,30653.0
1085.0,80,18549.0,201.6195652173913,1.497359671526493,80,31043.0,0.06452726658755364,80,31043.0
1090.0,82,18959.0,206.07608695652175,1.1907909701761488,82,31433.0,0.04405172631298773,82,31433.0
1095.0,84,19378.0,206.14893617021278,1.3612433728673181,84,31832.0,0.05759972372883253,84,31832.0
1100.0,84,19798.0,210.61702127659575,1.1273362209812687,84,32232.0,0.0427155368241587,84,32232.0
1105.0,80,19799.0,199.989898989899,1.4373260068531415,80,32467.0,0.07585876628477307,80,32467.0
1110.0,74,19906.0,207.35416666666666,1.8095477827245494,74,32579.0,0.08721484486821415,74,32579.0
1115.0,76,20278.0,202.78,2.436544447874438,76,32703.0,0.0805647609362078,76,32703.0
1120.0,74,20598.0,208.06060606060606,1.9082371089772079,74,33036.0,0.06582227351886018,74,33036.0
1125.0,76,20965.0,213.92857142857142,2.2042731390928205,76,33356.0,0.08788812684711184,76,33356.0
1130.0,78,21348.0,222.375,2.4544233308087375,78,33713.0,0.06608649261699455,78,33713.0
1135.0,78,21738.0,228.82105263157894,2.1899155279932474,78,34083.0,0.06927551790543215,78,34083.0
1140.0,75,22017.0,244.63333333333333,1.4148443997751143,75,34374.0,0.05073167888246864,75,34374.0
1145.0,71,22346.0,240.27956989247312,2.333283069173147,71,34628.0,0.1054417394967902,71,34628.0
1150.0,74,22711.0,249.57142857142858,2.2461910525320645,74,34945.0,0.06684813527932695,74,34945.0
1155.0,70,23040.0,242.52631578947367,2.1316856728972318,70,35272.0,0.08709585334503028,70,35272.0
1160.0,73,23400.0,257.14285714285717,2.297618978607699,73,35589.0,0.0862412986724687,73,35589.0
1165.0,73,23765.0,252.81914893617022,2.7413831310527095,73,35924.0,0.09930279261321408,73,35924.0
1170.0,75,24137.0,268.18888888888887,2.227850762233642,75,36266.0,0.07007044780334382,75,36266.0
1175.0,75,24512.0,275.4157303370786,1.8863392365680587,75,36611.0,0.07272579286046406,75,36611.0
1180.0,73,24837.0,285.48275862068965,1.5889188931515548,73,36924.0,0.07289923561329943,73,36924.0
1185.0,73,25202.0,280.02222222222224,2.0682981380366576,73,37241.0,0.0903039562035536,73,37241.0
1190.0,76,25577.0,284.18888888888887,1.8494795321695219,76,37586.0,0.06973206723669183,76,37586.0
1195.0,72,25915.0,287.94444444444446,1.5647499814561638,72,37909.0,0.06209798816173313,72,37909.0
1200.0,72,26275.0,302.01149425287355,1.8286974335907444,72,38224.0,0.07601212420227432,72,38224.0
1205.0,74,26640.0,292.74725274725273,2.5302636527387166,74,38559.0,0.08140327121239047,74,38559.0
1210.0,74,26997.0,303.3370786516854,1.9711225885740817,74,38886.0,0.06713690926079449,74,38886.0
1215.0,74,27367.0,314.5632183908046,1.8248722269740256,74,39226.0,0.08553445840635245,74,39226.0
1220.0,76,27742.0,315.25,1.4354492614141654,76,39571.0,0.06392383289337611,76,39571.0
1225.0,78,28132.0,319.6818181818182,1.1047453448038813,78,39931.0,0.05791482708427528,78,39931.0
1230.0,78,28451.0,309.25,1.3552586728631397,78,40255.0,0.0696206122538391,78,40255.0
1235.0,74,28809.0,313.14130434782606,1.8832922681716422,74,40543.0,0.052883583241260725,74,40543.0
1240.0,76,29186.0,304.0208333333333,2.675280920044235,76,40871.0,0.0793719673442714,76,40871.0
1245.0,76,29566.0,324.9010989010989,2.154941684517622,76,41211.0,0.06408456054868159,76,41211.0
1250.0,74,29919.0,325.20652173913044,1.9490319261499425,74,41524.0,0.07873043544260172,74,41524.0
1255.0,77,30299.0,344.3068181818182,1.5381610126773884,77,41864.0,0.05453972818556837,77,41864.0
1260.0,80,30690.0,337.25274725274727,1.5090122774187393,80,42215.0,0.04312637365252478,80,42215.0
1265.0,75,31036.0,348.7191011235955,1.081682581676718,75,42545.0,0.049054697580855025,75,42545.0
1270.0,74,31399.0,337.6236559139785,2.163022874519767,74,42851.0,0.084371915613111,74,42851.0
1275.0,75,31770.0,341.61290322580646,2.423878222964088,75,43175.0,0.06835635350008655,75,43175.0
1280.0,70,30743.0,334.1630434782609,2.0630638165534174,70,41877.0,0.08660309415119692,70,41877.0
1285.0,64,29009.0,329.64772727272725,2.0603373233964417,64,38993.0,0.09553843387933758,64,38993.0
1290.0,60,27261.0,296.3152173913044,3.050328367321934,60,35482.0,0.11933066778520349,60,35482.0
1295.0,48,25450.0,285.9550561797753,2.857757463856901,48,34946.0,0.1206471145841655,48,34946.0
1300.0,49,24547.0,269.74725274725273,3.1510680004474856,49,35111.0,0.15591806192185945,49,35111.0
1305.0,56,24815.0,269.7282608695652,3.0125137797387835,56,35323.0,0.11392485104102076,56,35323.0
1310.0,64,25113.0,256.2551020408163,2.556229975797112,64,35571.0,0.1042653694873735,64,35571.0
1315.0,72,25454.0,265.1458333333333,1.8747869365049574,72,35863.0,0.06825384065454286,72,35863.0
1320.0,80,25830.0,266.2886597938144,1.4075888308516564,80,36189.0,0.05506867858203033,80,36189.0
1325.0,86,26246.0,273.3958333333333,1.3869927807936115,86,36556.0,0.059178833011427935,86,36556.0
1330.0,86,26676.0,269.45454545454544,1.3677256813904652,86,36936.0,0.05459157916615751,86,36936.0
1335.0,82,26818.0,270.8888888888889,1.6771385889442103,82,37197.0,0.06661694829964043,82,37197.0
1340.0,76,27107.0,265.7549019607843,2.429657004772522,76,37338.0,0.08629357020617588,76,37338.0
1345.0,79,27497.0,274.97,2.4614180821605767,79,37607.0,0.07899500706013653,79,37607.0
1350.0,76,27867.0,278.67,2.19409958447411,76,37935.0,0.08363482504024976,76,37935.0
1355.0,78,28257.0,297.4421052631579,2.1029270267024547,78,38267.0,0.0642795606047175,78,38267.0
1360.0,79,28652.0,292.3673469387755,2.38873378541647,79,38612.0,0.0816032364880927,79,38612.0
1365.0,80,29052.0,312.38709677419354,1.7381174612838917,80,38962.0,0.055695617305142754,80,38962.0
1370.0,82,29456.0,316.73118279569894,1.623475190136209,82,39316.0,0.06519233542771163,82,39316.0
1375.0,82,29866.0,324.6304347826087,1.473786218778234,82,39666.0,0.0644234799674612,82,39666.0
1380.0,76,22509.0,244.66304347826087,1.2913255090452345,76,38010.0,0.06683374927481003,76,38010.0
1385.0,72,13635.0,143.52631578947367,1.964083354007359,72,34352.0,0.09086067255244457,72,34352.0
1390.0,64,7546.0,78.60416666666667,2.797483615604227,64,28715.0,0.10851631303058863,64,28715.0
1395.0,58,4502.0,46.895833333333336,2.6659946964912065,58,29002.0,0.13178526155913928,58,29002.0
1400.0,57,3771.0,40.11702127659574,3.087313421956302,57,29259.0,0.15395534830251995,57,29259.0
1405.0,63,4070.0,42.395833333333336,2.8342286947284445,63,29557.0,0.10696754543358214,63,29557.0
1410.0,70,4409.0,48.45054945054945,1.8021866302998633,70,29896.0,0.06985639067743524,70,29896.0
1415.0,77,4780.0,53.111111111111114,1.4239884630534987,77,30267.0,0.04343568610564226,77,30267.0
1420.0,80,5179.0,57.544444444444444,1.4643925373659057,80,30666.0,0.05356712278724455,80,30666.0
1425.0,80,5579.0,61.98888888888889,1.181027813894049,80,31066.0,0.043834874680292873,80,31066.0
1430.0,82,5988.0,65.8021978021978,1.302588272006466,82,31475.0,0.06477160281551081,82,31475.0
1435.0,82,6398.0,68.79569892473118,1.409267364929146,82,31885.0,0.05555102792467987,82,31885.0
1440.0,78,6325.0,68.75,1.293597601750459,78,32115.0,0.04681659591962305,78,32115.0
1445.0,70,6303.0,64.97938144329896,2.0383614205931915,70,32173.0,0.09370849627454135,70,32173.0
1450.0,72,6644.0,69.20833333333333,2.611422542171973,72,32225.0,0.09019284379255428,72,32225.0
1455.0,69,6961.0,70.31313131313131,2.262840755635947,69,32547.0,0.0869355471205978,69,32547.0
1460.0,75,7326.0,78.7741935483871,2.1043964947080647,75,32887.0,0.07619266415767431,75,32887.0
1465.0,78,7710.0,80.3125,2.48391254682623,78,33261.0,0.06710150974603488,78,33261.0
1470.0,72,8016.0,87.1304347826087,2.2304777765773007,72,33549.0,0.0755728062410975,72,33549.0
1475.0,69,8322.0,93.50561797752809,1.867869437481207,69,33783.0,0.07357008771766016,69,33783.0
1480.0,72,8678.0,96.42222222222222,2.4845771651779143,72,34091.0,0.07729800314736801,72,34091.0
1485.0,68,9000.0,100.0,2.099442854793046,68,34416.0,0.07348623190848094,68,34416.0
1490.0,69,9341.0,107.36781609195403,2.364862871423378,69,34734.0,0.07763140877142113,69,34734.0
1495.0,70,9691.0,110.125,2.6272809913941457,70,35074.0,0.09057393258940682,70,35074.0
1500.0,66,8822.0,107.58536585365853,1.5641185718852504,66,33577.0,0.0611973872570753,66,33577.0
1505.0,59,7150.0,83.13953488372093,2.5299073231034903,59,30408.0,0.11348807384249222,59,30408.0
1510.0,54,5864.0,70.65060240963855,3.174079971663481,54,25536.0,0.11936321769608337,54,25536.0
1515.0,43,4293.0,49.3448275862069,3.304301162325648,43,25736.0,0.16534653599488403,43,25736.0
1520.0,45,3539.0,43.15853658536585,3.337804482830063,45,25899.0,0.16407644707136793,45,25899.0
1525.0,52,3784.0,42.044444444444444,3.449877628967951,52,26124.0,0.1423901158768561,52,26124.0
1530.0,60,4066.0,45.17777777777778,2.5895962214003054,60,26386.0,0.09472471358509199,60,26386.0
1535.0,67,4382.0,48.68888888888889,1.8444038501150648,67,26682.0,0.07252794201210322,67,26682.0
1540.0,75,4741.0,52.67777777777778,1.5124419187256177,75,27022.0,0.06891513450738472,75,27022.0
1545.0,80,5135.0,55.215053763440864,1.6543573002706973,80,27396.0,0.07188961505615711,80,27396.0
1550.0,82,5540.0,60.21739130434783,1.4426609043605596,82,27781.0,0.06414535168277496,82,27781.0
1555.0,76,5626.0,60.494623655913976,1.4922140728256652,76,28034.0,0.07395845113862683,76,28034.0
1560.0,73,5866.0,63.76086956521739,1.701912695422196,73,28191.0,0.06980946592881968,73,28191.0
1565.0,74,6236.0,64.95833333333333,2.9242712199535625,74,28417.0,0.101090427806181,74,28417.0
1570.0,74,6563.0,69.81914893617021,2.136282796673416,74,28745.0,0.06698686098638836,74,28745.0
1575.0,74,6927.0,75.29347826086956,2.114084110440804,74,29070.0,0.08047844825423735,74,29070.0
1580.0,74,7297.0,79.31521739130434,2.603850059553451,74,29418.0,0.07083955301161754,74,29418.0
1585.0,74,7667.0,83.33695652173913,2.2934569935519127,74,29768.0,0.06525771468805898,74,29768.0
1590.0,78,8051.0,89.45555555555555,1.8596779103211911,78,30122.0,0.06706617522492271,78,30122.0
1595.0,78,8441.0,98.15116279069767,1.080240835869864,78,30482.0,0.041414760259899756,78,30482.0
1600.0,80,8835.0,98.16666666666667,1.4176928198166887,80,30846.0,0.060256204193614986,80,30846.0
1605.0,74,8703.0,97.78651685393258,1.423975227169881,74,29388.0,0.06509074160635506,74,29388.0
1610.0,65,8208.0,89.21739130434783,2.1462241270685105,65,27668.0,0.09936698832087906,65,27668.0
1615.0,62,7875.0,85.59782608695652,2.950822268143444,62,24920.0,0.09846494398609193,62,24920.0
1620.0,54,7405.0,81.37362637362638,2.6156819726163336,54,25161.0,0.11848212985158225,54,25161.0
1625.0,54,7266.0,82.56818181818181,2.826289549522132,54,25376.0,0.14212732306825698,54,25376.0
1630.0,61,7553.0,80.35106382978724,2.8340499137583053,61,25631.0,0.09434953841039397,61,25631.0
1635.0,68,7879.0,83.81914893617021,2.147645766896186,68,25927.0,0.09149225305493648,68,25927.0
1640.0,76,8241.0,84.95876288659794,1.6059197618974095,76,26259.0,0.052956849858047564,76,26259.0
1645.0,84,8642.0,88.18367346938776,1.338962514023953,84,26631.0,0.06006489333849232,84,26631.0
1650.0,88,9079.0,90.79,1.4859024653588275,88,27038.0,0.0637057769701283,88,27038.0
1655.0,89,9521.0,97.15306122448979,1.0673942872553595,89,27450.0,0.03808132831726763,89,27450.0
1660.0,84,9462.0,90.98076923076923,1.2346895920739605,84,27675.0,0.06497364096077524,84,27675.0
1665.0,81,9448.0,92.62745098039215,1.532839598635939,81,27727.0,0.0634371190050597,81,27727.0
1670.0,80,9817.0,90.89814814814815,2.4923173679623765,80,27765.0,0.0921783163847661,80,27765.0
1675.0,78,10163.0,97.72115384615384,2.0333519165118528,78,28101.0,0.08219767187560591,78,28101.0
1680.0,81,10552.0,101.46153846153847,1.943037086688982,81,28428.0,0.06754198334929255,81,28428.0
1685.0,84,10970.0,107.54901960784314,2.366549732081863,84,28798.0,0.06442894197102879,84,28798.0
1690.0,78,10972.0,107.56862745098039,1.783640991348806,78,28021.0,0.051189266597980065,78,28021.0
1695.0,74,10706.0,108.14141414141415,2.1593245462912094,74,26987.0,0.08368027641856751,74,26987.0
1700.0,66,10550.0,105.5,2.8040934774401696,66,25251.0,0.09853839195737285,66,25251.0
1705.0,57,10200.0,104.08163265306122,2.8116111159595065,57,25497.0,0.13223481993161942,57,25497.0
1710.0,57,10231.0,105.47422680412372,2.8744307043712687,57,25709.0,0.1426700565819016,57,25709.0
1715.0,65,10535.0,107.5,2.764596064304904,65,25968.0,0.0991618738505265,65,25968.0
1720.0,72,10882.0,104.63461538461539,2.5064699879058576,72,26275.0,0.10882704349098202,72,26275.0
1725.0,72,11146.0,112.58585858585859,1.2168125824436966,72,25888.0,0.05389454339719266,72,25888.0
1730.0,74,11373.0,107.29245283018868,1.997383746604662,74,25410.0,0.07474069870223751,74,25410.0
1735.0,76,11654.0,110.99047619047619,2.388941577366733,76,24958.0,0.08546029918561113,76,24958.0
1740.0,65,11858.0,115.12621359223301,2.298348968236555,65,25237.0,0.1016711909784523,65,25237.0
1745.0,65,12129.0,117.75728155339806,2.7082816992012417,65,25486.0,0.12556019181030878,65,25486.0
1750.0,72,12472.0,117.66037735849056,2.4378828677907696,72,25779.0,0.0853617077576933,72,25779.0
1755.0,79,12854.0,119.01851851851852,2.1845679907456574,79,26112.0,0.07932560175185138,79,26112.0
1760.0,87,13269.0,122.86111111111111,1.4185224600610136,87,26477.0,0.0463132634197253,87,26477.0
1765.0,96,13727.0,124.7909090909091,1.2682332180203428,96,26887.0,0.05331735345340056,96,26887.0
1770.0,100,14212.0,131.59259259259258,0.7930428245632226,100,27324.0,0.029601563205117976,100,27324.0
1775.0,102,14720.0,133.8181818181818,0.8625181324810633,102,27782.0,0.02847086100989101,102,27782.0
1780.0,102,15230.0,135.98214285714286,1.0305752317672146,102,28242.0,0.039875957747653894,102,28242.0
1785.0,104,15746.0,140.58928571428572,0.8769265487484443,104,28708.0,0.03942787376035719,104,28708.0
1790.0,104,16266.0,142.68421052631578,1.16031508961586,104,29178.0,0.051887299534380114,104,29178.0
1795.0,100,16070.0,136.1864406779661,1.2634416697147057,100,29337.0,0.03793004262438564,100,29337.0
1800.0,93,15600.0,136.8421052631579,1.5947335819565522,93,29112.0,0.05179849595042128,93,29112.0
1805.0,86,15480.0,131.1864406779661,2.2240586864185863,86,28935.0,0.07674262838669743,86,28935.0
1810.0,79,15706.0,137.7719298245614,1.9667257458031395,79,29264.0,0.08553103746663525,79,29264.0
1815.0,84,16111.0,138.88793103448276,2.3434339314910315,84,29594.0,0.0955021263447345,84,29594.0
1820.0,90,16547.0,147.74107142857142,1.731715967867357,90,29970.0,0.04330188660039143,90,29970.0
1825.0,95,17013.0,149.23684210526315,1.865129297907665,95,30376.0,0.06388510150165369,95,30376.0
1830.0,98,17501.0,162.0462962962963,1.0414511937900452,98,30804.0,0.0413147326407846,98,30804.0
1835.0,100,17999.0,163.62727272727273,1.125359391456621,100,31242.0,0.03471973965291637,100,31242.0
1840.0,94,18322.0,166.56363636363636,1.3054650220858046,94,31422.0,0.05797266316231274,94,31422.0
1845.0,86,18519.0,163.8849557522124,1.8432249813099448,86,31376.0,0.06776394503037698,86,31376.0
1850.0,80,18761.0,167.50892857142858,2.5222456058727722,80,31254.0,0.0937920230575273,80,31254.0
1855.0,77,19123.0,172.27927927927928,1.9954928827068223,77,31572.0,0.09046521872129566,77,31572.0
1860.0,83,19526.0,180.7962962962963,1.8995370067709605,83,31904.0,0.05991362452445716,83,31904.0
1865.0,89,19961.0,181.46363636363637,2.1049158236540046,89,32279.0,0.06325260069454765,89,32279.0
1870.0,92,20418.0,194.45714285714286,1.3788435582788947,92,32676.0,0.03750440247483666,92,32676.0
1875.0,94,20885.0,195.18691588785046,1.5046160690208137,94,33077.0,0.06049271099940934,94,33077.0
1880.0,94,21355.0,205.33653846153845,1.0701014107131699,94,33477.0,0.04067583906074372,94,33477.0
1885.0,90,21659.0,198.70642201834863,1.6101245521878376,90,33701.0,0.08577842893191123,90,33701.0
1890.0,83,21844.0,206.0754716981132,1.6312895507537637,83,33788.0,0.07286675246384221,83,33788.0
1895.0,80,22190.0,201.72727272727272,2.3321560080253043,80,33843.0,0.08526327420201103,80,33843.0
1900.0,84,22604.0,209.2962962962963,2.533289384376721,84,34083.0,0.1032617768274271,84,34083.0
1905.0,80,22942.0,212.42592592592592,1.9626884023660107,80,34374.0,0.07271684451233215,80,34374.0
1910.0,82,23329.0,222.1809523809524,2.149420136803539,82,34665.0,0.08107106145573463,82,34665.0
1915.0,83,23744.0,230.5242718446602,2.4360165751054064,83,34993.0,0.07503603397962177,83,34993.0
1920.0,83,24159.0,241.59,1.9405384506605845,83,35338.0,0.0409876492621019,83,35338.0
1925.0,79,24468.0,247.15151515151516,1.8666073287217744,79,35616.0,0.07731698287815889,79,35616.0
1930.0,78,24828.0,258.625,1.7412815257400804,78,35857.0,0.07112867372755151,78,35857.0
1935.0,80,25228.0,254.82828282828282,2.137504586752648,80,36160.0,0.06516133418866771,80,36160.0
1940.0,77,25584.0,261.0612244897959,1.9180350130830792,77,36465.0,0.06861142835046344,77,36465.0
1945.0,76,25962.0,276.1914893617021,1.852058565680667,76,36750.0,0.06564153519555589,76,36750.0
1950.0,78,26350.0,274.4791666666667,2.490657252817211,78,37056.0,0.06469020770300069,78,37056.0
1955.0,72,25451.0,273.6666666666667,2.1459001143404066,72,36615.0,0.060664749258231974,72,36615.0
1960.0,65,23700.0,252.12765957446808,2.4824605175756767,65,35723.0,0.09501223536863544,65,35723.0
1965.0,60,22360.0,248.44444444444446,3.005390482809139,60,34267.0,0.1085792894444766,60,34267.0
1970.0,50,20752.0,225.56521739130434,3.0028747925952883,50,34441.0,0.13488694298410908,50,34441.0
1975.0,52,19984.0,232.37209302325581,3.0516042713803593,52,34594.0,0.14131714570393417,52,34594.0
1980.0,58,20262.0,220.2391304347826,2.910640565737802,58,34791.0,0.09308723865605133,58,34791.0
1985.0,66,20579.0,223.68478260869566,1.982413877637743,66,35028.0,0.08301023641017494,66,35028.0
1990.0,71,20923.0,224.9784946236559,1.3447125231022437,71,35292.0,0.05015068267423237,71,35292.0
1995.0,81,21312.0,222.0,1.3809805139168032,81,35601.0,0.0634617518534196,81,35601.0
2000.0,86,21733.0,224.05154639175257,1.356136401238595,86,35942.0,0.052989487390134225,86,35942.0
2005.0,82,21960.0,224.08163265306123,1.5020202989695102,82,35655.0,0.06646026565712343,82,35655.0
2010.0,73,22042.0,220.42,2.250397879593869,73,34952.0,0.09929483366992266,73,34952.0
2015.0,69,22155.0,226.07142857142858,2.7116507957312908,69,33736.0,0.08948314268140807,69,33736.0
2020.0,61,22266.0,222.66,2.704137554155906,61,33951.0,0.12503552770820467,61,33951.0
2025.0,59,22407.0,240.93548387096774,2.3451578927073298,59,34138.0,0.11483882210333751,59,34138.0
2030.0,68,22735.0,222.8921568627451,2.672639077970178,68,34376.0,0.12306259783203315,68,34376.0
2035.0,75,23096.0,226.4313725490196,1.830056320110517,75,34647.0,0.0661819522027692,75,34647.0
2040.0,85,23499.0,225.95192307692307,1.5334821573986361,85,34960.0,0.06313183328885699,85,34960.0
2045.0,91,23939.0,225.83962264150944,1.441049648246946,91,35310.0,0.05870604737093144,91,35310.0
2050.0,94,24407.0,230.25471698113208,1.1647100855473467,94,35688.0,0.05102985996200287,94,35688.0
2055.0,90,24681.0,230.66355140186917,1.5448556007867553,90,35507.0,0.06378921458824063,90,35507.0
2060.0,80,24802.0,229.64814814814815,1.7494694616236137,80,34512.0,0.06207422443476342,80,34512.0
2065.0,78,24974.0,231.24074074074073,2.581752752163577,78,33515.0,0.09806021552999289,78,33515.0
2070.0,67,25062.0,234.22429906542055,2.4349556804050465,67,33767.0,0.12026673862061871,67,33767.0
2075.0,70,25270.0,245.3398058252427,2.3998114142982674,70,34008.0,0.09793938791076835,70,34008.0
2080.0,77,25641.0,235.23853211009174,2.5957308838563895,77,34289.0,0.10906337261517557,77,34289.0
2085.0,86,26051.0,241.21296296296296,1.599321814962384,86,34609.0,0.06222172122542395,86,34609.0
2090.0,91,26495.0,240.86363636363637,1.2033286582474134,91,34953.0,0.06527666241896204,91,34953.0
2095.0,100,26974.0,238.7079646017699,0.9962550547506223,100,35336.0,0.03556245229556086,100,35336.0
2100.0,104,27490.0,243.27433628318585,1.0040307296838833,104,35754.0,0.04430878883031664,104,35754.0
2105.0,98,27802.0,239.67241379310346,1.0111552646897777,98,35577.0,0.043412369497629485,98,35577.0
2110.0,93,27978.0,241.18965517241378,1.5454834520759568,93,35524.0,0.05576242133339974,93,35524.0
2115.0,89,28199.0,236.96638655462183,2.3474541414679173,89,35457.0,0.08025177155779814,89,35457.0
2120.0,78,28321.0,244.14655172413794,1.955771014695062,78,35747.0,0.08011603964609702,78,35747.0
2125.0,77,28565.0,248.3913043478261,2.3661644334542147,77,35989.0,0.11493123313816082,77,35989.0
2130.0,86,28974.0,247.64102564102564,2.0453500081344105,86,36298.0,0.059493951029425875,86,36298.0
2135.0,92,29424.0,249.35593220338984,1.678588395516345,92,36648.0,0.050402718621051626,92,36648.0
2140.0,100,29903.0,251.28571428571428,1.0780507064851121,100,37027.0,0.03800677096493678,100,37027.0
2145.0,107,30426.0,253.55,0.8818974167267563,107,37451.0,0.031464978989303484,107,37451.0
2150.0,112,30978.0,253.91803278688525,0.8859941992340666,112,37903.0,0.030955724637696896,112,37903.0
2155.0,114,31546.0,258.57377049180326,0.7717109051229178,114,38371.0,0.03509558527678849,114,38371.0
2160.0,108,30905.0,253.31967213114754,0.9885284164104502,108,38402.0,0.03659126815834924,108,38402.0
2165.0,98,29818.0,240.46774193548387,1.5933961825656118,98,37845.0,0.05505151166692292,98,37845.0
2170.0,94,29403.0,241.00819672131146,2.0399765118394897,94,37376.0,0.06623140997415314,94,37376.0
2175.0,82,29194.0,239.29508196721312,1.8904230353101021,82,37689.0,0.08550276638558427,82,37689.0
2180.0,84,29433.0,247.3361344537815,2.149676752364288,84,37976.0,0.08858837964031849,84,37976.0
2185.0,89,29868.0,244.81967213114754,2.084268414473483,89,38302.0,0.07188925262102944,89,38302.0
2190.0,96,30335.0,254.91596638655463,1.381622347593453,96,38659.0,0.04631960038719319,96,38659.0
2195.0,103,30833.0,259.10084033613447,1.1417178119642781,103,39047.0,0.0466530735853765,103,39047.0
2200.0,108,31365.0,265.8050847457627,0.86921106864869,108,39469.0,0.033925507413930286,108,39469.0
2205.0,110,31913.0,261.58196721311475,1.2776327390773714,110,39907.0,0.039737931459348286,110,39907.0
2210.0,104,32260.0,268.8333333333333,1.1307860995990893,104,39971.0,0.04542035525345249,104,39971.0
2215.0,99,32492.0,266.327868852459,1.4845757918298998,99,39701.0,0.05756089209607238,99,39701.0
2220.0,92,32715.0,272.625,2.1694727671822633,92,39241.0,0.0718970761137349,92,39241.0
2225.0,86,32942.0,270.0163934426229,2.4458524738479754,86,39033.0,0.09513037306700602,86,39033.0
2230.0,78,33215.0,283.8888888888889,2.357013131517637,78,39208.0,0.10745172688261755,78,39208.0
2235.0,82,33610.0,284.8305084745763,2.4909483334180003,82,39462.0,0.11206068055177713,82,39462.0
2240.0,89,34044.0,298.63157894736844,2.0286237608928026,89,39769.0,0.04829944840864829,89,39769.0
2245.0,90,34424.0,296.7586206896552,1.8910899270178678,90,39906.0,0.07002588984324935,90,39906.0
2250.0,86,34770.0,316.09090909090907,1.686894738766567,86,39903.0,0.06560364522807147,86,39903.0
2255.0,80,35136.0,313.7142857142857,2.337532214109312,80,39922.0,0.08769270480700371,80,39922.0
2260.0,80,35493.0,319.7567567567568,2.266767272303249,80,40183.0,0.09612979562172191,80,40183.0
2265.0,83,35898.0,329.3394495412844,2.037088440613593,83,40445.0,0.07478641010301335,83,40445.0
2270.0,90,36334.0,336.4259259259259,2.121322544765151,90,40760.0,0.055581565676769605,90,40760.0
2275.0,84,36696.0,346.188679245283,1.954759870340847,84,40982.0,0.07198573934723822,84,40982.0
2280.0,79,37014.0,359.3592233009709,1.8829319381853429,79,41086.0,0.05954442508813404,79,41086.0
2285.0,80,37414.0,359.75,2.683334127431878,80,41290.0,0.09616123951457775,80,41290.0
2290.0,79,37772.0,370.3137254901961,1.9809343338228773,79,41541.0,0.06268828819576794,79,41541.0
2295.0,81,38170.0,377.9207920792079,2.1300327720408654,81,41798.0,0.078002356509615,81,41798.0
2300.0,81,38575.0,389.64646464646466,2.3248738256476704,81,42079.0,0.06247993059203659,81,42079.0
2305.0,82,38981.0,401.8659793814433,1.8929659022633334,82,42355.0,0.061992022644817874,82,42355.0
2310.0,78,33904.0,356.88421052631577,1.4597907573754634,78,40654.0,0.0704120692032102,78,40654.0
2315.0,70,25170.0,270.64516129032256,1.7953846018764246,70,36970.0,0.06680946741007042,70,36970.0
2320.0,65,16436.0,167.71428571428572,2.927290812553532,65,31330.0,0.10944147615150154,65,31330.0
2325.0,56,10035.0,106.75531914893617,2.506621465412136,56,31536.0,0.10567727773031257,56,31536.0
2330.0,57,7785.0,81.94736842105263,2.8328735214571195,57,31712.0,0.14493441338951024,57,31712.0
2335.0,63,8084.0,84.20833333333333,2.726149505207052,63,31936.0,0.10492348077841335,63,31936.0
2340.0,71,8421.0,84.21,2.210820965476416,71,32203.0,0.07503365852474045,71,32203.0
2345.0,77,8794.0,89.73469387755102,1.4732155116831342,77,32506.0,0.06515072915145614,77,32506.0
2350.0,83,9197.0,90.16666666666667,1.3317008681341804,83,32839.0,0.03706687713823035,83,32839.0
2355.0,91,9646.0,95.5049504950495,1.2569509025674401,91,33218.0,0.057863285585296215,91,33218.0
2360.0,91,10101.0,98.06796116504854,1.3187086107468233,91,33603.0,0.05320128119683703,91,33603.0
2365.0,87,10129.0,98.33980582524272,1.4708057817703772,87,33825.0,0.0631546061301163,87,33825.0
2370.0,78,10197.0,96.19811320754717,1.9731949385958272,78,33886.0,0.07595766230199899,78,33886.0
2375.0,80,10585.0,102.76699029126213,2.4425293118848717,80,33947.0,0.07582682137776749,80,33947.0
2380.0,78,10949.0,104.27619047619048,2.0508615426728007,78,34254.0,0.08083086833603181,78,34254.0
2385.0,83,11357.0,113.57,1.9687461769554226,83,34579.0,0.06605769490679389,83,34579.0
2390.0,84,11775.0,114.32038834951456,2.306066496334307,84,34927.0,0.06760099486844878,84,34927.0
2395.0,85,12200.0,123.23232323232324,1.8669519544276403,85,35306.0,0.06211214469122719,85,35306.0
2400.0,86,12626.0,128.83673469387756,1.4833185504143294,86,35726.0,0.0511928561129037,86,35726.0
2405.0,82,12913.0,133.1237113402062,1.479211053190171,82,36055.0,0.06855171677137387,82,36055.0
2410.0,78,13234.0,133.67676767676767,1.8830430651445134,78,36270.0,0.07491897144602656,78,36270.0
2415.0,81,13633.0,136.33,2.389994728802051,81,36560.0,0.07184590038006732,81,36560.0
2420.0,78,13990.0,141.31313131313132,1.935117436215231,78,36857.0,0.07420287005337,78,36857.0
2425.0,77,14373.0,149.71875,2.077267810082159,77,37143.0,0.0868032745636262,77,37143.0
2430.0,79,14767.0,150.68367346938774,2.4843076870465706,79,37454.0,0.09186078103409166,79,37454.0
2435.0,79,15162.0,161.29787234042553,1.9255456788109517,79,37769.0,0.052234327755801356,79,37769.0
2440.0,81,15565.0,165.58510638297872,1.7497787109634997,81,38092.0,0.06861095880890769,81,38092.0
2445.0,76,15887.0,172.68478260869566,1.5790991506738754,76,38367.0,0.0682082906091408,76,38367.0
2450.0,77,16272.0,174.96774193548387,1.8399511192245916,77,38631.0,0.07853474456142241,77,38631.0
2455.0,81,16668.0,177.31914893617022,1.7376769916946915,81,38937.0,0.0667869291325503,81,38937.0
2460.0,81,17073.0,185.57608695652175,1.171254236326557,81,39252.0,0.05057635406875021,81,39252.0
2465.0,79,17414.0,187.247311827957,1.2310007589584804,79,39537.0,0.06851843934749756,79,39537.0
2470.0,77,17791.0,187.2736842105263,1.788079031573329,77,39798.0,0.06790797691009692,77,39798.0
2475.0,79,18180.0,185.51020408163265,2.481584890112995,79,40089.0,0.07778657654528566,79,40089.0
2480.0,76,18547.0,195.23157894736843,2.2153600931427375,76,40372.0,0.08544915387764895,76,40372.0
2485.0,80,18937.0,201.45744680851064,1.6805509541466337,80,40666.0,0.06588011648052014,80,40666.0
2490.0,81,19341.0,210.22826086956522,1.144411472090733,81,40980.0,0.04464302674352992,81,40980.0
2495.0,79,17510.0,186.27659574468086,1.3286707808492255,79,40382.0,0.06701391165022624,79,40382.0
2500.0,71,14181.0,152.48387096774192,1.7617762668914412,71,38520.0,0.06455561431560683,71,38520.0
2505.0,67,11584.0,119.42268041237114,3.1523755251656866,67,36652.0,0.11302152658006193,67,36652.0
2510.0,57,8817.0,94.80645161290323,2.397818680139227,57,36387.0,0.10000652113921811,57,36387.0
2515.0,51,6792.0,73.82608695652173,3.0425017428563566,51,36472.0,0.15889804674975389,51,36472.0
2520.0,56,7048.0,74.97872340425532,2.825233139547967,56,36557.0,0.09734816286829517,56,36557.0
2525.0,63,7352.0,73.52,3.2973932168505127,63,36738.0,0.12382086605077679,63,36738.0
2530.0,69,7682.0,79.19587628865979,2.3553343180605038,69,36964.0,0.07312294096373408,69,36964.0
2535.0,78,8053.0,81.34343434343434,2.0493658011031126,78,37236.0,0.06442370572264473,78,37236.0
2540.0,84,8466.0,88.1875,1.6434354281379118,84,37549.0,0.05978194863066302,84,37549.0
2545.0,84,8886.0,89.75757575757575,1.7905228040872574,84,37869.0,0.0605979301947327,84,37869.0
2550.0,80,7962.0,83.81052631578947,1.423432482175333,80,36213.0,0.06458312132591351,80,36213.0
2555.0,71,6139.0,63.947916666666664,1.7393519603776788,71,32564.0,0.08241824975085742,71,32564.0
2560.0,68,4743.0,48.39795918367347,2.9236919082632213,68,26976.0,0.11314893205431506,68,26976.0
2565.0,56,2871.0,29.29591836734694,2.59042142390402,56,27224.0,0.11793907779769941,56,27224.0
2570.0,60,2301.0,24.221052631578946,2.799709144962581,60,27461.0,0.12875818912804465,60,27461.0
2575.0,66,2615.0,26.15,2.766879085049047,66,27735.0,0.10884011040035205,66,27735.0
2580.0,76,2972.0,29.72,1.758167366009169,76,28052.0,0.061715536812443746,76,28052.0
2585.0,82,3360.0,32.62135922330097,1.605973921580345,82,28402.0,0.07976961732200358,82,28402.0
2590.0,88,3784.0,37.84,1.0247949878774967,88,28782.0,0.040786022765754514,88,28782.0
2595.0,92,4242.0,39.64485981308411,1.496619274683979,92,29190.0,0.07143029059318744,92,29190.0
2600.0,88,4177.0,40.16346153846154,1.1865426890756843,88,28606.0,0.053455152341291806,88,28606.0
2605.0,81,3756.0,34.45871559633027,2.187912690846367,81,27049.0,0.09852082754931606,81,27049.0
2610.0,77,3498.0,33.0,2.4856844881712647,77,24522.0,0.09341280959268566,77,24522.0
2615.0,69,3100.0,28.97196261682243,2.2932152416672777,69,24812.0,0.10460248005901929,69,24812.0
2620.0,68,3036.0,29.475728155339805,2.502118727597028,68,25079.0,0.12358936379515935,68,25079.0
2625.0,77,3399.0,31.18348623853211,2.5105213098946653,77,25391.0,0.09113218624312426,77,25391.0
2630.0,80,3081.0,27.756756756756758,1.9774492496637506,80,25481.0,0.07971098531770585,80,25481.0
2635.0,76,2703.0,24.572727272727274,1.6982552434806788,76,25263.0,0.05581213436065174,76,25263.0
2640.0,80,2857.0,25.508928571428573,2.301286520606014,80,25185.0,0.07748980266922131,80,25185.0
2645.0,79,3193.0,28.508928571428573,2.197872175918033,79,25508.0,0.09766994872239355,79,25508.0
2650.0,84,3599.0,33.018348623853214,1.8494474969519017,84,25835.0,0.0703883428728229,84,25835.0
2655.0,91,4036.0,36.69090909090909,2.2101634042787643,91,26222.0,0.06821959964578383,91,26222.0
2660.0,92,4495.0,42.405660377358494,1.4754184837865845,92,26631.0,0.03819108086459374,92,26631.0
2665.0,88,4843.0,46.12380952380953,1.4768648596388418,88,26858.0,0.058170667595716874,88,26858.0
2670.0,81,5111.0,49.14423076923077,1.620786281162624,81,26943.0,0.07229237890620689,81,26943.0
2675.0,80,5494.0,52.82692307692308,2.320597338353909,80,27045.0,0.07350175879050229,80,27045.0
2680.0,78,5852.0,55.20754716981132,2.017369520269839,78,27362.0,0.07974503222829786,78,27362.0
2685.0,83,6257.0,60.74757281553398,1.8944913038154823,83,27688.0,0.05183406977199798,83,27688.0
2690.0,86,6683.0,64.25961538461539,2.277438160439594,86,28054.0,0.05906815034783945,86,28054.0
2695.0,80,6336.0,63.36,1.9356563636914217,80,26469.0,0.06212540429930504,80,26469.0
2700.0,74,5464.0,55.755102040816325,1.98683766140275,74,22931.0,0.07320153175102519,74,22931.0
2705.0,68,4837.0,49.357142857142854,2.5787363048152625,68,17485.0,0.08663307389121305,68,17485.0
2710.0,60,4017.0,40.98979591836735,2.369122510501825,60,17708.0,0.09948995554270436,60,17708.0
2715.0,54,3448.0,35.916666666666664,2.949146508398829,54,17832.0,0.13690814655571676,54,17832.0
2720.0,64,3743.0,38.19387755102041,2.9374046344699587,64,18001.0,0.12207886456552344,64,18001.0
2725.0,64,3941.0,40.628865979381445,2.118512601000057,64,18280.0,0.07023291361593376,64,18280.0
2730.0,68,4198.0,44.189473684210526,2.3182002557224193,68,18528.0,0.09308673568123337,68,18528.0
2735.0,70,4546.0,49.41304347826087,2.3894904199468003,70,18799.0,0.05379971695968799,70,18799.0
2740.0,72,4904.0,51.62105263157895,2.961629427584068,72,19146.0,0.10662403528605288,72,19146.0
2745.0,74,5269.0,59.875,1.9656612943460539,74,19501.0,0.0629311368988463,74,19501.0
2750.0,76,5643.0,61.33695652173913,2.0816488360243044,76,19865.0,0.08846462924308361,76,19865.0
2755.0,76,6023.0,70.03488372093024,1.52174301385811,76,20235.0,0.0664234088282797,76,20235.0
2760.0,70,5531.0,62.146067415730336,1.2879528989147915,70,19377.0,0.056590833113166046,70,19377.0
2765.0,66,4471.0,50.235955056179776,2.1385098162924354,66,17345.0,0.09300256745605068,66,17345.0
2770.0,59,3668.0,39.869565217391305,2.858643025057432,59,14116.0,0.09236163972859067,59,14116.0
2775.0,51,2665.0,29.61111111111111,2.870673680921032,51,14364.0,0.12508438073908182,51,14364.0
2780.0,50,2220.0,25.227272727272727,3.0870620742546406,50,14563.0,0.15435201219178712,50,14563.0
2785.0,57,2489.0,27.054347826086957,3.301430384850249,57,14813.0,0.12328870316298164,57,14813.0
2790.0,65,2796.0,29.431578947368422,2.8369544061861998,65,15112.0,0.10668657762412917,65,15112.0
2795.0,72,3135.0,34.833333333333336,1.286183431190635,72,15442.0,0.05376313946178093,72,15442.0
2800.0,79,3519.0,36.27835051546392,1.7332353201238198,79,15818.0,0.08993728752212456,79,15818.0
2805.0,85,3936.0,41.87234042553192,1.15458187756494,85,16225.0,0.043626642075492654,85,16225.0
2810.0,80,4157.0,41.57,1.6934520971858824,80,15761.0,0.08525285781165624,80,15761.0
2815.0,76,4242.0,43.285714285714285,1.7027585341640643,76,15124.0,0.07433023711534043,76,15124.0
2820.0,70,4387.0,43.87,2.513899045233073,70,14235.0,0.08652051788813019,70,14235.0
2825.0,60,4455.0,44.55,2.597819363954378,60,14280.0,0.12204941895450633,60,14280.0
2830.0,61,4590.0,47.8125,2.5456744097079227,61,14540.0,0.12452623941223888,61,14540.0
2835.0,67,4909.0,48.127450980392155,2.7585427570092294,67,14848.0,0.10702899987885958,67,14848.0
2840.0,74,5263.0,51.09708737864078,2.1142824285351223,74,15192.0,0.07737042343028118,74,15192.0
2845.0,82,5660.0,53.904761904761905,1.7171896938674618,82,15580.0,0.06611428214653284,82,15580.0
2850.0,89,6092.0,58.57692307692308,1.0820520588316034,89,16002.0,0.03455029611527966,89,16002.0
2855.0,96,6569.0,62.56190476190476,1.10248660126348,96,16469.0,0.034857705066737334,96,16469.0
2860.0,96,7049.0,66.5,1.1382388239545576,96,16939.0,0.046489127038980345,96,16939.0
2865.0,98,7534.0,71.0754716981132,0.9944663125392277,98,17414.0,0.036518970988056676,98,17414.0
2870.0,98,8024.0,74.29629629629629,1.2217077279201976,98,17894.0,0.05159601060613583,98,17894.0
2875.0,94,7640.0,70.74074074074075,0.8456256344653831,94,18063.0,0.04497315507377154,94,18063.0
2880.0,87,7036.0,65.14814814814815,1.4962622566672463,87,17810.0,0.05155415737633274,87,17810.0
2885.0,81,6941.0,60.356521739130436,2.2079364199635862,81,17643.0,0.08228424766074033,81,17643.0
2890.0,74,7172.0,64.03571428571429,2.0474137464333446,74,18002.0,0.09079475033611084,74,18002.0
2895.0,79,7550.0,66.2280701754386,2.4638826652802375,79,18352.0,0.09785785530204005,79,18352.0
2900.0,86,7965.0,73.07339449541284,1.8540702104230047,86,18751.0,0.04089558621837387,86,18751.0
2905.0,93,8414.0,77.19266055045871,1.8494867662754542,93,19190.0,0.056723255178880515,93,19190.0
2910.0,94,8883.0,84.6,1.2641071181135912,94,19649.0,0.043434053724949226,94,19649.0
2915.0,92,9219.0,87.8,0.8486886289655139,92,19872.0,0.043790019725849054,92,19872.0
2920.0,84,9463.0,89.27358490566037,1.6133796354492749,84,19894.0,0.07659721693497482,84,19894.0
2925.0,79,9731.0,88.46363636363637,2.2289558700657213,79,19842.0,0.07481946581286647,79,19842.0
2930.0,76,10057.0,92.26605504587155,2.3353385385713112,76,20197.0,0.09952925821660431,76,20197.0
2935.0,79,10431.0,96.58333333333333,1.941423130819989,79,20535.0,0.07574928304807181,79,20535.0
2940.0,86,10850.0,103.33333333333333,2.074663111134923,86,20934.0,0.03926094366010353,86,20934.0
2945.0,82,10580.0,100.76190476190476,2.1056266799007095,82,20625.0,0.09058588216979307,82,20625.0
2950.0,77,9831.0,98.31,1.8868332426296974,77,19880.0,0.0721667668748771,77,19880.0
2955.0,71,9301.0,87.74528301886792,2.8162861697702737,71,18572.0,0.10569386557630393,71,18572.0
2960.0,63,8593.0,85.07920792079207,2.1893695492794794,63,18882.0,0.10204956609108819,63,18882.0
2965.0,63,8340.0,81.76470588235294,2.6183132766495656,63,19148.0,0.14054925577070537,63,19148.0
2970.0,70,8676.0,83.42307692307692,2.492908187245835,70,19467.0,0.08925332383769438,70,19467.0
2975.0,72,8780.0,82.05607476635514,2.2338255834965772,72,19621.0,0.09635653828008525,72,19621.0
2980.0,72,8735.0,81.6355140186916,2.2425512979269597,72,19594.0,0.08566990490087838,72,19594.0
2985.0,73,8971.0,81.55454545454545,2.4915840827568645,73,19651.0,0.09383245450010284,73,19651.0
2990.0,77,9310.0,86.20370370370371,2.1755259235669158,77,20004.0,0.09771197027855426,77,20004.0
2995.0,80,9697.0,92.35238095238095,1.8938393655774108,80,20361.0,0.07383530926999744,80,20361.0
3000.0,86,10116.0,97.26923076923077,1.949964325650139,86,20768.0,0.04113028898712141,86,20768.0
3005.0,88,10555.0,101.49038461538461,1.9695586055266951,88,21197.0,0.07139964264750447,88,21197.0
3010.0,83,10701.0,105.95049504950495,1.3260840605877218,83,20967.0,0.04392371412638771,83,20967.0
3015.0,77,10698.0,104.88235294117646,2.2024197687038445,77,20428.0,0.0917887658824875,77,20428.0
3020.0,71,10678.0,104.68627450980392,2.6358765482716273,71,19865.0,0.09249997984582918,71,19865.0
3025.0,62,10641.0,106.41,2.1762749641098837,62,20163.0,0.10148746699955287,62,20163.0
3030.0,64,10714.0,106.07920792079207,2.690241457398938,64,20442.0,0.1308340312997061,64,20442.0
3035.0,72,11057.0,109.47524752475248,2.3108738704581913,72,20775.0,0.08131313518815288,72,20775.0
3040.0,79,11437.0,107.89622641509433,2.0293872797618695,79,21145.0,0.08478131556327095,79,21145.0
3045.0,85,11849.0,112.84761904761905,1.1745276193597696,85,21547.0,0.04242272056208047,85,21547.0
3050.0,94,12301.0,113.89814814814815,1.1757147697335955,94,21990.0,0.06138988681223842,94,21990.0
3055.0,99,12783.0,118.36111111111111,0.953591131314803,99,22463.0,0.0371978900996785,99,22463.0
3060.0,96,11184.0,101.67272727272727,0.9875886426151566,96,21032.0,0.03938337354072591,96,21032.0
3065.0,87,8187.0,74.42727272727272,1.46545139223769,87,18739.0,0.05840893412978492,87,18739.0
3070.0,83,5877.0,52.008849557522126,2.078301452739404,83,16427.0,0.07835073185875319,83,16427.0
3075.0,73,3670.0,32.767857142857146,2.3285477768645526,73,15426.0,0.10624255063727603,73,15426.0
3080.0,71,3296.0,29.428571428571427,2.4798428439132274,71,15750.0,0.11631063108475194,71,15750.0
3085.0,78,3676.0,33.41818181818182,2.4595096719390126,78,16125.0,0.08170634505044562,78,16125.0
3090.0,84,4082.0,37.7962962962963,1.7997480004077857,84,16531.0,0.042006857630631236,84,16531.0
3095.0,92,4534.0,43.180952380952384,1.397147830877192,92,16983.0,0.039264217671870126,92,16983.0
3100.0,94,5004.0,46.76635514018692,1.28049224105268,94,17453.0,0.04864461797751591,94,17453.0
3105.0,98,5487.0,51.764150943396224,0.9951988359529638,98,17936.0,0.03577967087135875,98,17936.0
3110.0,98,5977.0,55.342592592592595,1.0108506268504767,98,18426.0,0.06577084791718804,98,18426.0
3115.0,100,6471.0,59.916666666666664,0.9116447339369392,100,18920.0,0.033432899252846336,100,18920.0
3120.0,94,6200.0,55.85585585585586,1.173829588522439,94,19071.0,0.05669247086518755,94,19071.0
3125.0,90,5549.0,50.445454545454545,1.4166481360088885,90,18883.0,0.05918510772220054,90,18883.0
3130.0,83,5149.0,45.166666666666664,2.156301009056879,83,18508.0,0.07430455815080761,83,18508.0
3135.0,74,5114.0,45.660714285714285,2.0886892293674415,74,18877.0,0.09507785041313213,74,18877.0
3140.0,73,5397.0,48.1875,2.4738135701744772,73,19211.0,0.11357690851732055,73,19211.0
3145.0,80,5781.0,52.554545454545455,2.417845673862668,80,19589.0,0.07974670511434741,80,19589.0
3150.0,86,6197.0,56.336363636363636,1.844186351068614,86,20005.0,0.05674631194062546,86,20005.0
3155.0,92,6643.0,63.266666666666666,1.2897587966833746,92,20451.0,0.03754604843609839,92,20451.0
3160.0,94,7111.0,65.8425925925926,1.4673324788133029,94,20919.0,0.07659675326255395,94,20919.0
3165.0,96,7587.0,72.25714285714285,1.0428682601619483,96,21395.0,0.03579231942664124,96,21395.0
3170.0,96,8067.0,73.33636363636364,1.6063573392538357,96,21875.0,0.06725833106481374,96,21875.0
3175.0,100,8552.0,79.18518518518519,0.9911022600055867,100,22360.0,0.035233112550460285,100,22360.0
3180.0,94,8123.0,73.84545454545454,1.2792956097135366,94,22175.0,0.04962791189223638,94,22175.0
3185.0,88,7071.0,64.28181818181818,1.4627004268733903,88,21398.0,0.06010550736761001,88,21398.0
3190.0,82,6312.0,56.357142857142854,2.3522631847872435,82,20000.0,0.0832660950134179,82,20000.0
3195.0,74,5490.0,49.45945945945946,2.11062426872472,74,20369.0,0.098445041715655,74,20369.0
3200.0,74,4979.0,46.532710280373834,2.1918080948792804,74,20707.0,0.11112805667154392,74,20707.0
3205.0,80,5366.0,47.48672566371681,2.292696322001233,80,21092.0,0.07284739578222607,80,21092.0
3210.0,88,5790.0,51.23893805309734,1.4788750774084742,88,21516.0,0.03952826802275199,88,21516.0
3215.0,95,6250.0,54.34782608695652,1.2420842199630495,95,21976.0,0.03712820027402172,95,21976.0
3220.0,103,6744.0,60.214285714285715,0.657430648456806,103,22470.0,0.032966988705663336,103,22470.0
3225.0,106,7263.0,62.61206896551724,1.1313406154765062,106,22991.0,0.03493708831901488,106,22991.0
3230.0,106,7793.0,68.35964912280701,0.9648965749128566,106,23521.0,0.02596644896964296,106,23521.0
3235.0,106,8323.0,72.37391304347825,0.9667066704039253,106,24051.0,0.03249895481479136,106,24051.0
3240.0,100,8228.0,72.17543859649123,1.0806789410770834,100,24119.0,0.03939062942591793,100,24119.0
3245.0,91,7707.0,66.4396551724138,1.5498795145748276,91,23747.0,0.07042571499410337,91,23747.0
3250.0,88,7380.0,63.62068965517241,2.141085892752882,88,23094.0,0.07118002677544487,88,23094.0
3255.0,80,7040.0,60.689655172413794,1.975744299824185,80,23490.0,0.08439029423207471,80,23490.0
3260.0,78,7064.0,63.07142857142857,2.220072052580966,78,23863.0,0.09410123211014246,78,23863.0
3265.0,85,7473.0,64.42241379310344,2.233204440951147,85,24271.0,0.08113698003489588,85,24271.0
3270.0,91,7915.0,67.64957264957265,1.6593327864400107,91,24713.0,0.05492924489447927,91,24713.0
3275.0,98,8392.0,71.11864406779661,1.3669287030909913,98,25190.0,0.03643272612045468,98,25190.0
3280.0,104,8899.0,76.71551724137932,0.943618149428295,104,25697.0,0.03482633536435604,104,25697.0
3285.0,108,9431.0,80.6068376068376,0.9696396331266788,108,26229.0,0.029989717185793744,108,26229.0
3290.0,108,9971.0,85.95689655172414,0.9111946918259171,108,26769.0,0.03419668655236443,108,26769.0
3295.0,102,9197.0,78.6068376068376,0.866545464265775,102,25499.0,0.05233991273174997,102,25499.0
3300.0,95,7549.0,65.07758620689656,1.275915966576447,95,23261.0,0.05235694221645561,95,23261.0
3305.0,89,6316.0,52.63333333333333,1.9766174405416628,89,19657.0,0.06912550875937222,89,19657.0
3310.0,80,5471.0,46.76068376068376,2.0562481106563273,80,20063.0,0.08782340342370795,80,20063.0
3315.0,82,5863.0,49.686440677966104,2.315960959494966,82,20438.0,0.10327235380554135,82,20438.0
3320.0,88,6291.0,55.18421052631579,1.8286073871233082,88,20858.0,0.042483797147857466,88,20858.0
3325.0,94,6751.0,58.70434782608696,1.6917881132154735,94,21318.0,0.06333662347412694,94,21318.0
3330.0,98,7237.0,66.39449541284404,1.2447455251536674,98,21804.0,0.03615274232878811,98,21804.0
3335.0,98,7727.0,70.24545454545455,1.3146433622970932,98,22294.0,0.05803609447193808,98,22294.0
3340.0,98,8217.0,76.79439252336448,1.0418642090060661,98,22784.0,0.03665018248747906,98,22784.0
3345.0,92,8166.0,74.23636363636363,1.3323291883877113,92,22761.0,0.059173187020529205,92,22761.0
3350.0,86,7751.0,72.4392523364486,1.5454808779210405,86,22268.0,0.06053846164072673,86,22268.0
3355.0,78,7491.0,69.36111111111111,2.3365832212164723,78,21444.0,0.07799356302411058,78,21444.0
3360.0,67,7073.0,66.10280373831776,2.363665867530574,67,21783.0,0.0995895267481796,67,21783.0
3365.0,67,7001.0,67.97087378640776,2.388798312909599,67,22090.0,0.10468710507808363,67,22090.0
3370.0,74,7357.0,69.40566037735849,2.561582953518454,74,22443.0,0.08818792199113237,74,22443.0
3375.0,80,7747.0,71.73148148148148,2.036440527509517,80,22833.0,0.06828355281493362,80,22833.0
3380.0,88,8169.0,77.06603773584905,1.331772864363369,88,23255.0,0.041535842676345885,88,23255.0
3385.0,94,8625.0,80.60747663551402,1.159509491921187,94,23712.0,0.04776668035532463,94,23712.0
3390.0,98,9112.0,84.37037037037037,1.0704212335389263,98,24199.0,0.04014258364469036,98,24199.0
3395.0,100,9609.0,89.80373831775701,0.8742762171675648,100,24696.0,0.03580924046446449,100,24696.0
3400.0,100,10109.0,93.60185185185185,0.9586144323664422,100,25196.0,0.04443224341700825,100,25196.0
3405.0,94,10345.0,95.78703703703704,1.15352157196367,94,25233.0,0.042008362688239174,94,25233.0
3410.0,86,10390.0,94.45454545454545,1.7087142370003983,86,24595.0,0.056801578010223515,86,24595.0
3415.0,80,10502.0,97.24074074074075,2.2289043371374904,80,24058.0,0.06595774662939573,80,24058.0
3420.0,70,10544.0,97.62962962962963,2.2309860277820017,70,24411.0,0.09324655881317588,70,24411.0
3425.0,69,10670.0,103.59223300970874,2.321940216132189,69,24737.0,0.09413781721737444,69,24737.0
3430.0,74,11032.0,103.10280373831776,2.467601409779738,74,25098.0,0.07588350297612695,74,25098.0
3435.0,83,11429.0,105.82407407407408,1.676914323777404,83,25495.0,0.057365832703524994,83,25495.0
3440.0,89,11863.0,111.91509433962264,0.9468229426202086,89,25929.0,0.05628692599332537,89,25929.0
3445.0,96,12325.0,114.12037037037037,0.9159603835292058,96,26394.0,0.036541596051118265,96,26394.0
3450.0,100,12819.0,115.48648648648648,1.2021755265500498,100,26889.0,0.041144306989649874,100,26889.0
3455.0,94,11760.0,107.88990825688073,1.2312940864191124,94,26258.0,0.043217102524333924,94,26258.0
3460.0,86,9906.0,88.44642857142857,1.7930051989057547,86,24914.0,0.0747335555236085,86,24914.0
3465.0,82,8050.0,73.18181818181819,2.259268454658218,82,22676.0,0.07746949876956881,82,22676.0
3470.0,71,6137.0,55.79090909090909,2.138413849103675,71,23034.0,0.09362545940641535,71,23034.0
3475.0,71,5240.0,50.38461538461539,2.221080803548114,71,23369.0,0.0943888619106114,71,23369.0
3480.0,77,5615.0,51.51376146788991,2.2496708306743356,77,23744.0,0.0942297986521653,77,23744.0
3485.0,82,6017.0,55.20183486238532,1.680400070792624,82,24147.0,0.06108972085294423,82,24147.0
3490.0,90,6452.0,57.607142857142854,1.358577470815318,90,24582.0,0.0706154947663068,90,24582.0
3495.0,98,6922.0,62.36036036036036,1.0336306525585857,98,25053.0,0.036617946584836726,98,25053.0
3500.0,102,7420.0,65.08771929824562,1.3431710445437484,102,25553.0,0.042872233353794725,102,25553.0
3505.0,96,7725.0,70.22727272727273,1.1690568596560662,96,25105.0,0.041893253348565335,96,25105.0
3510.0,86,7882.0,69.75221238938053,1.9045580580481647,86,23829.0,0.07776004723567766,86,23829.0
3515.0,82,8085.0,73.5,2.263266410533353,82,21678.0,0.07628790785443393,82,21678.0
3520.0,68,7647.0,69.51818181818182,2.3739364743251667,68,21508.0,0.10930128406893987,68,21508.0
3525.0,64,6996.0,66.62857142857143,2.4198644439445385,64,20960.0,0.11320054437882644,64,20960.0
3530.0,62,6470.0,58.81818181818182,2.706008357381876,62,19993.0,0.12289947849748031,62,19993.0
3535.0,58,5851.0,51.7787610619469,2.289098377840013,58,20263.0,0.10771511757485433,58,20263.0
3540.0,61,5647.0,49.53508771929825,2.449596636771998,61,20490.0,0.10322124084537795,61,20490.0
3545.0,75,5993.0,51.22222222222222,2.5961868671928983,75,20789.0,0.10089262238653617,75,20789.0
3550.0,86,6402.0,55.189655172413794,2.1766927047122997,86,21200.0,0.07100468510647673,86,21200.0
3555.0,88,6651.0,56.84615384615385,1.6411575170484367,88,20722.0,0.04721128940190507,88,20722.0
3560.0,88,6790.0,59.04347826086956,1.9058630621666022,88,19605.0,0.06445853231083078,88,19605.0
3565.0,85,6993.0,61.3421052631579,2.3005897270167988,85,18504.0,0.07286937332629437,85,18504.0
3570.0,73,6963.0,63.88073394495413,1.7994646094238567,73,18414.0,0.06746703660294145,73,18414.0
3575.0,67,6894.0,63.24770642201835,2.3671911214005728,67,17954.0,0.1079379334890794,67,17954.0
3580.0,65,6975.0,63.40909090909091,2.6564445385742994,65,17487.0,0.10712080770981759,65,17487.0
3585.0,63,6959.0,61.584070796460175,2.467544732716962,63,17595.0,0.11130654772930708,63,17595.0
3590.0,62,7056.0,64.14545454545454,2.0806604850141928,62,17817.0,0.08608930315628746,62,17817.0
3595.0,75,7407.0,63.30769230769231,2.610110775283285,75,18098.0,0.10159250897057123,75,18098.0
3600.0,83,7738.0,66.70689655172414,1.659759987630863,83,18192.0,0.05950598837152695,83,18192.0
3605.0,85,8066.0,67.21666666666667,1.6622384662214897,85,18078.0,0.06920316834547392,85,18078.0
3610.0,88,8432.0,70.26666666666667,2.017108089264486,88,17739.0,0.06354487344918526,88,17739.0
3615.0,81,8721.0,72.675,1.9881604639136852,81,18117.0,0.08796474100001182,81,18117.0
3620.0,75,9026.0,78.48695652173913,2.0393134256836136,75,18431.0,0.08218315020726104,75,18431.0
3625.0,82,9421.0,79.16806722689076,2.483680596984453,82,18776.0,0.09617189488025348,82,18776.0
3630.0,88,9850.0,82.77310924369748,2.151853408053657,88,19189.0,0.06356753890575602,88,19189.0
3635.0,89,9921.0,83.36974789915966,1.5031985928367533,89,18889.0,0.04469324294357448,89,18889.0
3640.0,90,9777.0,83.56410256410257,1.7553344275773999,90,18870.0,0.060290918137665385,90,18870.0
3645.0,87,9753.0,83.35897435897436,2.2573587113933,87,18626.0,0.07550146274401143,87,18626.0
3650.0,76,9598.0,84.93805309734513,2.032865961588277,76,18998.0,0.08796509311627616,76,18998.0
3655.0,75,9684.0,85.69911504424779,2.3532326111482265,75,19327.0,0.10447272142447094,75,19327.0
3660.0,82,10082.0,88.43859649122807,2.362897171650205,82,19707.0,0.07599846595000033,82,19707.0
3665.0,82,10212.0,86.54237288135593,1.8444179135309289,82,19856.0,0.06801156594549752,82,19856.0
3670.0,85,10224.0,90.47787610619469,1.5123270835267206,85,19937.0,0.06235800500635146,85,19937.0
3675.0,83,10251.0,85.425,2.412833513402283,83,19878.0,0.09395003616731394,83,19878.0
3680.0,80,10284.0,88.65517241379311,2.1220369547170828,80,20258.0,0.09098041924145586,80,20258.0
3685.0,78,10429.0,90.68695652173913,2.2934902965084665,78,20602.0,0.0995069417902642,78,20602.0
3690.0,83,10834.0,93.39655172413794,2.168082715158804,83,20993.0,0.06886264297604641,83,20993.0
3695.0,89,11271.0,95.51694915254237,1.7699043314017437,89,21420.0,0.06576772529398885,89,21420.0
3700.0,97,11739.0,102.07826086956521,1.1827133515401729,97,21878.0,0.03962023638813652,97,21878.0
3705.0,103,12242.0,104.63247863247864,1.236571810595467,103,22371.0,0.04777619326575868,103,22371.0
3710.0,105,12765.0,111.0,0.9014951711980829,105,22884.0,0.035963294789330476,105,22884.0
3715.0,107,13298.0,114.63793103448276,0.9368735103290857,107,23413.0,0.04133429225093645,107,23413.0
3720.0,102,11382.0,98.12068965517241,0.8583207951610315,102,22015.0,0.03993986123412374,102,22015.0
3725.0,95,7836.0,66.40677966101696,1.555485228153815,95,18696.0,0.07020892641694265,95,18696.0
3730.0,88,4678.0,39.3109243697479,1.9964861350806213,88,14317.0,0.07376949230401503,88,14317.0
3735.0,79,4283.0,36.29661016949152,1.9406011786850315,79,14709.0,0.08425403560854455,79,14709.0
3740.0,84,4682.0,40.01709401709402,2.175686677327653,84,15085.0,0.08630628757145128,84,15085.0
3745.0,92,5120.0,44.91228070175438,1.9437713505142966,92,15517.0,0.05533789204883473,92,15517.0
3750.0,96,5586.0,49.875,1.7137905506534825,96,15985.0,0.047198411391014876,96,15985.0
3755.0,92,5622.0,52.05555555555556,1.2881447619878392,92,16181.0,0.03701700099715641,92,16181.0
3760.0,83,5359.0,49.620370370370374,1.5990293441060484,83,16123.0,0.06139949191882257,83,16123.0
3765.0,78,5225.0,49.29245283018868,2.2343536317721067,78,15813.0,0.07498139244124818,78,15813.0
3770.0,71,5061.0,47.299065420560744,2.838723465209979,71,15621.0,0.1071593814859756,71,15621.0
3775.0,64,4969.0,49.198019801980195,2.539506063179448,64,15816.0,0.11440042931875863,64,15816.0
3780.0,68,5282.0,50.304761904761904,2.9499217052969997,68,16104.0,0.13507516126592592,68,16104.0
3785.0,73,5635.0,54.18269230769231,2.539207098618601,73,16449.0,0.08402014440678887,73,16449.0
3790.0,74,5940.0,56.0377358490566,1.8521268579245576,74,16580.0,0.06406594557880162,74,16580.0
3795.0,74,6218.0,59.78846153846154,2.0841189372568305,74,16369.0,0.07549217695504672,74,16369.0
3800.0,72,6528.0,62.17142857142857,2.5023824347202677,72,16314.0,0.08721669981819949,72,16314.0
3805.0,65,6775.0,65.77669902912622,2.3556531973482007,65,16640.0,0.10289366894768243,65,16640.0
3810.0,69,7091.0,70.20792079207921,2.4131183275095642,69,16930.0,0.10794786139202714,69,16930.0
3815.0,75,7452.0,75.27272727272727,2.2547239837950674,75,17287.0,0.05262471016586563,75,17287.0
3820.0,80,7841.0,76.87254901960785,2.301873254893547,80,17677.0,0.0716349265333796,80,17677.0
3825.0,87,8260.0,85.15463917525773,1.2935873782471647,87,18096.0,0.03990517071376426,87,18096.0
3830.0,87,8695.0,86.95,1.7635623304812469,87,18531.0,0.0683450488211773,87,18531.0
3835.0,87,9130.0,94.12371134020619,1.107962240056533,87,18966.0,0.04070665785305972,87,18966.0
3840.0,83,9366.0,93.66,1.2330334001060463,83,19183.0,0.054646999756919265,83,19183.0
3845.0,77,9460.0,95.55555555555556,1.5720951646790402,77,19166.0,0.07088590855508596,77,19166.0
3850.0,71,9610.0,93.30097087378641,2.342246237907898,71,19202.0,0.0859161501019286,71,19202.0
3855.0,66,9834.0,95.47572815533981,2.5748349888126185,66,19522.0,0.10745832143444321,66,19522.0
3860.0,70,10167.0,100.66336633663366,2.3972241506416436,70,19833.0,0.09215703809876323,70,19833.0
3865.0,77,10537.0,106.43434343434343,2.430634654242801,77,20197.0,0.06743813000977489,77,20197.0
3870.0,81,10934.0,109.34,2.2893367652653454,81,20594.0,0.07059418045423128,81,20594.0
3875.0,83,11344.0,121.97849462365592,1.3519254814263093,83,21004.0,0.04203277667393922,83,21004.0
3880.0,83,11759.0,121.22680412371135,1.7453974901108666,83,21419.0,0.07563468693081238,83,21419.0
3885.0,85,12178.0,130.94623655913978,1.0088266345835828,85,21838.0,0.03874688388396337,85,21838.0
3890.0,85,12603.0,127.3030303030303,1.8041474550652175,85,22263.0,0.0999808969855719,85,22263.0
3895.0,85,13028.0,134.30927835051546,1.0630565105061465,85,22688.0,0.04121908049806346,85,22688.0
3900.0,83,13201.0,133.34343434343435,1.346973917980065,83,22959.0,0.05493300267955359,83,22959.0
3905.0,77,13231.0,132.31,1.7508707456684305,77,23041.0,0.07498285445105177,77,23041.0
3910.0,72,13325.0,131.93069306930693,2.3554897092694445,72,22987.0,0.08234666862145039,72,22987.0
3915.0,67,13590.0,133.23529411764707,2.569645925803551,67,23313.0,0.11768227734956012,67,23313.0
3920.0,72,13932.0,139.32,2.2565092137052627,72,23637.0,0.07912565298265345,72,23637.0
3925.0,78,14313.0,144.57575757575756,2.4080900576540625,78,24013.0,0.06731797257011644,78,24013.0
3930.0,81,14717.0,154.9157894736842,1.871976236849965,81,24417.0,0.05273416880180634,81,24417.0
3935.0,83,15127.0,162.65591397849462,1.4194653091984692,83,24827.0,0.044000330422788274,83,24827.0
3940.0,83,15542.0,168.93478260869566,1.2714761962119312,83,25242.0,0.06355417946981477,83,25242.0
3945.0,79,15783.0,166.13684210526316,1.281814990300317,79,25472.0,0.04913611291790045,79,25472.0
3950.0,71,15902.0,167.38947368421051,2.337683216632096,71,25492.0,0.08977543873484298,71,25492.0
3955.0,68,16165.0,166.64948453608247,2.930588658817913,68,25562.0,0.10199578657533034,68,25562.0
3960.0,65,16464.0,177.03225806451613,2.4580602244063177,65,25848.0,0.07751182420386332,65,25848.0
3965.0,70,16805.0,176.89473684210526,2.459233765547738,70,26175.0,0.08937710806978606,70,26175.0
3970.0,77,17179.0,186.72826086956522,1.9943623687377403,77,26549.0,0.04705819985910895,77,26549.0
3975.0,78,17567.0,188.89247311827958,2.1466649082774207,78,26937.0,0.06518835456241354,78,26937.0
3980.0,78,17957.0,204.0568181818182,1.3013196084662708,78,27327.0,0.0509798445649046,78,27327.0
3985.0,74,18213.0,195.83870967741936,1.7293197613874483,74,27603.0,0.07778593016630812,74,27603.0
3990.0,69,18438.0,204.86666666666667,2.099782267989235,69,27794.0,0.09187046655957856,69,27794.0
3995.0,70,18784.0,201.9784946236559,2.3255840645157444,70,28013.0,0.07003584134172426,70,28013.0
4000.0,68,19095.0,207.55434782608697,2.088891264321087,68,28344.0,0.07452543787520262,68,28344.0
4005.0,70,19433.0,213.54945054945054,2.482557633788921,70,28667.0,0.09148938049263845,70,28667.0
4010.0,72,19786.0,222.31460674157304,2.5046394997530985,72,29015.0,0.06892729674575596,72,29015.0
4015.0,72,20146.0,226.35955056179776,2.4654886629577266,72,29375.0,0.07788159322637168,72,29375.0
4020.0,67,20420.0,243.0952380952381,1.8076520094947843,67,29670.0,0.05582135413153709,67,29670.0
4025.0,66,20739.0,241.15116279069767,2.599003577465495,66,29951.0,0.11225546398394042,66,29951.0
4030.0,70,21077.0,250.91666666666666,2.2168672050022766,70,30272.0,0.06086191856947022,70,30272.0
4035.0,66,19123.0,219.80459770114942,2.0227845719122852,66,29612.0,0.09750936925020354,66,29612.0
4040.0,61,15641.0,184.01176470588234,2.4435832247591533,61,28055.0,0.10529505513359479,61,28055.0
4045.0,56,12905.0,145.0,3.237042113903959,56,25553.0,0.13173933990446177,56,25553.0
4050.0,45,9666.0,113.71764705882353,3.011364274732764,45,25758.0,0.14196100444677284,45,25758.0
4055.0,40,7932.0,95.56626506024097,3.02919608871426,40,25867.0,0.14647515690250543,40,25867.0
4060.0,49,8159.0,93.7816091954023,3.594853466983728,49,26048.0,0.15870765075766852,49,26048.0
4065.0,55,8421.0,93.56666666666666,3.544027911429746,55,26294.0,0.14148585127276972,55,26294.0
4070.0,64,8719.0,97.96629213483146,2.497379674326243,64,26582.0,0.0813728303950696,64,26582.0
4075.0,71,9058.0,102.93181818181819,1.9270796584308676,71,26912.0,0.08371322790578246,71,26912.0
4080.0,76,9428.0,110.91764705882353,1.1478176347848599,76,27277.0,0.04541280291177206,76,27277.0
4085.0,77,9811.0,111.48863636363636,1.5199960658359366,77,27660.0,0.0891857864222041,77,27660.0
4090.0,77,10196.0,117.19540229885058,1.2677627675942995,77,28045.0,0.052425034660770115,77,28045.0
4095.0,73,10322.0,113.42857142857143,1.8689988410345408,73,28319.0,0.08661610344333144,73,28319.0
4100.0,71,10607.0,116.56043956043956,2.0689298500372515,71,28511.0,0.0871325307309362,71,28511.0
4105.0,72,10967.0,117.9247311827957,2.5560131369133967,72,28790.0,0.08314258306010527,72,28790.0
4110.0,71,11285.0,121.34408602150538,2.072771308711427,71,29109.0,0.07191049459914824,71,29109.0
4115.0,71,11638.0,132.25,2.126115549491078,71,29423.0,0.07144242015663116,71,29423.0
4120.0,72,11994.0,131.8021978021978,2.607062922872727,72,29757.0,0.07101312993216592,72,29757.0
4125.0,67,11916.0,136.9655172413793,2.240174001083208,67,29024.0,0.07840006115262659,67,29024.0
4130.0,61,11599.0,134.87209302325581,2.3140264794603507,61,27288.0,0.10428241177630279,61,27288.0
4135.0,55,11276.0,132.65882352941176,3.097088098249918,55,24537.0,0.1064257298920303,55,24537.0
4140.0,46,10960.0,128.94117647058823,2.939187132559564,46,24749.0,0.12709584614908223,46,24749.0
4145.0,46,10791.0,133.22222222222223,2.9646997201698837,46,24937.0,0.14375381261210562,46,24937.0
4150.0,51,11039.0,126.88505747126437,3.0241632407700565,51,25164.0,0.10501508389150847,51,25164.0
4155.0,61,11326.0,130.183908045977,2.10586215581057,61,25431.0,0.09294089775784303,61,25431.0
4160.0,67,11651.0,132.39772727272728,1.6542748675998296,67,25736.0,0.06968113870335389,67,25736.0
4165.0,76,12009.0,131.96703296703296,1.4870339746277736,76,26074.0,0.06550478785564139,76,26074.0
4170.0,76,12138.0,131.93478260869566,1.2087448412218962,76,26339.0,0.07250785967330903,76,26339.0
4175.0,74,12429.0,136.58241758241758,1.4977596091357193,74,26532.0,0.06466177604268643,74,26532.0
4180.0,75,12800.0,129.2929292929293,2.2148696664121728,75,26793.0,0.08237073271562384,75,26793.0
4185.0,80,13193.0,137.42708333333334,1.845864967489123,80,27156.0,0.06278371949330523,80,27156.0
4190.0,76,13496.0,137.71428571428572,1.7335536061636914,76,27481.0,0.07591335084607337,76,27481.0
4195.0,74,13847.0,147.30851063829786,1.961118256385655,74,27770.0,0.08188391074442238,74,27770.0
4200.0,74,14217.0,148.09375,2.5443240194635375,74,28090.0,0.07755378185505044,74,28090.0
4205.0,76,14595.0,155.2659574468085,2.4622411250231684,76,28438.0,0.07030757620341453,76,28438.0
4210.0,72,14916.0,158.68085106382978,2.0109560049283504,72,28743.0,0.07304551648995643,72,28743.0
4215.0,76,15292.0,169.9111111111111,1.8189594655686534,76,29075.0,0.06691431249613045,76,29075.0
4220.0,77,15673.0,170.3586956521739,1.6882375116163162,77,29426.0,0.06569155698377287,77,29426.0
4225.0,74,16003.0,177.8111111111111,1.3879625411586944,74,29756.0,0.07378263797804262,74,29756.0
4230.0,74,16362.0,177.84782608695653,2.0723391905577175,74,30062.0,0.09596290422821371,74,30062.0
4235.0,74,16732.0,181.8695652173913,2.5164005437015984,74,30395.0,0.060568195355083544,74,30395.0
4240.0,70,16511.0,175.64893617021278,2.412155070652352,70,29529.0,0.0906216459812579,70,29529.0
4245.0,63,15895.0,178.59550561797752,2.405368439311161,63,27658.0,0.09349035306438724,63,27658.0
4250.0,58,15453.0,167.9673913043478,3.196117989545385,58,24681.0,0.12501734220782373,58,24681.0
4255.0,50,14952.0,166.13333333333333,3.033116839354023,50,24891.0,0.1417873773315629,50,24891.0
4260.0,49,14646.0,170.30232558139534,3.0407070274926244,49,25067.0,0.1458976647584613,49,25067.0
4265.0,58,14920.0,162.17391304347825,3.1221009690591233,58,25299.0,0.11629202290302898,58,25299.0
4270.0,60,12032.0,129.3763440860215,2.3211529049547726,60,23621.0,0.10226284283745656,60,23621.0
4275.0,61,7567.0,80.5,2.231585587795581,61,20030.0,0.09565783734630293,61,20030.0
4280.0,61,3720.0,38.75,2.9440422280765226,61,14806.0,0.11509371512262201,61,14806.0
4285.0,57,1349.0,14.2,2.687021861623009,57,15073.0,0.13417498506094883,57,15073.0
4290.0,57,1279.0,14.054945054945055,2.8157285938206957,57,15333.0,0.12148818283292201,57,15333.0
4295.0,63,1582.0,17.195652173913043,2.470002235294591,63,15636.0,0.06711465170763813,63,15636.0
4300.0,71,1926.0,21.4,1.941252058434418,71,15980.0,0.06780554051490299,71,15980.0
4305.0,76,2302.0,25.865168539325843,1.552923732735936,76,16356.0,0.048168933337563384,76,16356.0
4310.0,78,2690.0,30.568181818181817,1.5045036791685051,78,16744.0,0.05822243292548826,78,16744.0
4315.0,78,3080.0,34.22222222222222,1.5955302413606565,78,17134.0,0.05876036839081915,78,17134.0
4320.0,80,3475.0,39.94252873563219,1.0238594444909501,80,17529.0,0.04446304956711664,80,17529.0
4325.0,75,3351.0,36.42391304347826,1.3876570086473041,75,17728.0,0.08116043249942678,75,17728.0
4330.0,71,3270.0,35.54347826086956,1.84362296169307,71,17764.0,0.06951296577558685,71,17764.0
4335.0,68,3578.0,36.88659793814433,2.9333095851655493,68,17776.0,0.11059811124197501,68,17776.0
4340.0,67,3879.0,41.70967741935484,2.2154452098935193,67,18098.0,0.07795749419117748,67,18098.0
4345.0,72,4223.0,45.40860215053763,2.188257027634117,72,18425.0,0.09119147595017832,72,18425.0
4350.0,74,4592.0,50.46153846153846,2.4293191880485865,74,18790.0,0.06893194179580557,74,18790.0
4355.0,75,4963.0,55.764044943820224,1.8748669526867097,75,19161.0,0.0570277921409829,75,19161.0
4360.0,76,5343.0,60.71590909090909,1.6967206015687166,76,19541.0,0.06768571004841345,76,19541.0
4365.0,76,5723.0,65.0340909090909,1.438643712094238,76,19921.0,0.049793552995752215,76,19921.0
4370.0,72,5930.0,66.62921348314607,1.733314685733536,72,20171.0,0.07689729603325879,72,20171.0
4375.0,65,6111.0,67.15384615384616,2.4901935314243575,65,20323.0,0.11016249940347585,65,20323.0
4380.0,68,6445.0,73.23863636363636,2.6778072762284597,68,20512.0,0.08319701071277653,68,20512.0
4385.0,67,6755.0,74.23076923076923,2.315281302633906,67,20833.0,0.07851591169784226,67,20833.0
4390.0,68,7094.0,83.45882352941176,2.272308019515898,68,21161.0,0.0702419918275091,68,21161.0
4395.0,70,7441.0,82.67777777777778,2.8300569205248545,70,21508.0,0.09516722032087553,70,21508.0
4400.0,72,7796.0,91.71764705882353,2.0516306249274816,72,21863.0,0.06912108510110504,72,21863.0
4405.0,67,8046.0,93.55813953488372,1.749296581724861,67,22161.0,0.09809160640451173,67,22161.0
4410.0,69,8382.0,99.78571428571429,1.8971490545574075,69,22437.0,0.08382590479650617,69,22437.0
4415.0,70,8732.0,99.22727272727273,2.2628400259406694,70,22786.0,0.0821013484408293,70,22786.0
4420.0,67,9037.0,103.8735632183908,2.1223067090486536,67,23112.0,0.08020276903973056,67,23112.0
4425.0,66,9365.0,107.64367816091954,2.6725722039679787,66,23421.0,0.10946926723416824,66,23421.0
4430.0,67,9696.0,112.74418604651163,2.7100569821583416,67,23750.0,0.07634343007800441,67,23750.0
4435.0,62,8964.0,106.71428571428571,2.5157736528235453,62,22653.0,0.10098309431103858,62,22653.0
4440.0,55,7507.0,92.67901234567901,2.469864783232749,55,21595.0,0.0956569365696815,55,21595.0
4445.0,50,6377.0,77.76829268292683,3.5684469630368865,50,19862.0,0.1395402432097942,50,19862.0
4450.0,39,5180.0,65.56962025316456,3.068066343986717,39,20062.0,0.15079892454413382,39,20062.0
4455.0,40,4354.0,55.82051282051282,3.3430972973797464,40,20241.0,0.16728381296607758,40,20241.0
4460.0,46,4574.0,57.175,3.5421528692289783,46,20461.0,0.12825452653412298,46,20461.0
4465.0,45,3746.0,43.55813953488372,3.1265589265840417,45,18749.0,0.140677398841384,45,18749.0
4470.0,48,2235.0,25.988372093023255,2.4357414622617592,48,15514.0,0.10523147258817932,48,15514.0
4475.0,48,949.0,11.297619047619047,3.0102758261986597,48,11573.0,0.10163001328445936,48,11573.0
4480.0,50,836.0,9.393258426966293,3.1256271469466133,50,11796.0,0.1476917879785866,50,11796.0
4485.0,55,1099.0,13.240963855421686,2.6453335585396607,55,12041.0,0.09451374697240372,55,12041.0
4490.0,63,1398.0,16.25581395348837,2.714634966729305,63,12340.0,0.07475358970053458,63,12340.0
4495.0,68,1733.0,21.134146341463413,2.1555903733105666,68,12675.0,0.07339678573127928,68,12675.0
4500.0,69,2074.0,26.253164556962027,1.447997611053748,69,13016.0,0.04736934014458407,69,13016.0
4505.0,64,2041.0,25.5125,1.8718950388900069,64,13209.0,0.07720958258842081,64,13209.0
4510.0,57,2133.0,26.333333333333332,2.0651142746871662,57,13277.0,0.08407095846059089,57,13277.0
4515.0,60,2429.0,29.621951219512194,3.287961116446377,60,13388.0,0.11907984671131333,60,13388.0
4520.0,58,2694.0,32.853658536585364,2.6367911836590485,58,13658.0,0.0858037692106879,58,13658.0
4525.0,61,2992.0,38.35897435897436,2.6321895511793296,61,13943.0,0.0979625460106328,61,13943.0
4530.0,61,3297.0,41.734177215189874,2.845769130992963,61,14248.0,0.10096200355357138,61,14248.0
4535.0,61,3602.0,48.026666666666664,1.9738276390026286,61,14553.0,0.05540161441852225,61,14553.0
4540.0,63,3914.0,49.54430379746835,2.4391920789606796,63,14865.0,0.12941770428875166,63,14865.0
4545.0,64,4230.0,55.6578947368421,1.689663844949845,64,15181.0,0.06885000397531306,64,15181.0
4550.0,67,4561.0,57.0125,1.9714105281981262,67,15512.0,0.09195283652969045,67,15512.0
4555.0,62,4709.0,60.37179487179487,1.8562362516533288,62,15762.0,0.0803668129983261,62,15762.0
4560.0,59,4970.0,61.358024691358025,2.642574884683482,59,15947.0,0.09395486785158047,59,15947.0
4565.0,63,5274.0,65.925,2.7676609505432914,63,16216.0,0.07755085621039594,63,16216.0
4570.0,59,4880.0,61.77215189873418,2.0275589761729758,59,15627.0,0.08201115743946458,59,15627.0
4575.0,52,4019.0,52.88157894736842,2.4930223439300527,52,14374.0,0.11688490707093022,52,14374.0
4580.0,46,3378.0,42.75949367088607,3.525086445163219,46,12341.0,0.13451961561115364,46,12341.0
4585.0,35,2589.0,34.06578947368421,3.269701209998939,35,12494.0,0.16152134056813552,35,12494.0
4590.0,31,2024.0,26.63157894736842,3.7034391828546123,31,12573.0,0.19295042612344596,31,12573.0
4595.0,36,2198.0,28.17948717948718,4.034479480982679,36,12682.0,0.16632037230385432,36,12682.0
4600.0,44,2402.0,29.65432098765432,3.6609885316134205,44,12879.0,0.15508226962963123,44,12879.0
4605.0,50,2641.0,33.43037974683544,2.695108786210896,50,13118.0,0.08315363859287975,50,13118.0
4610.0,55,2777.0,33.45783132530121,2.7830247964698316,55,13323.0,0.12260248042628645,55,13323.0
4615.0,62,3064.0,38.3,2.38608287299711,62,13546.0,0.09797412078384941,62,13546.0
4620.0,64,3383.0,42.2875,2.0773900283525393,64,13862.0,0.06226881343073621,64,13862.0
4625.0,62,3483.0,43.0,2.2464191267386773,62,13354.0,0.0890125930606312,62,13354.0
4630.0,52,3422.0,43.31645569620253,2.6344518168380064,52,12360.0,0.0934201682706972,52,12360.0
4635.0,48,3371.0,42.1375,3.6956702949055886,48,10709.0,0.13552016287541188,48,10709.0
4640.0,38,3274.0,42.51948051948052,3.2580194546379873,38,10871.0,0.14939456968858955,38,10871.0
4645.0,33,3180.0,41.8421052631579,3.574739679030085,33,10958.0,0.18263571374551904,33,10958.0
4650.0,40,3366.0,43.15384615384615,3.522498379695692,40,11069.0,0.12725963100131715,40,11069.0
4655.0,46,3526.0,44.63291139240506,2.8758542189207863,46,11246.0,0.12368232006397954,46,11246.0
4660.0,54,3786.0,47.924050632911396,1.9393133004223266,54,11490.0,0.0678572055984084,54,11490.0
4665.0,68,4100.0,48.80952380952381,1.9282330811436743,68,11806.0,0.073351114118766,68,11806.0
4670.0,66,4367.0,53.25609756097561,1.0318740514592695,66,12116.0,0.04216782955939627,66,12116.0
4675.0,62,4627.0,55.083333333333336,2.07741032122509,62,12389.0,0.1033015018220198,62,12389.0
4680.0,62,4937.0,58.773809523809526,2.6168610744105014,62,12644.0,0.06525918005573611,62,12644.0
4685.0,64,5255.0,59.71590909090909,3.3604092408518813,64,12951.0,0.13265257548831647,64,12951.0
4690.0,66,5580.0,67.2289156626506,2.4625695100463014,66,13276.0,0.06422547038098216,66,13276.0
4695.0,68,5916.0,71.27710843373494,2.310865569270377,68,13612.0,0.08440927592887047,68,13612.0
4700.0,62,6144.0,76.8,2.1221308004817865,62,13888.0,0.07901206894443227,62,13888.0
4705.0,63,6456.0,78.73170731707317,2.300787015363102,63,14152.0,0.09126516771681602,63,14152.0
4710.0,66,6780.0,84.75,2.23810134516496,66,14476.0,0.07543324590643244,66,14476.0
4715.0,62,6664.0,83.3,1.7297161529730194,62,14024.0,0.06967892927721783,62,14024.0
4720.0,56,6258.0,80.23076923076923,2.133358044902615,56,13462.0,0.09200268713290832,56,13462.0
4725.0,50,5969.0,72.79268292682927,3.375521353563394,50,12476.0,0.12083306436507021,50,12476.0
4730.0,40,5542.0,69.275,3.233553090791228,40,12656.0,0.14964879659019859,40,12656.0
4735.0,34,5266.0,66.65822784810126,3.6868615834142635,34,12758.0,0.19146304051479607,34,12758.0
4740.0,42,5464.0,68.3,3.6522670519629252,42,12900.0,0.14679340819417278,42,12900.0
4745.0,52,5702.0,66.30232558139535,3.5823404712138713,52,13135.0,0.1214832696213905,52,13135.0
4750.0,58,5978.0,74.725,2.2009438484481243,58,13411.0,0.07185441158038929,58,13411.0
4755.0,66,6284.0,73.06976744186046,2.4055158585644905,66,13721.0,0.10733077026833411,66,13721.0
4760.0,71,6629.0,80.84146341463415,1.6040281962860439,71,14066.0,0.07220643604784101,71,14066.0
4765.0,66,6789.0,78.03448275862068,1.7321626073308631,66,13938.0,0.0924705471412118,66,13938.0
4770.0,62,6815.0,81.13095238095238,2.216519212225583,62,13486.0,0.09652017249225171,62,13486.0
4775.0,53,6847.0,77.80681818181819,3.3228498796986914,53,13249.0,0.12808882393034224,53,13249.0
4780.0,46,5085.0,60.535714285714285,3.018642349203741,46,11786.0,0.15069782530379597,46,11786.0
4785.0,40,2246.0,26.738095238095237,2.972620392671883,40,8993.0,0.14445688786961144,40,8993.0
4790.0,41,830.0,9.431818181818182,3.793108567132371,41,5772.0,0.17246617287804925,41,5772.0
4795.0,43,840.0,9.333333333333334,2.9549477715905885,43,5929.0,0.1358432330594324,43,5929.0
4800.0,50,981.0,11.02247191011236,2.4428499390430076,50,6078.0,0.0938495623006398,50,6078.0
4805.0,63,1272.0,13.826086956521738,2.8007859391450878,63,6291.0,0.09220525402173153,63,6291.0
4810.0,69,1609.0,17.877777777777776,2.8520322107724123,69,6614.0,0.07888328769179584,69,6614.0
4815.0,70,1957.0,22.238636363636363,2.740041937071295,70,6962.0,0.08784532676674056,70,6962.0
4820.0,70,2307.0,27.141176470588235,2.0363624669231326,70,7312.0,0.04824362426020747,70,7312.0
4825.0,66,2090.0,25.180722891566266,1.9527363266778153,66,7451.0,0.0987917577654603,66,7451.0
4830.0,59,1881.0,22.392857142857142,2.4176458749100185,59,7401.0,0.11950734610024512,59,7401.0
4835.0,58,2105.0,25.05952380952381,2.8918209950528513,58,7318.0,0.09043003070910628,58,7318.0
4840.0,57,2355.0,27.38372093023256,2.6084579810601096,57,7588.0,0.11086380113051969,57,7588.0
4845.0,62,2650.0,32.31707317073171,2.1560188772357156,62,7865.0,0.06435907556829736,62,7865.0
4850.0,66,2972.0,35.38095238095238,2.752894775866746,66,8185.0,0.07152421346823906,66,8185.0
4855.0,60,2855.0,36.139240506329116,2.29712803598957,60,8100.0,0.08246219457666035,60,8100.0
4860.0,51,2438.0,31.256410256410255,2.3360155077065388,51,7708.0,0.09357546601715311,51,7708.0
4865.0,48,2152.0,27.58974358974359,3.642357501527376,48,6978.0,0.14067817507191638,48,6978.0
4870.0,38,1677.0,21.5,3.3226556517686037,38,7009.0,0.14122657114056647,38,7009.0
4875.0,40,1607.0,21.716216216216218,3.5748362286870146,40,7188.0,0.17623727092843863,40,7188.0
4880.0,46,1823.0,23.075949367088608,3.2545841936977693,46,7404.0,0.12573668540418415,46,7404.0
4885.0,54,2077.0,25.9625,2.5127634451699565,54,7659.0,0.10624035484552236,54,7659.0
4890.0,61,2367.0,28.518072289156628,2.0008484891804184,61,7950.0,0.09821614717806935,61,7950.0
4895.0,68,2690.0,32.80487804878049,1.2356644351314188,68,8278.0,0.04814467956546337,68,8278.0
4900.0,74,3054.0,33.93333333333333,2.2203334602343,74,8642.0,0.0975506710492232,74,8642.0
4905.0,76,3426.0,39.83720930232558,1.174828442334946,76,9014.0,0.04537480671066759,76,9014.0
4910.0,72,3397.0,37.74444444444445,1.5031883338767815,72,9170.0,0.08789621679059433,72,9170.0
4915.0,66,3155.0,35.85227272727273,1.756782860657056,66,9068.0,0.06962275820425402,66,9068.0
4920.0,60,3323.0,36.119565217391305,2.7379042575560133,60,9045.0,0.09602362449064329,60,9045.0
4925.0,59,3575.0,39.285714285714285,2.603758025355653,59,9326.0,0.11535049346493051,59,9326.0
4930.0,63,3874.0,43.044444444444444,2.3666490597075565,63,9601.0,0.08729516152668602,63,9601.0
4935.0,69,4203.0,47.76136363636363,2.6041933264279518,69,9925.0,0.07523736014539378,69,9925.0
4940.0,70,4553.0,51.73863636363637,2.373848135876065,70,10275.0,0.06674137282602227,70,10275.0
4945.0,67,4462.0,51.883720930232556,2.2403010736454734,67,10218.0,0.08301047864290186,67,10218.0
4950.0,58,4141.0,49.89156626506024,2.4922575961211604,58,9861.0,0.11826298509732563,58,9861.0
4955.0,55,3806.0,45.855421686746986,3.418426352082383,55,9163.0,0.11381793645985881,55,9163.0
4960.0,45,3484.0,41.476190476190474,3.099137555038674,45,9388.0,0.14223588830218717,45,9388.0
4965.0,43,3309.0,41.88607594936709,3.008410614715054,43,9588.0,0.14155372768943805,43,9588.0
4970.0,52,3558.0,40.89655172413793,3.464974526768046,52,9837.0,0.16254379267701197,52,9837.0
4975.0,59,3839.0,45.16470588235294,2.3465396289849116,59,10118.0,0.0903527974293435,59,10118.0
4980.0,69,4161.0,47.28409090909091,1.6626197113536227,69,10440.0,0.056232261885284955,69,10440.0
4985.0,75,4521.0,49.68131868131868,1.5228161235857747,75,10801.0,0.058961472315409935,75,10801.0
4990.0,82,4920.0,54.065934065934066,1.3581649380859648,82,11200.0,0.06328301595748086,82,11200.0
4995.0,82,5330.0,57.93478260869565,1.4392968549825946,82,11610.0,0.06243069330432747,82,11610.0
5000.0,78,5297.0,56.351063829787236,1.5602058957335065,78,11756.0,0.06372716742398161,78,11756.0
5005.0,70,4988.0,53.06382978723404,1.9447860282612768,70,11676.0,0.09063778929131577,70,11676.0
5010.0,64,5025.0,53.45744680851064,2.3109250089475313,64,11520.0,0.05834313210579194,64,11520.0
5015.0,60,5281.0,55.589473684210525,2.631119647063413,60,11808.0,0.11296469666463323,60,11808.0
5020.0,64,5591.0,60.77173913043478,2.506383692969828,64,12099.0,0.09072793258266681,64,12099.0
5025.0,71,5931.0,64.46739130434783,2.262251366736675,71,12439.0,0.04416840113063368,71,12439.0
5030.0,76,6302.0,70.80898876404494,1.8432738039492746,76,12811.0,0.06565060803287504,76,12811.0
5035.0,76,6682.0,75.93181818181819,1.5649043335003128,76,13191.0,0.05550513460070793,76,13191.0
5040.0,72,6925.0,80.52325581395348,1.3983623243029646,72,13382.0,0.04951744747834212,72,13382.0
5045.0,64,7069.0,76.01075268817205,2.5595315399545195,64,13402.0,0.11474336872802955,64,13402.0
5050.0,64,7334.0,81.4888888888889,2.756424466993065,64,13460.0,0.10067743385184312,64,13460.0
5055.0,62,7617.0,82.79347826086956,2.4830724636214625,62,13720.0,0.10512838869423634,62,13720.0
5060.0,67,7942.0,91.28735632183908,2.0907383752822777,67,14027.0,0.06898123429325408,67,14027.0
5065.0,72,8295.0,91.15384615384616,2.681882496515466,72,14380.0,0.08091789892562463,72,14380.0
5070.0,72,8655.0,100.63953488372093,2.1399350311136227,72,14740.0,0.07169183148711808,72,14740.0
5075.0,67,8900.0,104.70588235294117,1.3721010484502665,67,14994.0,0.062249239175751724,67,14994.0
5080.0,64,9129.0,108.67857142857143,2.0880251875735514,64,15183.0,0.10551219819686193,64,15183.0
5085.0,65,9450.0,107.38636363636364,2.647344721832195,65,15396.0,0.08853345227720533,65,15396.0
5090.0,64,9721.0,113.03488372093024,2.180522841640132,64,15698.0,0.08067203181950798,64,15698.0
5095.0,64,10035.0,116.68604651162791,2.5782267931699097,64,15986.0,0.10613140098818734,64,15986.0
5100.0,64,10355.0,126.28048780487805,2.3911960928255165,64,16301.0,0.04989002359886223,64,16301.0
5105.0,66,10682.0,127.16666666666667,2.6939435454458436,66,16628.0,0.10939839211985287,66,16628.0
5110.0,66,11012.0,139.39240506329114,1.8832847356544469,66,16958.0,0.062368078995086104,66,16958.0
5115.0,68,11348.0,135.0952380952381,2.4824345825681027,68,17294.0,0.10836633217930215,68,17294.0
5120.0,69,11690.0,142.5609756097561,1.821042555582931,69,17636.0,0.0707814699107476,69,17636.0
5125.0,72,12044.0,141.69411764705882,1.9511415468858064,72,17990.0,0.09034151794827608,72,17990.0
5130.0,66,12185.0,148.59756097560975,1.8943703458366423,66,18253.0,0.08025035818033818,66,18253.0
5135.0,62,12445.0,148.1547619047619,2.4568348296385287,62,18435.0,0.11258660261147241,62,18435.0
5140.0,65,12762.0,151.92857142857142,2.5867472106327734,65,18700.0,0.07875010940048038,65,18700.0
5145.0,66,13092.0,154.0235294117647,2.304631311795597,66,19030.0,0.08949113183968695,66,19030.0
5150.0,64,13379.0,165.17283950617283,1.6606335617910684,64,19339.0,0.08188457030004366,64,19339.0
5155.0,64,13694.0,171.175,2.109971705303032,64,19636.0,0.09598036674568974,64,19636.0
5160.0,64,14014.0,170.90243902439025,2.5982934988065836,64,19952.0,0.0594179819623404,64,19952.0
5165.0,62,14305.0,174.4512195121951,2.5472201040538285,62,20245.0,0.09912544906100876,62,20245.0
5170.0,64,14621.0,187.44871794871796,1.782793535579737,64,20559.0,0.05795088697327622,64,20559.0
5175.0,66,14950.0,186.875,2.172475563307344,66,20888.0,0.09825250799862614,66,20888.0
5180.0,63,13960.0,178.97435897435898,1.5949354993311664,63,20476.0,0.0840721815323658,63,20476.0
5185.0,55,12100.0,151.25,2.257519624827689,55,19356.0,0.10371526898167857,55,19356.0
5190.0,51,10452.0,124.42857142857143,3.596358071247027,51,17530.0,0.14188737703181276,51,17530.0
5195.0,41,8662.0,109.64556962025317,2.6041697629191494,41,17712.0,0.10377331464430507,41,17712.0
5200.0,39,7941.0,100.51898734177215,3.2933565737044534,39,17834.0,0.1771784478981079,39,17834.0
5205.0,44,8152.0,99.41463414634147,3.4724046889019746,44,17975.0,0.13684892461183246,44,17975.0
5210.0,48,8322.0,94.56818181818181,2.8503167761216575,48,18169.0,0.12719617801326344,48,18169.0
5215.0,58,8594.0,102.30952380952381,1.8973205385330845,58,18418.0,0.06142403510261454,58,18418.0
5220.0,70,8920.0,101.36363636363636,1.8000741523291353,70,18744.0,0.0467410016218798,70,18744.0
5225.0,70,9203.0,107.01162790697674,1.3989694051990007,70,19069.0,0.0534284710151112,70,19069.0
5230.0,64,9476.0,110.18604651162791,2.039011190921585,64,19351.0,0.09917372130521653,64,19351.0
5235.0,65,9798.0,111.3409090909091,2.8152913778681796,65,19620.0,0.09687287774504363,65,19620.0
5240.0,66,10127.0,113.78651685393258,3.2284386261443516,66,19943.0,0.09873232624642371,66,19943.0
5245.0,62,10157.0,119.49411764705883,2.5542202264888814,62,19536.0,0.08774822045846892,62,19536.0
5250.0,55,9992.0,120.3855421686747,2.7548320996760824,55,18187.0,0.10920111787650459,55,18187.0
5255.0,50,9870.0,123.375,3.282056004622227,50,16828.0,0.11122274458544915,50,16828.0
5260.0,42,9716.0,117.06024096385542,3.3145153042221005,42,17030.0,0.16953613324708733,42,17030.0
5265.0,41,9716.0,126.18181818181819,3.140339070853375,41,17198.0,0.1684820456698346,41,17198.0
5270.0,48,9946.0,115.65116279069767,3.4703932090449547,48,17422.0,0.14493756888755763,48,17422.0
5275.0,55,10214.0,120.16470588235295,2.6307814459448005,55,17690.0,0.10495872675415709,55,17690.0
5280.0,62,10512.0,123.67058823529412,1.7930511063342227,62,17988.0,0.06696834897344704,62,17988.0
5285.0,71,10852.0,126.18604651162791,1.5898947328973774,71,18328.0,0.07106726711185547,71,18328.0
5290.0,76,11220.0,127.5,1.5461872904601142,76,18697.0,0.06066814268466602,76,18697.0
5295.0,73,11400.0,129.54545454545453,1.5502731750299148,73,18364.0,0.0727112256290728,73,18364.0
5300.0,63,11436.0,127.06666666666666,2.4794171890566052,63,17547.0,0.11712955921847362,63,17547.0
5305.0,60,11519.0,126.58241758241758,3.255874647438232,60,16152.0,0.12051488083939624,60,16152.0
5310.0,51,11551.0,128.34444444444443,2.878822632820148,51,16404.0,0.14060204326339787,51,16404.0
5315.0,50,11646.0,137.01176470588234,2.8122998642811807,50,16633.0,0.1292460900888505,50,16633.0
5320.0,57,11919.0,129.55434782608697,3.225566570233746,57,16905.0,0.13465597841346721,57,16905.0
5325.0,64,12226.0,134.35164835164835,1.9271329954722858,64,17212.0,0.07226061924010432,64,17212.0
5330.0,72,12572.0,130.95833333333334,1.9678332348505396,72,17554.0,0.09926718480819673,72,17554.0
5335.0,81,12955.0,134.94791666666666,1.2132606274381035,81,17927.0,0.05302364818057753,81,17927.0
5340.0,88,13379.0,136.5204081632653,1.2946443407105892,88,18343.0,0.04150221782918287,88,18343.0
5345.0,88,13819.0,138.19,1.4725731234409747,88,18773.0,0.05272965708360731,88,18773.0
5350.0,84,13633.0,136.33,1.4707693755610183,84,18969.0,0.060531021562764714,84,18969.0
5355.0,77,13460.0,133.26732673267327,1.8772673198854184,77,18961.0,0.08445629032565229,77,18961.0
5360.0,72,13673.0,136.73,2.0416538857791373,72,18895.0,0.05948632282974568,72,18895.0
5365.0,71,13993.0,134.54807692307693,2.5267773635788577,71,19227.0,0.11083618962168341,71,19227.0
5370.0,73,14350.0,146.42857142857142,2.0402468223133594,73,19554.0,0.06992399970669234,73,19554.0
5375.0,79,14736.0,150.3673469387755,2.1388669366857846,79,19928.0,0.04350291012205283,79,19928.0
5380.0,82,15144.0,157.75,1.8834158984775737,82,20326.0,0.06472079194349038,82,20326.0
5385.0,77,15445.0,164.30851063829786,1.213590380102756,77,20580.0,0.05563419605947468,77,20580.0
5390.0,71,15704.0,167.06382978723406,1.8902318642789102,71,20735.0,0.08452709710443944,71,20735.0
5395.0,74,16063.0,165.5979381443299,2.5610334035564017,74,20946.0,0.09185704003284148,74,20946.0
5400.0,71,16377.0,174.22340425531914,1.9340462145675226,71,21272.0,0.05268944805150982,71,21272.0
5405.0,74,16735.0,172.5257731958763,2.4244942002114955,74,21587.0,0.08661323533876575,74,21587.0
5410.0,76,17113.0,184.01075268817203,2.144714615312617,76,21941.0,0.0507410135244665,76,21941.0
5415.0,73,16876.0,177.6421052631579,2.1218236619665105,73,21529.0,0.08032379354601121,73,21529.0
5420.0,66,16226.0,180.2888888888889,2.2817677706127135,66,21170.0,0.09168698563886332,66,21170.0
5425.0,62,15760.0,167.6595744680851,3.072985881701127,62,20463.0,0.11700740474549155,62,20463.0
5430.0,51,15124.0,171.86363636363637,2.734721710114258,51,20698.0,0.13772182063345367,51,20698.0
5435.0,52,14893.0,171.183908045977,2.6890551748641647,52,20893.0,0.13156367691335819,52,20893.0
5440.0,59,15174.0,164.93478260869566,3.1774854498575564,59,21146.0,0.11719932739258317,59,21146.0
5445.0,61,15223.0,158.57291666666666,2.3251111855706754,61,21319.0,0.0875369116643463,61,21319.0
5450.0,64,15392.0,163.74468085106383,2.2575714582198594,64,21438.0,0.09822098571431707,64,21438.0
5455.0,70,15732.0,160.53061224489795,2.5165465903698703,70,21622.0,0.0867699055074341,70,21622.0
5460.0,74,16052.0,168.96842105263158,1.83839808294989,74,21951.0,0.056710641610534976,74,21951.0
5465.0,74,16414.0,170.97916666666666,2.355211633313991,74,22266.0,0.0863211285893793,74,22266.0
5470.0,74,16784.0,182.43478260869566,2.4004670388457994,74,22614.0,0.0665377600886001,74,22614.0
5475.0,70,16889.0,175.92708333333334,2.3156234800283557,70,22533.0,0.09811471859867135,70,22533.0
5480.0,67,16861.0,185.28571428571428,2.2999195317537002,67,22201.0,0.09807762366921104,67,22201.0
5485.0,59,16821.0,178.9468085106383,3.1869132757917504,59,21693.0,0.1424405940421598,59,21693.0
5490.0,51,16749.0,188.19101123595505,2.889458632594429,51,21789.0,0.14134491403019786,51,21789.0
5495.0,50,16767.0,188.3932584269663,2.767462599623879,50,21974.0,0.13461860002681314,50,21974.0
5500.0,56,17037.0,185.18478260869566,3.12835350778008,56,22212.0,0.12053627284183012,56,22212.0
5505.0,62,17336.0,184.4255319148936,2.349255698746877,62,22481.0,0.10101890242061885,62,22481.0
5510.0,69,17566.0,186.87234042553192,1.6171190044259696,69,22422.0,0.07687292003837533,69,22422.0
5515.0,65,17759.0,186.93684210526317,1.9261012678940483,65,22118.0,0.07560646034731665,65,22118.0
5520.0,66,17990.0,185.46391752577318,2.7227017123827677,66,21529.0,0.0851985861552778,66,21529.0
5525.0,56,18160.0,189.16666666666666,2.5009731499165553,56,21781.0,0.11487720119688787,56,21781.0
5530.0,56,18378.0,197.61290322580646,2.673220860361798,56,21989.0,0.1214716291569456,56,21989.0
5535.0,64,18681.0,188.6969696969697,3.2294224370952467,64,22252.0,0.1302218553540129,64,22252.0
5540.0,71,19020.0,190.2,2.184587770663286,71,22561.0,0.06773268768158615,71,22561.0
5545.0,78,19395.0,195.9090909090909,1.3255467811973696,78,22905.0,0.0775418039548118,78,22905.0
5550.0,88,19810.0,192.33009708737865,1.3023671054305537,88,23280.0,0.056919309175833606,88,23280.0
5555.0,94,20268.0,198.7058823529412,0.9973901232086367,94,23699.0,0.03853186874550612,94,23699.0
5560.0,94,20738.0,195.64150943396226,1.4696138635614835,94,24129.0,0.05593148364887208,94,24129.0
5565.0,89,20607.0,198.14423076923077,1.1563547396427534,89,24338.0,0.0412321585261308,89,24338.0
5570.0,81,20428.0,192.71698113207546,1.7730828910372027,81,24336.0,0.08382810739661291,81,24336.0
5575.0,78,20714.0,195.41509433962264,2.2526445837773865,78,24270.0,0.07458133413358417,78,24270.0
5580.0,76,21068.0,198.75471698113208,2.030799189349806,76,24600.0,0.08343149314199448,76,24600.0
5585.0,80,21462.0,204.4,2.1570375499427556,80,24938.0,0.06975124054534783,80,24938.0
5590.0,86,21884.0,210.42307692307693,2.086634999233432,86,25320.0,0.04307965648945109,86,25320.0
5595.0,82,22236.0,218.0,2.0075824849448822,82,25582.0,0.06444405225832417,82,25582.0
5600.0,75,22547.0,227.74747474747474,1.8688700083211207,75,25743.0,0.07820833484635456,75,25743.0
5605.0,78,22931.0,229.31,2.4946322942347967,78,25983.0,0.09268860530175191,78,25983.0
5610.0,77,23288.0,232.88,1.951387865835764,77,26306.0,0.0666106377440449,77,26306.0
5615.0,78,23676.0,246.625,1.9738279688029507,78,26640.0,0.059207134596276155,78,26640.0
5620.0,81,24073.0,240.73,2.3155800481706765,81,26987.0,0.059465188120752084,81,26987.0
5625.0,76,19505.0,205.31578947368422,1.926801188750156,76,25361.0,0.06983326460843459,76,25361.0
5630.0,67,11663.0,122.76842105263158,2.192923105776152,67,21746.0,0.10226018303018303,67,21746.0
5635.0,63,7034.0,74.82978723404256,2.953118042643897,63,16291.0,0.1125931659895047,63,16291.0
5640.0,55,4596.0,48.8936170212766,2.5488547622503375,55,16567.0,0.11161527074294816,55,16567.0
5645.0,56,4314.0,46.891304347826086,2.9914963407321373,56,16834.0,0.13982854654010304,56,16834.0
5650.0,61,4611.0,50.119565217391305,2.8471983001905747,61,17131.0,0.0977814205768648,61,17131.0
5655.0,69,4942.0,55.52808988764045,2.026218766901326,69,17463.0,0.07056577183910569,69,17463.0
5660.0,76,5312.0,59.68539325842696,1.7158288039189964,76,17833.0,0.08311469355443356,76,17833.0
5665.0,78,5696.0,64.72727272727273,1.4667198539964355,78,18217.0,0.06744753966552323,78,18217.0
5670.0,72,5740.0,63.07692307692308,1.8993445650866954,72,18464.0,0.10827125781463401,72,18464.0
5675.0,67,5877.0,66.7840909090909,1.742907135313964,67,18544.0,0.07388742371669228,67,18544.0
5680.0,68,6216.0,66.12765957446808,2.881443801979709,68,18763.0,0.1265350270599256,68,18763.0
5685.0,68,6517.0,72.41111111111111,2.064967262691453,68,19065.0,0.07551780017864511,68,19065.0
5690.0,69,6853.0,73.68817204301075,2.5153079090414225,69,19382.0,0.10025762263081092,69,19382.0
5695.0,71,7203.0,80.03333333333333,2.450116432101036,71,19730.0,0.07802284768211516,71,19730.0
5700.0,72,7563.0,85.94318181818181,2.0172131350699756,72,20090.0,0.05948664592030301,72,20090.0
5705.0,68,6858.0,78.82758620689656,1.650578759980267,68,19799.0,0.07996567569160201,68,19799.0
5710.0,61,5439.0,63.24418604651163,2.226578012827477,61,18991.0,0.09331992436954197,61,18991.0
5715.0,57,4180.0,46.96629213483146,3.0689355494292507,57,18396.0,0.12742131426298384,57,18396.0
5720.0,47,3022.0,35.55294117647059,2.833879614301414,47,18413.0,0.12584938523125425,47,18413.0
5725.0,46,2383.0,28.36904761904762,3.0519166596914404,46,18596.0,0.160515698211732,46,18596.0
5730.0,53,2635.0,30.63953488372093,3.043376582544148,53,18846.0,0.12869877659207465,53,18846.0
5735.0,60,2922.0,32.46666666666667,2.5736932778010195,60,19133.0,0.09797968519673161,60,19133.0
5740.0,68,3249.0,36.50561797752809,1.7036887472081632,68,19460.0,0.0757136458571564,68,19460.0
5745.0,76,3608.0,39.21739130434783,1.4541570773971209,76,19819.0,0.0477042625880805,76,19819.0
5750.0,82,4009.0,43.57608695652174,1.4463531220240933,82,20221.0,0.06486518393911145,82,20221.0
5755.0,77,4219.0,45.365591397849464,1.1499756443038518,77,20113.0,0.054856426271858966,77,20113.0
5760.0,72,4327.0,47.03260869565217,1.7797595517351097,72,19625.0,0.06433786838978252,72,19625.0
5765.0,66,4415.0,44.5959595959596,2.8645609185773577,66,18688.0,0.10702489128935459,66,18688.0
5770.0,58,4438.0,46.71578947368421,2.5197332678578905,58,18960.0,0.10641936474760713,58,18960.0
5775.0,59,4593.0,48.34736842105263,2.771472667847869,59,19204.0,0.13543286980475985,59,19204.0
5780.0,64,4900.0,51.041666666666664,2.5667920152466377,64,19496.0,0.09458545982986855,64,19496.0
5785.0,72,5247.0,51.44117647058823,2.26306545816384,72,19833.0,0.08025043294362168,72,19833.0
5790.0,80,5630.0,56.3,1.4420195146245869,80,20206.0,0.05263772428334689,80,20206.0
5795.0,89,6056.0,59.372549019607845,1.2054337574605167,89,20634.0,0.05453524624221445,89,20634.0
5800.0,92,6512.0,63.84313725490196,1.235744359961312,92,21090.0,0.05699923670045885,92,21090.0
5805.0,94,6976.0,65.81132075471699,1.4084195855478487,94,21552.0,0.044422761109705396,94,21552.0
5810.0,89,6707.0,64.49038461538461,1.3634365162135345,89,21736.0,0.06341370283662486,89,21736.0
5815.0,81,6241.0,58.87735849056604,1.7047935870317534,81,21660.0,0.06986807682437453,81,21660.0
5820.0,77,6297.0,59.97142857142857,2.369032628113513,77,21453.0,0.07943268061498826,77,21453.0
5825.0,70,6566.0,61.36448598130841,2.2182683142385984,70,21783.0,0.09760658058035508,70,21783.0
5830.0,75,6929.0,67.93137254901961,2.094248764118148,75,22114.0,0.08110777594538314,75,22114.0
5835.0,80,7320.0,68.41121495327103,2.393131686370052,80,22492.0,0.09876223752092363,80,22492.0
5840.0,88,7746.0,76.6930693069307,1.4135067655729512,88,22898.0,0.040140221315856706,88,22898.0
5845.0,90,8194.0,78.78846153846153,1.6410276408890014,90,23326.0,0.08090986675957623,90,23326.0
5850.0,90,8644.0,86.44,1.18377744863175,90,23756.0,0.05174165904048739,90,23756.0
5855.0,92,9098.0,88.33009708737865,1.3487283295568044,92,24190.0,0.0557422409515877,92,24190.0
5860.0,88,9357.0,89.97115384615384,1.413914449823165,88,24401.0,0.06294167220691865,88,24401.0
5865.0,80,9480.0,91.15384615384616,1.7202651409774035,80,24417.0,0.06365848542874557,80,24417.0
5870.0,76,9722.0,91.71698113207547,2.6035166022809393,76,24379.0,0.10002651911493539,76,24379.0
5875.0,72,10041.0,95.62857142857143,2.434150588909618,72,24702.0,0.1087316291425747,72,24702.0
5880.0,78,10423.0,103.1980198019802,1.9408587953901537,78,25040.0,0.062326467281149676,78,25040.0
5885.0,84,10833.0,106.20588235294117,2.2327632620056352,84,25430.0,0.07248324321153081,84,25430.0
5890.0,79,10535.0,106.41414141414141,1.5153942587696236,79,25163.0,0.04462507966016893,79,25163.0
5895.0,73,9877.0,99.76767676767676,2.379095450905411,73,23943.0,0.10194327651501228,73,23943.0
5900.0,67,9314.0,95.04081632653062,2.772288359480132,67,22698.0,0.09620535071361566,67,22698.0
5905.0,58,8579.0,88.44329896907216,2.6290659445275533,58,22969.0,0.12461503242836099,58,22969.0
5910.0,61,8201.0,84.54639175257732,2.618138401348803,61,23215.0,0.12999792848565594,61,23215.0
5915.0,69,8525.0,87.88659793814433,2.259195557039045,69,23510.0,0.08315548920329416,69,23510.0
5920.0,75,8888.0,86.29126213592232,2.1759217446865518,75,23843.0,0.09663125849257957,75,23843.0
5925.0,83,9284.0,92.84,1.0985036504995918,83,24209.0,0.04424140838932447,83,24209.0
5930.0,91,9719.0,91.68867924528301,1.399218755989537,91,24615.0,0.0563302071365396,91,24615.0
5935.0,94,10182.0,96.05660377358491,1.1576227996114985,94,25048.0,0.039407903785042504,94,25048.0
5940.0,90,10452.0,98.60377358490567,0.9112645210364622,90,24795.0,0.044983081817176696,90,24795.0
5945.0,84,10582.0,99.83018867924528,1.6465658764846776,84,24348.0,0.06889165122893735,84,24348.0
5950.0,78,10755.0,97.77272727272727,2.476314542197365,78,23872.0,0.0813345841709807,78,23872.0
5955.0,69,10813.0,101.05607476635514,2.338821163553136,69,24189.0,0.11012000253911232,69,24189.0
5960.0,71,11050.0,105.23809523809524,2.272037586816377,71,24472.0,0.11294170690398969,71,24472.0
5965.0,78,11425.0,103.86363636363636,2.509717008917399,78,24811.0,0.09261232039826729,78,24811.0
5970.0,85,11832.0,102.88695652173914,2.104802223343383,85,25188.0,0.05864697353051224,85,25188.0
5975.0,91,12278.0,110.61261261261261,1.3402785135051247,91,25606.0,0.03817670080237894,91,25606.0
5980.0,100,12763.0,110.98260869565217,1.028824725953291,100,26056.0,0.04284818284990756,100,26056.0
5985.0,106,13290.0,116.57894736842105,0.8969111747411642,106,26543.0,0.033397977958177553,106,26543.0
5990.0,101,13606.0,113.38333333333334,1.3077325384053466,101,26617.0,0.05743192786407009,101,26617.0
5995.0,96,13783.0,118.81896551724138,1.3602916263160914,96,26363.0,0.05407824617679147,96,26363.0
6000.0,89,14009.0,116.74166666666666,2.1771439125133147,89,25754.0,0.06923019913210735,89,25754.0
6005.0,79,14130.0,120.76923076923077,1.9708821175005842,79,26111.0,0.0869246801232716,79,26111.0
6010.0,80,14380.0,122.90598290598291,2.176781066980448,80,26433.0,0.09935909817227193,80,26433.0
6015.0,87,14800.0,123.33333333333333,2.1506062628387244,87,26806.0,0.06663457287323005,87,26806.0
6020.0,94,15255.0,124.02439024390245,1.6979582767395947,94,27221.0,0.06571919712994144,94,27221.0
6025.0,100,15748.0,130.1487603305785,1.25103575843057,100,27674.0,0.036187350033347054,100,27674.0
6030.0,107,16270.0,132.27642276422765,1.116922887349902,107,28156.0,0.050866835149658354,107,28156.0
6035.0,106,15863.0,132.19166666666666,0.9273251283462668,106,28250.0,0.03700334833304964,106,28250.0
6040.0,97,14823.0,120.51219512195122,1.6082455387930392,97,27960.0,0.06964145478746193,97,27960.0
6045.0,92,14303.0,118.20661157024793,1.9969253573365253,92,27355.0,0.06808157179024009,92,27355.0
6050.0,81,14042.0,117.01666666666667,1.9381139344509657,81,27724.0,0.0858789607796265,81,27724.0
6055.0,83,14168.0,119.05882352941177,2.145967375383886,83,28067.0,0.08905499916077865,83,28067.0
6060.0,90,14602.0,121.68333333333334,2.0828708660618642,90,28452.0,0.08561872464482045,90,28452.0
6065.0,98,15076.0,124.59504132231405,1.5122635320714395,98,28876.0,0.04958508035318877,98,28876.0
6070.0,97,15466.0,128.88333333333333,1.1478646667700845,97,28974.0,0.04631124434009041,97,28974.0
6075.0,97,15817.0,131.80833333333334,1.3525325553392549,97,28761.0,0.05534175681233076,97,28761.0
6080.0,91,16152.0,134.6,1.9429211908212485,91,28388.0,0.048350868636593596,91,28388.0
6085.0,84,16467.0,134.97540983606558,2.03027431635786,84,28760.0,0.08034004817969384,84,28760.0
6090.0,83,16831.0,143.85470085470087,2.065780157257891,83,29096.0,0.08118066512833096,83,29096.0
6095.0,88,17264.0,146.3050847457627,2.2487134513354987,88,29474.0,0.0645974272558977,88,29474.0
6100.0,97,17733.0,154.2,1.5192456089669053,97,29893.0,0.04605318319249621,97,29893.0
6105.0,103,18233.0,159.93859649122808,1.1894530088833786,103,30344.0,0.0335876603008795,103,30344.0
6110.0,104,18753.0,164.5,1.233035945395646,104,30814.0,0.0438632940014815,104,30814.0
6115.0,106,19275.0,169.07894736842104,0.9965763215161617,106,31286.0,0.03508911361863101,106,31286.0
6120.0,100,19119.0,167.71052631578948,1.0954113498068816,100,31188.0,0.035463254015236416,100,31188.0
6125.0,93,18494.0,159.43103448275863,1.3993166647073587,93,30763.0,0.05215807499872471,93,30763.0
6130.0,88,18087.0,155.92241379310346,2.2038152057692133,88,30336.0,0.07172122682214356,88,30336.0
6135.0,77,17505.0,149.6153846153846,2.0910578192827223,77,30665.0,0.0944133814672801,77,30665.0
6140.0,80,17368.0,155.07142857142858,2.1065075359733343,80,30975.0,0.09262668989152464,80,30975.0
6145.0,86,17781.0,148.175,2.231223065132777,86,31328.0,0.09644536830605237,86,31328.0
6150.0,96,18233.0,153.21848739495798,1.4750108574404919,96,31721.0,0.05568934853370551,96,31721.0
6155.0,101,18727.0,154.76859504132233,1.1698369350870559,101,32157.0,0.03257791314303432,101,32157.0
6160.0,108,19254.0,156.53658536585365,0.923007570922358,108,32624.0,0.030470737586742964,108,32624.0
6165.0,108,19336.0,157.20325203252034,0.8385156278719289,108,32734.0,0.047123791632499544,108,32734.0
6170.0,102,19116.0,156.68852459016392,1.2911259564098325,102,32340.0,0.04787396279833413,102,32340.0
6175.0,95,19020.0,150.95238095238096,2.120700222898191,95,32053.0,0.07482618703605091,95,32053.0
6180.0,85,18857.0,153.3089430894309,2.0645855977003675,85,32421.0,0.08443676768823706,85,32421.0
6185.0,84,19110.0,157.93388429752065,2.273860024096531,84,32739.0,0.09880858911539371,84,32739.0
6190.0,89,19548.0,160.2295081967213,2.1739123699216822,89,33115.0,0.06751558885977546,89,33115.0
6195.0,91,19932.0,162.0487804878049,1.4988000049958354,91,33232.0,0.053874982512246664,91,33232.0
6200.0,91,20287.0,171.92372881355934,1.4822480253922021,91,33133.0,0.05241161470880901,91,33133.0
6205.0,88,20673.0,169.45081967213116,2.4530029678477945,88,33043.0,0.1079064464755795,88,33043.0
6210.0,82,20993.0,177.90677966101694,1.9947457447780907,82,33368.0,0.0891611110454164,82,33368.0
6215.0,84,21397.0,182.8803418803419,2.083946070334713,84,33682.0,0.09240199395475554,84,33682.0
6220.0,90,21832.0,188.20689655172413,2.0680357383351473,90,34045.0,0.057019177942875185,90,34045.0
6225.0,91,22207.0,194.7982456140351,1.5743654142487449,91,34239.0,0.047539309570007265,91,34239.0
6230.0,87,22563.0,199.67256637168143,1.8998801890456465,87,34257.0,0.07928505893937904,87,34257.0
6235.0,81,22908.0,204.53571428571428,2.2134880838928646,81,34243.0,0.07772876782371084,81,34243.0
6240.0,84,23317.0,208.1875,2.7105890888114033,84,34460.0,0.09659238574777092,84,34460.0
6245.0,84,23737.0,215.79090909090908,2.497343301433631,84,34751.0,0.0857518318357317,84,34751.0
6250.0,83,24059.0,224.85046728971963,2.1355409290635445,83,35051.0,0.0656490533476494,83,35051.0
6255.0,80,24414.0,232.5142857142857,2.1307838314699605,80,35316.0,0.06814588242126328,80,35316.0
6260.0,80,24814.0,243.27450980392157,2.5582090968899402,80,35604.0,0.08491024564609209,80,35604.0
6265.0,81,25215.0,252.15,2.3277268346109,81,35930.0,0.06486221445612095,81,35930.0
6270.0,76,21843.0,225.18556701030928,1.9698548045163216,76,34274.0,0.07151126274625784,76,34274.0
6275.0,68,15953.0,173.40217391304347,2.118235713721208,68,29650.0,0.07419318457964105,68,29650.0
6280.0,64,10680.0,111.25,2.920781518027781,64,25035.0,0.10990009378610614,64,25035.0
6285.0,53,6717.0,73.01086956521739,2.5909911253128586,53,25245.0,0.11097128722158958,53,25245.0
6290.0,53,5495.0,59.086021505376344,3.0518603133195144,53,25381.0,0.14198970923257712,53,25381.0
6295.0,61,5787.0,62.225806451612904,2.380832766785116,61,25636.0,0.07920476376184651,61,25636.0
6300.0,65,5974.0,62.229166666666664,1.8581088844382687,65,25882.0,0.06572398221009138,65,25882.0
6305.0,67,6235.0,67.04301075268818,1.7463214024618965,67,26110.0,0.07130038328185906,67,26110.0
6310.0,72,6586.0,68.60416666666667,2.834823445170007,72,26385.0,0.10382697082290722,72,26385.0
6315.0,73,6924.0,74.45161290322581,1.9422973379878354,73,26703.0,0.06640266756112764,73,26703.0
6320.0,78,7303.0,77.69148936170212,1.8687404330466382,78,27063.0,0.06532238596763912,78,27063.0
6325.0,80,7701.0,83.70652173913044,1.4920818218655603,80,27441.0,0.0522338485048972,80,27441.0
6330.0,83,8107.0,87.17204301075269,1.1621501181637255,83,27827.0,0.059259798257324775,83,27827.0
6335.0,78,8405.0,92.36263736263736,0.7682378194552174,78,28166.0,0.039481236902432666,78,28166.0
6340.0,74,8677.0,88.54081632653062,1.8199340236030015,74,28424.0,0.08355797494771296,74,28424.0
6345.0,74,9042.0,92.26530612244898,2.6079824246116683,74,28697.0,0.08355770597806872,74,28697.0
6350.0,70,8129.0,82.11111111111111,2.2765881455654813,70,28278.0,0.09597578077421264,70,28278.0
6355.0,69,6590.0,70.86021505376344,1.9062268492301089,69,27205.0,0.0801270901512794,69,27205.0
6360.0,65,5048.0,52.583333333333336,2.6503378074161787,65,25780.0,0.10124135973253452,65,25780.0
6365.0,56,3615.0,38.05263157894737,2.751603649277857,56,25664.0,0.11938429981665957,56,25664.0
6370.0,50,2559.0,27.22340425531915,3.0267332250251604,50,25827.0,0.14528341488277463,50,25827.0
6375.0,56,2818.0,29.354166666666668,3.15373466590423,56,25999.0,0.1382759446288259,56,25999.0
6380.0,63,3118.0,31.18,3.2464750376340845,63,26250.0,0.14537805801783243,63,26250.0
6385.0,69,3449.0,34.83838383838384,2.600613594304932,69,26548.0,0.07844201351950472,69,26548.0
6390.0,77,3823.0,38.23,2.2478462724032258,77,26892.0,0.09086616422371917,77,26892.0
6395.0,82,4226.0,44.95744680851064,1.3394062248880982,82,27265.0,0.04232974485787946,82,27265.0
6400.0,78,4348.0,44.824742268041234,1.700041831255714,78,27523.0,0.09347357242322794,78,27523.0
6405.0,76,4622.0,48.65263157894737,1.7420434266548646,76,27699.0,0.07308496421479731,76,27699.0
6410.0,76,5002.0,50.02,2.4542683012381885,76,27943.0,0.08327645902489621,76,27943.0
6415.0,77,5348.0,54.02020202020202,1.9977929542605661,77,28273.0,0.0675736300293468,77,28273.0
6420.0,77,5725.0,59.635416666666664,1.9672238083198241,77,28591.0,0.060458986238450564,77,28591.0
6425.0,78,6114.0,63.03092783505155,2.564834607358708,78,28935.0,0.0691408022616227,78,28935.0
6430.0,74,6452.0,68.63829787234043,2.216674798216601,74,29250.0,0.06919119520190767,74,29250.0
6435.0,78,6831.0,75.9,1.7280268966367278,78,29572.0,0.06965721387746751,78,29572.0
6440.0,78,7221.0,80.23333333333333,1.5128551524781093,78,29922.0,0.05003824342280485,78,29922.0
6445.0,75,7139.0,77.59782608695652,1.3551371440108695,75,29423.0,0.07242721150174813,75,29423.0
6450.0,68,6747.0,74.96666666666667,1.901225924505695,68,28173.0,0.0853295799981778,68,28173.0
6455.0,63,6485.0,68.98936170212765,2.920770973545128,63,26124.0,0.10261849973997844,63,26124.0
6460.0,52,5998.0,66.64444444444445,2.364252967217256,52,26319.0,0.10622080807173674,52,26319.0
6465.0,47,5820.0,63.956043956043956,3.1923812077510805,47,26436.0,0.1561488612167265,47,26436.0
6470.0,55,6079.0,64.67021276595744,3.081483989448371,55,26592.0,0.1190936739393218,55,26592.0
6475.0,62,6376.0,65.73195876288659,3.0525745862029114,62,26844.0,0.1197683722157551,62,26844.0
6480.0,68,6706.0,70.58947368421053,2.158176196280254,68,27128.0,0.052139849836999555,68,27128.0
6485.0,73,6917.0,70.58163265306122,1.660921348378544,73,27371.0,0.06989241851280702,73,27371.0
6490.0,80,7300.0,77.65957446808511,1.6041410204572486,80,27630.0,0.06063063753743614,80,27630.0
6495.0,82,7702.0,77.02,2.0394145271792667,82,27974.0,0.05982563830788005,82,27974.0
6500.0,78,8052.0,83.875,1.722362389872485,78,28306.0,0.0663380234390778,78,28306.0
6505.0,76,8424.0,86.84536082474227,1.951160264354813,76,28604.0,0.0873171335900524,76,28604.0
6510.0,78,8814.0,91.8125,2.405533183201379,78,28936.0,0.06852068849267605,78,28936.0
6515.0,73,8882.0,93.49473684210527,1.9202024761615022,73,28387.0,0.06978579913000964,73,28387.0
6520.0,68,8734.0,92.91489361702128,2.5317372271000473,68,27355.0,0.09644682805660595,68,27355.0
6525.0,60,8623.0,92.72043010752688,2.8692255095286696,60,25644.0,0.1114649413129727,60,25644.0
6530.0,53,8443.0,93.81111111111112,2.624110089857814,53,25848.0,0.13668380151082885,53,25848.0
6535.0,51,8508.0,92.47826086956522,3.251254027445495,51,26019.0,0.15387419107278766,51,26019.0
6540.0,58,8786.0,95.5,2.822529227724625,58,26246.0,0.11320347140237814,58,26246.0
6545.0,60,8935.0,90.25252525252525,2.4963591214800904,60,26428.0,0.1043286845818401,60,26428.0
6550.0,68,9249.0,97.3578947368421,2.09468471661257,68,26613.0,0.07850573109981403,68,26613.0
6555.0,76,9615.0,96.15,2.102726214470666,76,26913.0,0.06654995784180225,76,26913.0
6560.0,78,9960.0,103.75,1.837358112176813,78,27228.0,0.07134379387944098,78,27228.0
6565.0,76,10334.0,106.5360824742268,2.1202231353928305,76,27519.0,0.09829960311315161,76,27519.0
6570.0,78,10724.0,111.70833333333333,2.4085458279863903,78,27843.0,0.06498796337891101,78,27843.0
6575.0,72,10847.0,112.98958333333333,2.23443393144552,72,27426.0,0.08699953839827718,72,27426.0
6580.0,66,10789.0,117.27173913043478,2.2619107125112996,66,26904.0,0.0930185872646981,66,26904.0
6585.0,60,10800.0,117.3913043478261,3.1171673807092346,60,26366.0,0.12113762412121694,60,26366.0
6590.0,51,10650.0,117.03296703296704,2.931339980142603,51,26531.0,0.1440394120926007,51,26531.0
6595.0,54,10777.0,122.4659090909091,2.6269193890010216,54,26713.0,0.12484641026268169,54,26713.0
6600.0,66,11086.0,121.82417582417582,2.1804841591103816,66,26962.0,0.09834344465287485,66,26962.0
6605.0,66,11289.0,116.38144329896907,1.7576272085050084,66,27188.0,0.07994378878990445,66,27188.0
6610.0,66,11540.0,117.75510204081633,2.179213015820977,66,27366.0,0.08555069511560917,66,27366.0
6615.0,75,11891.0,116.57843137254902,2.629032006458633,75,27602.0,0.08919082422471675,75,27602.0
6620.0,78,12278.0,122.78,2.6909972634362282,78,27913.0,0.07943817266560707,78,27913.0
6625.0,74,12462.0,131.17894736842106,1.9033957616524868,74,27844.0,0.07360284425263092,74,27844.0
6630.0,67,12500.0,131.57894736842104,2.292134709889385,67,27654.0,0.09407246971645081,67,27654.0
6635.0,62,12594.0,136.8913043478261,2.8546716290724903,62,27226.0,0.0999654288829837,62,27226.0
6640.0,59,12648.0,136.0,3.4367718496801887,59,27056.0,0.15086779564135488,59,27056.0
6645.0,50,12694.0,144.25,3.030981791466418,50,27214.0,0.14273146260002556,50,27214.0
6650.0,53,12914.0,138.86021505376345,3.103572764145843,53,27404.0,0.16033590034074974,53,27404.0
6655.0,59,13197.0,140.39361702127658,3.1009351317335003,59,27636.0,0.12453015109324372,59,27636.0
6660.0,62,11269.0,114.98979591836735,2.2616541424490793,62,25909.0,0.08865632675463907,62,25909.0
6665.0,64,7894.0,80.55102040816327,2.099186807088086,64,22240.0,0.08869451311682915,64,22240.0
6670.0,64,5277.0,52.24752475247525,2.4177270564698037,64,17632.0,0.08708475328804476,64,17632.0
6675.0,62,2596.0,25.702970297029704,2.6660223043540086,62,16934.0,0.11501593293512169,62,16934.0
6680.0,56,1263.0,12.757575757575758,2.773766964352563,56,17153.0,0.1283793811260779,56,17153.0
6685.0,65,1570.0,15.392156862745098,2.967671637633356,65,17432.0,0.12902152518113189,65,17432.0
6690.0,68,1531.0,15.009803921568627,2.1566141333126123,68,17611.0,0.08553833541450864,68,17611.0
6695.0,70,1674.0,17.4375,1.8302348841606364,70,17722.0,0.06737733018485349,70,17722.0
6700.0,75,2044.0,20.03921568627451,2.6627805632005117,75,17887.0,0.09517534010661913,75,17887.0
6705.0,75,2350.0,23.979591836734695,1.8576221214687312,75,18224.0,0.05996334941483777,75,18224.0
6710.0,76,2700.0,27.0,2.311199457099706,76,18526.0,0.0897995222909968,76,18526.0
6715.0,76,3080.0,32.083333333333336,2.5741552892453297,76,18863.0,0.08298458824101267,76,18863.0
6720.0,71,3020.0,32.12765957446808,1.7441186357391716,71,18939.0,0.06354922500810824,71,18939.0
6725.0,68,2677.0,28.78494623655914,2.465564479425032,68,18600.0,0.09518581020754416,68,18600.0
6730.0,60,2325.0,25.0,2.808745859074152,60,18378.0,0.10717234037825875,60,18378.0
6735.0,52,2084.0,22.652173913043477,3.0839709277307072,52,18520.0,0.14121682988569084,52,18520.0
6740.0,49,1978.0,21.977777777777778,3.2524339145395125,49,18689.0,0.160577244073244,49,18689.0
6745.0,58,2248.0,24.172043010752688,3.2565025069934417,58,18916.0,0.13023923858045464,58,18916.0
6750.0,60,2476.0,25.791666666666668,2.42086108053045,60,18977.0,0.11530179525522527,60,18977.0
6755.0,61,2675.0,28.45744680851064,2.111148498714668,61,18730.0,0.07172106632486733,61,18730.0
6760.0,59,2919.0,29.19,2.8872686453147636,59,18628.0,0.10617809993150405,59,18628.0
6765.0,56,3101.0,32.302083333333336,2.5438767869588035,56,18877.0,0.10834062116022436,56,18877.0
6770.0,54,3335.0,34.739583333333336,2.911141916429702,54,19076.0,0.14941004794203108,54,19076.0
6775.0,63,3632.0,37.06122448979592,2.8671203205490103,63,19328.0,0.11767451363582776,63,19328.0
6780.0,67,3533.0,35.686868686868685,2.066747575652496,67,19462.0,0.08983474719335591,67,19462.0
6785.0,68,3479.0,34.445544554455445,2.120482652748306,68,19482.0,0.1005808420682141,68,19482.0
6790.0,74,3817.0,36.70192307692308,2.4189724912793724,74,19512.0,0.07913072272744402,74,19512.0
6795.0,78,4128.0,39.69230769230769,2.200031717604528,78,19807.0,0.08511296050179341,78,19807.0
6800.0,79,4499.0,44.54455445544554,1.8980696930546967,79,20119.0,0.04772962040438695,79,20119.0
6805.0,80,4895.0,48.46534653465346,2.533746947433861,80,20472.0,0.0789519605876164,80,20472.0
6810.0,81,5299.0,55.197916666666664,2.091722915500765,81,20846.0,0.06398384796867289,81,20846.0
6815.0,82,5705.0,60.691489361702125,1.6044997046077873,82,21222.0,0.04167937653427238,82,21222.0
6820.0,83,6119.0,65.79569892473118,1.5255297454087844,83,21606.0,0.0636825899220613,83,21606.0
6825.0,83,6534.0,70.25806451612904,1.2266780178580332,83,21991.0,0.049445462028067676,83,21991.0
6830.0,79,6752.0,71.07368421052631,1.5177369281055269,79,22257.0,0.0660737449523593,79,22257.0
6835.0,74,6998.0,73.66315789473684,2.0200717204347862,74,22439.0,0.10151919259957784,74,22439.0
6840.0,76,7375.0,77.63157894736842,2.155486750282472,76,22661.0,0.05586175538974866,76,22661.0
6845.0,76,7720.0,77.97979797979798,1.9943826478327482,76,22982.0,0.07556682860900985,76,22982.0
6850.0,77,8098.0,84.35416666666667,2.237707923724709,77,23305.0,0.06965284309473718,77,23305.0
6855.0,79,8489.0,87.51546391752578,2.375409143291921,79,23655.0,0.08166233127681204,79,23655.0
6860.0,79,8884.0,96.56521739130434,1.742234306868815,79,24010.0,0.06362235746268816,79,24010.0
6865.0,75,9192.0,97.7872340425532,1.622700165029803,75,24313.0,0.07694677962521584,75,24313.0
6870.0,77,9568.0,105.14285714285714,1.7488600808658734,77,24610.0,0.06751951946647912,77,24610.0
6875.0,78,9956.0,105.91489361702128,1.7054875582611533,78,24956.0,0.06614042998847118,78,24956.0
6880.0,81,10357.0,111.36559139784946,1.598245642878924,81,25317.0,0.06418913290117759,81,25317.0
6885.0,77,10680.0,114.83870967741936,1.3856579708214425,77,25641.0,0.06940294321933128,77,25641.0
6890.0,75,11041.0,118.72043010752688,1.8822966050462715,75,25926.0,0.0767223227779987,75,25926.0
6895.0,76,11421.0,117.74226804123711,2.694362626498753,76,26261.0,0.08723063221197358,76,26261.0
6900.0,76,11801.0,126.89247311827957,2.1499251070475447,76,26601.0,0.04887335528247253,76,26601.0
6905.0,72,11354.0,123.41304347826087,1.8858789576252986,72,26510.0,0.09173489788251848,72,26510.0
6910.0,66,10355.0,117.67045454545455,1.9350499636999123,66,25975.0,0.08823061197766839,66,25975.0
6915.0,60,9610.0,100.10416666666667,3.047899193565551,60,25006.0,0.1197024282031846,60,25006.0
6920.0,53,8671.0,95.28571428571429,2.8093036101156788,53,25218.0,0.13881686058911946,53,25218.0
6925.0,52,8275.0,89.94565217391305,3.2391406461996377,52,25399.0,0.17196650306439554,52,25399.0
6930.0,60,8560.0,91.06382978723404,3.0037311486171516,60,25630.0,0.11250463282132389,60,25630.0
6935.0,61,7333.0,74.8265306122449,2.182973645498187,61,23950.0,0.08537236118013553,61,23950.0
6940.0,65,5116.0,52.74226804123711,2.406043887978121,65,20371.0,0.09885533753056285,65,20371.0
6945.0,64,3416.0,34.857142857142854,2.7183769591965543,64,14979.0,0.0871155956965659,64,14979.0
6950.0,59,1506.0,15.525773195876289,2.6890444219106824,59,15272.0,0.12435490757388046,59,15272.0
6955.0,56,1322.0,14.063829787234043,2.9243861955463313,56,15521.0,0.14302233417925872,56,15521.0
6960.0,65,1629.0,17.329787234042552,2.6331824970465476,65,15825.0,0.07830700162324658,65,15825.0
6965.0,67,1593.0,16.9468085106383,2.3973873716637986,67,16015.0,0.09830209571246117,67,16015.0
6970.0,66,1718.0,19.08888888888889,1.9713431405273758,66,16113.0,0.07127429829087123,66,16113.0
6975.0,68,2056.0,22.347826086956523,2.7453189718671123,68,16289.0,0.09629925813972469,68,16289.0
6980.0,68,2361.0,25.945054945054945,2.314213288812554,68,16596.0,0.08150446711709844,68,16596.0
6985.0,68,2698.0,30.314606741573034,2.260100855959416,68,16914.0,0.08767539683377248,68,16914.0
6990.0,70,3047.0,33.855555555555554,2.6347599781849897,70,17260.0,0.0732992508413356,70,17260.0
6995.0,66,3324.0,38.651162790697676,2.0308977451363246,66,17563.0,0.05530124391087504,66,17563.0
7000.0,67,3657.0,42.52325581395349,2.246885326130087,67,17853.0,0.08781443402100479,67,17853.0
7005.0,70,4001.0,47.63095238095238,2.0853615959441276,70,18197.0,0.06872604388631728,70,18197.0
7010.0,68,3821.0,44.43023255813954,1.7887964078572045,68,18021.0,0.0726621719694159,68,18021.0
7015.0,59,3286.0,40.073170731707314,2.232653941256304,59,17436.0,0.09402420676394657,59,17436.0
7020.0,54,2894.0,34.04705882352941,3.1310703238391135,54,16386.0,0.11149018488004524,54,16386.0
7025.0,45,2358.0,28.75609756097561,2.857416285842044,45,16585.0,0.13367535411076778,45,16585.0
7030.0,39,1999.0,24.378048780487806,3.5146887241343996,39,16698.0,0.17070296991268494,39,16698.0
7035.0,46,2213.0,26.03529411764706,3.298504775284635,46,16864.0,0.12820273996898915,46,16864.0
7040.0,49,2384.0,27.09090909090909,2.9452434379652574,49,17065.0,0.12642509761033807,49,17065.0
7045.0,61,2657.0,30.54022988505747,2.2230087162404586,61,17310.0,0.08640326652767572,61,17310.0
7050.0,68,2987.0,33.18888888888889,1.8633997324874005,68,17641.0,0.06832546490978579,68,17641.0
7055.0,72,3283.0,37.30681818181818,1.3436039102828203,72,17969.0,0.046911789805091135,72,17969.0
7060.0,68,3588.0,39.42857142857143,1.9936887426528904,68,18259.0,0.10009887135659494,68,18259.0
7065.0,70,3933.0,43.21978021978022,2.735885318672282,70,18561.0,0.08407067251714036,70,18561.0
7070.0,71,4284.0,46.56521739130435,2.7186859588851258,71,18897.0,0.10639662185521703,71,18897.0
7075.0,72,4644.0,52.77272727272727,2.290902415527417,72,19247.0,0.06852296780169308,72,19247.0
7080.0,66,4673.0,54.33720930232558,1.6758212163291133,66,19038.0,0.07054804067529537,66,19038.0
7085.0,62,4498.0,53.54761904761905,2.0189337541345904,62,18277.0,0.0969034450046922,62,18277.0
7090.0,54,4409.0,50.10227272727273,3.144333512985422,54,16969.0,0.11914793511532602,54,16969.0
7095.0,47,4244.0,49.348837209302324,3.1314251140266283,47,17190.0,0.14913618956594552,47,17190.0
7100.0,45,4189.0,49.28235294117647,3.335773887221301,45,17372.0,0.17029719499176998,45,17372.0
7105.0,51,4432.0,50.36363636363637,3.4250349507021114,51,17599.0,0.12835238933339288,51,17599.0
7110.0,59,4715.0,51.81318681318681,2.7664321662035882,59,17872.0,0.10880244110445605,59,17872.0
7115.0,66,5031.0,57.17045454545455,1.5720907599997131,66,18178.0,0.05541093260527688,66,18178.0
7120.0,75,5389.0,57.329787234042556,1.9793467366352286,75,18526.0,0.10336111407577715,75,18526.0
7125.0,80,5780.0,64.22222222222223,1.2243381852708124,80,18908.0,0.048479660810329055,80,18908.0
7130.0,82,6188.0,64.45833333333333,1.8168108323181984,82,19306.0,0.08206662641674248,82,19306.0
7135.0,84,6601.0,70.22340425531915,1.2994705483058404,84,19709.0,0.06209567204655841,84,19709.0
7140.0,80,6760.0,71.15789473684211,1.354628736492181,80,19500.0,0.06511021119782615,80,19500.0
7145.0,72,6744.0,70.25,1.9493004099738538,72,19177.0,0.08849479838087988,72,19177.0
7150.0,66,6758.0,68.95918367346938,2.7215431477098986,66,18497.0,0.09507697930521675,66,18497.0
7155.0,56,6714.0,68.51020408163265,2.754858393116823,56,18776.0,0.12987120585414058,56,18776.0
7160.0,58,6855.0,74.51086956521739,2.4335716430392282,58,19025.0,0.11597354218254646,58,19025.0
7165.0,67,7175.0,71.75,2.781152440506753,67,19332.0,0.1136326033279582,67,19332.0
7170.0,69,6928.0,68.5940594059406,2.1505379383170338,69,19449.0,0.07737128070332039,69,19449.0
7175.0,71,6736.0,66.03921568627452,1.9635036333923541,71,19326.0,0.06333697996750366,71,19326.0
7180.0,71,6955.0,68.18627450980392,2.6517268957932254,71,19343.0,0.10496113283951074,71,19343.0
7185.0,73,7281.0,70.68932038834951,2.1270878779287754,73,19679.0,0.08154917508500695,73,19679.0
7190.0,77,7655.0,76.55,2.038733221831986,77,20024.0,0.07018277060047623,77,20024.0
7195.0,82,8058.0,80.58,2.25636115689038,82,20416.0,0.06869240768374983,82,20416.0
7200.0,78,8207.0,85.48958333333333,1.765235597204316,78,20389.0,0.049678147365032094,78,20389.0
7205.0,69,8163.0,82.45454545454545,2.464400585422883,69,20236.0,0.1016540114648722,69,20236.0
7210.0,66,8194.0,85.35416666666667,2.5486319608071217,66,19832.0,0.07151533966231369,66,19832.0
7215.0,58,8140.0,83.06122448979592,2.7411730834123698,58,20116.0,0.1251458215862782,58,20116.0
7220.0,59,8242.0,88.6236559139785,2.659698244177371,59,20374.0,0.11894784927910063,59,20374.0
7225.0,65,8554.0,86.4040404040404,2.9491640891013176,65,20675.0,0.11025245726818017,65,20675.0
7230.0,72,8901.0,89.9090909090909,2.0670771569526707,72,21012.0,0.08248726131394955,72,21012.0
7235.0,82,9287.0,94.76530612244898,1.1284770889061575,82,21388.0,0.06383986677904618,82,21388.0
7240.0,87,9709.0,95.18627450980392,1.3038583146829774,87,21802.0,0.0593957514265996,87,21802.0
7245.0,93,10165.0,95.89622641509433,1.381816625372487,93,22248.0,0.03328552077438218,93,22248.0
7250.0,88,10429.0,99.32380952380953,1.5450833709387288,88,22388.0,0.06159614635413103,88,22388.0
7255.0,78,10543.0,100.4095238095238,1.9293768465143737,78,22258.0,0.07751645147960294,78,22258.0
7260.0,76,10708.0,103.96116504854369,2.3643569940094804,76,22120.0,0.07585805156329217,76,22120.0
7265.0,66,10822.0,104.0576923076923,2.19827007113185,66,22446.0,0.10605316602490622,66,22446.0
7270.0,67,10998.0,109.98,2.325316306327155,67,22756.0,0.10795789113795949,67,22756.0
7275.0,73,11354.0,104.1651376146789,2.598057465025675,73,23102.0,0.10262430956591048,73,23102.0
7280.0,83,11748.0,107.77981651376147,1.6042773178895446,83,23486.0,0.060127304051896535,83,23486.0
7285.0,90,12187.0,107.84955752212389,1.5344594342934033,90,23915.0,0.08147896641910583,90,23915.0
7290.0,98,12658.0,113.01785714285714,0.9261437117231672,98,24384.0,0.03504108195517663,98,24384.0
7295.0,104,13173.0,113.5603448275862,1.314469858149074,104,24899.0,0.048016645604099,104,24899.0
7300.0,98,13485.0,118.28947368421052,1.0916754809290663,98,25140.0,0.044238797336607266,98,25140.0
7305.0,91,13663.0,119.85087719298245,1.5479280274749514,91,25218.0,0.06576066930694015,91,25218.0
7310.0,87,13883.0,118.65811965811966,2.3134240028876283,87,25059.0,0.08556611625792922,87,25059.0
7315.0,75,13291.0,115.57391304347826,2.42831774391497,75,24978.0,0.11216449776724445,75,24978.0
7320.0,67,12301.0,110.81981981981981,2.3689980322518247,67,24654.0,0.11238220147671266,67,24654.0
7325.0,70,11981.0,103.28448275862068,2.4099114045664454,70,24169.0,0.103974273854603,70,24169.0
7330.0,67,11844.0,99.52941176470588,2.2540116840502185,67,24430.0,0.10628675676139117,67,24430.0
7335.0,70,12113.0,99.28688524590164,2.283482207298954,70,24657.0,0.09898217756537173,70,24657.0
7340.0,83,12497.0,102.43442622950819,2.328188607325291,83,24958.0,0.08480953577688348,83,24958.0
7345.0,95,12951.0,107.925,1.909759467833318,95,25357.0,0.054078462598500646,95,25357.0
7350.0,97,13334.0,111.11666666666666,1.4993490742957079,97,25520.0,0.037851427807324534,97,25520.0
7355.0,91,13659.0,120.87610619469027,1.5634954483126084,91,25459.0,0.060525297261945124,91,25459.0
7360.0,86,13988.0,119.55555555555556,2.339547898930005,86,25289.0,0.07959830603819093,86,25289.0
7365.0,79,14300.0,126.54867256637168,2.0007590470410386,79,25627.0,0.07943065122141767,79,25627.0
7370.0,84,14701.0,130.09734513274336,2.133011174483507,84,25952.0,0.09603249100921708,84,25952.0
7375.0,90,15137.0,136.36936936936937,1.8104943681322185,90,26338.0,0.04628599275641073,90,26338.0
7380.0,89,15218.0,135.875,1.614688355105711,89,26468.0,0.04403045959062741,89,26468.0
7385.0,84,15058.0,142.0566037735849,1.6331396041801527,84,26393.0,0.07023982179629733,84,26393.0
7390.0,82,15064.0,136.94545454545454,2.3380814801216907,82,26067.0,0.07200757266284073,82,26067.0
7395.0,70,14875.0,137.7314814814815,2.337133794977211,70,26368.0,0.09449116391587294,70,26368.0
7400.0,69,14872.0,141.63809523809525,2.2765119571461185,69,26621.0,0.11118826900519918,69,26621.0
7405.0,76,15241.0,139.8256880733945,2.5817685307995237,76,26930.0,0.09524781843631716,76,26930.0
7410.0,84,15644.0,138.44247787610618,2.1826705195924987,84,27284.0,0.06392667452359745,84,27284.0
7415.0,84,15783.0,146.13888888888889,1.2442939866923808,84,27412.0,0.04696657738402934,84,27412.0
7420.0,81,15750.0,139.38053097345133,1.6760918337030664,81,27353.0,0.07620639659900696,81,27353.0
7425.0,84,15881.0,141.79464285714286,2.2218367728058004,84,27258.0,0.07543068660290357,84,27258.0
7430.0,77,16217.0,141.01739130434783,2.3431120142532134,77,27578.0,0.11125334066421734,77,27578.0
7435.0,83,16620.0,151.0909090909091,2.0189886412072635,83,27910.0,0.07034559703985702,83,27910.0
7440.0,89,17055.0,153.64864864864865,1.9903562070376493,89,28285.0,0.048798971659926485,89,28285.0
7445.0,89,17219.0,160.92523364485982,1.6232255670983295,89,28385.0,0.0621127334519017,89,28385.0
7450.0,82,17188.0,160.6355140186916,1.7237877175217053,82,28219.0,0.06741576718771641,82,28219.0
7455.0,77,17240.0,161.1214953271028,2.6222943715532314,77,27782.0,0.09775817455729459,77,27782.0
7460.0,63,17016.0,160.52830188679246,2.496542727617729,63,27898.0,0.11392394197742665,63,27898.0
7465.0,59,16922.0,165.90196078431373,2.6549922120236795,59,27775.0,0.1340216471776269,59,27775.0
7470.0,62,17123.0,158.5462962962963,2.9047983252611367,62,27782.0,0.13200523134254516,62,27782.0
7475.0,66,17324.0,157.4909090909091,2.362945595087569,66,27955.0,0.10276815145970442,66,27955.0
7480.0,71,17593.0,155.69026548672565,2.2231876290004293,71,28141.0,0.08809268905258068,71,28141.0
7485.0,82,17979.0,163.44545454545454,2.2317434408446535,82,28413.0,0.06853549757891576,82,28413.0
7490.0,89,18412.0,165.87387387387386,2.471650708926597,89,28769.0,0.06751485567786841,89,28769.0
7495.0,85,18662.0,174.41121495327104,1.8124317667356526,85,28845.0,0.05784876198530591,85,28845.0
7500.0,78,18773.0,184.04901960784315,1.802585737894413,78,28658.0,0.0726143092486802,78,28658.0
7505.0,75,18932.0,180.3047619047619,2.7383341956603564,75,28327.0,0.11082022144599661,75,28327.0
7510.0,64,18992.0,184.38834951456312,2.2388921395264174,64,28446.0,0.09462971347799974,64,28446.0
7515.0,64,19176.0,189.86138613861385,2.568982359032668,64,28654.0,0.12585253770167595,64,28654.0
7520.0,69,19508.0,189.39805825242718,2.4426263508085473,69,28910.0,0.09117013783913525,69,28910.0
7525.0,76,19877.0,184.0462962962963,2.214792834402169,76,29209.0,0.07850927495464005,76,29209.0
7530.0,84,20289.0,191.4056603773585,1.4059714612581191,84,29551.0,0.0538506162696401,84,29551.0
7535.0,88,20387.0,188.7685185185185,1.1730567742478966,88,29730.0,0.04351740796673117,88,29730.0
7540.0,84,20313.0,188.08333333333334,1.8645636480719359,84,29771.0,0.07118205244881678,84,29771.0
7545.0,80,20591.0,187.1909090909091,2.319389783577595,80,29722.0,0.07912054816932913,80,29722.0
7550.0,78,20765.0,190.5045871559633,2.116718428548146,78,29719.0,0.08538343898524699,78,29719.0
7555.0,77,20809.0,192.67592592592592,2.0476175797558853,77,29609.0,0.08155815102617747,77,29609.0
7560.0,75,20931.0,201.2596153846154,2.273161770993702,75,29305.0,0.06727326480531698,75,29305.0
7565.0,67,20875.0,196.93396226415095,2.443648550052989,67,29536.0,0.11419904711612917,67,29536.0
7570.0,61,20954.0,209.54,2.217353080973714,61,29698.0,0.1080048275213497,61,29698.0
7575.0,68,21283.0,197.0648148148148,2.9576052444426177,68,29894.0,0.12775814695842375,68,29894.0
7580.0,74,21641.0,206.10476190476192,2.2708825375138955,74,30172.0,0.08013776898135337,74,30172.0
7585.0,80,21835.0,196.7117117117117,1.9083308896957794,80,30323.0,0.0746817344065891,80,30323.0
7590.0,78,21951.0,205.14953271028037,1.7366044857393774,78,30374.0,0.06981491916886562,78,30374.0
7595.0,83,22337.0,204.92660550458714,2.138716558179321,83,30464.0,0.06885587535883111,83,30464.0
7600.0,80,22679.0,209.99074074074073,2.063033964007416,80,30779.0,0.07615294148501751,80,30779.0
7605.0,83,23069.0,215.5981308411215,2.0819927555711835,83,31070.0,0.07806358621419614,83,31070.0
7610.0,86,23493.0,223.74285714285713,2.218710633392348,86,31410.0,0.06621296352909573,86,31410.0
7615.0,81,19938.0,189.88571428571427,1.9220156569367886,81,29816.0,0.07319396005287274,81,29816.0
7620.0,77,13732.0,137.32,1.9351194191763263,77,26280.0,0.0682234402692676,77,26280.0
7625.0,69,8832.0,85.74757281553399,2.8199454688803423,69,20830.0,0.11066526605522849,69,20830.0
7630.0,60,3541.0,35.76767676767677,2.3835483665107247,60,21114.0,0.10557825486120856,60,21114.0
7635.0,60,2543.0,25.178217821782177,2.9461437029652666,60,21359.0,0.13390535307483112,60,21359.0
7640.0,66,2859.0,28.306930693069308,2.7532206791859526,66,21657.0,0.09806449719488701,66,21657.0
7645.0,68,2735.0,25.80188679245283,2.293949353514369,68,21634.0,0.1005515652256128,68,21634.0
7650.0,70,2329.0,23.29,1.9683732578584305,70,21301.0,0.08536766915807008,70,21301.0
7655.0,71,2027.0,19.679611650485437,2.5645576489547603,71,20978.0,0.0870171012658051,71,20978.0
7660.0,61,1733.0,17.15841584158416,2.6873915779049455,61,21277.0,0.12474847815982651,61,21277.0
7665.0,60,1661.0,16.948979591836736,2.516626786881688,60,21516.0,0.10762005756771922,60,21516.0
7670.0,67,1984.0,19.45098039215686,2.944216067266471,67,21820.0,0.11185365602410721,67,21820.0
7675.0,74,2335.0,22.451923076923077,2.1161218977604253,74,22162.0,0.08730694267041973,74,22162.0
7680.0,82,2734.0,26.80392156862745,1.3252919757106094,82,22556.0,0.04678013780595278,82,22556.0
7685.0,90,3169.0,29.89622641509434,1.3727885875089467,90,22992.0,0.05949505810421728,90,22992.0
7690.0,96,3639.0,34.99038461538461,0.9717478516162091,96,23462.0,0.03709122565747111,96,23462.0
7695.0,90,3556.0,32.925925925925924,1.564033401973112,90,23685.0,0.07574085453507895,90,23685.0
7700.0,84,3219.0,30.08411214953271,1.528981926739781,84,23573.0,0.055573468184678856,84,23573.0
7705.0,77,3362.0,30.844036697247706,2.327608612132809,77,23516.0,0.08171593675028031,77,23516.0
7710.0,75,3700.0,33.333333333333336,2.242810529590257,75,23841.0,0.09484748325752326,75,23841.0
7715.0,82,4093.0,38.613207547169814,1.7919592553898007,82,24175.0,0.04958563370994396,82,24175.0
7720.0,88,4521.0,41.861111111111114,2.235578837851704,88,24561.0,0.059780339049879457,88,24561.0
7725.0,84,4588.0,44.11538461538461,1.7677539844187145,84,24569.0,0.04523746561308974,84,24569.0
7730.0,78,4401.0,42.728155339805824,1.9382122412689622,78,24270.0,0.0865320959047146,78,24270.0
7735.0,72,4315.0,42.30392156862745,2.5410295257412456,72,23629.0,0.08297246963421233,72,23629.0
7740.0,64,4035.0,39.55882352941177,2.3788058049375858,64,23731.0,0.10124788706063814,64,23731.0
7745.0,55,3744.0,38.204081632653065,2.6702584537294745,55,23667.0,0.13496990593285524,55,23667.0
7750.0,61,3971.0,38.55339805825243,2.8856243534874304,61,23597.0,0.12133965568292969,61,23597.0
7755.0,62,4163.0,39.647619047619045,2.298961487956499,62,23822.0,0.10202243812290819,62,23822.0
7760.0,70,4429.0,41.783018867924525,1.891047120954288,70,24042.0,0.07529351671040856,70,24042.0
7765.0,82,4816.0,44.592592592592595,2.24316152372684,82,24329.0,0.06680157437650358,82,24329.0
7770.0,86,5241.0,48.52777777777778,2.530432391627277,86,24711.0,0.07067672628152448,86,24711.0
7775.0,83,5467.0,53.59803921568628,1.6569130143524264,83,24697.0,0.046741310784581276,83,24697.0
7780.0,76,5567.0,52.5188679245283,2.249780395817055,76,24400.0,0.0910718895412404,76,24400.0
7785.0,71,5692.0,56.35643564356435,2.562303588684114,71,23770.0,0.09668532916033236,71,23770.0
7790.0,62,5729.0,55.08653846153846,2.7276654730025855,62,24018.0,0.12607535233555542,62,24018.0
7795.0,61,5930.0,60.51020408163265,2.4748084627585234,61,24239.0,0.11782387762601564,61,24239.0
7800.0,70,6266.0,60.83495145631068,2.4808501625404817,70,24523.0,0.09359517597209827,70,24523.0
7805.0,72,6349.0,58.78703703703704,2.3802322049016587,72,24681.0,0.0901926696310233,72,24681.0
7810.0,72,6329.0,59.70754716981132,1.962801131465264,72,24718.0,0.0867809446611272,72,24718.0
7815.0,79,6668.0,61.74074074074074,2.5280538473319742,79,24752.0,0.09919524927932168,79,24752.0
7820.0,80,7018.0,64.98148148148148,1.9989378202864496,80,25076.0,0.08143481578936593,80,25076.0
7825.0,85,7429.0,70.08490566037736,2.1041457187293164,85,25414.0,0.07508747289937764,85,25414.0
7830.0,86,7858.0,74.13207547169812,2.3957438956025396,86,25793.0,0.07439522895134586,86,25793.0
7835.0,82,7063.0,69.24509803921569,1.6982480129906867,82,24218.0,0.047531625544223105,82,24218.0
7840.0,75,5655.0,55.44117647058823,2.2262412395172113,75,20704.0,0.1051824199678691,75,20704.0
7845.0,70,4231.0,42.31,2.5247061967866276,70,15273.0,0.09811303346094956,70,15273.0
7850.0,59,2245.0,22.22772277227723,2.560289660451064,59,15164.0,0.11730848588989332,59,15164.0
7855.0,54,1543.0,15.585858585858587,3.1480512457639818,54,14874.0,0.14765947386016995,54,14874.0
7860.0,54,1383.0,14.112244897959183,2.91208036760401,54,14309.0,0.1060765995591677,54,14309.0
7865.0,53,1094.0,11.16326530612245,2.8766275695746444,53,14523.0,0.1312074038471877,53,14523.0
7870.0,52,949.0,10.095744680851064,2.5852070838935988,52,14687.0,0.11639568019830941,52,14687.0
7875.0,59,1234.0,12.591836734693878,3.2169813846820188,59,14899.0,0.13991481227456873,59,14899.0
7880.0,65,1548.0,15.795918367346939,2.5103009782995143,65,15200.0,0.0716602616065831,65,15200.0
7885.0,74,1902.0,18.466019417475728,2.439109321452538,74,15554.0,0.0675325981693855,74,15554.0
7890.0,80,2291.0,23.61855670103093,1.35431778092398,80,15943.0,0.051424162348112465,80,15943.0
7895.0,88,2721.0,27.76530612244898,1.3346768314369075,88,16373.0,0.04040979681328087,88,16373.0
7900.0,82,2953.0,30.132653061224488,1.483872070301653,82,16463.0,0.06183344109618178,82,16463.0
7905.0,77,3046.0,30.767676767676768,1.6934900128597024,77,16402.0,0.06638697318286212,77,16402.0
7910.0,70,3197.0,31.97,2.7289535898124426,70,16119.0,0.10460921086399572,70,16119.0
7915.0,58,3222.0,32.54545454545455,2.2995502663847827,58,16417.0,0.10514459947031035,58,16417.0
7920.0,61,3423.0,36.03157894736842,2.3363697432788753,61,16686.0,0.09739267802274049,61,16686.0
7925.0,68,3749.0,36.04807692307692,2.7927958602267697,68,17003.0,0.0975627085904259,68,17003.0
7930.0,79,4123.0,39.64423076923077,1.8438806240205272,79,17367.0,0.05930823963754123,79,17367.0
7935.0,85,4538.0,42.81132075471698,1.5230619729283998,85,17772.0,0.0570116003069646,85,17772.0
7940.0,94,4990.0,47.075471698113205,1.0709982013570678,94,18215.0,0.03751771290909289,94,18215.0
7945.0,98,5477.0,50.24770642201835,1.2219076131356623,98,18692.0,0.04929120629407447,98,18692.0
7950.0,93,5184.0,48.0,1.1366850423993329,93,18836.0,0.04221170757998408,93,18836.0
7955.0,85,4578.0,42.0,1.748307712296497,85,18691.0,0.07496964155128413,85,18691.0
7960.0,80,4324.0,39.30909090909091,2.2654693236835928,80,18359.0,0.07784402826772069,80,18359.0
7965.0,71,4438.0,39.98198198198198,2.1717661994929562,71,18721.0,0.096104420173346,71,18721.0
7970.0,77,4801.0,44.4537037037037,2.412575174445562,77,19073.0,0.10275816930056023,77,19073.0
7975.0,81,5195.0,48.101851851851855,2.074459137149189,81,19457.0,0.06061488109021621,81,19457.0
7980.0,82,4848.0,46.61538461538461,1.7156953297153767,82,17917.0,0.048597444823633755,82,17917.0
7985.0,76,3999.0,38.08571428571429,2.1375611207193104,76,14613.0,0.08516154768187402,76,14613.0
7990.0,74,3391.0,33.245098039215684,2.52758355794776,74,10498.0,0.0832679388688933,74,10498.0
7995.0,66,3090.0,29.150943396226417,2.7746415748375735,66,10825.0,0.13701487726504277,66,10825.0
8000.0,74,3442.0,34.07920792079208,2.287886446250184,74,11167.0,0.08429611690930769,74,11167.0
8005.0,79,3824.0,36.76923076923077,2.3106138490647057,79,11549.0,0.08251913976415855,79,11549.0
8010.0,85,4242.0,42.42,1.5729502824701767,85,11968.0,0.04218606495535935,85,11968.0
8015.0,88,4682.0,47.292929292929294,1.3634559166946325,88,12408.0,0.05611435152998618,88,12408.0
8020.0,88,5122.0,52.265306122448976,1.1192083286899204,88,12848.0,0.04314320066447142,88,12848.0
8025.0,90,5570.0,55.7,1.2590547617192738,90,13296.0,0.047587288656257574,90,13296.0
8030.0,90,6020.0,60.2,1.2000823889224523,90,13746.0,0.04911160266176139,90,13746.0
8035.0,86,6059.0,59.40196078431372,1.4166108387371132,86,13839.0,0.058528817131906774,86,13839.0
8040.0,80,5884.0,58.257425742574256,1.5720733083075928,80,13616.0,0.062301407222453725,80,13616.0
8045.0,73,5693.0,54.74038461538461,2.5862490509409923,73,13206.0,0.09199977242694042,73,13206.0
8050.0,65,5637.0,55.26470588235294,2.497971390816642,65,13529.0,0.10453827524322282,65,13529.0
8055.0,67,5923.0,58.64356435643565,2.501155994830015,67,13823.0,0.10393307344169866,67,13823.0
8060.0,71,6268.0,62.68,2.4485145093597565,71,14167.0,0.06801064389430131,71,14167.0
8065.0,77,6643.0,66.43,2.0718280330181886,77,14542.0,0.08523244881857792,77,14542.0
8070.0,83,7050.0,71.93877551020408,1.3912399133271656,83,14949.0,0.04947770643293304,83,14949.0
8075.0,88,7485.0,77.96875,1.0400240254520519,88,15384.0,0.03882474608515013,88,15384.0
8080.0,82,7750.0,79.08163265306122,1.166970920520154,82,15537.0,0.06486200031430123,82,15537.0
8085.0,77,7900.0,80.61224489795919,1.6392283944307713,77,15354.0,0.052213082323183356,77,15354.0
8090.0,71,8068.0,78.33009708737865,2.583135974665927,71,15256.0,0.10391784963280604,71,15256.0
8095.0,67,8327.0,83.27,2.8833526085649077,67,15229.0,0.11172335053157217,67,15229.0
8100.0,67,8583.0,86.6969696969697,2.8243824063583496,67,15423.0,0.12113899320867282,67,15423.0
8105.0,66,8885.0,93.52631578947368,2.4709924974371233,66,15701.0,0.0926330107199252,66,15701.0
8110.0,73,9236.0,97.22105263157894,2.625230100719706,73,16029.0,0.07118467881528785,73,16029.0
8115.0,75,9609.0,105.5934065934066,2.294998813801499,75,16402.0,0.0700897938378593,75,16402.0
8120.0,75,9984.0,109.71428571428571,2.037569700476788,75,16777.0,0.05175467946580994,75,16777.0
8125.0,71,10222.0,117.49425287356321,1.7189819625517253,71,17012.0,0.07614055912125882,71,17012.0
8130.0,63,10373.0,116.5505617977528,2.32967827209812,63,17141.0,0.10058903037319712,63,17141.0
8135.0,64,10681.0,122.77011494252874,2.8430851482041426,64,17262.0,0.08941530358734129,64,17262.0
8140.0,66,11004.0,120.92307692307692,3.0881064712395045,66,17524.0,0.12529139179511278,66,17524.0
8145.0,62,11268.0,129.51724137931035,2.3530989690192925,62,17813.0,0.07863667852825477,62,17813.0
8150.0,64,11577.0,131.5568181818182,2.7828242825253366,64,18092.0,0.09845496238183638,64,18092.0
8155.0,65,11901.0,143.3855421686747,2.8479968074763815,65,18412.0,0.07697063914893003,65,18412.0
8160.0,59,10761.0,129.65060240963857,2.4542334651253688,59,18028.0,0.08984858444850022,59,18028.0
8165.0,55,8645.0,110.83333333333333,2.5067310073333817,55,17023.0,0.11888528633570832,55,17023.0
8170.0,47,6754.0,83.38271604938272,3.5712073064121146,47,15358.0,0.1426300239954633,47,15358.0
8175.0,39,4795.0,61.47435897435897,3.3377145790869114,39,15553.0,0.1654621040753331,39,15553.0
8180.0,38,4030.0,53.026315789473685,3.4630434898364864,38,15707.0,0.19116083074143364,38,15707.0
8185.0,46,4240.0,52.34567901234568,3.5352348685196,46,15911.0,0.137303200570994,46,15911.0
8190.0,53,4490.0,53.45238095238095,2.8343936766250373,53,16161.0,0.12986513262560898,53,16161.0
8195.0,59,4772.0,58.91358024691358,1.6374521977688536,59,16443.0,0.055443802125872244,59,16443.0
8200.0,68,5097.0,59.26744186046512,2.0130783092975646,68,16769.0,0.10184669505325795,68,16769.0
8205.0,73,5456.0,64.95238095238095,1.4508451376983647,73,17128.0,0.053537381234613594,73,17128.0
8210.0,75,5827.0,66.97701149425288,1.7962931170456484,75,17499.0,0.09295402332331854,75,17499.0
8215.0,70,4886.0,55.52272727272727,1.6202713999425418,70,16217.0,0.07098577968102462,70,16217.0
8220.0,64,3075.0,34.94318181818182,2.32800313740238,64,14403.0,0.10048627922598667,64,14403.0
8225.0,58,2055.0,22.833333333333332,2.963904723836162,58,11615.0,0.11729541158580672,58,11615.0
8230.0,55,2297.0,26.102272727272727,2.5251085997321807,55,11879.0,0.11711646355751307,55,11879.0
8235.0,63,2598.0,29.191011235955056,2.662654484535442,63,12167.0,0.10486269035476962,63,12167.0
8240.0,68,2926.0,34.423529411764704,2.2302825268135007,68,12495.0,0.04588752123906771,68,12495.0
8245.0,71,3278.0,38.56470588235294,2.145415051003441,71,12847.0,0.07218400584811256,71,12847.0
8250.0,71,3633.0,44.851851851851855,1.5189875351276865,71,13202.0,0.06341995371508886,71,13202.0
8255.0,68,3404.0,42.02469135802469,1.042039019339131,68,13343.0,0.0514117334049989,68,13343.0
8260.0,60,3166.0,38.144578313253014,2.1101739506132846,60,13292.0,0.08772397274743554,60,13292.0
8265.0,58,3364.0,39.116279069767444,2.781146352150079,58,13184.0,0.09651675679817182,58,13184.0
8270.0,54,3597.0,42.31764705882353,2.786352020376677,54,13444.0,0.11369182916149342,54,13444.0
8275.0,60,3876.0,46.142857142857146,2.738289559559989,60,13702.0,0.10205070339657145,60,13702.0
8280.0,65,4188.0,52.35,2.451585441192564,65,14008.0,0.05160447116664613,65,14008.0
8285.0,65,4513.0,55.03658536585366,2.631598314812834,65,14333.0,0.1009865485490202,65,14333.0
8290.0,66,4839.0,62.03846153846154,1.482538269319213,66,14659.0,0.05338859985452075,66,14659.0
8295.0,69,5183.0,63.98765432098765,1.8785612235218798,69,15003.0,0.0839775217884779,69,15003.0
8300.0,63,4784.0,60.55696202531646,1.6807786952318655,63,14456.0,0.06449442970760974,63,14456.0
8305.0,57,3887.0,46.273809523809526,2.6717259494357215,57,13207.0,0.11220986124198795,57,13207.0
8310.0,50,3101.0,38.28395061728395,3.3820980726710235,50,11562.0,0.13941586424082533,50,11562.0
8315.0,42,2370.0,29.625,2.9005282481438996,42,11386.0,0.13110232729321689,42,11386.0
8320.0,43,2004.0,26.36842105263158,3.2810298389660573,43,11581.0,0.162817271419075,43,11581.0
8325.0,52,2244.0,27.03614457831325,3.0065022551476592,52,11821.0,0.12207137341944113,52,11821.0
8330.0,57,2517.0,29.964285714285715,2.517142367098993,57,12094.0,0.10381065840789266,57,12094.0
8335.0,64,2822.0,32.4367816091954,1.7528653432943426,64,12400.0,0.07442049704561837,64,12400.0
8340.0,72,3172.0,37.31764705882353,1.1181035830368566,72,12751.0,0.04652045977060724,72,12751.0
8345.0,77,3554.0,39.48888888888889,1.5743650321685374,77,13133.0,0.08366692490151117,77,13133.0
8350.0,79,3944.0,45.333333333333336,1.1503577701150325,79,13523.0,0.04599880422544191,79,13523.0
8355.0,79,4339.0,45.67368421052632,2.1776252597175727,79,13918.0,0.10669139688027429,79,13918.0
8360.0,81,4736.0,51.47826086956522,1.3104189988900863,81,14315.0,0.04890038772475828,81,14315.0
8365.0,77,4851.0,50.53125,1.7844092347794591,77,13860.0,0.09653247630287283,77,13860.0
8370.0,71,4764.0,51.225806451612904,1.7677537729994257,71,12619.0,0.07477822907394854,71,12619.0
8375.0,66,4720.0,48.65979381443299,2.701361411483091,66,10567.0,0.09665697218016917,66,10567.0
8380.0,57,4645.0,48.89473684210526,2.6536083505603147,57,10849.0,0.11746298274886971,57,10849.0
8385.0,58,4716.0,52.4,2.4820107751601843,58,11095.0,0.11355153325994236,58,11095.0
8390.0,64,5024.0,52.333333333333336,2.9802664328458577,64,11400.0,0.10724915197813574,64,11400.0
8395.0,72,5362.0,55.27835051546392,2.040876240134459,72,11738.0,0.08835348288141083,72,11738.0
8400.0,78,5738.0,59.154639175257735,1.3193886067378267,78,12114.0,0.04336140527328992,78,12114.0
8405.0,86,6151.0,60.9009900990099,1.2598166246304872,86,12528.0,0.055504141477705014,86,12528.0
8410.0,91,6601.0,66.67676767676768,1.0037947607251667,91,12978.0,0.039140406841654214,91,12978.0
8415.0,91,7056.0,68.50485436893204,1.2929102532459047,91,13433.0,0.04129566408808111,91,13433.0
8420.0,93,7519.0,71.60952380952381,1.4900722341281434,93,13896.0,0.03831246377562737,93,13896.0
8425.0,93,7984.0,76.76923076923077,1.2726305245736544,93,14361.0,0.04737882669221497,93,14361.0
8430.0,94,8453.0,81.27884615384616,1.1839778192657753,94,14830.0,0.051081322190248565,94,14830.0
8435.0,90,7941.0,76.35576923076923,1.1447278531823337,90,14874.0,0.041399354208469345,90,14874.0
8440.0,82,6814.0,64.8952380952381,1.6414338870148861,82,14532.0,0.06337950926896818,82,14532.0
8445.0,76,6265.0,60.24038461538461,2.290599418687475,76,13927.0,0.06836542990582643,76,13927.0
8450.0,70,5973.0,56.885714285714286,2.9079250248850594,70,13556.0,0.10650373252503981,70,13556.0
8455.0,62,6034.0,60.94949494949495,2.7181654774773585,62,13726.0,0.12015917658674043,62,13726.0
8460.0,64,6333.0,62.088235294117645,2.9141904759718567,64,13988.0,0.12722958989292904,64,13988.0
8465.0,71,6672.0,66.05940594059406,2.626607487865478,71,14327.0,0.09148665223428123,71,14327.0
8470.0,77,7042.0,69.72277227722772,2.107441089341595,77,14698.0,0.06257778495585739,77,14698.0
8475.0,83,7447.0,77.57291666666667,1.412260582309904,83,15104.0,0.05882722810172752,83,15104.0
8480.0,81,7732.0,78.1010101010101,1.3823984026766187,81,15225.0,0.05530115292619572,81,15225.0
8485.0,75,7940.0,81.85567010309278,1.985023195405565,75,14985.0,0.08453816568717103,75,14985.0
8490.0,71,8147.0,81.47,2.5683812147515344,71,14857.0,0.09150358112282897,71,14857.0
8495.0,62,8353.0,87.01041666666667,2.4543549851969573,62,15072.0,0.10652239461320435,62,15072.0
8500.0,65,8655.0,87.42424242424242,2.650598999922604,65,15349.0,0.12923359455019104,65,15349.0
8505.0,71,9001.0,93.76041666666667,2.1850036720163764,71,15684.0,0.05042495947988378,71,15684.0
8510.0,79,9388.0,96.78350515463917,2.145443205989292,79,16072.0,0.08580616089297928,79,16072.0
8515.0,80,9788.0,107.56043956043956,1.2033410681700383,80,16472.0,0.045684669818628426,80,16472.0
8520.0,82,10197.0,108.47872340425532,1.5440804096125595,82,16881.0,0.06807060595416696,82,16881.0
8525.0,82,10607.0,112.84042553191489,1.5415022778907852,82,17291.0,0.05742174710157665,82,17291.0
8530.0,84,11022.0,114.8125,1.6717044733484574,84,17706.0,0.05095008220806545,84,17706.0
8535.0,78,10510.0,110.63157894736842,1.8161285465798882,78,17013.0,0.07343083297997906,78,17013.0
8540.0,70,9364.0,96.5360824742268,2.1697530476293663,70,15814.0,0.07449473705687268,70,15814.0
8545.0,66,8519.0,88.73958333333333,2.950389863427405,66,14920.0,0.12497261305442571,66,14920.0
8550.0,56,7478.0,77.09278350515464,2.783407423483025,56,14897.0,0.12064846608630204,56,14897.0
8555.0,57,7030.0,77.25274725274726,2.836829379193243,57,15167.0,0.11683789935748869,57,15167.0
8560.0,62,7330.0,74.79591836734694,2.7788898572997316,62,15467.0,0.11868726200860621,62,15467.0
8565.0,72,7671.0,80.74736842105263,1.6351827294601489,72,15808.0,0.06163081855315197,72,15808.0
8570.0,79,8047.0,78.8921568627451,1.8276345933237672,79,16187.0,0.09110219630130248,79,16187.0
8575.0,87,8465.0,82.18446601941747,1.1151060479706387,87,16605.0,0.03808755877314869,87,16605.0
8580.0,94,8928.0,85.84615384615384,1.2720790667240718,94,17068.0,0.04746270840306045,94,17068.0
8585.0,95,9399.0,90.375,1.0381816861740478,95,17539.0,0.036661433091257176,95,17539.0
8590.0,90,9314.0,88.70476190476191,1.22669341501039,90,17673.0,0.05142130718400581,90,17673.0
8595.0,83,8848.0,82.69158878504673,1.6875184005885893,83,17508.0,0.06548839071709292,83,17508.0
8600.0,78,8594.0,81.0754716981132,2.061213405889377,78,17248.0,0.0524634220271029,78,17248.0
8605.0,74,8601.0,79.63888888888889,2.6356699401196884,74,17211.0,0.10909352458124398,74,17211.0
8610.0,65,8808.0,84.6923076923077,2.524263173551504,65,17339.0,0.10815132171098103,65,17339.0
8615.0,68,9126.0,87.75,2.9065442947199838,68,17628.0,0.12605063134544978,68,17628.0
8620.0,75,9489.0,94.89,2.5521672050001483,75,17978.0,0.0698811776502502,75,17978.0
8625.0,80,9878.0,100.79591836734694,1.8720422211390988,80,18367.0,0.05132279550698136,80,18367.0
8630.0,84,10295.0,107.23958333333333,1.5339742955122924,84,18784.0,0.06153334334389182,84,18784.0
8635.0,84,10715.0,112.78947368421052,1.1754093714008167,84,19204.0,0.04298859572979038,84,19204.0
8640.0,80,10972.0,115.49473684210527,1.3631136143353244,80,19390.0,0.04864763878630292,80,19390.0
8645.0,71,11126.0,111.26,1.9595290076832896,71,19351.0,0.08177082523679148,71,19351.0
8650.0,70,11300.0,115.3061224489796,2.5769869069083686,70,19317.0,0.08967677080730263,70,19317.0
8655.0,66,11601.0,116.01,2.657005828966551,66,19574.0,0.12211795545207817,66,19574.0
8660.0,71,11945.0,125.73684210526316,2.0274579420511625,71,19905.0,0.07105233595865608,71,19905.0
8665.0,78,12322.0,125.73469387755102,2.419934228887435,78,20282.0,0.0728290418442098,78,20282.0
8670.0,80,12721.0,135.32978723404256,1.9543461499831036,80,20681.0,0.05729214111895995,80,20681.0
8675.0,77,12379.0,134.55434782608697,1.2127285638900474,77,20215.0,0.049964466959019085,77,20215.0
8680.0,70,11669.0,126.83695652173913,2.0804128641631277,70,19331.0,0.09450132281153359,70,19331.0
8685.0,64,10938.0,115.13684210526316,2.700369520797608,64,17808.0,0.09384197672759675,64,17808.0
8690.0,54,10144.0,106.77894736842106,3.0790822570900325,54,18080.0,0.13196789853127358,54,18080.0
8695.0,53,9824.0,107.95604395604396,2.853842355553726,53,18319.0,0.12736963109144792,53,18319.0
8700.0,60,10112.0,111.12087912087912,2.718544936338932,60,18602.0,0.09655655578376586,60,18602.0
8705.0,69,10438.0,107.6082474226804,2.31228718947626,69,18928.0,0.10583693466191034,69,18928.0
8710.0,76,10799.0,114.88297872340425,1.2092873615200272,76,19292.0,0.04934406520900767,76,19292.0
8715.0,83,11203.0,108.76699029126213,1.826670148472175,83,19696.0,0.08130572514310767,83,19696.0
8720.0,90,11639.0,116.39,1.036105723447265,90,20133.0,0.03894894003540137,90,20133.0
8725.0,86,11892.0,113.25714285714285,1.67454221417289,86,19903.0,0.09095959603232007,86,19903.0
8730.0,80,12013.0,117.77450980392157,1.5310582499313778,80,19126.0,0.06592459487798603,80,19126.0
8735.0,72,12129.0,114.4245283018868,2.5228098750719585,72,17744.0,0.08577271950396317,72,17744.0
8740.0,64,11776.0,113.23076923076923,2.3713057676252793,64,17811.0,0.10462389697463562,64,17811.0
8745.0,59,11179.0,111.79,2.36192827698204,59,17631.0,0.11161609027011263,59,17631.0
8750.0,58,10985.0,103.63207547169812,3.130675682597269,58,17327.0,0.14357650290592364,58,17327.0
8755.0,57,11043.0,102.25,2.3664500190034445,57,17562.0,0.10429769174096334,57,17562.0
8760.0,62,11247.0,104.13888888888889,2.43514681714361,62,17772.0,0.10355192098844446,62,17772.0
8765.0,73,11584.0,105.30909090909091,2.354197683347721,73,18034.0,0.07553601143597301,73,18034.0
8770.0,87,11995.0,112.10280373831776,2.294021713267861,87,18432.0,0.06378122406594054,87,18432.0
8775.0,88,12435.0,117.31132075471699,2.2426074383571257,88,18872.0,0.07738316623740739,88,18872.0
8780.0,88,12875.0,125.0,1.626919404888895,88,19309.0,0.03771259393903602,88,19309.0
8785.0,84,13149.0,128.91176470588235,1.609625312850133,84,19516.0,0.07465773660805552,84,19516.0
8790.0,77,13302.0,129.14563106796118,1.654246917006951,77,19493.0,0.06560134300223631,77,19493.0
8795.0,74,13517.0,132.51960784313727,2.277821986166972,74,19402.0,0.06599648983637482,74,19402.0
8800.0,75,13875.0,133.41346153846155,2.983628558831445,75,19565.0,0.12259331917637586,75,19565.0
8805.0,71,14176.0,143.1919191919192,2.1294660362525355,71,19828.0,0.07451549142618721,71,19828.0
8810.0,74,14524.0,145.24,2.3163016394960634,74,20138.0,0.08861278010471584,74,20138.0
8815.0,78,14910.0,155.3125,2.4321858644036354,78,20504.0,0.06319719449937646,78,20504.0
8820.0,74,14826.0,154.4375,2.159023398859297,74,20137.0,0.05576709206058063,74,20137.0
8825.0,67,14440.0,156.95652173913044,2.477343479482902,67,19596.0,0.09489978896686459,67,19596.0
8830.0,60,14178.0,152.4516129032258,2.893453268558294,60,18599.0,0.09254716426981548,60,18599.0
8835.0,53,13854.0,153.93333333333334,2.755625675866761,53,18850.0,0.1292005148440587,53,18850.0
8840.0,51,13683.0,155.48863636363637,2.8033121124267626,51,19068.0,0.14410443589261385,51,19068.0
8845.0,59,13961.0,151.75,3.0397933316488035,59,19333.0,0.12020944886735768,59,19333.0
8850.0,61,14020.0,147.57894736842104,2.1998666966551217,61,19499.0,0.09353189020770777,61,19499.0
8855.0,62,14046.0,152.67391304347825,1.7541112696096435,62,19565.0,0.07727870857530603,62,19565.0
8860.0,68,14346.0,140.64705882352942,2.6445596291001956,68,19652.0,0.09919656455711771,68,19652.0
8865.0,74,14654.0,149.53061224489795,2.0543329573672646,74,19993.0,0.07407846022167099,74,19993.0
8870.0,78,15021.0,151.72727272727272,2.101330391927071,78,20329.0,0.08181509851098907,78,20329.0
8875.0,78,15411.0,160.53125,2.3857323215823696,78,20691.0,0.06411055606683715,78,20691.0
8880.0,73,15535.0,160.15463917525773,2.034075711786412,73,20536.0,0.05917843570869427,73,20536.0
8885.0,68,15494.0,168.41304347826087,2.273846660338791,68,20307.0,0.09778152146136086,68,20307.0
8890.0,61,15517.0,165.0744680851064,2.727587739228127,61,19794.0,0.0903183567452564,61,19794.0
8895.0,53,15331.0,164.8494623655914,3.0586981315489976,53,19967.0,0.13879595923627464,53,19967.0
8900.0,46,15296.0,168.0879120879121,3.039259002368495,46,19990.0,0.1420978051686532,46,19990.0
8905.0,56,15563.0,165.56382978723406,3.0399015726524374,56,20190.0,0.12652081817627125,56,20190.0
8910.0,62,15718.0,162.04123711340208,2.3982164629107494,62,20415.0,0.0939869878945071,62,20415.0
8915.0,60,15925.0,165.88541666666666,2.474780104545976,60,20612.0,0.0976062359310461,60,20612.0
8920.0,69,16253.0,162.53,2.8850233629281785,69,20840.0,0.10567765410759021,69,20840.0
8925.0,74,16613.0,174.8736842105263,2.784972391078021,74,21163.0,0.08249817559946519,74,21163.0
8930.0,71,16779.0,174.78125,2.396626032051755,71,21164.0,0.09617952969658246,71,21164.0
8935.0,67,16831.0,180.9784946236559,2.4389761492491235,67,20767.0,0.09181766094700482,67,20767.0
8940.0,60,16932.0,184.04347826086956,2.872784926903749,60,20371.0,0.09451811610938149,60,20371.0
8945.0,54,16945.0,186.2087912087912,2.9700631198390477,54,20601.0,0.13735738909247594,54,20601.0
8950.0,50,17029.0,191.3370786516854,2.771754067090006,50,20778.0,0.12332706435413791,50,20778.0
8955.0,58,17304.0,186.06451612903226,3.2303482089909497,58,21011.0,0.1262343685211142,58,21011.0
8960.0,60,17366.0,186.7311827956989,2.2383444563003407,60,21184.0,0.09184224564634831,60,21184.0
8965.0,66,17616.0,185.43157894736842,2.1914825083625638,66,21322.0,0.09964241928800978,66,21322.0
8970.0,74,17969.0,187.17708333333334,2.192743130292761,74,21586.0,0.04978399921305859,74,21586.0
8975.0,75,18277.0,190.38541666666666,1.984959616142282,75,21906.0,0.07061742522915503,75,21906.0
8980.0,74,18635.0,202.55434782608697,1.8821183608174856,74,22202.0,0.0721773920419101,74,22202.0
8985.0,74,19005.0,202.18085106382978,2.628826788690864,74,22533.0,0.08597105188276916,74,22533.0
8990.0,71,19111.0,207.72826086956522,2.1934929510348526,71,22511.0,0.07920287969439915,71,22511.0
8995.0,64,19044.0,211.6,2.3458574324644563,64,22214.0,0.08615414346368735,64,22214.0
9000.0,57,19012.0,216.04545454545453,2.911138883314179,57,22111.0,0.09444926074589496,57,22111.0
9005.0,52,18964.0,206.1304347826087,2.8666064541238616,52,22350.0,0.1309893604303337,52,22350.0
9010.0,50,18994.0,223.45882352941177,2.588747684220701,50,22531.0,0.13606418256501251,50,22531.0
9015.0,57,19266.0,204.95744680851064,3.0939921616665083,57,22758.0,0.13131700078500672,57,22758.0
9020.0,60,14838.0,157.85106382978722,2.5566323264032986,60,21043.0,0.10094792567923269,60,21043.0
9025.0,58,7385.0,76.92708333333333,2.224327039506513,58,17378.0,0.09621457263627917,58,17378.0
9030.0,61,2844.0,29.625,2.926699887063792,61,12119.0,0.10718113911510828,61,12119.0
9035.0,57,1137.0,11.84375,2.542503738070423,57,12384.0,0.11037258660733637,57,12384.0
9040.0,58,1250.0,13.297872340425531,3.0253365847063476,58,12629.0,0.13629695109107196,58,12629.0
9045.0,63,1555.0,16.54255319148936,2.5885752075295674,63,12933.0,0.08139082800909084,63,12933.0
9050.0,66,1632.0,18.133333333333333,2.0523977227002845,66,12979.0,0.07655939802112025,66,12979.0
9055.0,61,1553.0,17.065934065934066,2.813325761979166,61,12872.0,0.11899710978548005,61,12872.0
9060.0,57,1511.0,17.367816091954023,2.9477948618225303,57,12546.0,0.0945348186830094,57,12546.0
9065.0,48,1448.0,16.64367816091954,2.9087295516897576,48,12787.0,0.14447752570931754,48,12787.0
9070.0,47,1502.0,18.096385542168676,2.886690834467981,47,12997.0,0.1315513420809947,47,12997.0
9075.0,54,1762.0,19.152173913043477,3.377033371820551,54,13256.0,0.13767839122104528,54,13256.0
9080.0,62,2052.0,22.54945054945055,2.327378373787789,62,13546.0,0.07441511538099291,62,13546.0
9085.0,70,2389.0,25.414893617021278,1.7509785935786584,70,13883.0,0.0962608664534883,70,13883.0
9090.0,78,2761.0,29.372340425531913,1.3137476027511978,78,14256.0,0.05487988938758667,78,14256.0
9095.0,85,3174.0,32.38775510204081,1.5862912042764585,85,14670.0,0.057607415203891406,85,14670.0
9100.0,81,2944.0,30.666666666666668,1.4823532063705447,81,14850.0,0.0709949890862822,81,14850.0
9105.0,73,2655.0,27.371134020618555,1.8209664542475874,73,14729.0,0.06298499707220652,73,14729.0
9110.0,69,2846.0,28.747474747474747,2.7058562853402544,69,14707.0,0.11079759719214274,69,14707.0
9115.0,66,3148.0,32.12244897959184,2.522401335455415,66,15025.0,0.11444765045376548,66,15025.0
9120.0,72,3497.0,36.810526315789474,2.1128541896306214,72,15358.0,0.06859153344572927,72,15358.0
9125.0,78,3875.0,41.223404255319146,2.1481868047681907,78,15736.0,0.08643759139030803,78,15736.0
9130.0,74,3881.0,41.73118279569893,1.5383770297354877,74,15789.0,0.0584153740421401,74,15789.0
9135.0,68,3651.0,39.25806451612903,2.198744716229724,68,15467.0,0.09362353581933476,68,15467.0
9140.0,61,3417.0,36.351063829787236,2.896337729842325,61,15130.0,0.10111763231179229,61,15130.0
9145.0,53,3215.0,34.202127659574465,2.7228113480770357,53,15397.0,0.12055860238371874,53,15397.0
9150.0,51,3239.0,35.59340659340659,2.6962215158437686,51,15602.0,0.13540414404536363,51,15602.0
9155.0,63,3528.0,37.53191489361702,2.766899689508091,63,15881.0,0.09083396039377953,63,15881.0
9160.0,68,3858.0,39.36734693877551,2.6222287255204435,68,16211.0,0.09739403559365116,68,16211.0
9165.0,76,4220.0,44.421052631578945,1.308425598291131,76,16573.0,0.037826747668516285,76,16573.0
9170.0,84,4627.0,46.73737373737374,1.5525035215868763,84,16980.0,0.06138663692308628,84,16980.0
9175.0,87,5054.0,52.103092783505154,1.1080422937591268,87,17408.0,0.042171568396579234,87,17408.0
9180.0,85,5292.0,54.0,1.0829280045750054,85,17516.0,0.04843869706396135,85,17516.0
9185.0,77,5394.0,53.94,1.8570988926280168,77,17294.0,0.06919747039693122,77,17294.0
9190.0,72,5516.0,53.55339805825243,2.563393841496782,72,17065.0,0.08653500588274654,72,17065.0
9195.0,61,5588.0,55.32673267326733,2.741080852534129,61,17251.0,0.12145068591738258,61,17251.0
9200.0,63,5772.0,58.89795918367347,2.483121766527249,63,17525.0,0.11945958156715429,63,17525.0
9205.0,69,6104.0,60.43564356435643,2.628561193568355,69,17852.0,0.09918402192001784,69,17852.0
9210.0,76,6468.0,64.03960396039604,1.8912700487720635,76,18216.0,0.058659949678488886,76,18216.0
9215.0,84,6877.0,71.63541666666667,1.1574809725055821,84,18625.0,0.038404122671890334,84,18625.0
9220.0,87,7307.0,69.5904761904762,1.3904119421619294,87,19048.0,0.0650839134713962,87,19048.0
9225.0,94,7762.0,75.35922330097087,0.9453575361374796,94,19494.0,0.0366137788664011,94,19494.0
9230.0,95,8237.0,76.26851851851852,1.3498852581956475,95,19969.0,0.06969388656175309,95,19969.0
9235.0,97,8716.0,83.00952380952381,0.8953506907243984,97,20448.0,0.03506384286870798,97,20448.0
9240.0,91,8452.0,77.54128440366972,1.2714522875941727,91,20558.0,0.0557247196620139,91,20558.0
9245.0,87,7701.0,71.30555555555556,1.5797680202979194,87,20337.0,0.06314867772302854,87,20337.0
9250.0,79,7340.0,66.12612612612612,2.2003814772964674,79,19920.0,0.07555089990599934,79,19920.0
9255.0,71,7331.0,64.87610619469027,2.3517805656155506,71,20260.0,0.1052030790101007,71,20260.0
9260.0,74,7631.0,68.13392857142857,2.486458951884848,74,20578.0,0.11307587706024065,74,20578.0
9265.0,79,8017.0,72.88181818181818,2.4932660465883223,79,20947.0,0.08809433104183644,79,20947.0
9270.0,86,8431.0,76.64545454545454,1.9380282534120588,86,21351.0,0.049773615865055944,86,21351.0
9275.0,92,8877.0,85.35576923076923,1.2629679286553765,92,21787.0,0.036968250647649144,92,21787.0
9280.0,94,9346.0,88.16981132075472,1.2816762466549478,94,22246.0,0.06914384991890735,94,22246.0
9285.0,96,9822.0,94.4423076923077,1.0199510835830166,96,22712.0,0.038436193269928996,96,22712.0
9290.0,96,10302.0,93.65454545454546,1.568284153507798,96,23181.0,0.0707213659697039,96,23181.0
9295.0,102,10795.0,98.13636363636364,0.9163440800333957,102,23655.0,0.03206146770834996,102,23655.0
9300.0,102,11305.0,101.84684684684684,1.0534885909643736,102,24145.0,0.051101124326656595,102,24145.0
9305.0,99,11521.0,101.95575221238938,0.9697702025015035,99,24292.0,0.041434892468661035,99,24292.0
9310.0,90,11544.0,101.26315789473684,1.7378536063289938,90,24116.0,0.0703843555307433,90,24116.0
9315.0,85,11642.0,100.36206896551724,2.1909056231016124,85,23760.0,0.07983918578056998,85,23760.0
9320.0,76,11713.0,104.58035714285714,1.7409909488584323,76,24123.0,0.0712519267349498,76,24123.0
9325.0,78,12053.0,104.80869565217391,2.355362560132108,78,24461.0,0.10217065810740797,78,24461.0
9330.0,83,12458.0,114.29357798165138,1.8052109820000508,83,24846.0,0.06157011757203052,83,24846.0
9335.0,91,12899.0,117.26363636363637,1.5713404578272974,91,25267.0,0.04378453967995124,91,25267.0
9340.0,90,12508.0,118.0,1.1897526329697043,90,25222.0,0.04984484343803148,90,25222.0
9345.0,83,11544.0,104.94545454545455,1.8474445094112784,83,24730.0,0.06388862868655525,83,24730.0
9350.0,78,10847.0,100.43518518518519,2.4742233494397845,78,24013.0,0.08957311398132271,78,24013.0
9355.0,69,10145.0,93.93518518518519,2.3406368044775485,69,24118.0,0.09774697635338254,69,24118.0
9360.0,68,9889.0,96.95098039215686,2.219462105634117,68,24420.0,0.10023640251045103,68,24420.0
9365.0,75,10254.0,91.55357142857143,2.253850976856194,75,24756.0,0.07852676244634371,75,24756.0
9370.0,87,10671.0,95.27678571428571,1.6294133327572031,87,25143.0,0.05929522790799216,87,25143.0
9375.0,93,11122.0,97.56140350877193,1.3423922026700186,93,25564.0,0.059507053296007924,93,25564.0
9380.0,101,11615.0,103.70535714285714,0.9116772958671502,101,26027.0,0.03411414003107591,101,26027.0
9385.0,104,12132.0,103.6923076923077,1.2880234105329862,104,26514.0,0.04263496818124916,104,26514.0
9390.0,106,12655.0,111.00877192982456,0.9120113875351026,106,27007.0,0.034659843511792306,106,27007.0
9395.0,106,13185.0,113.66379310344827,1.0761382291824162,106,27507.0,0.040765119308993986,106,27507.0
9400.0,102,13237.0,112.17796610169492,0.9525258338717614,102,27628.0,0.03861815044020337,102,27628.0
9405.0,96,12983.0,108.19166666666666,1.3939343038215048,96,27426.0,0.05568111504089625,96,27426.0
9410.0,90,12790.0,107.47899159663865,2.0198630939713733,90,27025.0,0.06710511955130499,90,27025.0
9415.0,82,12722.0,106.01666666666667,2.537350519826946,82,26956.0,0.09896510947917264,82,26956.0
9420.0,77,12959.0,112.68695652173913,2.4027362178065492,77,27075.0,0.10368275869625052,77,27075.0
9425.0,80,13330.0,113.93162393162393,2.5820883174828317,80,27389.0,0.11594760817764044,80,27389.0
9430.0,85,13742.0,121.61061946902655,2.2604443367342757,85,27758.0,0.07558021374125963,85,27758.0
9435.0,87,14104.0,120.54700854700855,1.9395947365667767,87,27934.0,0.07185744596813484,87,27934.0
9440.0,87,14453.0,131.3909090909091,1.5481590864434112,87,27959.0,0.05842090505264732,87,27959.0
9445.0,81,14815.0,128.82608695652175,2.5251752127882514,81,27884.0,0.09846931029880265,81,27884.0
9450.0,78,15145.0,136.44144144144144,2.1160174828766634,78,28218.0,0.09214482874622121,78,28218.0
9455.0,81,15527.0,139.88288288288288,2.070471543804417,81,28534.0,0.08032586608977359,81,28534.0
9460.0,89,15952.0,146.348623853211,2.190224475494907,89,28906.0,0.06598673979853246,89,28906.0
9465.0,85,16319.0,152.51401869158877,1.7415759113322296,85,29167.0,0.052866123469944924,85,29167.0
9470.0,81,16635.0,158.42857142857142,2.062344303516871,81,29297.0,0.08337951814060036,81,29297.0
9475.0,79,17023.0,162.1238095238095,2.4907413074653753,79,29552.0,0.08693429381949042,79,29552.0
9480.0,78,17361.0,168.55339805825244,1.905487282380145,78,29869.0,0.05780027014625534,78,29869.0
9485.0,81,17747.0,173.99019607843138,2.218276034077468,81,30191.0,0.08008571627026888,81,30191.0
9490.0,81,18152.0,181.52,2.1127578895771877,81,30547.0,0.049733419679992695,81,30547.0
9495.0,78,17733.0,179.12121212121212,2.09596295916291,78,30254.0,0.08742806224083174,78,30254.0
9500.0,70,16754.0,176.3578947368421,2.094081136610484,70,29379.0,0.09175789201269548,70,29379.0
9505.0,65,16028.0,163.55102040816325,2.756056930799897,65,27903.0,0.0880778369225663,65,27903.0
9510.0,60,15235.0,157.06185567010309,2.6650026284247237,60,28142.0,0.12369683139189909,60,28142.0
9515.0,58,14769.0,160.5326086956522,2.4033440407517275,58,28347.0,0.1035349927629391,58,28347.0
9520.0,65,15081.0,150.81,2.852398846310952,65,28606.0,0.13160673454180832,65,28606.0
9525.0,71,15419.0,154.19,1.9440801349557801,71,28894.0,0.07102997883905733,71,28894.0
9530.0,81,15798.0,153.37864077669903,1.756880141045693,81,29223.0,0.065825683268661,81,29223.0
9535.0,87,16217.0,157.44660194174756,1.295352075243579,87,29594.0,0.05092358737397498,87,29594.0
9540.0,88,16322.0,160.01960784313727,0.9918279605940533,88,29852.0,0.049578948286018436,88,29852.0
9545.0,80,16413.0,159.3495145631068,1.8410810724417952,80,29976.0,0.0795092714737524,80,29976.0
9550.0,80,16801.0,158.5,2.2859402354852896,80,30066.0,0.07361945951648034,80,30066.0
9555.0,79,17161.0,163.43809523809523,1.9948399435451496,79,30397.0,0.07450608014149042,79,30397.0
9560.0,83,17560.0,168.84615384615384,2.0740719656514024,83,30730.0,0.07902103232464842,83,30730.0
9565.0,84,17976.0,176.23529411764707,1.9975568684794736,84,31091.0,0.06077048451526987,84,31091.0
9570.0,80,18041.0,176.87254901960785,1.8998029465220212,80,30772.0,0.07627785126784846,80,30772.0
9575.0,73,17875.0,182.39795918367346,2.017619527949531,73,29813.0,0.07050222850499725,73,29813.0
9580.0,68,17810.0,176.33663366336634,2.8120872022902885,68,28315.0,0.098893091506791,68,28315.0
9585.0,57,17557.0,184.81052631578947,2.470469183988129,57,28543.0,0.11616313068524514,57,28543.0
9590.0,57,17627.0,181.72164948453607,2.8775942330470965,57,28729.0,0.14783708056415293,57,28729.0
9595.0,65,17939.0,181.2020202020202,2.8665189509721443,65,28974.0,0.11043675450751443,65,28974.0
9600.0,73,18284.0,177.51456310679612,2.2682124724426362,73,29259.0,0.07191270377966384,73,29259.0
9605.0,81,18671.0,186.71,1.5871741356177638,81,29586.0,0.06271793647314977,81,29586.0
9610.0,88,19092.0,187.1764705882353,1.3206875348467897,88,29947.0,0.0540967634675504,88,29947.0
9615.0,91,19542.0,189.72815533980582,1.34148826140845,91,30337.0,0.060714499895747405,91,30337.0
9620.0,93,20005.0,186.9626168224299,1.411533624781927,93,30740.0,0.053113483280879434,93,30740.0
9625.0,95,20477.0,195.01904761904763,1.206575173253251,95,31152.0,0.054786836292090406,95,31152.0
9630.0,95,20952.0,192.22018348623854,1.5965927763640713,95,31567.0,0.07587286833006451,95,31567.0
9635.0,97,21431.0,204.10476190476192,0.960395640689477,97,31986.0,0.04391825638804727,97,31986.0
9640.0,91,21590.0,196.27272727272728,1.3937641338677482,91,31752.0,0.07229088053116159,91,31752.0
9645.0,87,21581.0,197.9908256880734,1.6919057405202818,87,31186.0,0.062336758412567146,87,31186.0
9650.0,79,21564.0,192.53571428571428,2.5518368434159764,79,30159.0,0.08892650096333636,79,30159.0
9655.0,70,21519.0,199.25,2.1208914067987257,70,30443.0,0.09324260566426314,70,30443.0
9660.0,69,21592.0,207.6153846153846,2.203432431214849,69,30688.0,0.11040161067354887,69,30688.0
9665.0,74,21955.0,197.7927927927928,2.4231337562949906,74,30976.0,0.07959271808381209,74,30976.0
9670.0,84,22361.0,201.45045045045046,1.819449961417398,84,31312.0,0.07345826473571632,84,31312.0
9675.0,90,22799.0,207.26363636363635,1.322328886711273,90,31681.0,0.051132581027748675,90,31681.0
9680.0,97,23268.0,215.44444444444446,0.8972543636050141,97,32081.0,0.0335295616458726,97,32081.0
9685.0,100,23764.0,208.4561403508772,1.396802139280682,100,32507.0,0.057637119553239566,100,32507.0
9690.0,102,24269.0,214.76991150442478,0.902549168801754,102,32942.0,0.03319430996460055,102,32942.0
9695.0,105,24792.0,217.47368421052633,0.9722855707269271,105,33395.0,0.03463504902530856,105,33395.0
9700.0,105,25317.0,220.1478260869565,0.9314047071659245,105,33850.0,0.03759152253424535,105,33850.0
9705.0,107,25850.0,220.94017094017093,1.0474897248844717,107,34313.0,0.031319681086475225,107,34313.0
9710.0,107,26385.0,225.51282051282053,0.961832384826315,107,34778.0,0.0402157972230982,107,34778.0
9715.0,109,26925.0,226.26050420168067,0.9839503234485425,109,35248.0,0.030090592105482074,109,35248.0
9720.0,109,27470.0,234.7863247863248,0.840649418783955,109,35719.0,0.0313519111748273,109,35719.0
9725.0,106,27004.0,221.34426229508196,0.8623788438810844,106,35795.0,0.041395898150684514,106,35795.0
9730.0,101,26200.0,216.52892561983472,1.3733665859108546,101,35530.0,0.050532137958194924,101,35530.0
9735.0,93,25751.0,206.008,1.9835347519469035,93,35154.0,0.06783337428989357,93,35154.0
9740.0,85,25650.0,210.24590163934425,1.8140545668382468,85,35502.0,0.0711013552584001,85,35502.0
9745.0,85,25960.0,214.54545454545453,2.0479058009186843,85,35812.0,0.09403606513148403,85,35812.0
9750.0,90,26399.0,219.99166666666667,1.9915330368790667,90,36167.0,0.06583449240536762,90,36167.0
9755.0,90,26273.0,218.94166666666666,1.405298904801974,90,35904.0,0.05300248133327772,90,35904.0
9760.0,91,25792.0,220.44444444444446,1.5626917595223682,91,35301.0,0.05686455901945494,91,35301.0
9765.0,88,25504.0,212.53333333333333,2.1094871737048684,88,34707.0,0.06947328643061709,88,34707.0
9770.0,80,25075.0,212.5,2.177537143713671,80,35023.0,0.09632610819133693,80,35023.0
9775.0,79,25111.0,214.6239316239316,2.292248973404122,79,35297.0,0.1042011034172706,79,35297.0
9780.0,86,25527.0,216.33050847457628,2.2400721540706305,86,35630.0,0.0729987788594361,86,35630.0
9785.0,94,25980.0,214.71074380165288,1.766462504439824,94,36003.0,0.06258653000857894,94,36003.0
9790.0,102,26471.0,226.24786324786325,1.1405589008332109,102,36415.0,0.038184919154576925,102,36415.0
9795.0,106,26993.0,221.25409836065575,1.3264637079810158,106,36849.0,0.04323829730361398,106,36849.0
9800.0,111,27535.0,231.38655462184875,0.9032038892043558,111,37301.0,0.031594610135400145,111,37301.0
9805.0,111,28090.0,230.24590163934425,1.0476509793901205,111,37766.0,0.038619264445690506,111,37766.0
9810.0,107,28231.0,235.25833333333333,0.9289738661885832,107,37806.0,0.037236878159685675,107,37806.0
9815.0,97,28085.0,230.20491803278688,1.5867365350771534,97,37285.0,0.06548085269882303,97,37285.0
9820.0,91,27996.0,231.37190082644628,2.148725923230665,91,36832.0,0.06854602536000218,91,36832.0
9825.0,79,27875.0,234.2436974789916,1.8895780302435228,79,37151.0,0.0761692361656482,79,37151.0
9830.0,80,28127.0,240.4017094017094,2.1316992500539755,80,37441.0,0.09929887758481114,80,37441.0
9835.0,89,28553.0,235.97520661157026,2.0096111526187226,89,37778.0,0.08401949715779913,89,37778.0
9840.0,91,28603.0,238.35833333333332,1.2438769092042379,91,37628.0,0.05429943535089764,91,37628.0
9845.0,91,28468.0,237.23333333333332,1.394578512189361,91,37160.0,0.05972350996751586,91,37160.0
9850.0,92,28356.0,232.4262295081967,2.150995054516062,92,36314.0,0.06707993864616359,92,36314.0
9855.0,83,28240.0,233.38842975206612,1.9409968113766762,83,36635.0,0.08256374496679689,83,36635.0
9860.0,81,28341.0,240.17796610169492,2.0412701512766747,81,36905.0,0.0958146691993289,81,36905.0
9865.0,88,28764.0,241.71428571428572,2.1327577314833746,88,37224.0,0.06800840183382792,88,37224.0
9870.0,95,29219.0,237.5528455284553,1.903301291291256,95,37581.0,0.04958090735698266,95,37581.0
9875.0,101,29712.0,251.79661016949152,1.1442779255312272,101,37975.0,0.03732642028746911,101,37975.0
9880.0,107,30238.0,258.44444444444446,0.8467656742117763,107,38401.0,0.03095645207962787,107,38401.0
9885.0,109,30780.0,263.0769230769231,0.8399408290648201,109,38843.0,0.029779197593138466,109,38843.0
9890.0,109,31325.0,267.7350427350427,0.852173424054012,109,39288.0,0.03774010987080514,109,39288.0
9895.0,103,31455.0,268.84615384615387,1.074090174324312,103,39296.0,0.0381089877335065,103,39296.0
9900.0,95,31304.0,263.05882352941177,1.5173253441763344,95,38912.0,0.05390753234093014,95,38912.0
9905.0,90,31269.0,260.575,2.174849914960672,90,38291.0,0.0700727834590169,90,38291.0
9910.0,79,31119.0,259.325,2.077893180398868,79,38592.0,0.08683556324629356,79,38592.0
9915.0,81,31264.0,274.2456140350877,2.02235379063427,81,38876.0,0.09066395125958943,81,38876.0
9920.0,86,31687.0,264.05833333333334,2.232037532794112,86,39199.0,0.07156734914903001,86,39199.0
9925.0,93,32140.0,267.8333333333333,1.5485553473425855,93,39552.0,0.05139515970271812,93,39552.0
9930.0,100,32626.0,271.8833333333333,1.2717334050731774,100,39939.0,0.0350317035925368,100,39939.0
9935.0,107,33144.0,280.8813559322034,0.9544439773572047,107,40354.0,0.03322120135946364,107,40354.0
9940.0,104,33519.0,274.74590163934425,0.8144615440181571,104,40441.0,0.03675536631260839,104,40441.0
9945.0,100,33794.0,279.2892561983471,1.386161372360543,100,40227.0,0.05223455071528577,100,40227.0
9950.0,92,34094.0,272.752,1.977943139804136,92,39780.0,0.06756653106149299,92,39780.0
9955.0,85,34332.0,279.1219512195122,2.153175578054045,85,40093.0,0.08815339813556171,85,40093.0
9960.0,83,34637.0,286.25619834710744,2.3070290712444157,83,40375.0,0.10267413436280917,83,40375.0
9965.0,90,35071.0,292.2583333333333,2.0287382335008624,90,40697.0,0.06338814739650188,90,40697.0
9970.0,96,35535.0,293.6776859504132,1.7528801715946551,96,41053.0,0.052712629657674114,96,41053.0
9975.0,101,36028.0,310.58620689655174,1.0416981638875202,101,41437.0,0.043657439381076316,101,41437.0
9980.0,107,36556.0,307.1932773109244,1.1751055417619287,107,41855.0,0.04642936046005444,107,41855.0
9985.0,108,37096.0,314.3728813559322,1.0159078664483845,108,42285.0,0.043834213283720155,108,42285.0
9990.0,109,37637.0,311.0495867768595,1.0863673672148795,109,42716.0,0.05243675262774485,109,42716.0
9995.0,110,38187.0,320.89915966386553,0.9516761529469379,110,43156.0,0.032682599744842784,110,43156.0
10000.0,111,38738.0,312.4032258064516,1.2671702500795967,111,43597.0,0.0560893537158339,111,43597.0
10005.0,112,39297.0,327.475,0.8637757712125416,112,44044.0,0.0327402405756641,112,44044.0
10010.0,106,39530.0,321.3821138211382,1.0715282264493171,106,44134.0,0.04361823746734906,106,44134.0
10015.0,101,39551.0,326.8677685950413,1.273404688338034,101,43987.0,0.05402054470234179,101,43987.0
10020.0,93,39657.0,322.4146341463415,1.9267150734662342,93,43584.0,0.07124325239027189,93,43584.0
10025.0,89,39735.0,320.44354838709677,2.2513321094599963,89,43553.0,0.08983613959083069,89,43553.0
10030.0,81,39949.0,330.1570247933884,2.281902006886926,81,43798.0,0.10501171504180946,81,43798.0
10035.0,83,40340.0,333.3884297520661,2.440083973925719,83,44115.0,0.10332379100513053,83,44115.0
10040.0,91,40775.0,345.5508474576271,2.0700504801636512,91,44511.0,0.05827655751186339,91,44511.0
10045.0,95,41238.0,352.46153846153845,1.7696813510673353,95,44919.0,0.05585167199308537,95,44919.0
10050.0,100,41732.0,362.88695652173914,1.3367924254211165,100,45328.0,0.037050196492567695,100,45328.0
10055.0,103,42245.0,370.5701754385965,1.188991716435028,103,45728.0,0.03252283733792044,103,45728.0
10060.0,103,42760.0,378.4070796460177,1.06064656710946,103,46123.0,0.045733821157189776,103,46123.0
10065.0,101,43072.0,381.16814159292034,0.6750457868950063,101,46306.0,0.04296142146209421,101,46306.0
10070.0,93,43261.0,376.18260869565216,1.4916225587328689,93,46271.0,0.06739973221897982,93,46271.0
10075.0,88,43470.0,365.29411764705884,2.0745537937852214,88,46099.0,0.06828796947854922,88,46099.0
10080.0,80,43743.0,377.0948275862069,1.8911592743830592,80,46371.0,0.07082137911802369,80,46371.0
10085.0,84,44142.0,377.28205128205127,2.1466020246151443,84,46613.0,0.09068170508535467,84,46613.0
10090.0,90,44578.0,394.49557522123894,1.8536203073606698,90,46909.0,0.040566885280085827,90,46909.0
10095.0,92,38687.0,339.359649122807,1.7041097548957211,92,45245.0,0.059011775168553396,92,45245.0
10100.0,86,28582.0,264.64814814814815,1.5484609340409745,86,41592.0,0.059790513585006144,86,41592.0
10105.0,79,20578.0,182.10619469026548,2.484485295777032,79,35959.0,0.09256146820394676,79,35959.0
10110.0,70,13536.0,124.18348623853211,2.2909032132080225,70,36240.0,0.09441294844016306,70,36240.0
10115.0,70,9823.0,90.95370370370371,2.4636655210057294,70,36479.0,0.10831715277739529,70,36479.0
10120.0,76,10189.0,91.7927927927928,2.5204718670160595,76,36772.0,0.08944651533618093,76,36772.0
10125.0,84,10596.0,92.94736842105263,2.0160311683315855,84,37109.0,0.0699876801552347,84,37109.0
10130.0,86,10927.0,97.5625,1.4149219410388185,86,35501.0,0.0647444291332265,86,35501.0
10135.0,85,11211.0,96.64655172413794,1.6369798027160014,85,31940.0,0.062057290075822266,85,31940.0
10140.0,86,11543.0,101.25438596491227,2.2396327990213334,86,26468.0,0.07297894968772059,86,26468.0
10145.0,75,11801.0,100.86324786324786,2.1114519178109505,75,26835.0,0.08370870239707061,75,26835.0
10150.0,77,12127.0,109.25225225225225,2.2672119385697322,77,27180.0,0.10260175954180412,77,27180.0
10155.0,86,12537.0,106.2457627118644,2.4436442867294264,86,27570.0,0.10168400687589182,86,27570.0
10160.0,92,12980.0,111.89655172413794,1.6879220912370978,92,27993.0,0.051058957386693825,92,27993.0
10165.0,100,13461.0,115.05128205128206,1.5028317456638753,100,28454.0,0.06018725081309459,100,28454.0
10170.0,104,13972.0,123.64601769911505,0.9710720310482508,104,28945.0,0.042596743409606,104,28945.0
10175.0,105,14497.0,126.06086956521739,1.0123696793646013,105,29450.0,0.034055393476579675,105,29450.0
10180.0,102,14428.0,124.37931034482759,1.0189153433126896,102,29602.0,0.03446187965906123,102,29602.0
10185.0,94,14149.0,121.97413793103448,1.6813121247213159,94,29425.0,0.0638793784855001,94,29425.0
10190.0,87,13680.0,115.9322033898305,2.2558583134892514,87,29073.0,0.07065606591203999,87,29073.0
10195.0,79,13573.0,118.02608695652174,2.5138032535688555,79,28894.0,0.0877095549783693,79,28894.0
10200.0,75,13823.0,122.32743362831859,2.535726249265572,75,29221.0,0.11160078250459671,75,29221.0
10205.0,76,14191.0,126.70535714285714,2.3282709496078944,76,29546.0,0.102040419230281,76,29546.0
10210.0,81,14587.0,131.4144144144144,2.331373381706808,81,29916.0,0.06676698205641442,81,29916.0
10215.0,89,15017.0,137.77064220183487,1.8992428333784819,89,30326.0,0.05948630883356928,89,30326.0
10220.0,95,15478.0,144.65420560747663,1.36673101624912,95,30767.0,0.03626122878640614,95,30767.0
10225.0,90,13742.0,128.42990654205607,1.3957065749568092,90,30078.0,0.06890526932534147,90,30078.0
10230.0,85,10531.0,97.50925925925925,1.4972961592017027,85,27878.0,0.05477194295109618,85,27878.0
10235.0,80,8049.0,74.52777777777777,2.4608537326584536,80,25747.0,0.08094943816953043,80,25747.0
10240.0,68,4828.0,43.89090909090909,2.465621248618004,68,26062.0,0.11531496427404302,68,26062.0
10245.0,72,3878.0,37.28846153846154,2.2617100234196426,72,26361.0,0.09112126337170608,72,26361.0
10250.0,78,4259.0,38.026785714285715,2.4801518277503183,78,26712.0,0.08793221563385868,78,26712.0
10255.0,81,4350.0,38.839285714285715,1.7612024114579126,81,26786.0,0.06391764532960738,81,26786.0
10260.0,77,4255.0,37.99107142857143,1.7381077342914448,77,26572.0,0.06638857558065513,77,26572.0
10265.0,79,4282.0,37.56140350877193,2.3394880227201353,79,26241.0,0.07693869520966516,79,26241.0
10270.0,76,4398.0,38.578947368421055,2.075854907537066,76,26587.0,0.08678767597494774,76,26587.0
10275.0,80,4784.0,43.0990990990991,2.1759085534348155,80,26937.0,0.10068747062046644,80,26937.0
10280.0,87,5204.0,46.464285714285715,1.9346769646462552,87,27327.0,0.06515277457036404,87,27327.0
10285.0,92,5655.0,51.40909090909091,1.6834242431201079,92,27748.0,0.05730775782423766,92,27748.0
10290.0,90,5832.0,54.0,0.9739611041603667,90,27098.0,0.05202905801709993,90,27098.0
10295.0,86,5820.0,54.39252336448598,1.5562018237436648,86,25614.0,0.06480289776374536,86,25614.0
10300.0,79,5886.0,51.63157894736842,2.411556245666679,79,23212.0,0.08673476386151813,79,23212.0
10305.0,74,5851.0,53.678899082568805,2.025420530774986,74,23539.0,0.09033998285196819,74,23539.0
10310.0,72,5998.0,53.55357142857143,2.6997518830697134,72,23819.0,0.1211925675269175,72,23819.0
10315.0,79,6379.0,57.468468468468465,2.296304844059664,79,24157.0,0.07518950026577648,79,24157.0
10320.0,86,6794.0,58.56896551724138,2.010424704576253,86,24532.0,0.062127888333948535,86,24532.0
10325.0,93,7247.0,63.017391304347825,1.3030706066024162,93,24946.0,0.03954113713871849,93,24946.0
10330.0,102,7743.0,66.75,1.0878445089884528,102,25402.0,0.04230831667124698,102,25402.0
10335.0,106,8268.0,71.27586206896552,0.968462969484116,106,25887.0,0.04172457529030367,106,25887.0
10340.0,102,7638.0,64.18487394957984,1.243305661687644,102,24427.0,0.06051845987675524,102,24427.0
10345.0,95,6220.0,52.71186440677966,1.4533680944951899,95,21018.0,0.06026840545613527,95,21018.0
10350.0,89,4984.0,40.85245901639344,2.177045367154992,89,15892.0,0.07447084250207693,89,15892.0
10355.0,80,3804.0,31.96638655462185,2.144482401779058,80,16293.0,0.09127134840390673,80,16293.0
10360.0,83,4091.0,35.573913043478264,2.0339713521328195,83,16671.0,0.08775640560601816,83,16671.0
10365.0,92,4528.0,39.03448275862069,1.9930500836948406,92,17103.0,0.05197790549746273,92,17103.0
10370.0,98,5004.0,43.51304347826087,1.691191205901221,98,17579.0,0.06237578739034802,98,17579.0
10375.0,95,4869.0,43.473214285714285,0.9713191286270787,95,17668.0,0.03921106149504953,95,17668.0
10380.0,90,4430.0,39.55357142857143,1.6149474462999152,90,17408.0,0.06500514515477719,90,17408.0
10385.0,84,4068.0,36.0,2.144086147952131,84,16911.0,0.07259313499977195,84,16911.0
10390.0,73,3744.0,33.42857142857143,2.1521297943295026,73,17279.0,0.09565454758682107,73,17279.0
10395.0,72,3778.0,34.6605504587156,2.3996958448249908,72,17612.0,0.10731743775381594,72,17612.0
10400.0,78,4153.0,38.10091743119266,2.250847370961067,78,17981.0,0.07924663560893097,78,17981.0
10405.0,84,4559.0,41.072072072072075,1.8540336881359079,84,18387.0,0.05539685617038097,84,18387.0
10410.0,85,4885.0,45.23148148148148,1.3162967833792931,85,18492.0,0.04162593041593639,85,18492.0
10415.0,82,5155.0,47.73148148148148,1.8683039510500057,82,18319.0,0.08079132480979104,82,18319.0
10420.0,77,5441.0,50.379629629629626,2.032427564866801,77,17991.0,0.06260342074725864,77,17991.0
10425.0,70,5691.0,52.211009174311926,2.2191093779596964,70,18345.0,0.10057301331840784,70,18345.0
10430.0,71,6017.0,55.71296296296296,2.3874412117578703,71,18678.0,0.0903679604779101,71,18678.0
10435.0,78,6390.0,59.7196261682243,2.294111196872057,78,19050.0,0.06328388751247149,78,19050.0
10440.0,83,6794.0,66.6078431372549,1.506672090240695,83,19454.0,0.043396721908700475,83,19454.0
10445.0,90,7232.0,69.53846153846153,1.3743625850605634,90,19892.0,0.05892579197037483,90,19892.0
10450.0,94,7697.0,75.46078431372548,1.0292178200466926,94,20357.0,0.037704491733762634,94,20357.0
10455.0,88,7989.0,75.36792452830188,1.1810372393757151,88,20542.0,0.06439350886855202,88,20542.0
10460.0,84,8174.0,78.59615384615384,1.5497947572986976,84,20493.0,0.06644946387551753,84,20493.0
10465.0,77,8395.0,76.31818181818181,2.421694808479525,77,20345.0,0.09254257020641637,77,20345.0
10470.0,70,8609.0,80.45794392523365,2.1198721372145557,70,20690.0,0.08928001480760496,70,20690.0
10475.0,73,8957.0,84.5,2.2777012089064725,73,21016.0,0.1001743413803875,73,21016.0
10480.0,81,9345.0,89.85576923076923,2.287509040374595,81,21395.0,0.06467999364144053,81,21395.0
10485.0,86,9764.0,93.88461538461539,1.924267960436376,86,21814.0,0.04737179383099099,86,21814.0
10490.0,83,9399.0,93.05940594059406,1.7171214335881748,83,20364.0,0.06739574672334152,83,20364.0
10495.0,74,8607.0,85.21782178217822,2.0355108014209957,74,19416.0,0.08439045206227991,74,19416.0
10500.0,71,7809.0,78.87878787878788,2.49487848530892,71,17803.0,0.08612372862751806,71,17803.0
10505.0,66,7585.0,75.0990099009901,2.5535866948165875,66,17934.0,0.12245436850559473,66,17934.0
10510.0,66,7615.0,78.50515463917526,2.3492760599598106,66,17999.0,0.08453461797998742,66,17999.0
10515.0,64,7732.0,76.55445544554455,3.1603103812923417,64,17957.0,0.13317263651526368,64,17957.0
10520.0,62,7906.0,81.50515463917526,2.600189993840951,62,18174.0,0.10471863475276137,62,18174.0
10525.0,63,8145.0,83.11224489795919,2.580911595917578,63,18411.0,0.10625407214900644,63,18411.0
10530.0,68,8474.0,90.14893617021276,2.7308380086580204,68,18676.0,0.08659242625225373,68,18676.0
10535.0,72,8830.0,93.93617021276596,3.005479243047553,72,19021.0,0.09018933763439406,72,19021.0
10540.0,73,9195.0,102.16666666666667,2.544335083926629,73,19386.0,0.07087749229529224,73,19386.0
10545.0,74,9561.0,111.17441860465117,1.8203395765365686,74,19752.0,0.05408149111162466,74,19752.0
10550.0,75,9934.0,115.51162790697674,1.714600674921438,75,20125.0,0.06912168369681589,75,20125.0
10555.0,75,10309.0,121.28235294117647,1.3910485801059478,75,20500.0,0.06569915041878793,75,20500.0
10560.0,71,10460.0,123.05882352941177,1.4346690654651182,71,20694.0,0.05836995045347524,71,20694.0
10565.0,62,10453.0,117.4494382022472,2.543850419206137,62,20729.0,0.10167202901915198,62,20729.0
10570.0,61,10663.0,121.17045454545455,2.846404555950486,61,20693.0,0.10035023313701802,61,20693.0
10575.0,57,10922.0,127.0,2.2277673600194,57,20971.0,0.08456795074859598,57,20971.0
10580.0,64,11230.0,130.58139534883722,2.433363325741757,64,21260.0,0.0802996029441991,64,21260.0
10585.0,68,11563.0,134.45348837209303,2.7211610256844883,68,21593.0,0.09981942774153217,68,21593.0
10590.0,69,11908.0,141.76190476190476,2.278723031599129,69,21938.0,0.08953743427766042,69,21938.0
10595.0,73,12261.0,151.37037037037038,1.3290941804023877,73,22291.0,0.04801936592814773,73,22291.0
10600.0,73,12626.0,152.12048192771084,1.5301423723331375,73,22656.0,0.06789012957799541,73,22656.0
10605.0,67,11191.0,134.83132530120483,1.525750591731308,67,21512.0,0.057511438286754035,67,21512.0
10610.0,60,8556.0,99.48837209302326,2.356567883048143,60,19019.0,0.10143635599023676,60,19019.0
10615.0,55,6504.0,76.51764705882353,3.3057991565943987,55,15243.0,0.1135541043085555,55,15243.0
10620.0,46,4099.0,48.79761904761905,2.897514033987778,46,15476.0,0.12493442117197052,46,15476.0
10625.0,47,2875.0,36.392405063291136,2.8886811909327754,47,15687.0,0.14732226903513976,47,15687.0
10630.0,53,3127.0,35.94252873563219,3.103916194681936,53,15939.0,0.10412665091006082,53,15939.0
10635.0,60,3417.0,38.39325842696629,2.4220557509546845,60,16229.0,0.09349599958499893,60,16229.0
10640.0,68,3742.0,43.01149425287356,1.2567613957300634,68,16554.0,0.061040537938846014,68,16554.0
10645.0,76,4109.0,45.15384615384615,1.4816607869721135,76,16922.0,0.06651523322716107,76,16922.0
10650.0,81,4510.0,48.494623655913976,1.3678471898183844,81,17323.0,0.04437150508953298,81,17323.0
10655.0,83,4922.0,54.08791208791209,1.1206594333339066,83,17735.0,0.04390573231160699,83,17735.0
10660.0,77,5097.0,53.09375,1.5287724787656112,77,16748.0,0.09914293996479952,77,16748.0
10665.0,74,5121.0,53.90526315789474,1.7068984850160398,74,15630.0,0.06943752422606624,74,15630.0
10670.0,69,5217.0,51.65346534653465,2.9868812406534047,69,13772.0,0.113454734635895,69,13772.0
10675.0,60,4702.0,48.979166666666664,2.4007373774800196,60,13825.0,0.10442773938615493,60,13825.0
10680.0,51,3882.0,40.863157894736844,2.5748884293625127,51,13593.0,0.12489765136697167,51,13593.0
10685.0,53,3689.0,37.26262626262626,2.978647381668713,53,13242.0,0.1248687682875755,53,13242.0
10690.0,53,3738.0,36.64705882352941,2.5940647527498193,53,13454.0,0.12270482995957044,53,13454.0
10695.0,56,3911.0,37.970873786407765,2.599642154851813,56,13597.0,0.10644636078977071,56,13597.0
10700.0,69,4227.0,40.25714285714286,2.554794259494237,69,13870.0,0.08979959905893906,69,13870.0
10705.0,80,4607.0,45.166666666666664,2.6111863393818187,80,14237.0,0.09334872221169614,80,14237.0
10710.0,81,5012.0,49.13725490196079,2.4184067717438125,81,14642.0,0.07870186077269761,81,14642.0
10715.0,78,5274.0,54.9375,1.6375430781641913,78,14815.0,0.049504881956325644,78,14815.0
10720.0,69,5439.0,57.252631578947366,2.2198409950885463,69,14795.0,0.09594900144006982,69,14795.0
10725.0,67,5661.0,59.589473684210525,2.647329491342878,67,14720.0,0.09409968879416362,67,14720.0
10730.0,62,5933.0,61.16494845360825,2.830613440035383,62,15016.0,0.13731733378872274,62,15016.0
10735.0,68,6259.0,65.19791666666667,2.482603268775104,68,15320.0,0.08487594987127807,68,15320.0
10740.0,75,6624.0,71.2258064516129,2.284454703328065,75,15685.0,0.04959593421043682,75,15685.0
10745.0,73,5567.0,60.51086956521739,2.002192099141496,73,14927.0,0.07328239920940025,73,14927.0
10750.0,64,3553.0,39.92134831460674,2.099497976996708,64,13042.0,0.09279620606516271,64,13042.0
10755.0,60,2869.0,31.52747252747253,2.809308037696361,60,10843.0,0.12333875946626435,60,10843.0
10760.0,57,3118.0,35.03370786516854,2.4065785514443756,57,10695.0,0.09126671947704972,57,10695.0
10765.0,64,3427.0,38.50561797752809,2.453051522148383,64,10985.0,0.09252565709393375,64,10985.0
10770.0,69,3765.0,43.77906976744186,2.4165778328084353,69,11323.0,0.07026118810558447,69,11323.0
10775.0,65,3515.0,41.845238095238095,1.7717253950666045,65,10732.0,0.059636879371301264,65,10732.0
10780.0,59,2970.0,36.666666666666664,2.1884793537213407,59,9358.0,0.09418438849759316,59,9358.0
10785.0,54,2408.0,28.666666666666668,2.9801230091822295,54,7538.0,0.10638885907024691,54,7538.0
10790.0,44,1880.0,22.926829268292682,3.167648471644693,44,7338.0,0.14118005438723136,44,7338.0
10795.0,41,1539.0,19.0,3.1187050635506632,41,7520.0,0.14370817456129986,41,7520.0
10800.0,50,1779.0,21.695121951219512,3.1015958014835885,50,7753.0,0.11379810795992532,50,7753.0
10805.0,57,2051.0,22.788888888888888,2.943031098925269,57,8025.0,0.10440143165472425,57,8025.0
10810.0,66,2363.0,27.476744186046513,1.5127272567598493,66,8337.0,0.054071280893207695,66,8337.0
10815.0,75,2720.0,29.89010989010989,1.6758550531160488,75,8695.0,0.06100351553265345,75,8695.0
10820.0,81,3108.0,34.92134831460674,1.2017806679720597,81,9084.0,0.045653190844658666,81,9084.0
10825.0,81,3513.0,38.604395604395606,1.292492960328072,81,9489.0,0.06693284501914841,81,9489.0
10830.0,83,3920.0,43.07692307692308,1.071363287829625,83,9896.0,0.03988252745823366,83,9896.0
10835.0,83,4335.0,46.11702127659574,1.4666898304985374,83,10311.0,0.058587256082424356,83,10311.0
10840.0,83,4750.0,51.075268817204304,1.1957093792350875,83,10726.0,0.047316942641365954,83,10726.0
10845.0,85,5172.0,54.44210526315789,1.2687107779138196,85,11148.0,0.044947087813339406,85,11148.0
10850.0,85,5597.0,58.302083333333336,1.2628012555465962,85,11573.0,0.052027530433801324,85,11573.0
10855.0,87,6027.0,62.134020618556704,1.1979317266490899,87,12003.0,0.06011970982098,87,12003.0
10860.0,87,6462.0,68.02105263157895,1.063812230599538,87,12438.0,0.04019537212796628,87,12438.0
10865.0,89,6900.0,69.0,1.3455650798172893,89,12876.0,0.05324138869408372,89,12876.0
10870.0,89,7345.0,74.94897959183673,1.1814080647293916,89,13321.0,0.03787163751005654,89,13321.0
10875.0,84,6924.0,67.22330097087378,1.5891154410739499,84,13373.0,0.08198616241524614,84,13373.0
10880.0,78,5938.0,59.38,1.5796809616189542,78,12920.0,0.06648796925944753,78,12920.0
10885.0,72,5434.0,52.25,2.4150720152462575,72,12537.0,0.09809331026316516,72,12537.0
10890.0,62,4603.0,45.127450980392155,2.50296581255192,62,11842.0,0.11085496056252012,62,11842.0
10895.0,55,3779.0,37.415841584158414,3.0164289232374526,55,11018.0,0.12918183253956583,55,11018.0
10900.0,56,3229.0,32.29,3.068304112529696,56,10209.0,0.12215262697211293,56,10209.0
10905.0,51,2545.0,25.96938775510204,2.4958041828294473,51,10207.0,0.11138240829447935,51,10207.0
10910.0,51,2346.0,23.93877551020408,2.989066219979539,51,10367.0,0.14752332514321434,51,10367.0
10915.0,61,2615.0,26.15,2.8505548325279007,61,10576.0,0.10985725311051062,61,10576.0
10920.0,69,2943.0,28.852941176470587,2.82085282201869,69,10873.0,0.09257388645811643,69,10873.0
10925.0,77,3310.0,31.523809523809526,2.280826309819675,77,11240.0,0.06745885698410542,77,11240.0
10930.0,79,3576.0,35.05882352941177,1.5144621118389057,79,11192.0,0.04702726327196709,79,11192.0
10935.0,76,3775.0,38.13131313131313,1.5782552662640708,76,10763.0,0.05502341381872698,76,10763.0
10940.0,71,3986.0,39.07843137254902,2.5525499144920105,71,9917.0,0.0818269158688815,71,9917.0
10945.0,61,4141.0,41.41,2.5020643442382724,61,10221.0,0.11612634703353798,61,10221.0
10950.0,62,4359.0,44.03030303030303,2.6935648096095446,62,10500.0,0.1391460761674699,62,10500.0
10955.0,71,4692.0,46.45544554455446,2.4247237724635795,71,10827.0,0.08674445805902191,71,10827.0
10960.0,78,5070.0,49.22330097087379,1.9439312815689365,78,11205.0,0.07755779542603503,78,11205.0
10965.0,82,5475.0,54.20792079207921,1.1603138425565263,82,11610.0,0.04440057557214499,82,11610.0
10970.0,90,5913.0,56.31428571428572,1.2521122133809028,90,12048.0,0.03622980338096152,90,12048.0
10975.0,94,6379.0,61.932038834951456,1.0453745705363358,94,12514.0,0.037214861523454386,94,12514.0
10980.0,89,6314.0,60.71153846153846,1.0460146890738224,89,12517.0,0.0550082616913301,89,12517.0
10985.0,82,5887.0,57.71568627450981,1.462605173596243,82,12076.0,0.06520741987390494,82,12076.0
10990.0,75,5612.0,52.943396226415096,2.2017090416370624,75,11323.0,0.08063656795409482,75,11323.0
10995.0,64,4894.0,47.05769230769231,2.298992025867286,64,11269.0,0.10021018019747949,64,11269.0
11000.0,59,4498.0,44.09803921568628,2.5181261470367398,59,10948.0,0.1174471576128112,59,10948.0
11005.0,58,4438.0,43.94059405940594,2.8376002387333843,58,10323.0,0.10788216375313303,58,10323.0
11010.0,53,4153.0,39.55238095238095,2.540177390364363,53,10542.0,0.12209604118032576,53,10542.0
11015.0,50,4132.0,40.116504854368934,2.2697423628340334,50,10702.0,0.10129403742989873,50,10702.0
11020.0,63,4426.0,39.517857142857146,2.7994925454290653,63,10907.0,0.12818984032938435,63,10907.0
11025.0,76,4780.0,43.06306306306306,2.3877462739536046,76,11240.0,0.09103072868701352,76,11240.0
11030.0,84,5186.0,45.095652173913045,2.251292795773006,84,11646.0,0.05991264487634379,84,11646.0
11035.0,91,5627.0,50.693693693693696,1.7082901494565812,91,12088.0,0.03810787360442257,91,12088.0
11040.0,96,6097.0,56.4537037037037,1.3611156849804569,96,12559.0,0.04014246281088804,96,12559.0
11045.0,90,6375.0,61.29807692307692,1.176042699662243,90,12752.0,0.04059262293697287,90,12752.0
11050.0,80,6501.0,60.757009345794394,1.9039646428656658,80,12805.0,0.06903918378982063,80,12805.0
11055.0,75,6646.0,63.90384615384615,2.4285442129574273,75,12746.0,0.07852862721406477,75,12746.0
11060.0,65,6768.0,65.70873786407768,2.2297639836775316,65,13081.0,0.09958073169486521,65,13081.0
11065.0,66,6972.0,71.14285714285714,2.2475794648585263,66,13394.0,0.09703414061209878,66,13394.0
11070.0,72,7321.0,70.39423076923077,2.5321837204975433,72,13743.0,0.09291740194861571,72,13743.0
11075.0,78,7699.0,74.74757281553399,1.6716426957168327,78,14122.0,0.054913733587327186,78,14122.0
11080.0,86,8111.0,79.51960784313725,1.1250799663335875,86,14534.0,0.04422260982405708,86,14534.0
11085.0,92,8554.0,82.25,1.05297135369545,92,14982.0,0.0386998004005577,92,14982.0
11090.0,90,8462.0,78.35185185185185,1.6110622507533705,90,14920.0,0.07350014150372944,90,14920.0
11095.0,83,7987.0,75.34905660377359,1.53616179228002,83,14369.0,0.06605359929099656,83,14369.0
11100.0,78,7696.0,71.25925925925925,2.3311109761406894,78,13476.0,0.08544845972018783,78,13476.0
11105.0,72,7300.0,68.86792452830188,2.708172045639504,72,12958.0,0.10552195770676696,72,12958.0
11110.0,64,5131.0,49.33653846153846,2.54285136650154,64,11881.0,0.11455489126045072,64,11881.0
11115.0,63,2307.0,21.97142857142857,2.743205281221276,63,9273.0,0.12272727794630608,63,9273.0
11120.0,64,2071.0,19.91346153846154,2.392758077259058,64,7493.0,0.07682530742208982,64,7493.0
11125.0,70,2257.0,21.093457943925234,2.282400594672541,70,7781.0,0.10039367522507556,70,7781.0
11130.0,72,2480.0,23.177570093457945,1.5849798145149994,72,8033.0,0.04007831788210763,72,8033.0
11135.0,82,2869.0,26.321100917431192,2.305843156125409,82,8325.0,0.0710910900867764,82,8325.0
11140.0,85,3285.0,31.285714285714285,2.171035542914758,85,8711.0,0.06576281801319701,85,8711.0
11145.0,86,3715.0,35.38095238095238,2.3289929173699284,86,9139.0,0.046565449588863286,86,9139.0
11150.0,86,4145.0,41.86868686868687,1.6740349456651769,86,9569.0,0.04022959609540254,86,9569.0
11155.0,80,4309.0,44.422680412371136,1.2810259351981463,80,9566.0,0.05019190284705081,80,9566.0
11160.0,73,4293.0,45.670212765957444,1.8297849525450853,73,9134.0,0.0727530733556835,73,9134.0
11165.0,66,4333.0,43.76767676767677,2.838375936251521,66,8551.0,0.10908341945078677,66,8551.0
11170.0,55,4241.0,44.642105263157895,2.5204379292909023,55,8830.0,0.10802890402671081,55,8830.0
11175.0,57,4385.0,46.648936170212764,2.5570488367147273,57,9091.0,0.11569546517482403,57,9091.0
11180.0,64,4692.0,49.38947368421053,2.4488059570878966,64,9393.0,0.08229341540510736,64,9393.0
11185.0,71,5034.0,50.84848484848485,2.110385260234109,71,9735.0,0.08473685905813538,71,9735.0
11190.0,77,5409.0,56.93684210526316,1.188612161772275,77,10110.0,0.0521006716317474,77,10110.0
11195.0,85,5821.0,58.21,1.4580043759954133,85,10523.0,0.03600216547303374,85,10523.0
11200.0,88,6260.0,63.87755102040816,1.2497750263208391,88,10962.0,0.0403582914929417,88,10962.0
11205.0,83,5830.0,58.888888888888886,1.226048740115829,83,10928.0,0.05957767414699637,83,10928.0
11210.0,76,4819.0,50.197916666666664,1.6892613969868744,76,10453.0,0.0689705081508435,76,10453.0
11215.0,70,4077.0,40.77,2.608832842914933,70,9559.0,0.085534695081282,70,9559.0
11220.0,57,2985.0,31.75531914893617,2.3838447007159593,57,9855.0,0.10442286504739803,57,9855.0
11225.0,58,2717.0,29.21505376344086,2.6626575754684993,58,10106.0,0.13370736891275664,58,10106.0
11230.0,64,3025.0,31.510416666666668,2.765117123767515,64,10406.0,0.09382474526156034,64,10406.0
11235.0,70,3367.0,33.336633663366335,2.451543468628685,70,10748.0,0.09834039499688188,70,10748.0
11240.0,77,3737.0,37.74747474747475,1.6569805216276008,77,11119.0,0.05526413445565098,77,11119.0
11245.0,84,4142.0,41.42,1.3553786316234908,84,11525.0,0.05812035735498147,84,11525.0
11250.0,90,4581.0,46.744897959183675,1.1164901121090207,90,11964.0,0.040251025081998244,90,11964.0
11255.0,84,4824.0,47.294117647058826,1.4598361373518034,84,11923.0,0.05988807406519439,84,11923.0
11260.0,78,4928.0,50.285714285714285,1.599343306182441,78,11504.0,0.06507339583115432,78,11504.0
11265.0,70,5070.0,50.7,2.4105460150287548,70,10907.0,0.07874298419532864,70,10907.0
11270.0,62,5141.0,52.45918367346939,2.5617919361757284,62,11022.0,0.10728960650595654,62,11022.0
11275.0,59,5282.0,56.191489361702125,2.5494459401436655,59,11283.0,0.10471424479901548,59,11283.0
11280.0,67,5600.0,57.142857142857146,2.765616921682021,67,11598.0,0.09003455354211914,67,11598.0
11285.0,71,5947.0,59.47,2.255012921136238,71,11945.0,0.07881811330670493,71,11945.0
11290.0,77,6326.0,65.89583333333333,1.1520154118983807,77,12324.0,0.04577277277433295,77,12324.0
11295.0,85,6740.0,69.48453608247422,0.8787331255321686,85,12738.0,0.029846258913621655,85,12738.0
11300.0,90,7182.0,73.28571428571429,0.9988085522619836,90,13181.0,0.037784496230073905,90,13181.0
11305.0,84,7425.0,74.25,1.4470910904452117,84,13170.0,0.06528850102579963,84,13170.0
11310.0,76,7520.0,73.72549019607843,2.0222156062412733,76,12555.0,0.08069726211835106,76,12555.0
11315.0,72,7666.0,76.66,2.4801900867288427,72,11957.0,0.07863115102791961,72,11957.0
11320.0,63,7734.0,78.91836734693878,2.2853258699954706,63,12273.0,0.10735613986190883,63,12273.0
11325.0,62,7910.0,83.26315789473684,2.4632341442396752,62,12560.0,0.09222135461273288,62,12560.0
11330.0,68,8234.0,82.34,2.6635009815567283,68,12884.0,0.08281141277243195,68,12884.0
11335.0,74,8591.0,85.91,2.0029088982754497,74,13241.0,0.06979821484180002,74,13241.0
11340.0,82,8982.0,91.65306122448979,1.2303601357519172,82,13632.0,0.04741977920746492,82,13632.0
11345.0,88,9406.0,94.06,1.1034620583706594,88,14058.0,0.040602810755664576,88,14058.0
11350.0,92,9864.0,98.64,1.0703321013163571,92,14516.0,0.03634410665278944,92,14516.0
11355.0,86,10113.0,101.13,1.2736269604814092,86,14512.0,0.04507954868348268,86,14512.0
11360.0,77,10218.0,101.16831683168317,1.7405851962830965,77,14475.0,0.0670860523454415,77,14475.0
11365.0,72,10371.0,103.71,2.675382593119412,72,14437.0,0.08922812501587717,72,14437.0
11370.0,61,9277.0,92.77,2.537218880653301,61,14035.0,0.10360566088672968,61,14035.0
11375.0,53,7478.0,79.55319148936171,2.859506268349993,53,12714.0,0.13311806872948428,53,12714.0
11380.0,52,6003.0,59.43564356435643,3.2885253833551618,52,11648.0,0.1531872865326383,52,11648.0
11385.0,48,4606.0,44.71844660194175,2.92830951902932,48,11632.0,0.13794518956178575,48,11632.0
11390.0,52,3836.0,36.88461538461539,2.851116711929343,52,11805.0,0.1271211721738963,52,11805.0
11395.0,64,4135.0,39.75961538461539,2.7292820860925078,64,12044.0,0.10237030657814289,64,12044.0
11400.0,76,4496.0,41.24770642201835,2.4604906439090373,76,12405.0,0.09682290961814435,76,12405.0
11405.0,82,4891.0,45.71028037383178,1.9093833175508665,82,12800.0,0.04753216514059919,82,12800.0
11410.0,87,5309.0,49.157407407407405,1.6036685827929855,87,13222.0,0.03616082155810326,87,13222.0
11415.0,93,5764.0,56.509803921568626,0.9932097330773404,93,13679.0,0.036917693420348924,93,13679.0
11420.0,88,5939.0,57.10576923076923,1.243369031361348,88,13910.0,0.06765201589462594,88,13910.0
11425.0,82,5917.0,58.009803921568626,1.4551216839391499,82,13928.0,0.058406324380976225,82,13928.0
11430.0,73,5923.0,55.87735849056604,2.60337324870869,73,13731.0,0.08697803546299909,73,13731.0
11435.0,64,5889.0,57.73529411764706,2.4295492083177854,64,14052.0,0.10243033896141347,64,14052.0
11440.0,63,5991.0,60.515151515151516,2.420868685783699,63,14330.0,0.09786485413867009,63,14330.0
11445.0,69,6323.0,62.603960396039604,2.505923685139996,69,14661.0,0.07701806739146201,69,14661.0
11450.0,70,6305.0,60.625,2.4638065734381485,70,14431.0,0.10648115823081725,70,14431.0
11455.0,70,6114.0,60.53465346534654,1.8722176699378386,70,13321.0,0.08038112758265564,70,13321.0
11460.0,70,5949.0,57.20192307692308,2.608018115900336,70,12247.0,0.09158348843876452,70,12247.0
11465.0,64,5764.0,56.509803921568626,2.3813331054875713,64,12566.0,0.10275624865537057,64,12566.0
11470.0,63,5808.0,58.666666666666664,2.388078942934486,63,12861.0,0.11062023147538107,63,12861.0
11475.0,71,6144.0,60.83168316831683,2.4282491894759923,71,13196.0,0.07909424702493323,71,13196.0
11480.0,76,6508.0,64.43564356435644,1.7319483721568525,76,13561.0,0.06007270137586753,76,13561.0
11485.0,83,6908.0,67.72549019607843,1.2131488384392024,83,13961.0,0.049720592542438366,83,13961.0
11490.0,90,7344.0,70.61538461538461,0.9748386434356525,90,14398.0,0.03919457658206766,90,14398.0
11495.0,96,7816.0,73.04672897196262,1.254819334080674,96,14872.0,0.03503138700276035,96,14872.0
11500.0,90,6053.0,58.20192307692308,1.1651844987531566,90,13989.0,0.04249486693122864,90,13989.0
11505.0,81,3428.0,32.647619047619045,1.6031966334213286,81,12137.0,0.0604126219915098,81,12137.0
11510.0,80,3487.0,33.52884615384615,2.375879662017197,80,10162.0,0.0736358313511837,80,10162.0
11515.0,79,3854.0,37.05769230769231,1.7072275989377343,79,10543.0,0.05747480432201948,79,10543.0
11520.0,84,4259.0,43.02020202020202,1.7456403985359654,84,10935.0,0.05469817115831343,84,10935.0
11525.0,84,4679.0,45.872549019607845,2.2523151181201517,84,11354.0,0.09081721173152653,84,11354.0
11530.0,84,5099.0,52.56701030927835,1.56813633004243,84,11774.0,0.055482414954790775,84,11774.0
11535.0,80,5108.0,52.12244897959184,1.3432660707546709,80,11515.0,0.04887025620135677,80,11515.0
11540.0,73,4845.0,50.46875,2.0345004431677967,73,10627.0,0.06990812031868775,73,10627.0
11545.0,67,4690.0,48.350515463917525,2.555376707183147,67,9089.0,0.08353723097735409,67,9089.0
11550.0,57,4460.0,47.4468085106383,2.631920100467503,57,9373.0,0.11359711832999586,57,9373.0
11555.0,55,4365.0,47.44565217391305,2.868239000620703,55,9619.0,0.12914985226426176,55,9619.0
11560.0,62,4663.0,50.68478260869565,2.7001678588362115,62,9913.0,0.09071459941316506,62,9913.0
11565.0,68,4988.0,51.958333333333336,2.2434314711443313,68,10239.0,0.07762734952202896,68,10239.0
11570.0,74,5346.0,57.483870967741936,1.3747817381633625,74,10597.0,0.048092343943228096,74,10597.0
11575.0,83,5737.0,59.760416666666664,1.4539217251146468,83,10990.0,0.04256586722772728,83,10990.0
11580.0,86,6152.0,65.44680851063829,1.1714627593066143,86,11409.0,0.04200607379491352,86,11409.0
11585.0,82,6378.0,67.13684210526316,0.983537243323993,82,11327.0,0.05296780991503124,82,11327.0
11590.0,74,6467.0,68.79787234042553,1.6968486817911985,74,11119.0,0.07381202008394187,74,11119.0
11595.0,66,6595.0,65.95,2.8713002004834602,66,10585.0,0.11801204301289346,66,10585.0
11600.0,57,6618.0,68.9375,2.6583439489729375,57,10863.0,0.12317363561838873,57,10863.0
11605.0,57,6768.0,71.2421052631579,2.7211805428520104,57,11107.0,0.13130808591113433,57,11107.0
11610.0,63,7073.0,72.91752577319588,2.804261397072741,63,11408.0,0.08373204294444385,63,11408.0
11615.0,65,7329.0,73.29,2.499738493763568,65,11421.0,0.10186754256998523,65,11421.0
11620.0,65,7557.0,79.54736842105264,1.869376231735466,65,11343.0,0.07731794746568675,65,11343.0
11625.0,64,7815.0,79.74489795918367,2.4559118936958018,64,11075.0,0.07631344252646186,64,11075.0
11630.0,59,8023.0,83.57291666666667,2.5101394531154146,59,11368.0,0.1088308980824772,59,11368.0
11635.0,56,8266.0,88.88172043010752,2.683747981182096,56,11614.0,0.12172326989123188,56,11614.0
11640.0,63,8567.0,89.23958333333333,2.7631470909377556,63,11910.0,0.0870256380780802,63,11910.0
11645.0,65,7654.0,79.72916666666667,2.2150432552332506,65,11658.0,0.08561323111234762,65,11658.0
11650.0,65,5930.0,62.421052631578945,1.967103885697104,65,10602.0,0.07397267944009707,65,10602.0
11655.0,63,4431.0,46.642105263157895,2.39456082692354,63,9561.0,0.0695048094736255,63,9561.0
11660.0,59,3297.0,34.705263157894734,2.3633236319616477,59,9855.0,0.1038074775246182,59,9855.0
11665.0,56,2427.0,26.67032967032967,2.666796305238247,56,10113.0,0.1347390345734368,56,10113.0
11670.0,63,2728.0,27.836734693877553,2.9006281452516185,63,10412.0,0.11765734977730109,63,10412.0
11675.0,67,2804.0,28.612244897959183,1.836473221840757,67,10461.0,0.067009528495085,67,10461.0
11680.0,65,2740.0,27.67676767676768,2.020085423938064,65,10414.0,0.07608296522724782,65,10414.0
11685.0,66,2766.0,27.939393939393938,2.573713655040214,66,10381.0,0.09041528161113678,66,10381.0
11690.0,61,2706.0,27.06,2.4366521745066474,61,10677.0,0.10538016193038813,61,10677.0
11695.0,61,2820.0,30.0,2.3998153175133226,61,10949.0,0.10450536309451694,61,10949.0
11700.0,67,3143.0,31.747474747474747,2.658725104558985,67,11269.0,0.10100843935934617,67,11269.0
11705.0,66,3402.0,34.36363636363637,2.1223524037504324,66,11439.0,0.08032495968748223,66,11439.0
11710.0,64,3621.0,36.21,2.119198367072015,64,11537.0,0.08754077254681579,64,11537.0
11715.0,65,3879.0,39.18181818181818,2.5119841980300643,65,11537.0,0.08869590932912423,65,11537.0
11720.0,61,3808.0,38.08,2.4123696700339945,61,11222.0,0.10996325751172505,61,11222.0
11725.0,53,3513.0,36.59375,2.7929056122275964,53,10298.0,0.11748628207445308,53,10298.0
11730.0,54,3366.0,34.0,3.2607543775547785,54,8783.0,0.13798267298812877,54,8783.0
11735.0,50,3095.0,31.581632653061224,2.7189149676639435,50,8998.0,0.11723471123850236,50,8998.0
11740.0,53,2960.0,29.8989898989899,2.688719205500128,53,9169.0,0.14962391533852287,53,9169.0
11745.0,63,3245.0,30.904761904761905,2.538351098935003,63,9391.0,0.08730814190286361,63,9391.0
11750.0,74,3593.0,32.96330275229358,2.7457298182810157,74,9726.0,0.09656049451168604,74,9726.0
11755.0,81,3984.0,38.30769230769231,1.8473180462950118,81,10114.0,0.04568095611254416,81,10114.0
11760.0,87,4409.0,41.594339622641506,1.6932974380715475,87,10540.0,0.04542941516842768,87,10540.0
11765.0,86,4592.0,45.92,1.3410573207237548,86,10789.0,0.04671915174251957,86,10789.0
11770.0,77,4629.0,44.94174757281554,1.9927434828903055,77,10836.0,0.07654127635130359,77,10836.0
11775.0,72,4650.0,46.5,2.598726661871563,72,10696.0,0.08960547051530982,72,10696.0
11780.0,61,4582.0,45.82,2.521357349566475,61,11009.0,0.12092309929474744,61,11009.0
11785.0,62,4742.0,49.395833333333336,2.6825958998065587,62,11300.0,0.10749837744979449,62,11300.0
11790.0,69,5073.0,50.73,2.6361062069649956,69,11631.0,0.09682855934162653,69,11631.0
11795.0,74,5433.0,54.33,1.9430159514774925,74,11991.0,0.0676594677580191,74,11991.0
11800.0,81,5822.0,58.22,1.441467811142016,81,12381.0,0.03821186121402439,81,12381.0
11805.0,89,6247.0,62.47,1.0547560467523465,89,12806.0,0.037790857277091236,89,12806.0
11810.0,92,6700.0,65.68627450980392,1.3064251903528497,92,13261.0,0.06669736837370559,92,13261.0
11815.0,87,5363.0,52.57843137254902,1.0420034685384751,87,12591.0,0.0550009147691377,87,12591.0
11820.0,81,3759.0,36.14423076923077,1.6019352899543375,81,11198.0,0.06305631404089755,81,11198.0
11825.0,83,4161.0,39.628571428571426,2.2237343934564224,83,9921.0,0.07146539964402807,83,9921.0
11830.0,78,4510.0,43.36538461538461,1.6301698987852835,78,10302.0,0.044470002407851955,78,10302.0
11835.0,82,4907.0,48.584158415841586,1.9548056809843828,82,10674.0,0.06116596854520621,82,10674.0
11840.0,82,5317.0,53.707070707070706,2.019734118263469,82,11077.0,0.02881266697403021,82,11077.0
11845.0,82,5727.0,59.04123711340206,2.0183249871973956,82,11487.0,0.03899338420562595,82,11487.0
11850.0,82,6137.0,68.18888888888888,1.188499289781049,82,11897.0,0.04255763229057649,82,11897.0
11855.0,76,6097.0,67.74444444444444,1.1604652901935832,76,11983.0,0.06638690055319808,76,11983.0
11860.0,69,5752.0,63.91111111111111,1.638931967019457,69,11868.0,0.056966113071616226,69,11868.0
11865.0,63,5538.0,59.54838709677419,2.6193652477133265,63,11507.0,0.09334715503913235,63,11507.0
11870.0,52,5185.0,57.611111111111114,2.8134586819310994,52,11660.0,0.11727581836537047,52,11660.0
11875.0,50,5096.0,57.258426966292134,3.1810408632212046,50,11877.0,0.14327483494553656,50,11877.0
11880.0,56,5361.0,60.92045454545455,2.785930138702495,56,12137.0,0.10382307465408377,56,12137.0
11885.0,57,5336.0,56.765957446808514,2.326666318574757,57,12033.0,0.09993246140880695,57,12033.0
11890.0,66,5651.0,61.42391304347826,2.0381926913338284,66,11989.0,0.07997623199761567,66,11989.0
11895.0,76,6008.0,63.242105263157896,1.6131464513745006,76,12346.0,0.039457376803924755,76,12346.0
11900.0,78,6346.0,68.97826086956522,1.2558470019362442,78,12717.0,0.04088595477448233,78,12717.0
11905.0,76,6717.0,73.01086956521739,1.559741746606168,76,13065.0,0.06127245672402218,76,13065.0
11910.0,76,7097.0,77.1413043478261,2.215033605408511,76,13436.0,0.04447565193331402,76,13436.0
11915.0,76,7477.0,81.27173913043478,2.3149382074048277,76,13816.0,0.05283419247033192,76,13816.0
11920.0,70,7567.0,89.02352941176471,1.6749538119218539,70,13867.0,0.05459775618386717,70,13867.0
11925.0,60,7456.0,86.69767441860465,2.0953929791943184,60,13582.0,0.07836928192810433,60,13582.0
11930.0,56,7417.0,88.29761904761905,2.9340407751855713,56,12994.0,0.10345227261246762,56,12994.0
11935.0,45,7320.0,86.11764705882354,2.925841549659139,45,13227.0,0.12568317175391228,45,13227.0
11940.0,46,7310.0,91.375,3.291879467383057,46,13440.0,0.14379261828283085,46,13440.0
11945.0,51,7555.0,89.94047619047619,3.203795575478582,51,13685.0,0.14571963246935954,51,13685.0
11950.0,58,7830.0,93.21428571428571,2.1943828336996365,58,13960.0,0.0785065987017573,58,13960.0
11955.0,64,8139.0,93.55172413793103,1.9953041144957782,64,14269.0,0.09995073645283443,64,14269.0
11960.0,71,8482.0,97.49425287356321,1.63641712515269,71,14612.0,0.07102688385871352,71,14612.0
11965.0,76,8852.0,100.5909090909091,1.7608285021760934,76,14982.0,0.08498632737610778,76,14982.0
11970.0,73,7830.0,91.04651162790698,1.3483688247822991,73,14295.0,0.051750561211400425,73,14295.0
11975.0,64,5867.0,65.92134831460675,2.058770451171737,64,12690.0,0.0736003871122868,64,12690.0
11980.0,59,4355.0,50.05747126436781,2.788709488430431,59,11067.0,0.10534786044265308,59,11067.0
11985.0,47,2760.0,32.093023255813954,2.83194868064228,47,10371.0,0.10981588083117579,47,10371.0
11990.0,46,1636.0,20.19753086419753,2.952145707758835,46,10579.0,0.13484989481181714,46,10579.0
11995.0,52,1885.0,22.44047619047619,3.085525170335821,52,10828.0,0.10251912139230639,52,10828.0
12000.0,58,2165.0,25.470588235294116,2.31547463805172,58,11108.0,0.07749652679111314,58,11108.0
12005.0,64,2476.0,28.790697674418606,1.6794322242867423,64,11419.0,0.0797581079852136,64,11419.0
12010.0,72,2818.0,33.15294117647059,1.1839878661545922,72,11761.0,0.04410594009097048,72,11761.0
12015.0,77,3194.0,37.13953488372093,1.208098967868533,77,12137.0,0.045887187466213265,77,12137.0
12020.0,73,3382.0,38.87356321839081,1.0639519769668593,73,11514.0,0.047668185868963875,73,11514.0
12025.0,65,3438.0,39.06818181818182,2.0060390560666224,65,10613.0,0.0830366683483156,65,10613.0
12030.0,60,3533.0,38.824175824175825,2.9465001752882354,60,9380.0,0.11452054686589326,60,9380.0
12035.0,48,3555.0,40.86206896551724,2.7460963936412965,48,9319.0,0.11514424407982692,48,9319.0
12040.0,48,3639.0,42.31395348837209,2.91249646995162,48,9525.0,0.13395776564543435,48,9525.0
12045.0,55,3901.0,45.36046511627907,2.9605847814734,55,9782.0,0.10377747697649625,55,9782.0
12050.0,63,4197.0,47.157303370786515,2.490387983339868,63,10078.0,0.07975479567524253,63,10078.0
12055.0,69,4525.0,52.01149425287356,1.4861944911593727,69,10406.0,0.04432208709660811,69,10406.0
12060.0,75,4884.0,54.87640449438202,1.3757836184875298,75,10767.0,0.044430301354154725,75,10767.0
12065.0,80,5279.0,60.67816091954023,1.0990033201372522,80,11162.0,0.04480424668798122,80,11162.0
12070.0,75,5478.0,61.550561797752806,1.0886864294752558,75,10878.0,0.05018386897470405,75,10878.0
12075.0,67,5542.0,62.97727272727273,1.9823620694829187,67,9807.0,0.06826519380497678,67,9807.0
12080.0,61,5637.0,62.63333333333333,2.7861497234705968,61,8715.0,0.09176490301776664,61,8715.0
12085.0,50,5637.0,65.54651162790698,2.720699159545785,50,8971.0,0.1188731058069189,50,8971.0
12090.0,49,5746.0,68.4047619047619,2.7402557523552677,49,9188.0,0.1380568594811559,49,9188.0
12095.0,55,6010.0,69.08045977011494,2.791008702540961,55,9447.0,0.09794860577943182,55,9447.0
12100.0,55,5318.0,58.43956043956044,2.451974899608516,55,9148.0,0.10788521901297417,55,9148.0
12105.0,55,3997.0,43.92307692307692,2.4691347590806663,55,8341.0,0.10152022926666032,55,8341.0
12110.0,55,3016.0,32.08510638297872,2.6733015347289935,55,7015.0,0.09215711907291718,55,7015.0
12115.0,54,2000.0,21.73913043478261,2.7568783686391214,54,7274.0,0.12015271293422444,54,7274.0
12120.0,52,1319.0,14.655555555555555,3.031548859243215,52,7501.0,0.13660966174405872,52,7501.0
12125.0,58,1597.0,17.744444444444444,2.869443314170631,58,7774.0,0.09473998546707811,58,7774.0
12130.0,64,1908.0,20.516129032258064,2.4147460963153633,64,8085.0,0.08307572465000901,64,8085.0
12135.0,71,2249.0,24.988888888888887,1.4691761008522768,71,8426.0,0.05203391092156057,71,8426.0
12140.0,77,2623.0,28.204301075268816,1.4382232738771026,77,8800.0,0.06885310094947882,77,8800.0
12145.0,82,3026.0,33.62222222222222,1.1197744547185386,82,9203.0,0.042680843562160654,82,9203.0
12150.0,76,3049.0,32.43617021276596,1.6796198293164015,76,8914.0,0.08061936573334395,76,8914.0
12155.0,68,2808.0,30.857142857142858,1.8864148306674056,68,8810.0,0.0746758427874625,68,8810.0
12160.0,61,2622.0,28.5,2.8185889727515305,61,8465.0,0.09354681986422272,61,8465.0
12165.0,52,2373.0,26.662921348314608,2.645028265490912,52,8735.0,0.115084491175801,52,8735.0
12170.0,52,2404.0,27.632183908045977,2.88719222175297,52,8962.0,0.15601833053249575,52,8962.0
12175.0,59,2682.0,29.152173913043477,2.998704649271498,59,9235.0,0.11224767898444551,59,9235.0
12180.0,65,2991.0,32.16129032258065,2.022226997466746,65,9544.0,0.0863583575553529,65,9544.0
12185.0,73,3342.0,36.32608695652174,1.3816884080801475,73,9895.0,0.06555338752740301,73,9895.0
12190.0,74,3282.0,34.91489361702128,1.2789811735957652,74,9660.0,0.059344016354260676,74,9660.0
12195.0,71,2945.0,30.677083333333332,2.065312131852964,71,8949.0,0.07498335510910706,71,8949.0
12200.0,64,2676.0,28.774193548387096,2.557561110922547,64,7679.0,0.0733165746869891,64,7679.0
12205.0,55,2327.0,25.293478260869566,2.4724135665883047,55,7951.0,0.11762490307743216,55,7951.0
12210.0,54,2326.0,26.431818181818183,2.5522045491349714,54,8185.0,0.10976901077405565,54,8185.0
12215.0,60,2616.0,28.129032258064516,2.819636035911953,60,8467.0,0.09561153040791988,60,8467.0
12220.0,62,2847.0,30.945652173913043,2.096937333433569,62,8218.0,0.07788034104421832,62,8218.0
12225.0,61,3047.0,32.763440860215056,2.203249276210762,61,7569.0,0.10036732618915298,61,7569.0
12230.0,61,3281.0,35.27956989247312,2.65326084573137,61,6467.0,0.09373764166285736,61,6467.0
12235.0,54,3474.0,37.354838709677416,2.4013133581481907,54,6734.0,0.109282096837305,54,6734.0
12240.0,54,3705.0,41.62921348314607,2.763781113069902,54,6979.0,0.12346488655740069,54,6979.0
12245.0,59,3992.0,42.02105263157895,2.9450078934387713,59,7263.0,0.11475930885712218,59,7263.0
12250.0,61,4223.0,43.5360824742268,2.352178801854704,61,7082.0,0.08232426654088913,61,7082.0
12255.0,59,4424.0,46.083333333333336,2.2996422266664136,59,6953.0,0.08672219369792016,59,6953.0
12260.0,62,4676.0,49.22105263157895,2.584333462640944,62,6851.0,0.09564463581490786,62,6851.0
12265.0,57,4877.0,51.33684210526316,2.358496694833449,57,7127.0,0.11854134074120014,57,7127.0
12270.0,56,5123.0,55.086021505376344,2.865016921188314,56,7380.0,0.12234614053356944,56,7380.0
12275.0,62,5420.0,57.05263157894737,2.678244491250762,62,7676.0,0.10074950748271602,62,7676.0
12280.0,62,5655.0,59.526315789473685,2.0666925562481833,62,7802.0,0.07598038733766643,62,7802.0
12285.0,59,5857.0,61.65263157894737,2.1378284029227985,59,7968.0,0.08802372635573286,59,7968.0
12290.0,61,6102.0,64.23157894736842,2.603965139418123,61,8172.0,0.09944594279011006,61,8172.0
12295.0,54,6307.0,65.69791666666667,2.8219787516551285,54,8399.0,0.11689477716247601,54,8399.0
12300.0,55,6551.0,72.78888888888889,2.863415307125625,55,8643.0,0.1274860324063398,55,8643.0
12305.0,61,6844.0,73.59139784946237,2.8566299871791685,61,8934.0,0.10943348230303461,61,8934.0
12310.0,63,7092.0,76.25806451612904,2.180483818314459,63,9190.0,0.08435917952568653,63,9190.0
12315.0,60,7306.0,74.55102040816327,2.6735736758940027,60,9379.0,0.12369467353470656,60,9379.0
12320.0,61,7543.0,77.76288659793815,2.8468920933773623,61,9575.0,0.12075098110009669,61,9575.0
12325.0,56,7757.0,79.15306122448979,2.7356749742038042,56,9852.0,0.1220632692130389,56,9852.0
12330.0,58,8015.0,87.1195652173913,2.73855935327098,58,10116.0,0.11473789028701083,58,10116.0
12335.0,65,8324.0,85.81443298969072,2.805176582700319,65,10426.0,0.11099061749369975,65,10426.0
12340.0,71,8665.0,89.3298969072165,1.961593062429482,71,10768.0,0.060660782495774106,71,10768.0
12345.0,78,9043.0,95.18947368421053,1.4402493286210007,78,11146.0,0.0561268503986925,78,11146.0
12350.0,84,9450.0,99.47368421052632,1.1635495656909218,84,11553.0,0.04605078300030404,84,11553.0
12355.0,87,9880.0,102.91666666666667,1.2480376975543823,87,11984.0,0.05286729074278486,87,11984.0
12360.0,81,9146.0,96.27368421052631,1.0571892788489634,81,11803.0,0.04752266178203631,81,11803.0
12365.0,75,7824.0,79.83673469387755,1.8205503256646214,75,11088.0,0.06609555414865323,75,11088.0
12370.0,70,6483.0,66.15306122448979,2.508069455292232,70,9806.0,0.07884151639208684,70,9806.0
12375.0,58,5262.0,55.97872340425532,2.21469700779105,58,10099.0,0.08583598083769457,58,10099.0
12380.0,57,4432.0,47.655913978494624,2.6645935166865686,57,10361.0,0.11670828970714542,57,10361.0
12385.0,64,4737.0,49.863157894736844,2.8506017122227605,64,10666.0,0.10863400590371991,64,10666.0
12390.0,67,4997.0,50.474747474747474,1.9980849312499993,67,10430.0,0.09053044897533667,67,10430.0
12395.0,67,5238.0,54.0,1.779926031742608,67,9745.0,0.06827828789928637,67,9745.0
12400.0,71,5514.0,54.05882352941177,2.544861866832941,71,8580.0,0.07847391619150172,71,8580.0
12405.0,61,5719.0,58.95876288659794,2.1884915618015848,61,8883.0,0.08792258973942219,61,8883.0
12410.0,61,5968.0,62.166666666666664,2.5662299272072056,61,9137.0,0.11798050370588627,61,9137.0
12415.0,66,6287.0,64.15306122448979,2.5716229645767026,66,9444.0,0.08185413382791258,66,9444.0
12420.0,70,6560.0,64.95049504950495,2.007947582322778,70,9266.0,0.07039258047092742,70,9266.0
12425.0,69,6812.0,68.8080808080808,1.8852083201083756,69,8782.0,0.06364691303300882,69,8782.0
12430.0,69,7081.0,68.74757281553399,2.5116389667295924,69,7896.0,0.07666324437440962,69,7896.0
12435.0,63,7285.0,74.33673469387755,2.2740148637722126,63,8200.0,0.09590014666414352,63,8200.0
12440.0,60,7524.0,78.375,2.5228198293669553,60,8445.0,0.12534003725320264,60,8445.0
12445.0,66,7840.0,80.0,2.728513839736878,66,8745.0,0.08973943726068186,66,8745.0
12450.0,68,8107.0,81.07,1.9370104936690038,68,8648.0,0.08345383799763077,68,8648.0
12455.0,69,8351.0,84.35353535353535,2.059377446114084,69,8854.0,0.06833492942908245,69,8854.0
12460.0,65,8616.0,82.05714285714286,2.7429173947541132,65,9063.0,0.10019125517273378,65,9063.0
12465.0,60,8827.0,88.27,2.212296321020966,60,9364.0,0.10109979873873644,60,9364.0
12470.0,61,9094.0,90.94,2.552213901754549,61,9623.0,0.1211807389206001,61,9623.0
12475.0,68,9421.0,96.13265306122449,2.5745555728085496,68,9939.0,0.09010327612039154,68,9939.0
12480.0,73,9775.0,96.78217821782178,2.1886716196110365,73,10293.0,0.06604620307567906,73,10293.0
12485.0,80,10163.0,104.77319587628865,1.5259121933811457,80,10681.0,0.04182060433118559,80,10681.0
12490.0,83,10571.0,108.97938144329896,1.3128324781632164,83,11089.0,0.06321670023746893,83,11089.0
12495.0,86,10997.0,114.55208333333333,1.2065243284801663,86,11515.0,0.05569589442392008,86,11515.0
12500.0,87,11428.0,114.28,1.5012145911343004,87,11946.0,0.06687629580738165,87,11946.0
12505.0,88,11868.0,122.35051546391753,1.2297438503448717,88,12386.0,0.043052340156808144,88,12386.0
12510.0,88,12308.0,123.08,1.6006500168404956,88,12826.0,0.05985765963328673,88,12826.0
12515.0,82,11607.0,119.65979381443299,1.2173100041460463,82,12843.0,0.04983504082326741,82,12843.0
12520.0,74,10147.0,105.69791666666667,1.5763570778143665,74,12230.0,0.06085179165100009,74,12230.0
12525.0,70,9036.0,92.20408163265306,2.4967786838727797,70,11600.0,0.08821563041876399,70,11600.0
12530.0,57,7666.0,75.9009900990099,2.8820584333480666,57,11889.0,0.14214208897478825,57,11889.0
12535.0,59,7060.0,72.04081632653062,2.8322423721286403,59,12149.0,0.13449441742003188,59,12149.0
12540.0,69,7385.0,73.85,2.5772414041796874,69,12474.0,0.10178118192997822,69,12474.0
12545.0,76,7749.0,77.49,2.012376934103915,76,12840.0,0.0669266382981913,76,12840.0
12550.0,82,8145.0,81.45,1.4300199492256922,82,13237.0,0.054961608913964455,82,13237.0
12555.0,88,8572.0,85.72,1.0731247847431444,88,13664.0,0.0371849148649138,88,13664.0
12560.0,92,9029.0,91.20202020202021,0.9475542257592653,92,14121.0,0.028163672828455128,92,14121.0
12565.0,92,9489.0,93.95049504950495,1.078063802637211,92,14581.0,0.03957725468787324,92,14581.0
12570.0,87,9712.0,96.15841584158416,1.1083194857729175,87,14569.0,0.04391544691160129,87,14569.0
12575.0,79,9803.0,96.1078431372549,1.6311616894950793,79,14071.0,0.06990163308030735,79,14071.0
12580.0,74,9877.0,96.83333333333333,2.3842579453694417,74,13108.0,0.07471586666697515,74,13108.0
12585.0,69,9972.0,97.76470588235294,2.8507749562608087,69,12573.0,0.11718488286205216,69,12573.0
12590.0,61,10048.0,103.58762886597938,2.3314575331109983,61,12652.0,0.10452110631308664,61,12652.0
12595.0,63,10344.0,102.41584158415841,2.9057171840405487,63,12925.0,0.13720554405333407,63,12925.0
12600.0,70,10678.0,106.78,2.675936118943682,70,13250.0,0.0910570712915544,70,13250.0
12605.0,75,11041.0,104.16037735849056,2.489038607619515,75,13614.0,0.08456246145000862,75,13614.0
12610.0,82,11439.0,112.1470588235294,1.2977266564685441,82,14012.0,0.05072830994507549,82,14012.0
12615.0,91,11880.0,114.23076923076923,1.1234203727217407,91,14453.0,0.056029066844530885,91,14453.0
12620.0,95,12346.0,118.71153846153847,0.9931704533808688,95,14919.0,0.0375116717762789,95,14919.0
12625.0,91,9311.0,87.01869158878505,1.0227995853453755,91,14083.0,0.04244153067263619,91,14083.0
12630.0,84,6710.0,64.51923076923077,1.356071968289225,84,12322.0,0.057903704259724506,84,12322.0
12635.0,82,6890.0,63.7962962962963,2.1149793120836096,82,10486.0,0.07286668695677347,82,10486.0
12640.0,79,7238.0,68.93333333333334,1.7601198920758179,79,10868.0,0.06319853248393231,79,10868.0
12645.0,83,7634.0,72.70476190476191,2.0184986664261206,83,11240.0,0.06375255449521465,83,11240.0
12650.0,84,8054.0,79.74257425742574,2.1876786120618745,84,11650.0,0.04413875269558457,84,11650.0
12655.0,78,8085.0,80.85,1.7630061384787357,78,11499.0,0.053895148911274934,78,11499.0
12660.0,72,7868.0,82.82105263157895,2.0349777454781206,72,10768.0,0.07398616090931466,72,10768.0
12665.0,64,7748.0,80.70833333333333,2.6554990788846737,64,10021.0,0.10098691574426805,64,10021.0
12670.0,55,7496.0,81.47826086956522,2.488068046371465,55,10297.0,0.11132339953418444,55,10297.0
12675.0,53,7479.0,79.56382978723404,3.193395024508627,53,10527.0,0.16318341619528495,53,10527.0
12680.0,61,7771.0,82.67021276595744,2.993014440005716,61,10814.0,0.11655330517287957,61,10814.0
12685.0,70,8097.0,82.62244897959184,2.386571889040096,70,11143.0,0.0980552356171074,70,11143.0
12690.0,76,8470.0,89.15789473684211,1.5332586386278355,76,11517.0,0.048330946956039456,76,11517.0
12695.0,83,8873.0,90.54081632653062,1.5585418384732106,83,11920.0,0.04687438231467061,83,11920.0
12700.0,80,9122.0,95.02083333333333,1.59214497980075,80,12098.0,0.04788981491995017,80,12098.0
12705.0,70,9239.0,99.34408602150538,1.8411468852340858,70,12001.0,0.077197091767662,70,12001.0
12710.0,65,9382.0,99.80851063829788,2.599113491312469,65,11746.0,0.09160897511816657,65,11746.0
12715.0,55,9459.0,101.70967741935483,2.683443990592485,55,12033.0,0.1119481042543204,55,12033.0
12720.0,55,9620.0,106.88888888888889,2.835503667898039,55,12294.0,0.11940825540753323,55,12294.0
12725.0,62,9916.0,107.78260869565217,2.6112718200043012,62,12590.0,0.10673518587573817,62,12590.0
12730.0,62,10156.0,110.3913043478261,1.766671424336131,62,12713.0,0.0709951384918771,62,12713.0
12735.0,60,10369.0,112.70652173913044,1.8984864417086116,60,12653.0,0.06995847319846474,60,12653.0
12740.0,60,10600.0,110.41666666666667,2.665388078356289,60,12420.0,0.10015672724985228,60,12420.0
12745.0,55,10819.0,115.09574468085107,2.562873359466351,55,12690.0,0.12493307632221355,55,12690.0
12750.0,55,11062.0,116.4421052631579,3.183592525726189,55,12951.0,0.1488644238275946,55,12951.0
12755.0,60,11352.0,120.76595744680851,2.500744431616748,60,13241.0,0.08768744340268866,60,13241.0
12760.0,69,11684.0,120.45360824742268,2.1319198656579115,69,13573.0,0.07224692305050677,69,13573.0
12765.0,74,12047.0,125.48958333333333,1.3117536032468984,74,13936.0,0.03724443108644727,74,13936.0
12770.0,84,12446.0,129.64583333333334,0.9952991926614857,84,14335.0,0.04645119178081494,84,14335.0
12775.0,88,12874.0,134.10416666666666,1.0090078327494678,88,14765.0,0.037195524140743154,88,14765.0
12780.0,82,11430.0,116.63265306122449,1.0542584445415155,82,14522.0,0.055028132209864515,82,14522.0
12785.0,76,8727.0,89.96907216494846,1.692646704751457,76,13609.0,0.0636442750129501,76,13609.0
12790.0,69,6627.0,66.27,2.7643273772745953,69,12026.0,0.09024273217567774,69,12026.0
12795.0,61,4293.0,45.189473684210526,2.2743391852104096,61,12078.0,0.09216923115610726,61,12078.0
12800.0,56,2542.0,27.04255319148936,2.6769282102689753,56,12042.0,0.12899408293327574,56,12042.0
12805.0,52,2429.0,25.302083333333332,2.675842844477774,52,11869.0,0.10180083995111562,52,11869.0
12810.0,49,2182.0,22.04040404040404,2.6908210017092475,49,12072.0,0.12716599626260783,49,12072.0
12815.0,45,2098.0,21.19191919191919,2.591745752669602,45,12205.0,0.10303643078076687,45,12205.0
12820.0,57,2349.0,22.160377358490567,3.08610237994683,57,12376.0,0.13204643055069304,57,12376.0
12825.0,70,2675.0,25.476190476190474,2.900306060372888,70,12675.0,0.08772762708102108,70,12675.0
12830.0,72,1911.0,18.028301886792452,1.95616383942654,72,12190.0,0.062076274891338275,72,12190.0
12835.0,77,1454.0,14.254901960784315,1.8666000871156594,77,11305.0,0.06962919275048655,77,11305.0
12840.0,84,1860.0,17.884615384615383,2.0179083365976096,84,10850.0,0.052521862675696716,84,10850.0
12845.0,82,2213.0,22.13,1.5078194920096808,82,11245.0,0.043433765548490946,82,11245.0
12850.0,78,2582.0,25.564356435643564,2.0219869491299343,78,11595.0,0.0633487779604621,78,11595.0
12855.0,78,2972.0,30.958333333333332,2.3227511533932526,78,11962.0,0.06571863755859239,78,11962.0
12860.0,78,3362.0,35.020833333333336,2.4992768952434825,78,12352.0,0.06559403513584516,78,12352.0
12865.0,73,3331.0,37.01111111111111,1.9012940373308351,73,11950.0,0.05448466680043471,73,11950.0
12870.0,63,3014.0,33.48888888888889,2.356432561019765,63,10756.0,0.08651938790532328,63,10756.0
12875.0,59,2816.0,32.367816091954026,2.9892471171178725,59,8789.0,0.10167073073573048,59,8789.0
12880.0,46,2431.0,28.94047619047619,2.68940054561147,46,9025.0,0.11977806945782447,46,9025.0
12885.0,47,2423.0,29.548780487804876,3.212673728592768,47,9234.0,0.13630359874307185,47,9234.0
12890.0,54,2676.0,30.75862068965517,3.167752132344354,54,9486.0,0.14260976441543288,54,9486.0
12895.0,61,2963.0,34.05747126436781,2.3410356000880763,61,9774.0,0.10218510857810688,61,9774.0
12900.0,66,3279.0,37.26136363636363,1.7506979053156342,66,10091.0,0.09548581277444612,66,10091.0
12905.0,77,3635.0,40.842696629213485,1.2423639655989698,77,10449.0,0.04446925845831583,77,10449.0
12910.0,80,4026.0,44.733333333333334,1.4330264594543887,80,10843.0,0.06808116116066684,80,10843.0
12915.0,76,4223.0,46.922222222222224,1.2767203709983084,76,10415.0,0.05031999196432761,76,10415.0
12920.0,67,4310.0,48.97727272727273,1.83842481194133,67,9192.0,0.06273547091319256,67,9192.0
12925.0,62,4376.0,48.62222222222222,2.745143912232301,62,7292.0,0.09400449261231131,62,7292.0
12930.0,50,3748.0,43.08045977011494,2.8269061445749,50,7190.0,0.11604947971283174,50,7190.0
12935.0,41,2677.0,32.25301204819277,2.7590177167978642,41,6748.0,0.1399652876436767,41,6748.0
12940.0,40,1988.0,23.11627906976744,3.4271387451489783,40,5988.0,0.13749893381624415,40,5988.0
12945.0,39,1158.0,12.866666666666667,3.1316934204810245,39,6131.0,0.14636599603420558,39,6131.0
12950.0,38,613.0,7.127906976744186,2.466822430574617,38,6234.0,0.1051297721251663,38,6234.0
12955.0,50,840.0,8.936170212765957,3.160657772329918,50,6403.0,0.12299870773468888,50,6403.0
12960.0,63,1132.0,12.172043010752688,2.793197819558543,63,6688.0,0.0893032474155817,63,6688.0
12965.0,64,1347.0,14.03125,2.152863117216635,64,6655.0,0.082915839067813,64,6655.0
12970.0,63,1518.0,16.322580645161292,2.141681525658911,63,6295.0,0.08372265272770966,63,6295.0
12975.0,63,1731.0,18.414893617021278,2.7504924328870306,63,5605.0,0.0975356860883418,63,5605.0
12980.0,53,1872.0,20.571428571428573,2.6608943584665936,53,5874.0,0.10070233632030896,53,5874.0
12985.0,51,2055.0,23.089887640449437,2.9843951769172357,51,6094.0,0.1357227849232871,51,6094.0
12990.0,59,2333.0,25.92222222222222,2.9571221769615024,59,6366.0,0.10044918886566477,59,6366.0
12995.0,64,2645.0,28.138297872340427,2.499075546977824,64,6678.0,0.06855283912502426,64,6678.0
13000.0,66,2873.0,31.92222222222222,1.7734402295501595,66,6643.0,0.05811505100477137,66,6643.0
13005.0,62,3040.0,33.40659340659341,1.8759208964561445,62,6394.0,0.07732146986626143,62,6394.0
13010.0,62,3253.0,36.144444444444446,2.814229965986303,62,5875.0,0.10171509475827693,62,5875.0
13015.0,50,3387.0,37.21978021978022,2.839323504091112,50,6136.0,0.12310589294678034,50,6136.0
13020.0,50,3594.0,42.785714285714285,2.7882935849825436,50,6372.0,0.1273176138650195,50,6372.0
13025.0,58,3869.0,42.98888888888889,2.934445035789905,58,6647.0,0.10239726610262721,58,6647.0
13030.0,59,4092.0,45.46666666666667,2.3625014420013026,59,6642.0,0.08395411799169397,59,6642.0
13035.0,55,4278.0,46.5,2.6234119991266414,55,6736.0,0.11771792788297038,55,6736.0
13040.0,59,4499.0,48.90217391304348,2.990574303314895,59,6856.0,0.11977205537299265,59,6856.0
13045.0,50,4685.0,50.376344086021504,3.086929576884575,50,7080.0,0.1489974356647373,50,7080.0
13050.0,52,4914.0,55.84090909090909,3.091106605307564,52,7323.0,0.12652822033794078,52,7323.0
13055.0,59,5193.0,58.348314606741575,2.887001293083412,59,7602.0,0.12453722030009824,59,7602.0
13060.0,65,5507.0,63.298850574712645,2.0514512719841242,65,7916.0,0.06373601741948026,65,7916.0
13065.0,73,5854.0,68.87058823529412,1.5750945128653808,73,8263.0,0.050149697185779836,73,8263.0
13070.0,75,6227.0,73.25882352941177,1.5655986367049943,75,8636.0,0.0659781479340528,75,8636.0
13075.0,77,6604.0,76.79069767441861,1.399294966821446,77,9013.0,0.04728719607445207,77,9013.0
13080.0,77,6989.0,81.26744186046511,1.342525901309784,77,9398.0,0.04558828073192844,77,9398.0
13085.0,71,7147.0,80.30337078651685,1.5957457604270295,71,9645.0,0.06854451417670553,71,9645.0
13090.0,66,7151.0,82.19540229885058,1.734246536501142,66,9765.0,0.07229768993130849,66,9765.0
13095.0,58,7173.0,80.59550561797752,2.5809842788453183,58,9759.0,0.08385467920517774,58,9759.0
13100.0,53,7221.0,80.23333333333333,2.6701704095900527,53,10013.0,0.11632776729192894,53,10013.0
13105.0,55,7462.0,83.84269662921348,3.123605324725028,55,10254.0,0.14243059559419388,55,10254.0
13110.0,60,7749.0,87.06741573033707,2.9092597198889316,60,10540.0,0.10334290361014983,60,10540.0
13115.0,66,8068.0,96.04761904761905,1.8130364129838459,66,10859.0,0.05520173679775018,66,10859.0
13120.0,73,8422.0,97.93023255813954,1.9421526361268748,73,11213.0,0.06670240567478267,73,11213.0
13125.0,75,8791.0,105.91566265060241,1.2596052938724096,75,11582.0,0.047004157149266944,75,11582.0
13130.0,75,9166.0,106.5813953488372,1.7014159037101084,75,11957.0,0.07038022654780986,75,11957.0
13135.0,70,9330.0,109.76470588235294,1.4642348363032565,70,12163.0,0.05328352450770977,70,12163.0
13140.0,65,9417.0,109.5,2.0330312235888157,65,12204.0,0.08197472911701993,65,12204.0
13145.0,57,9436.0,108.45977011494253,2.8284813102842414,57,12100.0,0.08980813851045348,57,12100.0
13150.0,50,9564.0,109.93103448275862,2.689233699955155,50,12346.0,0.1206973927149547,50,12346.0
13155.0,55,9827.0,116.98809523809524,2.7581010037420826,55,12592.0,0.12135929872625573,55,12592.0
13160.0,61,10123.0,119.09411764705882,2.537047834539372,61,12888.0,0.07843645383594734,61,12888.0
13165.0,68,10449.0,129.0,1.938019159400776,68,13214.0,0.07474260223826754,68,13214.0
13170.0,69,10794.0,131.6341463414634,1.8305334710351733,69,13559.0,0.05577524146975656,69,13559.0
13175.0,65,11003.0,139.27848101265823,1.6487802270486114,65,13729.0,0.06160812554784364,65,13729.0
13180.0,55,11102.0,132.16666666666666,2.6404551693918705,55,13705.0,0.13373080062220263,55,13705.0
13185.0,53,11256.0,135.6144578313253,3.1095329570606878,53,13623.0,0.1113648847977537,53,13623.0
13190.0,52,11493.0,133.63953488372093,3.08496734587772,52,13872.0,0.14144811218304593,52,13872.0
13195.0,58,11769.0,147.1125,2.4446209634661136,58,14138.0,0.09339212229822325,58,14138.0
13200.0,65,12080.0,149.1358024691358,2.438571493645928,65,14449.0,0.07004489052506803,65,14449.0
13205.0,65,12405.0,157.0253164556962,2.2651468553732816,65,14774.0,0.07712439394941589,65,14774.0
13210.0,66,12732.0,163.23076923076923,1.8516822560512196,66,15101.0,0.06313261371981758,66,15101.0
13215.0,61,12921.0,167.80519480519482,2.099584542903924,61,15291.0,0.08668639983163394,61,15291.0
13220.0,52,13003.0,164.59493670886076,2.8210724788991217,52,15360.0,0.11575000195453412,52,15360.0
13225.0,54,13250.0,167.72151898734177,3.4676252386605864,54,15416.0,0.12706582062426455,54,15416.0
13230.0,52,13492.0,170.78481012658227,2.7156762262523895,52,15667.0,0.10863497475216242,52,15667.0
13235.0,57,13768.0,186.05405405405406,2.496379642144171,57,15934.0,0.08117516424146043,57,15934.0
13240.0,59,14060.0,187.46666666666667,2.8672474707566367,59,16226.0,0.08704299465321516,59,16226.0
13245.0,59,14355.0,199.375,2.1491945543021567,59,16521.0,0.06946410861629508,59,16521.0
13250.0,55,14539.0,196.47297297297297,2.4405373534662704,55,16732.0,0.13444935612362302,55,16732.0
13255.0,52,14746.0,199.27027027027026,2.76187980907333,52,16882.0,0.1289705948766279,52,16882.0
13260.0,56,15017.0,200.22666666666666,2.888389122378712,56,17098.0,0.08968418032113872,56,17098.0
13265.0,55,15257.0,203.42666666666668,2.6270316742595914,55,17360.0,0.09108155767423443,55,17360.0
13270.0,53,15519.0,212.58904109589042,2.77900629781727,53,17603.0,0.10028612236529261,53,17603.0
13275.0,55,15786.0,216.24657534246575,3.0523818508151086,55,17867.0,0.08716729482975795,55,17867.0
13280.0,55,16061.0,232.768115942029,2.5272553233225743,55,18142.0,0.0877878576205717,55,18142.0
13285.0,52,16293.0,236.1304347826087,1.9261505576280442,52,18383.0,0.11269853827525901,52,18383.0
13290.0,56,16566.0,247.2537313432836,2.000662461974226,56,18647.0,0.085974599775984,56,18647.0
13295.0,58,16849.0,237.30985915492957,2.1250583741186913,58,18930.0,0.07200217382628527,58,18930.0
13300.0,54,17081.0,247.55072463768116,1.5213121259066391,54,19193.0,0.059541723930239245,54,19193.0
13305.0,52,17333.0,240.73611111111111,2.7654950698742606,52,19422.0,0.11911255605971746,52,19422.0
13310.0,54,17595.0,244.375,2.9664532649383584,54,19676.0,0.08083536335766098,54,19676.0
13315.0,54,17865.0,244.72602739726028,3.2713912115847466,54,19946.0,0.09011574903918375,54,19946.0
13320.0,52,18113.0,270.34328358208955,2.3532487039737586,52,20194.0,0.07916549275125613,52,20194.0
13325.0,53,18374.0,266.28985507246375,2.557344005406943,53,20455.0,0.13175690246055455,53,20455.0
13330.0,56,18647.0,274.22058823529414,1.8574267511214306,56,20728.0,0.08590500403800508,56,20728.0
13335.0,60,18940.0,270.57142857142856,1.5043091968884021,60,21021.0,0.08103468470373953,60,21021.0
13340.0,56,19180.0,274.0,1.596694243629438,56,21292.0,0.07865851496639775,56,21292.0
13345.0,55,19445.0,259.26666666666665,2.410728707070673,55,21533.0,0.11293284276662957,55,21533.0
13350.0,56,19724.0,262.9866666666667,3.1868131851182504,56,21805.0,0.0904863990835744,56,21805.0
13355.0,51,17461.0,232.81333333333333,2.883868240033654,51,20517.0,0.10303979213761041,51,20517.0
13360.0,46,13511.0,193.0142857142857,2.8680670205995913,46,18713.0,0.12933443713354198,46,18713.0
13365.0,38,10380.0,144.16666666666666,3.934715855067888,38,15877.0,0.16607737608643053,38,15877.0
13370.0,29,6755.0,95.14084507042253,4.053980062649855,29,15514.0,0.18807830837113848,29,15514.0
13375.0,28,4814.0,69.76811594202898,4.353056624930162,28,15621.0,0.21901362053054643,28,15621.0
13380.0,34,4974.0,73.1470588235294,3.901806182856081,34,15777.0,0.14271286621023063,34,15777.0
13385.0,42,5170.0,69.86486486486487,3.582348419450102,42,15974.0,0.15268736291445567,42,15974.0
13390.0,49,5400.0,75.0,2.1166260094808678,49,16205.0,0.08533306198566555,49,16205.0
13395.0,59,5671.0,70.8875,2.498115747494621,59,16479.0,0.12165877106141604,59,16479.0
13400.0,64,5980.0,78.6842105263158,1.7481084727145475,64,16789.0,0.08081433110643248,64,16789.0
13405.0,68,6309.0,77.88888888888889,2.0402707364083303,68,17118.0,0.10729377425709782,68,17118.0
13410.0,68,6649.0,85.24358974358974,1.6381687790225645,68,17458.0,0.07659834686849236,68,17458.0
13415.0,62,6727.0,82.03658536585365,1.9012871733192331,62,16756.0,0.08726889573124297,62,16756.0
13420.0,58,6641.0,83.0125,2.3716758351062452,58,14636.0,0.10695609911928675,58,14636.0
13425.0,48,6548.0,79.85365853658537,3.2940040574827747,48,12487.0,0.11761711505970579,48,12487.0
13430.0,42,6111.0,74.52439024390245,3.6231322028728155,42,12068.0,0.16583250032844044,42,12068.0
13435.0,33,5834.0,76.76315789473684,3.369818372834086,33,11986.0,0.17602955110354504,33,11986.0
13440.0,42,6028.0,74.41975308641975,3.773525768735144,42,11946.0,0.16463139394445184,42,11946.0
13445.0,48,6123.0,71.19767441860465,2.5675786653247465,48,12124.0,0.09603583649576668,48,12124.0
13450.0,50,6281.0,73.03488372093024,2.6743865423115647,50,12290.0,0.09856567490348767,50,12290.0
13455.0,58,6555.0,77.11764705882354,2.783192354307888,58,12492.0,0.07470054008991234,58,12492.0
13460.0,64,6865.0,80.76470588235294,3.1578107504733546,64,12786.0,0.10238124138717486,64,12786.0
13465.0,66,7190.0,86.62650602409639,2.6694958482643676,66,13111.0,0.10477573023849528,66,13111.0
13470.0,66,7520.0,92.8395061728395,2.287385251368597,66,13441.0,0.09639352883786295,66,13441.0
13475.0,61,7671.0,98.34615384615384,1.6224246002824405,61,13668.0,0.06743483510514882,61,13668.0
13480.0,60,7894.0,96.26829268292683,2.493816861134858,60,13838.0,0.10874798678637396,60,13838.0
13485.0,62,8202.0,102.525,2.5420881213836344,62,14072.0,0.06581393667493264,62,14072.0
13490.0,60,8166.0,98.3855421686747,2.3485720907438377,60,13356.0,0.08199457865226148,60,13356.0
13495.0,52,7909.0,101.3974358974359,2.6001740752180345,52,11604.0,0.08803221062645761,52,11604.0
13500.0,48,7742.0,98.0,3.497988861719381,48,8824.0,0.12045024574491978,48,8824.0
13505.0,40,7525.0,99.01315789473684,3.0780181976954966,40,9015.0,0.1353912122462498,40,9015.0
13510.0,44,7432.0,100.43243243243244,2.9268182637171614,44,9219.0,0.15957062721528242,44,9219.0
13515.0,51,7671.0,98.34615384615384,2.0082969465219485,51,9458.0,0.0882061582335831,51,9458.0
13520.0,54,7726.0,95.38271604938272,1.7548218767956745,54,9651.0,0.10161109682931845,54,9651.0
13525.0,53,7770.0,91.41176470588235,1.9627841310910226,53,9779.0,0.0798317725958175,53,9779.0
13530.0,57,7996.0,87.86813186813187,3.244348307271039,57,9899.0,0.1164936878195794,57,9899.0
13535.0,60,8291.0,97.54117647058824,3.062643116347414,60,10129.0,0.11064144634257678,60,10129.0
13540.0,61,8595.0,98.79310344827586,3.5836985145286735,61,10389.0,0.15881955153938737,61,10389.0
13545.0,64,8908.0,106.04761904761905,3.024830024664387,64,10697.0,0.07225774743275427,64,10697.0
13550.0,60,9158.0,109.02380952380952,2.530143496663646,60,10969.0,0.09794304868411685,60,10969.0
13555.0,64,9471.0,123.0,2.0034040274296228,64,11260.0,0.08153108652625085,64,11260.0
13560.0,64,9791.0,122.3875,1.8739064393651703,64,11580.0,0.06309785793047266,64,11580.0
13565.0,62,10064.0,127.39240506329114,1.8183928508218716,62,11881.0,0.07984320653609639,62,11881.0
13570.0,61,10363.0,129.5375,2.4487336670219824,61,12158.0,0.10861955728509419,61,12158.0
13575.0,63,10671.0,131.74074074074073,2.890379951978025,63,12460.0,0.08184209448858587,63,12460.0
13580.0,57,10539.0,130.11111111111111,2.7575355051982,57,12441.0,0.10686518954586949,57,12441.0
13585.0,52,10109.0,131.28571428571428,2.7496350993650713,52,11917.0,0.11195762487225225,52,11917.0
13590.0,44,9741.0,123.30379746835443,3.8851036533564964,44,11375.0,0.1681779477748677,44,11375.0
13595.0,34,9293.0,125.58108108108108,3.248980307361962,34,11542.0,0.15894481420576487,34,11542.0
13600.0,36,9202.0,126.05479452054794,3.807674876765907,36,11692.0,0.18983365146828443,36,11692.0
13605.0,43,9404.0,122.12987012987013,3.5959484782549445,43,11893.0,0.13860696333955616,43,11893.0
13610.0,51,9643.0,116.18072289156626,3.1531825469304664,51,12132.0,0.14428025044746992,51,12132.0
13615.0,57,9916.0,120.92682926829268,2.132767861562945,57,12405.0,0.08481368928431805,57,12405.0
13620.0,67,10234.0,123.3012048192771,1.675845139099236,67,12723.0,0.05188859722814325,67,12723.0
13625.0,68,10322.0,124.36144578313252,1.5696565544259935,68,12965.0,0.0801371160508958,68,12965.0
13630.0,64,10563.0,124.27058823529411,2.210864023194183,64,13135.0,0.08544174594258463,64,13135.0
13635.0,67,10892.0,125.19540229885058,2.6474419170212244,67,13381.0,0.08117448945959671,67,13381.0
13640.0,63,11173.0,133.01190476190476,1.9626770927463424,63,13684.0,0.0495874306171079,63,13684.0
13645.0,63,11488.0,136.76190476190476,2.6266938958476156,63,13977.0,0.10028119499081115,63,13977.0
13650.0,65,11812.0,145.82716049382717,2.6846941873351446,65,14301.0,0.07996923541240973,65,14301.0
13655.0,60,11783.0,147.2875,2.0367673564583804,60,14225.0,0.0751344671447649,60,14225.0
13660.0,54,11522.0,149.63636363636363,2.5594471805775716,54,13634.0,0.11041954727684747,54,13634.0
13665.0,46,11300.0,141.25,3.5394051199942824,46,13018.0,0.13640686411014843,46,13018.0
13670.0,38,11057.0,143.5974025974026,3.2542958433093228,38,13035.0,0.14928200515695889,38,13035.0
13675.0,38,10986.0,144.55263157894737,3.728644245208501,38,13189.0,0.19348247356775292,38,13189.0
13680.0,45,11193.0,145.36363636363637,3.1949519672301783,45,13393.0,0.12056344693270438,45,13393.0
13685.0,53,11440.0,137.83132530120483,3.024663442236097,53,13641.0,0.12782411308175007,53,13641.0
13690.0,63,11728.0,141.3012048192771,1.8044036673390218,63,13929.0,0.06657605901131307,63,13929.0
13695.0,69,12060.0,138.6206896551724,1.9414573142687994,69,14261.0,0.07892270850809222,69,14261.0
13700.0,75,12425.0,146.1764705882353,1.4594537169504231,75,14626.0,0.06051846541249179,75,14626.0
13705.0,73,12485.0,140.2808988764045,1.4864554900514209,73,14874.0,0.07837422573984398,73,14874.0
13710.0,68,12705.0,146.0344827586207,2.1470794236546684,68,15032.0,0.09864260665412491,68,15032.0
13715.0,70,13048.0,143.3846153846154,2.5341512096912773,70,15254.0,0.06897727641405191,70,15254.0
13720.0,68,13338.0,149.86516853932585,2.153236525987732,68,15578.0,0.07385983118482532,68,15578.0
13725.0,67,13664.0,153.52808988764045,2.486062132489755,67,15878.0,0.1030153048134097,67,15878.0
13730.0,68,14000.0,160.91954022988506,2.642694264173589,68,16206.0,0.07833351306523673,68,16206.0
13735.0,69,14345.0,164.88505747126436,2.6237610964044733,69,16551.0,0.09550802314336772,69,16551.0
13740.0,63,14279.0,172.03614457831324,2.058189389397957,63,16459.0,0.0706337015329085,63,16459.0
13745.0,56,13937.0,167.9156626506024,2.4036981683113416,56,16015.0,0.11690049835296108,56,16015.0
13750.0,52,13709.0,167.1829268292683,3.414385023924887,52,15193.0,0.13267654186255914,52,15193.0
13755.0,43,13414.0,157.81176470588235,3.5886656594653217,43,15404.0,0.19074903221174727,43,15404.0
13760.0,44,13264.0,165.8,3.3009660762137756,44,15593.0,0.1695176005627384,44,15593.0
13765.0,53,13509.0,153.51136363636363,3.3537823424311983,53,15838.0,0.1474657635628403,53,15838.0
13770.0,58,13788.0,158.48275862068965,2.5218049239521996,58,16117.0,0.09851401791542695,58,16117.0
13775.0,65,14100.0,160.22727272727272,1.8021830822997236,65,16429.0,0.08701210582229937,65,16429.0
13780.0,74,14455.0,162.41573033707866,1.4936351588171406,74,16788.0,0.06565226596892725,74,16788.0
13785.0,79,14841.0,164.9,1.3771324837950976,79,17175.0,0.050363448897685216,79,17175.0
13790.0,81,15243.0,165.68478260869566,1.5297625515924935,81,17577.0,0.06420658909388983,81,17577.0
13795.0,81,15648.0,170.08695652173913,1.5450581130578642,81,17982.0,0.07278693381253014,81,17982.0
13800.0,77,15614.0,171.58241758241758,1.0801703457937277,77,18215.0,0.05202390722905188,77,18215.0
13805.0,69,15653.0,164.76842105263157,2.3760153204692354,69,18201.0,0.09370551252389447,69,18201.0
13810.0,71,15993.0,168.34736842105264,2.5239924932196036,71,18434.0,0.09607925854454498,71,18434.0
13815.0,66,16298.0,175.247311827957,2.045904060442203,66,18704.0,0.07230733452843352,66,18704.0
13820.0,71,16644.0,178.96774193548387,2.5130850021658735,71,19031.0,0.09814317669668136,71,19031.0
13825.0,73,17003.0,184.81521739130434,2.4877201116486902,73,19391.0,0.09983619778844549,73,19391.0
13830.0,74,17373.0,188.83695652173913,2.190905627274293,74,19755.0,0.07833675879181888,74,19755.0
13835.0,70,17652.0,200.5909090909091,1.6735960763944626,70,20050.0,0.05295804142705177,70,20050.0
13840.0,70,17972.0,201.93258426966293,2.039603985582503,70,20316.0,0.08837930485346826,70,20316.0
13845.0,72,18332.0,208.3181818181818,2.054534073474955,72,20646.0,0.058657400358055854,72,20646.0
13850.0,71,18136.0,201.51111111111112,1.8705330869733183,71,20514.0,0.07705276602453684,71,20514.0
13855.0,62,17570.0,204.30232558139534,2.211680534083098,62,20011.0,0.0867215184873518,62,20011.0
13860.0,58,17172.0,195.13636363636363,2.873400866205991,58,19088.0,0.10552062351793927,58,19088.0
13865.0,48,16536.0,192.27906976744185,2.9361035868945136,48,19291.0,0.14284411948238268,48,19291.0
13870.0,42,16253.0,191.21176470588236,3.1836920588494424,42,19413.0,0.15718329171981046,42,19413.0
13875.0,51,16491.0,187.39772727272728,3.27996567867137,51,19572.0,0.1253889694254199,51,19572.0
13880.0,58,16763.0,186.25555555555556,3.2074538500086054,58,19833.0,0.1451710689138182,58,19833.0
13885.0,65,17070.0,189.66666666666666,2.289197128682725,65,20130.0,0.07890865364114238,65,20130.0
13890.0,72,17411.0,189.25,2.1663723704373252,72,20462.0,0.0885763223859573,72,20462.0
13895.0,77,17790.0,206.86046511627907,1.212352631938281,77,20831.0,0.047681793419443626,77,20831.0
13900.0,72,17969.0,193.21505376344086,1.5968252688180848,72,20780.0,0.08129355453722614,72,20780.0
13905.0,68,18014.0,197.95604395604394,2.016527011953488,68,20212.0,0.08269374750344825,68,20212.0
13910.0,63,18110.0,188.64583333333334,2.9171802051978237,63,19627.0,0.119264779790519,63,19627.0
13915.0,53,18116.0,196.91304347826087,2.689945758461685,53,19876.0,0.12836951460867493,53,19876.0
13920.0,52,18229.0,196.01075268817203,3.0614257229883624,52,20074.0,0.13880057348458177,52,20074.0
13925.0,60,18514.0,196.95744680851064,3.164287588313394,60,20332.0,0.11910077233466022,60,20332.0
13930.0,66,18828.0,196.125,2.2930142608138637,66,20626.0,0.07446154924580389,66,20626.0
13935.0,75,19186.0,199.85416666666666,1.7456867130660658,75,20964.0,0.07497373176542504,75,20964.0
13940.0,81,19577.0,199.76530612244898,1.2700576662299656,81,21337.0,0.07044484544580296,81,21337.0
13945.0,88,20007.0,204.1530612244898,1.2828898657692955,88,21747.0,0.05821655029050577,88,21747.0
13950.0,82,19912.0,195.2156862745098,1.7317945454068606,82,21960.0,0.08630269781306699,82,21960.0
13955.0,77,19854.0,202.59183673469389,1.6448459501316666,77,21936.0,0.0642813898762557,77,21936.0
13960.0,74,20192.0,197.9607843137255,2.862722105570903,74,22022.0,0.10979296940715796,74,22022.0
13965.0,75,20526.0,205.26,2.092176360903021,75,22355.0,0.07250801878115916,75,22355.0
13970.0,78,20906.0,209.06,2.110113817928122,78,22698.0,0.09411276670089076,78,22698.0
13975.0,82,21308.0,213.08,2.193657928366686,82,23074.0,0.0608989263489554,82,23074.0
13980.0,78,21336.0,217.71428571428572,2.028352431973278,78,22966.0,0.07139331594071946,78,22966.0
13985.0,70,21106.0,219.85416666666666,2.1751619328088143,70,22595.0,0.0917554855959592,70,22595.0
13990.0,64,20983.0,218.57291666666666,2.780818126211616,64,21861.0,0.09927824014732393,64,21861.0
13995.0,55,20689.0,215.51041666666666,2.7494273808806007,55,22112.0,0.13215327112517883,55,22112.0
14000.0,55,20732.0,230.35555555555555,2.579176505808642,55,22327.0,0.12080759670546239,55,22327.0
14005.0,64,21033.0,214.62244897959184,2.7968173983111537,64,22595.0,0.10607401828605917,64,22595.0
14010.0,63,21285.0,217.19387755102042,2.2762721064881313,63,22519.0,0.09177484925664413,63,22519.0
14015.0,64,21507.0,217.24242424242425,2.055705546948394,64,22424.0,0.07848080058877743,64,22424.0
14020.0,65,21777.0,217.77,2.7914534873105974,65,22162.0,0.10269804861633887,65,22162.0
14025.0,60,22009.0,220.09,2.3533993207944217,60,22432.0,0.10369609872618278,60,22432.0
14030.0,63,22285.0,232.13541666666666,2.593528657988001,63,22695.0,0.13352356730258153,63,22695.0
14035.0,68,22613.0,223.8910891089109,2.590951933085451,68,22993.0,0.09006298179914422,68,22993.0
14040.0,72,22530.0,220.88235294117646,2.041570088387706,72,23105.0,0.07346336972642221,72,23105.0
14045.0,69,22279.0,208.21495327102804,2.0735698427367195,69,23058.0,0.08518602395107037,69,23058.0
14050.0,74,22515.0,212.4056603773585,2.324655044370015,74,22967.0,0.07938035255731826,74,22967.0
14055.0,76,22867.0,209.78899082568807,2.317452229541864,76,23293.0,0.10380804323619101,76,23293.0
14060.0,81,23262.0,223.67307692307693,1.930368930948177,81,23634.0,0.05262225440552693,81,23634.0
14065.0,86,23684.0,223.43396226415095,2.150628225175766,86,24016.0,0.06847752336706284,86,24016.0
14070.0,83,23854.0,236.17821782178217,1.6827175863922563,83,24134.0,0.06809434982939391,83,24134.0
14075.0,74,23838.0,236.01980198019803,1.7727302353072796,74,24054.0,0.06497614658166345,74,24054.0
14080.0,71,23896.0,238.96,2.7214743895071085,71,23772.0,0.11359707170961192,71,23772.0
14085.0,58,23683.0,234.4851485148515,2.532826058717527,58,23889.0,0.11400823047708866,58,23889.0
14090.0,54,23591.0,243.20618556701032,2.7620658366847257,54,23867.0,0.13346744871920044,54,23867.0
14095.0,60,23864.0,231.6893203883495,3.044910009141999,60,23892.0,0.12320664412402775,60,23892.0
14100.0,69,24195.0,234.90291262135923,2.3426018232022576,69,24108.0,0.08045422202876513,69,24108.0
14105.0,73,24400.0,225.92592592592592,2.070095474919719,73,24362.0,0.06827857827830391,73,24362.0
14110.0,72,24641.0,239.23300970873785,2.034176791486347,72,24591.0,0.06706994799870512,72,24591.0
14115.0,78,25011.0,233.74766355140187,2.6863200968564342,78,24834.0,0.09521093557236188,78,24834.0
14120.0,80,25409.0,246.6893203883495,2.703100028971486,80,25154.0,0.08862933607397504,80,25154.0
14125.0,82,25812.0,250.60194174757282,2.626308717316412,82,25500.0,0.09122456130762505,82,25500.0
14130.0,77,18883.0,194.6701030927835,1.9655060703200848,77,23856.0,0.07467903062453728,77,23856.0
14135.0,68,9797.0,102.05208333333333,2.2645015491656273,68,20202.0,0.10461375906386618,68,20202.0
14140.0,65,4653.0,48.46875,2.8294905795879313,65,14656.0,0.11930972199543408,65,14656.0
14145.0,54,2237.0,23.54736842105263,2.5075449496805007,54,14931.0,0.11264386366130755,54,14931.0
14150.0,56,2231.0,23.239583333333332,3.1716849652560763,56,15171.0,0.15074265582168406,56,15171.0
14155.0,62,2528.0,27.47826086956522,2.811514476417963,62,15460.0,0.11354620832694029,62,15460.0
14160.0,64,2585.0,28.72222222222222,1.7148349356658574,64,15677.0,0.055061550144563376,64,15677.0
14165.0,68,2843.0,31.9438202247191,2.233917635374403,68,15831.0,0.0953290113579773,68,15831.0
14170.0,72,3193.0,35.477777777777774,2.5314940780107205,72,16127.0,0.06919430600398227,72,16127.0
14175.0,67,3479.0,39.53409090909091,1.7778504045588066,67,16451.0,0.04534074267448441,67,16451.0
14180.0,66,3794.0,43.60919540229885,2.44387941637068,66,16742.0,0.09882380720338742,66,16742.0
14185.0,66,4124.0,46.86363636363637,2.925332871719495,66,17057.0,0.10202794747430137,66,17057.0
14190.0,68,4460.0,50.68181818181818,2.7555226426424757,68,17393.0,0.07423274662928811,68,17393.0
14195.0,70,4808.0,59.358024691358025,1.6944836130725909,70,17741.0,0.06633585629847599,70,17741.0
14200.0,67,4474.0,54.5609756097561,1.3659278633328895,67,17654.0,0.07775457822039387,67,17654.0
14205.0,60,3807.0,46.426829268292686,2.182379599701669,60,17337.0,0.09124750815648267,60,17337.0
14210.0,56,3117.0,35.827586206896555,3.1101552998930515,56,16692.0,0.11562643858914631,56,16692.0
14215.0,44,2464.0,29.686746987951807,2.9431305877125533,44,16918.0,0.12446978327051683,44,16918.0
14220.0,45,2041.0,24.890243902439025,2.9794491013365425,45,17105.0,0.139201657963914,45,17105.0
14225.0,50,2281.0,27.481927710843372,3.1405932336502436,50,17341.0,0.1207364961724874,50,17341.0
14230.0,51,2294.0,26.068181818181817,2.417554211386948,51,17499.0,0.11099782730624605,51,17499.0
14235.0,58,2493.0,28.655172413793103,2.3263430792629705,58,17625.0,0.10325625032728825,58,17625.0
14240.0,65,2804.0,30.47826086956522,2.458534160507848,65,17865.0,0.07258264625195762,65,17865.0
14245.0,68,3109.0,34.16483516483517,2.116511328928957,68,18196.0,0.06502515590516392,68,18196.0
14250.0,68,3440.0,38.651685393258425,2.4234881417825833,68,18508.0,0.09534098253445349,68,18508.0
14255.0,68,3780.0,43.95348837209303,2.569775403091882,68,18841.0,0.06149216719016926,68,18841.0
14260.0,65,3863.0,43.40449438202247,2.457095267947151,65,18785.0,0.10026013805149092,65,18785.0
14265.0,61,3822.0,46.04819277108434,2.406634882707513,61,18154.0,0.09577320974049333,61,18154.0
14270.0,53,3728.0,42.85057471264368,3.3101042574513047,53,17509.0,0.13194032903270814,53,17509.0
14275.0,42,3559.0,43.40243902439025,3.4016556692616824,42,17509.0,0.16375441030446045,42,17509.0
14280.0,44,3628.0,44.79012345679013,3.0017320601015682,44,17667.0,0.13789284939918192,44,17667.0
14285.0,54,3881.0,45.65882352941176,2.675469976431871,54,17910.0,0.11068070082152776,54,17910.0
14290.0,56,4020.0,45.68181818181818,2.0039262254245926,56,18126.0,0.09943652527638099,56,18126.0
14295.0,57,4204.0,46.71111111111111,2.1464814398513834,57,18314.0,0.10216298712302727,57,18314.0
14300.0,65,4513.0,47.50526315789474,3.0050484943647677,65,18532.0,0.10981200547063238,65,18532.0
14305.0,69,4849.0,52.13978494623656,3.0521145002880226,69,18839.0,0.10103569549569494,69,18839.0
14310.0,67,5163.0,56.119565217391305,2.5381094716805137,67,19148.0,0.09917713760141345,67,19148.0
14315.0,72,5514.0,64.87058823529412,1.769684988172741,72,19484.0,0.06983851219084361,72,19484.0
14320.0,73,5879.0,67.57471264367815,1.6450363044003071,73,19839.0,0.059854347609039994,73,19839.0
14325.0,77,6257.0,73.61176470588235,1.2360472498010986,77,20207.0,0.06815393134048553,77,20207.0
14330.0,72,6537.0,72.63333333333334,1.0413552368391,72,20538.0,0.07392962389264204,72,20538.0
14335.0,72,6855.0,74.51086956521739,1.8945808925413354,72,20819.0,0.08986510534023132,72,20819.0
14340.0,72,7215.0,76.75531914893617,2.592195131541374,72,21119.0,0.07518125336449023,72,21119.0
14345.0,69,7179.0,75.56842105263158,2.3223019462712355,69,20997.0,0.0791918404761751,69,20997.0
14350.0,64,6881.0,76.45555555555555,2.1748873671113813,64,20471.0,0.08730049958289911,64,20471.0
14355.0,60,6642.0,72.19565217391305,3.054207470098919,60,19521.0,0.11765289430324574,60,19521.0
14360.0,50,6366.0,71.52808988764045,2.692938393634201,50,19744.0,0.10772134119297305,50,19744.0
14365.0,47,6284.0,71.4090909090909,3.1045222344487766,47,19907.0,0.15973619298456104,47,19907.0
14370.0,52,6538.0,73.46067415730337,2.9503123628349277,52,20107.0,0.12374077312443808,52,20107.0
14375.0,60,6823.0,74.16304347826087,2.927547195714805,60,20367.0,0.10019269901791228,60,20367.0
14380.0,65,6926.0,76.95555555555555,2.249386371729691,65,20573.0,0.08043241783134203,65,20573.0
14385.0,65,7205.0,80.05555555555556,2.2042176794961135,65,20749.0,0.0850781662409914,65,20749.0
14390.0,71,7549.0,84.82022471910112,2.3583046785735284,71,21034.0,0.06396989246594512,71,21034.0
14395.0,67,7871.0,87.45555555555555,2.1609664048191344,67,21349.0,0.07506205845773614,67,21349.0
14400.0,67,8206.0,96.54117647058824,1.989022329434162,67,21651.0,0.06281771984254465,67,21651.0
14405.0,69,8548.0,92.91304347826087,2.5783452865851855,69,21968.0,0.08188333647288584,69,21968.0
14410.0,73,8907.0,102.37931034482759,1.874288947435628,73,22298.0,0.060394182006438125,73,22298.0
14415.0,69,8951.0,101.7159090909091,1.7802205050645676,69,22220.0,0.09580333142293017,69,22220.0
14420.0,63,8832.0,102.69767441860465,2.252735580159373,63,21777.0,0.09490995539721138,63,21777.0
14425.0,58,8698.0,95.58241758241758,3.142523648036663,58,21314.0,0.12126431502503185,58,21314.0
14430.0,49,8496.0,99.95294117647059,2.7383007886023374,49,21502.0,0.1380178899972283,49,21502.0
14435.0,52,8561.0,100.71764705882353,2.6616875554288812,52,21678.0,0.12600887743945458,52,21678.0
14440.0,60,8847.0,99.40449438202248,2.5720429138034095,60,21934.0,0.11151298947777691,60,21934.0
14445.0,62,9017.0,99.08791208791209,1.886255644481875,62,22162.0,0.08907693148567948,62,22162.0
14450.0,62,9220.0,101.31868131868131,1.7388926059583656,62,22357.0,0.06930921100445481,62,22357.0
14455.0,67,9547.0,101.56382978723404,2.877709768877853,67,22564.0,0.10624504906922344,67,22564.0
14460.0,68,9887.0,111.08988764044943,2.802397174962888,68,22856.0,0.08408948365369188,68,22856.0
14465.0,70,10232.0,113.68888888888888,2.9319935596573634,70,23171.0,0.09422062445180443,70,23171.0
14470.0,70,10582.0,125.97619047619048,2.172105392111977,70,23491.0,0.06758205199585017,70,23491.0
14475.0,66,10858.0,120.64444444444445,2.032740138897807,66,23757.0,0.11612596642821568,66,23757.0
14480.0,74,11213.0,128.88505747126436,1.6301277680805335,74,24049.0,0.0690715841444764,74,24049.0
14485.0,75,11587.0,124.59139784946237,2.1492728219416235,75,24383.0,0.08573864708338082,75,24383.0
14490.0,73,11915.0,132.38888888888889,1.8005857177435562,73,24697.0,0.07313157080684975,73,24697.0
14495.0,71,12266.0,134.7912087912088,2.246023529188158,71,24983.0,0.08306994555975987,71,24983.0
14500.0,73,12626.0,138.74725274725276,2.5924082340593504,73,25302.0,0.07171805056870223,73,25302.0
14505.0,73,12991.0,147.625,2.201531460126051,73,25627.0,0.08410628030749709,73,25627.0
14510.0,71,13331.0,153.22988505747125,1.7325495056227285,71,25927.0,0.08904954449181,71,25927.0
14515.0,73,13691.0,155.57954545454547,1.9480204232839142,73,26247.0,0.0839670076648363,73,26247.0
14520.0,76,14064.0,159.8181818181818,1.441442558437454,76,26580.0,0.053224496812888336,76,26580.0
14525.0,74,14420.0,163.86363636363637,1.3626255598571246,74,26907.0,0.07812951125299836,74,26907.0
14530.0,74,14790.0,164.33333333333334,2.0173003710009048,74,27226.0,0.07751834519940656,74,27226.0
14535.0,76,15164.0,166.63736263736263,2.094910506224033,76,27560.0,0.06819698217530996,76,27560.0
14540.0,74,15514.0,168.6304347826087,2.0339872631161686,74,27874.0,0.06635734341659362,74,27874.0
14545.0,75,15888.0,174.5934065934066,1.8178504077497737,75,28201.0,0.07653010035591618,75,28201.0
14550.0,79,16273.0,174.9784946236559,1.5208335314854764,79,28536.0,0.06523363552450094,79,28536.0
14555.0,82,16681.0,185.34444444444443,0.8585867837294103,82,28894.0,0.045088099772190346,82,28894.0
14560.0,78,16318.0,171.76842105263157,1.2787427005519734,78,28735.0,0.06454261299685234,78,28735.0
14565.0,70,15442.0,164.27659574468086,2.2245025309188646,70,27647.0,0.08214766159361159,70,27647.0
14570.0,64,14550.0,150.0,2.9642191803670084,64,26995.0,0.11967245463178253,64,26995.0
14575.0,56,13905.0,147.9255319148936,2.448480091700713,56,27183.0,0.09794280115738863,56,27183.0
14580.0,50,13678.0,148.67391304347825,2.7366967152797375,50,27298.0,0.13806115147672535,50,27298.0
14585.0,57,13941.0,145.21875,2.948672178194171,57,27432.0,0.11632997571693628,57,27432.0
14590.0,63,14243.0,146.83505154639175,2.9597247112978398,63,27656.0,0.12858051255233888,63,27656.0
14595.0,70,14577.0,150.27835051546393,2.5036080627186665,70,27937.0,0.07431861582501369,70,27937.0
14600.0,78,14952.0,151.03030303030303,2.4154445919901097,78,28263.0,0.0693274084312213,78,28263.0
14605.0,80,15346.0,165.01075268817203,1.714310106496084,80,28607.0,0.06502021465969521,80,28607.0
14610.0,81,15751.0,169.36559139784947,1.6272464840395287,81,28962.0,0.06532195222716632,81,28962.0
14615.0,81,16156.0,177.53846153846155,1.196383479447811,81,29317.0,0.04282175985549095,81,29317.0
14620.0,77,16339.0,168.44329896907217,1.3975842174756026,77,29567.0,0.07752888222417091,77,29567.0
14625.0,79,16682.0,175.6,1.6723886392165845,79,29768.0,0.07556134390601599,79,29768.0
14630.0,80,17078.0,169.0891089108911,2.294515194484713,80,30061.0,0.07109862283291327,80,30061.0
14635.0,83,17486.0,180.2680412371134,1.6815828841937586,83,30409.0,0.056560952296960766,83,30409.0
14640.0,78,17809.0,183.5979381443299,1.2315516533811,78,30720.0,0.049795420469731705,78,30720.0
14645.0,77,18175.0,191.31578947368422,1.7996331194894795,77,30997.0,0.07588368683020966,77,30997.0
14650.0,77,18560.0,187.4747474747475,2.622428588220749,77,31303.0,0.08165447592008133,77,31303.0
14655.0,80,18951.0,195.37113402061857,2.283805524977597,80,31634.0,0.0656487643921874,80,31634.0
14660.0,74,18842.0,196.27083333333334,2.0905604182595323,74,31360.0,0.09308374695740697,74,31360.0
14665.0,69,18391.0,199.90217391304347,1.9512809512458211,69,30638.0,0.09746616874337313,69,30638.0
14670.0,61,18014.0,187.64583333333334,3.0702523067095875,61,29703.0,0.1346001805285935,61,29703.0
14675.0,52,17589.0,193.28571428571428,2.7148956433261877,52,29659.0,0.13124903456070075,52,29659.0
14680.0,53,17611.0,195.67777777777778,2.7525223596725774,53,29823.0,0.1362727607109816,53,29823.0
14685.0,59,17894.0,192.40860215053763,2.775323686704571,59,30041.0,0.09357692706169315,59,30041.0
14690.0,61,14945.0,154.0721649484536,2.737043532237246,61,28311.0,0.12763450571292526,61,28311.0
14695.0,60,9846.0,104.74468085106383,2.3655607549663515,60,24624.0,0.10706927717877195,60,24624.0
14700.0,61,5309.0,55.88421052631579,2.800656186732812,61,19021.0,0.10348742315777323,61,19021.0
14705.0,54,1796.0,18.905263157894737,2.721373259565822,54,19287.0,0.12928723832903677,54,19287.0
14710.0,54,1280.0,13.763440860215054,2.657496899049232,54,19522.0,0.12401603599852412,54,19522.0
14715.0,64,1578.0,16.4375,2.902320450266551,64,19809.0,0.11229921009050073,64,19809.0
14720.0,68,1909.0,20.30851063829787,2.087572100025749,68,20133.0,0.06543123228072059,68,20133.0
14725.0,78,2281.0,24.793478260869566,1.5202867235499398,78,20495.0,0.07943901108267992,78,20495.0
14730.0,83,2688.0,28.903225806451612,1.3017400731017303,83,20892.0,0.05624507304593368,83,20892.0
14735.0,79,2755.0,29.0,1.1071728261094682,79,20725.0,0.05498727589272938,79,20725.0
14740.0,73,2594.0,27.305263157894736,1.8887139825810964,73,20099.0,0.09243110779072267,73,20099.0
14745.0,69,2527.0,25.525252525252526,2.634295279056275,69,19063.0,0.09573105627413503,69,19063.0
14750.0,57,2306.0,24.020833333333332,2.4269176681857223,57,19346.0,0.11132239515075126,57,19346.0
14755.0,58,2457.0,25.59375,2.582144317231125,58,19582.0,0.11992639230535976,58,19582.0
14760.0,66,2775.0,29.210526315789473,2.4666565741008006,66,19877.0,0.07063542405694569,66,19877.0
14765.0,74,3127.0,30.65686274509804,2.2380837100143736,74,20209.0,0.0718052850237012,74,20209.0
14770.0,85,3525.0,35.60606060606061,1.4155652879137928,85,20587.0,0.045313738977287084,85,20587.0
14775.0,87,3952.0,39.12871287128713,1.5825461675541532,87,20995.0,0.0642167730715168,87,20995.0
14780.0,90,4395.0,44.8469387755102,1.0202346367104873,90,21418.0,0.03805168838757712,90,21418.0
14785.0,90,4845.0,47.5,1.554566938820228,90,21848.0,0.07529237667226625,90,21848.0
14790.0,90,5295.0,52.42574257425743,1.1941970211844282,90,22278.0,0.0408920524652271,90,22278.0
14795.0,92,5754.0,56.411764705882355,1.2113204900542975,92,22717.0,0.033315707361555,92,22717.0
14800.0,93,6215.0,58.632075471698116,1.305393028106638,93,23158.0,0.05455863324525095,93,23158.0
14805.0,97,6691.0,63.72380952380952,0.9370579356696762,97,23614.0,0.05028723995233267,97,23614.0
14810.0,97,7176.0,67.06542056074767,1.1866579769785306,97,24079.0,0.05358305175542024,97,24079.0
14815.0,99,7665.0,69.05405405405405,1.3785503212323889,99,24548.0,0.04002431799732471,99,24548.0
14820.0,99,8160.0,76.26168224299066,1.000799095070127,99,25023.0,0.034578436912355515,99,25023.0
14825.0,94,7624.0,68.68468468468468,1.0866823848207627,94,25126.0,0.054736001913070716,94,25126.0
14830.0,89,6802.0,62.403669724770644,1.5181221534350855,89,24903.0,0.06295146787953351,89,24903.0
14835.0,81,6568.0,55.19327731092437,2.639798794298067,81,24461.0,0.1021296220760278,81,24461.0
14840.0,77,6562.0,57.06086956521739,2.1613360842901113,77,24804.0,0.08823621276705973,77,24804.0
14845.0,79,6931.0,59.75,2.296005497598326,79,25127.0,0.10888204647367744,79,25127.0
14850.0,85,7339.0,64.94690265486726,2.072397007664611,85,25500.0,0.051960448783959556,85,25500.0
14855.0,85,7150.0,63.839285714285715,1.7566490182795214,85,25301.0,0.06420691742289095,85,25301.0
14860.0,84,6567.0,60.24770642201835,1.7708321840480947,84,24765.0,0.06961788774321513,84,24765.0
14865.0,79,6184.0,56.73394495412844,2.345065924545143,79,23814.0,0.08165728293695437,79,23814.0
14870.0,70,5676.0,52.55555555555556,2.2151187250860196,70,23863.0,0.10680385086237018,70,23863.0
14875.0,64,5425.0,50.700934579439256,2.533737890167355,64,23641.0,0.11618274426649561,64,23641.0
14880.0,65,5566.0,51.06422018348624,2.7897933598756115,65,23320.0,0.11888178704901868,65,23320.0
14885.0,67,5795.0,51.74107142857143,2.812967423396667,67,23257.0,0.1042670459649348,67,23257.0
14890.0,73,5998.0,55.027522935779814,2.471002234047808,73,23471.0,0.0984344898922717,73,23471.0
14895.0,74,6239.0,59.41904761904762,1.7332646062107797,74,23712.0,0.05668871224804888,74,23712.0
14900.0,80,6627.0,62.5188679245283,2.3849297514149397,80,23979.0,0.07878503531948924,80,23979.0
14905.0,82,7033.0,65.12037037037037,2.65202166685968,82,24313.0,0.09745422607811101,82,24313.0
14910.0,86,7451.0,69.6355140186916,2.336123341385381,86,24688.0,0.07256360575801934,86,24688.0
14915.0,89,7889.0,77.34313725490196,1.6367493173872723,89,25086.0,0.03792522171765191,89,25086.0
14920.0,89,8334.0,81.70588235294117,1.6825900384517674,89,25491.0,0.05711981554579591,89,25491.0
14925.0,89,8779.0,88.67676767676768,1.103520154371839,89,25896.0,0.02813071408111026,89,25896.0
14930.0,91,9233.0,91.41584158415841,1.4042752948982313,91,26310.0,0.05904709522056594,91,26310.0
14935.0,91,9688.0,96.88,1.0441006998523674,91,26725.0,0.03393120430232242,91,26725.0
14940.0,93,10150.0,99.50980392156863,1.1488758595871438,93,27147.0,0.034648395772550175,93,27147.0
14945.0,87,10286.0,98.90384615384616,1.2437763448022423,87,27360.0,0.05593676751573341,87,27360.0
14950.0,81,10201.0,96.23584905660377,1.653038173159784,81,27330.0,0.06410833184026127,81,27330.0
14955.0,77,10431.0,97.48598130841121,2.560278131575047,77,27358.0,0.0943204333660974,77,27358.0
14960.0,77,10288.0,95.25925925925925,2.253597144488996,77,27125.0,0.09297436615308378,77,27125.0
14965.0,73,9811.0,94.33653846153847,2.052916928187867,73,26510.0,0.08089712167791893,73,26510.0
14970.0,74,9517.0,90.63809523809523,2.56728999282942,74,25720.0,0.10133863352584546,74,25720.0
14975.0,64,9122.0,91.22,2.258735320122718,64,25744.0,0.0983507189456258,64,25744.0
14980.0,62,9071.0,87.22115384615384,2.7004075692196494,62,25890.0,0.12974103430648803,62,25890.0
14985.0,66,9393.0,90.3173076923077,2.698839104131401,66,26130.0,0.1039076113579046,66,26130.0
14990.0,69,9571.0,89.44859813084112,2.040937705686893,69,26267.0,0.09048288176038986,69,26267.0
14995.0,74,9693.0,92.31428571428572,1.985435756052777,74,26302.0,0.0732951301611568,74,26302.0
15000.0,78,10052.0,94.83018867924528,2.4096693111987726,78,26383.0,0.07551460543781535,78,26383.0
15005.0,78,10376.0,99.76923076923077,2.0178025226141254,78,26707.0,0.07203385971522797,78,26707.0
15010.0,77,10710.0,103.98058252427184,1.9962799867753822,77,26996.0,0.07205016501747148,77,26996.0
15015.0,81,11107.0,105.78095238095239,2.5803407543010293,81,27293.0,0.08930178946519665,81,27293.0
15020.0,82,11513.0,108.61320754716981,2.674524724814606,82,27645.0,0.07939821955985052,82,27645.0
15025.0,84,11931.0,115.83495145631068,2.2889400033525384,84,28013.0,0.06330320519451765,84,28013.0
15030.0,85,12356.0,124.8080808080808,1.8667704464054016,85,28388.0,0.08632573222159949,85,28388.0
15035.0,86,12782.0,134.54736842105262,1.119011973930497,86,28764.0,0.04147923492456267,86,28764.0
15040.0,87,13217.0,134.8673469387755,1.4803978315440809,87,29149.0,0.061773251765388566,87,29149.0
15045.0,82,13235.0,136.44329896907217,1.3042773765873796,82,28974.0,0.05914612637769441,82,28974.0
15050.0,74,12982.0,127.27450980392157,2.3118124807525,74,28341.0,0.10807046958657118,74,28341.0
15055.0,70,12843.0,125.91176470588235,2.6714396574966197,70,27331.0,0.09095323864980073,70,27331.0
15060.0,61,12643.0,127.70707070707071,2.347429563755148,61,27583.0,0.10313175406629345,61,27583.0
15065.0,63,12829.0,129.58585858585857,2.704861116351679,63,27814.0,0.12638017846506364,63,27814.0
15070.0,70,13167.0,131.67,2.3879242664576843,70,28092.0,0.09415756641015355,70,28092.0
15075.0,79,13547.0,135.47,1.9513242220059244,79,28412.0,0.07015325383120065,79,28412.0
15080.0,84,13953.0,145.34375,1.1137709607253397,84,28759.0,0.041330870672841746,84,28759.0
15085.0,88,14387.0,143.87,1.5090564942692237,88,29134.0,0.07311181149739718,88,29134.0
15090.0,89,14828.0,145.37254901960785,1.1925870779958883,89,29515.0,0.05200235025553797,89,29515.0
15095.0,94,15292.0,149.92156862745097,0.950413933063627,94,29919.0,0.04577896750214335,94,29919.0
15100.0,94,15762.0,151.55769230769232,1.182658887628373,94,30329.0,0.05405982224509559,94,30329.0
15105.0,91,15636.0,146.13084112149534,1.23878168383507,91,30485.0,0.05016975209858203,91,30485.0
15110.0,83,15251.0,143.87735849056602,1.7687208163292323,83,30410.0,0.07848248020254439,83,30410.0
15115.0,79,15349.0,140.8165137614679,2.253854862160109,79,30199.0,0.0746559105275262,79,30199.0
15120.0,73,15650.0,147.64150943396226,2.161383101206253,73,30485.0,0.0895881034070782,73,30485.0
15125.0,78,16023.0,147.0,2.0747690148126825,78,30765.0,0.09406787467248122,78,30765.0
15130.0,86,16439.0,155.08490566037736,1.8170616202257883,86,31106.0,0.049926894755631994,86,31106.0
15135.0,85,16446.0,152.27777777777777,1.9264353630803863,85,30966.0,0.07565130895074645,85,30966.0
15140.0,80,16228.0,157.55339805825244,1.7895013672953557,80,30465.0,0.0653055258840162,80,30465.0
15145.0,75,16000.0,149.53271028037383,2.618809249311553,75,29652.0,0.09866313739429,75,29652.0
15150.0,65,15876.0,155.64705882352942,2.2700591186156176,65,29971.0,0.1059061485525338,65,29971.0
15155.0,68,16043.0,158.84158415841586,2.4378574875042576,68,30264.0,0.11342797941574727,68,30264.0
15160.0,73,16400.0,156.1904761904762,2.6855074587914145,73,30583.0,0.10138428028617114,73,30583.0
15165.0,81,16789.0,156.90654205607476,2.0556522428452872,81,30909.0,0.04308826497522313,81,30909.0
15170.0,87,17219.0,167.1747572815534,1.5998897616623386,87,31269.0,0.05711615811236732,87,31269.0
15175.0,90,17665.0,176.65,0.9358790107787989,90,31645.0,0.0598555316202874,90,31645.0
15180.0,92,18124.0,181.24,1.0224856373264866,92,32034.0,0.038764408334188795,92,32034.0
15185.0,92,18584.0,175.32075471698113,1.5220168640447262,92,32424.0,0.051472687933059647,92,32424.0
15190.0,94,19052.0,184.97087378640776,1.151896729987607,94,32822.0,0.03881330499695758,94,32822.0
15195.0,94,19522.0,175.87387387387386,1.7205597295288895,94,33214.0,0.08279845937287061,94,33214.0
15200.0,99,20001.0,185.19444444444446,0.9643396871871418,99,33613.0,0.03522861723444416,99,33613.0
15205.0,100,20501.0,183.04464285714286,1.2935677625374296,100,34033.0,0.07005058288564008,100,34033.0
15210.0,101,21002.0,190.92727272727274,0.9199173220174434,101,34454.0,0.033079134169053455,101,34454.0
15215.0,102,21512.0,188.7017543859649,1.313828508586008,102,34884.0,0.046338495114047126,102,34884.0
15220.0,102,22022.0,196.625,0.9583174634798853,102,35314.0,0.03462710244864469,102,35314.0
15225.0,104,22541.0,199.47787610619469,1.069900860364789,104,35753.0,0.03605590205355182,104,35753.0
15230.0,99,22405.0,189.8728813559322,1.3972866426486084,99,35818.0,0.06600616075852653,99,35818.0
15235.0,93,21837.0,183.50420168067228,1.7375050687209856,93,35558.0,0.06803182426644452,93,35558.0
15240.0,89,21572.0,182.8135593220339,2.0488793632459488,89,35104.0,0.07781998582880732,89,35104.0
15245.0,82,21557.0,179.64166666666668,2.4738314918162008,82,34907.0,0.10267653670198676,82,34907.0
15250.0,76,21854.0,186.7863247863248,2.4583669725841535,76,35087.0,0.11698371008418817,76,35087.0
15255.0,81,22240.0,195.08771929824562,2.334504735749005,81,35368.0,0.09291195531247416,81,35368.0
15260.0,87,22660.0,198.7719298245614,2.203812412260284,87,35703.0,0.05249808632141117,87,35703.0
15265.0,93,23113.0,208.22522522522522,1.8231462094338835,93,36070.0,0.062248488516716875,93,36070.0
15270.0,95,23588.0,214.43636363636364,1.3775814216261715,95,36455.0,0.04371302454513336,95,36455.0
15275.0,99,24076.0,225.00934579439252,0.9834665884343604,99,36853.0,0.03669143328031461,99,36853.0
15280.0,94,23796.0,216.3272727272727,1.072588022864181,94,36661.0,0.05257379243183106,94,36661.0
15285.0,88,23000.0,211.0091743119266,1.5396291543097405,88,36021.0,0.05445123348759774,88,36021.0
15290.0,80,22345.0,196.00877192982455,2.5841571804510446,80,34960.0,0.09516843807836817,80,34960.0
15295.0,71,18483.0,169.56880733944953,2.0770105308704028,71,33277.0,0.08575499002643586,71,33277.0
15300.0,68,12687.0,118.57009345794393,2.203312390495621,68,29610.0,0.10852703290128865,68,29610.0
15305.0,66,8367.0,74.70535714285714,2.470862720951438,66,24026.0,0.10186459811909049,66,24026.0
15310.0,68,3519.0,30.6,2.216545837293365,68,24278.0,0.10008053753022923,68,24278.0
15315.0,63,1793.0,15.867256637168142,2.3013026774223135,63,24479.0,0.10379149762399272,63,24479.0
15320.0,75,2146.0,18.34188034188034,2.603047893858998,75,24726.0,0.10196679109283573,75,24726.0
15325.0,84,2548.0,21.77777777777778,2.4503148357208073,84,25082.0,0.0843457977169681,84,25082.0
15330.0,91,2987.0,25.3135593220339,1.9529533609867182,91,25493.0,0.04603101810447634,91,25493.0
15335.0,100,3469.0,31.25225225225225,1.2914413658031847,100,25943.0,0.0371561333756685,100,25943.0
15340.0,102,3971.0,33.652542372881356,1.3799282200208216,102,26405.0,0.060161167291178194,102,26405.0
15345.0,107,4502.0,39.14782608695652,0.9390326643668823,107,26896.0,0.03360182039713874,107,26896.0
15350.0,101,4712.0,39.596638655462186,0.9399465049100161,101,26858.0,0.04134607460645594,101,26858.0
15355.0,97,4761.0,40.347457627118644,1.4839238074933143,97,26408.0,0.054485894507056314,97,26408.0
15360.0,90,4838.0,40.31666666666667,2.0812372347254007,90,25815.0,0.0741972387568492,90,25815.0
15365.0,80,4853.0,41.83620689655172,2.072284566976738,80,25941.0,0.08775903824661224,80,25941.0
15370.0,81,5131.0,44.61739130434783,2.334182539200755,81,26279.0,0.10156676675542055,81,26279.0
15375.0,87,5552.0,48.278260869565216,2.1166380869075474,87,26656.0,0.07082241407390022,87,26656.0
15380.0,94,6010.0,51.36752136752137,1.7386251779133806,94,27074.0,0.05878847938488435,94,27074.0
15385.0,99,6496.0,58.0,1.1523069315221612,99,27520.0,0.03553063472026844,99,27520.0
15390.0,102,6999.0,62.49107142857143,1.1675498442926002,102,27984.0,0.05033418296519471,102,27984.0
15395.0,102,7509.0,68.26363636363637,0.9844439780699371,102,28454.0,0.035492401843026974,102,28454.0
15400.0,96,7125.0,63.61607142857143,1.1166967741966125,96,28427.0,0.04207326068843027,96,28427.0
15405.0,90,6140.0,55.81818181818182,1.3918326789221824,90,27944.0,0.056677431799274994,90,27944.0
15410.0,81,5310.0,45.0,2.5005936159830844,81,27120.0,0.10246767826838829,81,27120.0
15415.0,77,4810.0,41.46551724137931,2.0363436470601393,77,27440.0,0.08766114930531965,77,27440.0
15420.0,78,4820.0,41.91304347826087,2.3510021535041727,78,27749.0,0.09565119170059397,78,27749.0
15425.0,84,5231.0,45.0948275862069,2.229159432694519,84,28109.0,0.0705286642953654,84,28109.0
15430.0,91,5674.0,48.08474576271186,1.881562108467861,91,28502.0,0.0641203049877624,91,28502.0
15435.0,96,6143.0,53.417391304347824,1.0954650711840916,96,28922.0,0.037950727710271435,96,28922.0
15440.0,104,6649.0,57.31896551724138,0.9188411769779953,104,29378.0,0.025207249687115983,104,29378.0
15445.0,108,7184.0,60.88135593220339,0.969389580786075,108,29863.0,0.04004404616194485,108,29863.0
15450.0,103,7220.0,61.186440677966104,0.9182004738864024,103,29836.0,0.040306119006563466,103,29836.0
15455.0,96,6924.0,57.7,1.4771781630032952,96,29179.0,0.055317049035848005,96,29179.0
15460.0,91,6769.0,56.88235294117647,2.226000418489168,91,28596.0,0.07297704810106058,91,28596.0
15465.0,81,6752.0,57.220338983050844,2.014079060695384,81,28957.0,0.09013842001074363,81,28957.0
15470.0,83,7041.0,62.309734513274336,1.8267896410120845,83,29306.0,0.07794752700307829,83,29306.0
15475.0,90,7478.0,64.46551724137932,1.858117288133141,90,29693.0,0.048863827359090485,90,29693.0
15480.0,96,7949.0,70.34513274336283,1.4314405825096825,96,30106.0,0.037687228455273974,96,30106.0
15485.0,99,8439.0,73.38260869565218,1.4611977024388754,99,30536.0,0.058356442940863625,99,30536.0
15490.0,103,8945.0,79.86607142857143,0.9184993128885505,103,30982.0,0.034341582951519824,103,30982.0
15495.0,104,9463.0,82.28695652173913,1.2436937771056202,104,31440.0,0.030555995081032652,104,31440.0
15500.0,98,9476.0,84.60714285714286,1.1674951215443627,98,31366.0,0.04137963133144172,98,31366.0
15505.0,89,9132.0,80.8141592920354,1.5093416298156672,89,30562.0,0.051889355081338025,89,30562.0
15510.0,84,8938.0,79.80357142857143,2.2274264065078526,84,29827.0,0.07578293865436402,84,29827.0
15515.0,73,8688.0,76.88495575221239,2.246611001420054,73,30137.0,0.10177482362623597,73,30137.0
15520.0,74,8595.0,77.43243243243244,2.4641676017144265,74,30429.0,0.11126911691631608,74,30429.0
15525.0,83,8991.0,77.50862068965517,2.288195829718934,83,30765.0,0.08807667907426318,83,30765.0
15530.0,91,9432.0,81.3103448275862,1.574677601031572,91,31146.0,0.05196066417804923,91,31146.0
15535.0,93,9797.0,83.02542372881356,1.1523233315593366,93,31105.0,0.04894767446242677,93,31105.0
15540.0,93,10123.0,87.26724137931035,1.3081031254649351,93,30685.0,0.055790386042206604,93,30685.0
15545.0,89,10457.0,87.14166666666667,2.1276754490244656,89,30008.0,0.07186993534669714,89,30008.0
15550.0,79,10715.0,92.37068965517241,2.1464410432445975,79,30338.0,0.09540294426539271,79,30338.0
15555.0,78,11036.0,92.73949579831933,2.4097793378064085,78,30621.0,0.10986071530431876,78,30621.0
15560.0,86,11449.0,97.02542372881356,2.206987152976644,86,30957.0,0.07252416497542036,86,30957.0
15565.0,94,11900.0,96.7479674796748,1.9149508529261996,94,31338.0,0.0779512498638724,94,31338.0
15570.0,94,11751.0,98.74789915966386,1.1670828060315037,94,31215.0,0.04713721976300723,94,31215.0
15575.0,93,11222.0,93.51666666666667,1.4730692685321751,93,30513.0,0.0502509554387764,93,30513.0
15580.0,93,10928.0,90.31404958677686,2.189793488881266,93,29915.0,0.07344108507585993,93,29915.0
15585.0,82,10709.0,89.24166666666666,2.1083054145632256,82,30257.0,0.07996606717055638,82,30257.0
15590.0,84,11015.0,93.34745762711864,2.1408424824324372,84,30571.0,0.0985038877100895,84,30571.0
15595.0,90,11452.0,96.23529411764706,1.9864755427505316,90,30930.0,0.0616503930824003,90,30930.0
15600.0,92,11626.0,98.52542372881356,1.4270155384055183,92,30907.0,0.04510889209920154,92,30907.0
15605.0,89,11632.0,101.14782608695653,1.5977001420241688,89,30739.0,0.06454758947502302,89,30739.0
15610.0,87,11731.0,102.00869565217391,2.0659141077408316,87,30298.0,0.07062742295341691,87,30298.0
15615.0,74,11660.0,103.1858407079646,1.9008604965459504,74,30599.0,0.06863127299156595,74,30599.0
15620.0,74,11849.0,104.85840707964601,2.562011250991095,74,30856.0,0.10832534810638388,74,30856.0
15625.0,79,12236.0,108.28318584070796,2.423120281175133,79,31164.0,0.09160222684313077,79,31164.0
15630.0,87,12656.0,106.3529411764706,1.996598722711279,87,31514.0,0.05977174532908026,87,31514.0
15635.0,98,13128.0,114.15652173913044,1.1420971105310906,98,31916.0,0.03214880534484315,98,31916.0
15640.0,104,13633.0,115.53389830508475,1.0919047946998737,104,32352.0,0.03325530550398874,104,32352.0
15645.0,108,14165.0,123.17391304347827,0.8012743228500547,108,32815.0,0.0257910340678175,108,32815.0
15650.0,108,14705.0,126.76724137931035,0.8737785982669259,108,33285.0,0.040469829325960306,108,33285.0
15655.0,102,14826.0,127.8103448275862,1.0494031801224883,102,33257.0,0.03904848885936148,102,33257.0
15660.0,94,14725.0,123.73949579831933,1.5508389916338692,94,32799.0,0.05567189943054798,94,32799.0
15665.0,89,14616.0,121.8,2.290811817191661,89,32039.0,0.07310935407457352,89,32039.0
15670.0,80,14689.0,123.43697478991596,2.0422560288034624,80,32368.0,0.08328868169854083,80,32368.0
15675.0,83,15006.0,132.79646017699116,1.9393335713554154,83,32692.0,0.08099725788113613,83,32692.0
15680.0,89,15439.0,133.0948275862069,2.0319532519564536,89,33055.0,0.06242615434177284,89,33055.0
15685.0,90,15489.0,138.29464285714286,1.5545285965728766,90,33036.0,0.04291118161417582,90,33036.0
15690.0,85,15271.0,137.57657657657657,1.7422727690001103,85,32907.0,0.05801705618643623,85,32907.0
15695.0,80,15178.0,140.53703703703704,2.33588588550398,80,32532.0,0.07213819192051589,80,32532.0
15700.0,67,14958.0,133.55357142857142,2.5296326929398,67,32810.0,0.11869670603712693,67,32810.0
15705.0,71,14999.0,140.17757009345794,2.328546080804257,71,33096.0,0.10151187866944515,71,33096.0
15710.0,80,15385.0,137.36607142857142,2.3262184159839605,80,33479.0,0.07927892776373877,80,33479.0
15715.0,80,15721.0,144.22935779816513,1.8147105377364057,80,33623.0,0.06401082874722261,80,33623.0
15720.0,76,16013.0,142.97321428571428,1.9458360398465868,76,33406.0,0.075569232597144,76,33406.0
15725.0,79,16337.0,145.86607142857142,2.3879708980975822,79,33166.0,0.08058065780206211,79,33166.0
15730.0,74,16646.0,148.625,2.2916385801718557,74,33444.0,0.10597423425731588,74,33444.0
15735.0,76,16998.0,153.13513513513513,2.562477825074195,76,33713.0,0.1232428914244066,76,33713.0
15740.0,85,17397.0,149.97413793103448,2.1806271287313104,85,34022.0,0.08679562863790553,85,34022.0
15745.0,92,17843.0,157.90265486725664,1.5630461129497728,92,34378.0,0.056295876337931615,92,34378.0
15750.0,91,18194.0,159.59649122807016,1.3347438161790877,91,34484.0,0.058749384512265614,91,34484.0
15755.0,90,18492.0,168.1090909090909,1.4669945409857887,90,34497.0,0.061989333053006954,90,34497.0
15760.0,82,18807.0,164.97368421052633,2.3093391894263715,82,34330.0,0.07428333171514397,82,34330.0
15765.0,75,19053.0,170.11607142857142,2.1999513486055626,75,34612.0,0.09283318266276275,75,34612.0
15770.0,79,19430.0,170.43859649122808,2.3813500101881893,79,34867.0,0.11515228569214425,79,34867.0
15775.0,84,19840.0,175.57522123893804,2.034291122654166,84,35173.0,0.05175647301708559,84,35173.0
15780.0,93,20292.0,184.47272727272727,1.5463609417405582,93,35525.0,0.0557455374369732,93,35525.0
15785.0,91,20087.0,185.99074074074073,1.0157058990240908,91,35366.0,0.0492754284839317,91,35366.0
15790.0,86,19441.0,181.69158878504672,1.4947067612311125,86,34468.0,0.04584882231211595,86,34468.0
15795.0,81,19033.0,169.9375,2.6827367718654918,81,33767.0,0.09436200936242774,81,33767.0
15800.0,71,18742.0,176.81132075471697,1.7904779035183624,71,34021.0,0.07476494529051016,71,34021.0
15805.0,73,19001.0,174.32110091743118,2.5209495602333667,73,34250.0,0.12797136874270776,73,34250.0
15810.0,79,19385.0,176.22727272727272,2.110998079338601,79,34528.0,0.0676896960424937,79,34528.0
15815.0,87,19806.0,178.43243243243242,1.9047376811447694,87,34850.0,0.04619494574093649,87,34850.0
15820.0,93,20260.0,191.1320754716981,1.0555793587917452,93,35204.0,0.04184379834583043,93,35204.0
15825.0,98,20745.0,195.70754716981133,0.9337514086110756,98,35590.0,0.03341635754514211,98,35590.0
15830.0,98,21235.0,196.62037037037038,1.0828088837584762,98,35980.0,0.04610479094107823,98,35980.0
15835.0,95,21309.0,193.71818181818182,0.8808439581404027,95,36063.0,0.04573238421602471,95,36063.0
15840.0,88,21114.0,195.5,1.448671503733649,88,35972.0,0.06104973809699341,88,35972.0
15845.0,81,20972.0,177.72881355932202,2.3985052946475984,81,35861.0,0.08858529311201084,81,35861.0
15850.0,78,21038.0,184.5438596491228,1.9951923812240384,78,36133.0,0.08110447497005271,78,36133.0
15855.0,79,21369.0,187.44736842105263,2.2183619762240245,79,36372.0,0.09819414145663814,79,36372.0
15860.0,84,21777.0,194.4375,2.0830660785979633,84,36667.0,0.057331632290920094,84,36667.0
15865.0,91,22217.0,194.8859649122807,2.1639882996173427,91,36997.0,0.057615194701628354,91,36997.0
15870.0,96,22691.0,212.06542056074767,1.1568374102749746,96,37361.0,0.03853228404521233,96,37361.0
15875.0,98,23180.0,216.6355140186916,1.0732437201183214,98,37740.0,0.043094264010661375,98,37740.0
15880.0,99,23672.0,213.26126126126127,1.132371074331013,99,38122.0,0.05069723434379352,99,38122.0
15885.0,102,24171.0,213.90265486725664,1.0371887847696604,102,38511.0,0.03503778628038389,102,38511.0
15890.0,97,24445.0,216.32743362831857,1.1968520885641183,97,38665.0,0.054008955025396294,97,38665.0
15895.0,90,24559.0,211.7155172413793,1.6956768056637246,90,38567.0,0.06692301221272684,90,38567.0
15900.0,86,24733.0,216.9561403508772,2.2999742579940876,86,38283.0,0.07390970401410955,86,38283.0
15905.0,76,24907.0,216.58260869565217,2.1362881406563905,76,38552.0,0.09870478089659289,76,38552.0
15910.0,80,25296.0,227.8918918918919,2.2570373766689427,80,38808.0,0.08815206100706091,80,38808.0
15915.0,87,25717.0,221.69827586206895,2.278503304286497,87,39108.0,0.08360683142997434,87,39108.0
15920.0,95,26174.0,237.94545454545454,1.2983330032278866,95,39445.0,0.0361563224118106,95,39445.0
15925.0,93,26546.0,237.01785714285714,1.5182426267600815,93,39582.0,0.08850366932940999,93,39582.0
15930.0,86,26840.0,246.23853211009174,1.4450811264959187,86,39530.0,0.05777633232638103,86,39530.0
15935.0,82,27159.0,244.67567567567568,2.1911591191919237,82,39485.0,0.06575954741560164,82,39485.0
15940.0,78,27508.0,247.81981981981983,2.470787206590798,78,39692.0,0.10653887013053373,78,39692.0
15945.0,83,27904.0,258.3703703703704,1.8663566653523662,83,39948.0,0.06194581227651473,83,39948.0
15950.0,89,28333.0,257.57272727272726,2.131243174332393,89,40254.0,0.05839023703461515,89,40254.0
15955.0,86,27862.0,257.98148148148147,1.9058017970233463,86,39928.0,0.062245191794327505,86,39928.0
15960.0,82,26787.0,262.61764705882354,1.5877162714901047,82,39029.0,0.06671112288835479,82,39029.0
15965.0,74,25998.0,245.26415094339623,2.801654289380862,74,37648.0,0.10874073330819002,74,37648.0
15970.0,71,25312.0,248.15686274509804,2.6966382809104217,71,36545.0,0.10008871188304719,71,36545.0
15975.0,61,25145.0,248.96039603960395,2.75619338700495,61,36718.0,0.12858281952489728,61,36718.0
15980.0,65,25443.0,249.44117647058823,2.7869961527382494,65,36862.0,0.13427202126575014,65,36862.0
15985.0,72,25795.0,248.02884615384616,2.7552607299079677,72,37071.0,0.09802003522396681,72,37071.0
15990.0,76,25889.0,241.9532710280374,2.0389090025037575,76,37131.0,0.07475688587101696,76,37131.0
15995.0,76,25825.0,250.72815533980582,1.7996227627746786,76,37042.0,0.05873624614027306,76,37042.0
16000.0,75,26012.0,245.39622641509433,2.645309717322659,75,36918.0,0.10102689177774148,75,36918.0
16005.0,72,26320.0,258.03921568627453,1.961633141203826,72,37131.0,0.07002875753698398,72,37131.0
16010.0,75,26678.0,256.5192307692308,2.400711156482149,75,37330.0,0.08315331082225468,75,37330.0
16015.0,82,27074.0,270.74,2.371247394529316,82,37590.0,0.0549336118094941,82,37590.0
16020.0,84,27488.0,277.65656565656565,1.9699862988184644,84,37874.0,0.03801256495016327,84,37874.0
16025.0,84,27908.0,281.8989898989899,1.5842599308737373,84,38164.0,0.06618859930255791,84,38164.0
16030.0,89,28344.0,289.2244897959184,0.9510322733378237,89,38470.0,0.04232689045895601,89,38470.0
16035.0,84,28614.0,286.14,1.4819144246893854,84,38624.0,0.0644470732734807,84,38624.0
16040.0,74,28762.0,281.98039215686276,1.8786511761894438,74,38608.0,0.07304704154672925,74,38608.0
16045.0,76,29116.0,285.45098039215685,2.7898874467436623,76,38597.0,0.10077827603505296,76,38597.0
16050.0,73,29462.0,288.84313725490193,2.16135622796437,73,38826.0,0.08216293546539957,73,38826.0
16055.0,80,29849.0,307.7216494845361,1.8164522057499914,80,39070.0,0.053385978396297266,80,39070.0
16060.0,82,30257.0,296.6372549019608,2.4089487657176245,82,39348.0,0.08740414324400811,82,39348.0
16065.0,84,30671.0,312.96938775510205,1.7792005243288795,84,39632.0,0.051764070511027514,84,39632.0
16070.0,86,31099.0,310.99,1.8407616578834842,86,39930.0,0.07764764157598257,86,39930.0
16075.0,81,31385.0,326.9270833333333,1.445496640664419,81,40126.0,0.0648372326116547,81,40126.0
16080.0,76,31663.0,319.82828282828285,1.9125645119883077,76,40205.0,0.0700573308284047,76,40205.0
16085.0,79,32053.0,323.7676767676768,2.385877804499219,79,40382.0,0.08126351514681544,79,40382.0
16090.0,76,32398.0,327.25252525252523,2.1571933130208687,76,40617.0,0.08550494885393098,76,40617.0
16095.0,76,32773.0,334.4183673469388,2.4199979806461145,76,40844.0,0.07662291598326437,76,40844.0
16100.0,79,33162.0,338.38775510204084,2.4515964800049512,79,41101.0,0.08218703093742473,79,41101.0
16105.0,76,32790.0,345.1578947368421,1.8367222888329728,76,40693.0,0.07401723446580233,76,40693.0
16110.0,67,31904.0,332.3333333333333,2.5901807650631468,67,39705.0,0.11957419802113604,67,39705.0
16115.0,61,31121.0,334.63440860215053,2.8721319239481042,61,38353.0,0.10315850154303016,61,38353.0
16120.0,51,30468.0,327.61290322580646,2.7946840171183682,51,38480.0,0.13497782140399153,51,38480.0
16125.0,53,30489.0,342.5730337078652,3.035980988772981,53,38591.0,0.14907474374377178,53,38591.0
16130.0,61,30777.0,323.9684210526316,3.0758332527586036,61,38749.0,0.1185932706255138,61,38749.0
16135.0,68,31106.0,327.4315789473684,2.3938458911251015,68,38948.0,0.08610961056061445,68,38948.0
16140.0,74,31461.0,338.2903225806452,1.672438158057451,74,39173.0,0.05458861707845818,74,39173.0
16145.0,81,31852.0,338.8510638297872,1.509562543005654,81,39434.0,0.06410729172130575,81,39434.0
16150.0,83,32263.0,350.6847826086956,1.0230284476802005,83,39715.0,0.04578336340698258,83,39715.0
16155.0,85,32686.0,340.4791666666667,1.392906263947926,85,40008.0,0.05908940041165417,85,40008.0
16160.0,85,33111.0,348.53684210526313,1.2202536923936471,85,40303.0,0.05480868675420451,85,40303.0
16165.0,83,33158.0,334.92929292929296,1.2165061983527188,83,40453.0,0.07517629024851122,83,40453.0
16170.0,77,33338.0,336.74747474747477,1.7017132317147974,77,40486.0,0.08319197291530514,77,40486.0
16175.0,79,33729.0,327.4660194174757,2.218468976667341,79,40559.0,0.073203160645561,79,40559.0
16180.0,77,34064.0,337.26732673267327,1.746111961373196,77,40800.0,0.05925937903848497,77,40800.0
16185.0,79,34444.0,341.029702970297,2.1668890574222957,79,41023.0,0.08270709757236759,79,41023.0
16190.0,81,34842.0,348.42,2.3131933720101547,81,41282.0,0.06672577564081215,81,41282.0
16195.0,81,35247.0,356.030303030303,2.319670962090535,81,41557.0,0.062162168411961774,81,41557.0
16200.0,75,35545.0,378.13829787234044,1.7275004428565337,75,41764.0,0.05090627414152427,75,41764.0
16205.0,75,35905.0,377.94736842105266,1.7479186139955265,75,41939.0,0.08378528897112042,75,41939.0
16210.0,80,36301.0,382.11578947368423,1.8956162796268377,80,42193.0,0.06360282994157457,80,42193.0
16215.0,77,36133.0,368.7040816326531,1.6476804390896316,77,41789.0,0.06757677018477748,77,41789.0
16220.0,70,35600.0,382.7956989247312,1.9794183527196434,70,40812.0,0.08476472459250414,70,40812.0
16225.0,64,35140.0,358.57142857142856,2.7488536947630426,64,39619.0,0.0984455572310864,64,39619.0
16230.0,54,34662.0,368.74468085106383,2.7706695611669248,54,39745.0,0.12934140707302588,54,39745.0
16235.0,50,34571.0,371.73118279569894,2.8041217197734896,50,39790.0,0.1401939866994819,50,39790.0
16240.0,57,34840.0,366.7368421052632,3.189879821768282,57,39869.0,0.136715681100155,57,39869.0
16245.0,59,35033.0,361.16494845360825,2.509216520712716,59,39981.0,0.11739673363305032,59,39981.0
16250.0,72,35367.0,372.2842105263158,1.9760800908394676,72,40136.0,0.0736863619396908,72,40136.0
16255.0,81,35753.0,364.8265306122449,1.8016256320254758,81,40392.0,0.06176595238702126,81,40392.0
16260.0,78,36086.0,383.8936170212766,1.1957756181936345,78,40642.0,0.045184058527937804,78,40642.0
16265.0,74,36406.0,375.319587628866,1.9921224111448312,74,40839.0,0.09051643383828796,74,40839.0
16270.0,74,36776.0,383.0833333333333,2.533105063693721,74,41026.0,0.08129722631831843,74,41026.0
16275.0,76,37151.0,367.83168316831683,3.118783264077832,76,41270.0,0.10173448017390044,76,41270.0
16280.0,78,37535.0,403.60215053763443,2.1050536092717853,78,41524.0,0.06722705993117022,78,41524.0
16285.0,79,37927.0,399.2315789473684,2.0935424871812516,79,41786.0,0.08504139577789938,79,41786.0
16290.0,74,38223.0,420.032967032967,1.8517104111206317,74,41992.0,0.0743481147860295,74,41992.0
16295.0,74,38593.0,424.0989010989011,2.080595001201298,74,42192.0,0.0676281484449328,74,42192.0
16300.0,78,38976.0,423.6521739130435,1.9417369672125673,78,42451.0,0.06503836880419747,78,42451.0
16305.0,74,39333.0,437.03333333333336,1.6898022015575132,74,42731.0,0.0751407992511552,74,42731.0
16310.0,75,39705.0,436.31868131868134,2.048219665475208,75,43043.0,0.08095084419481365,75,43043.0
16315.0,78,40086.0,426.4468085106383,2.2554038677249664,78,43395.0,0.0778130505791856,78,43395.0
16320.0,73,39942.0,434.1521739130435,1.6416112752538652,73,43121.0,0.05477277518039559,73,43121.0
16325.0,66,39441.0,428.70652173913044,2.55695722699583,66,42261.0,0.11719841212737968,66,42261.0
16330.0,58,39009.0,424.0108695652174,3.1965705822055215,58,40936.0,0.1176517726003529,58,40936.0
16335.0,50,38566.0,433.3258426966292,2.603688881598403,50,41033.0,0.11602538873371379,50,41033.0
16340.0,52,38607.0,438.71590909090907,3.009504154531647,52,41094.0,0.15074072133684935,52,41094.0
16345.0,59,38886.0,427.31868131868134,2.884608780355198,59,41194.0,0.12123948724069665,59,41194.0
16350.0,65,39204.0,417.06382978723406,2.485692750436962,65,41332.0,0.08895566019893718,65,41332.0
16355.0,73,39552.0,444.40449438202245,1.2946645701746835,73,41500.0,0.05009661264324596,73,41500.0
16360.0,80,39943.0,429.494623655914,1.5315468681300828,80,41711.0,0.06039854619790011,80,41711.0
16365.0,82,40348.0,438.5652173913044,1.3531287570455708,82,41938.0,0.05769265915567747,82,41938.0
16370.0,84,40763.0,429.0842105263158,1.5147710730392967,84,42173.0,0.061496366394255486,84,42173.0
16375.0,84,41183.0,438.1170212765957,1.4534385674916581,84,42413.0,0.06343006423469144,84,42413.0
16380.0,81,41258.0,434.29473684210524,0.896921316517768,81,42513.0,0.04404886608034627,81,42513.0
16385.0,76,41490.0,423.3673469387755,1.9339553697295213,76,42483.0,0.08341858957304304,76,42483.0
16390.0,80,41883.0,414.6831683168317,2.104391262933562,80,42580.0,0.0694502717469062,80,42580.0
16395.0,82,42292.0,418.73267326732673,2.1502094262444116,82,42802.0,0.06109991702302395,82,42802.0
16400.0,78,42601.0,430.3131313131313,1.6819763166462367,78,42988.0,0.06634796416576409,78,42988.0
16405.0,74,42948.0,442.7628865979381,2.1680929253851016,74,43117.0,0.07912507888099642,74,43117.0
16410.0,76,43325.0,442.09183673469386,2.71241343363596,76,43295.0,0.09647170080632095,76,43295.0
16415.0,76,43705.0,464.9468085106383,2.3681381344489583,76,43486.0,0.06598157640386677,76,43486.0
16420.0,73,43583.0,453.9895833333333,1.9015818000682343,73,43041.0,0.08985523795318327,73,43041.0
16425.0,67,43128.0,468.7826086956522,2.1324769441881744,67,42194.0,0.09709726505358592,67,42194.0
16430.0,61,42826.0,446.1041666666667,2.982108959532822,61,40949.0,0.11867861404366446,61,40949.0
16435.0,52,42320.0,460.0,2.786235254206381,52,40994.0,0.13963725037057992,52,40994.0
16440.0,55,42406.0,466.0,2.6055504380990904,55,41030.0,0.12304156796859549,55,41030.0
16445.0,63,42709.0,464.2282608695652,2.2759309211044054,63,41143.0,0.10323587753099475,63,41143.0
16450.0,66,42897.0,451.5473684210526,1.7559982863907568,66,41226.0,0.08394450917595818,66,41226.0
16455.0,64,43127.0,449.2395833333333,2.17470901599089,64,41277.0,0.10401655643966362,64,41277.0
16460.0,71,43467.0,434.67,2.770483257564434,71,41346.0,0.10919241209010325,71,41346.0
16465.0,75,43834.0,447.2857142857143,2.8080048419697716,75,41508.0,0.10317201195666717,75,41508.0
16470.0,76,44214.0,460.5625,2.7859395523058534,76,41698.0,0.09244084313049926,76,41698.0
16475.0,76,44594.0,484.7173913043478,2.0318704128641576,76,41888.0,0.04876342154186685,76,41888.0
16480.0,73,44893.0,498.81111111111113,1.5485966127368025,73,42031.0,0.065665827125899,73,42031.0
16485.0,76,45269.0,514.4204545454545,1.6491624199339525,76,42183.0,0.0670936725659555,76,42183.0
16490.0,76,45649.0,485.6276595744681,2.1855132891520577,76,42373.0,0.08698649195497357,76,42373.0
16495.0,76,45978.0,494.38709677419354,1.6644805481890355,76,42539.0,0.06756740509790037,76,42539.0
16500.0,74,46345.0,509.2857142857143,1.6652621497582576,74,42692.0,0.06227893504008973,74,42692.0
16505.0,76,46723.0,497.0531914893617,2.531814346128167,76,42877.0,0.06580704377995913,76,42877.0
16510.0,70,46657.0,524.2359550561798,1.9886079775507879,70,42475.0,0.06729829463335346,70,42475.0
16515.0,64,46290.0,514.3333333333334,2.200547795236694,64,41687.0,0.09146954684206907,64,41687.0
16520.0,58,46058.0,523.3863636363636,3.1401158513791914,58,40542.0,0.11854355100554646,58,40542.0
16525.0,50,45770.0,502.967032967033,3.0796114146893814,50,40593.0,0.14401331849275414,50,40593.0
16530.0,52,45826.0,526.735632183908,2.901443288877665,52,40637.0,0.13032437184131793,52,40637.0
16535.0,58,46102.0,512.2444444444444,2.987848940497212,58,40723.0,0.09707071047053385,58,40723.0
16540.0,66,46415.0,521.5168539325842,2.34735748313328,66,40846.0,0.08765838422158652,66,40846.0
16545.0,73,46764.0,537.5172413793103,1.5903325802779655,73,41005.0,0.06077666774534405,73,41005.0
16550.0,78,47143.0,535.7159090909091,1.5473158799000546,78,41194.0,0.06665119473578446,78,41194.0
16555.0,78,47533.0,534.0786516853933,1.6230660915109187,78,41394.0,0.06297985761469468,78,41394.0
16560.0,74,47642.0,541.3863636363636,1.4753236713356133,74,41473.0,0.05270846273355817,74,41473.0
16565.0,71,47909.0,509.67021276595744,2.144033731743478,71,41473.0,0.09988742603084283,71,41473.0
16570.0,76,48279.0,513.6063829787234,2.4161858205382747,76,41570.0,0.06127936680714537,76,41570.0
16575.0,72,48620.0,506.4583333333333,2.117943723835435,72,41735.0,0.07146165517226076,72,41735.0
16580.0,74,48989.0,538.3406593406594,2.0718549304306735,74,41900.0,0.07248713460613578,74,41900.0
16585.0,75,49360.0,525.1063829787234,2.539678553312651,75,42081.0,0.07496997019805411,75,42081.0
16590.0,76,49740.0,558.876404494382,1.9018698195082304,76,42271.0,0.06658670680735347,76,42271.0
16595.0,70,49702.0,571.2873563218391,1.367666051561709,70,41918.0,0.08375407254039241,70,41918.0
16600.0,67,49457.0,543.4835164835165,2.2208394884828544,67,41011.0,0.10220948156422191,67,41011.0
16605.0,61,49206.0,523.468085106383,3.017338463640827,61,40213.0,0.1158747506585831,61,40213.0
16610.0,53,48989.0,538.3406593406594,2.7703110403502453,53,40288.0,0.1350983574730295,53,40288.0
16615.0,52,49135.0,552.0786516853933,2.9164153712376235,52,40321.0,0.15491262410770076,52,40321.0
16620.0,59,49419.0,549.1,2.7192058027323975,59,40408.0,0.07685126286621997,59,40408.0
16625.0,68,49744.0,546.6373626373627,2.450757285070048,68,40543.0,0.07704306960937526,68,40543.0
16630.0,72,50097.0,582.5232558139535,1.572413148360828,72,40706.0,0.0485254577779257,72,40706.0
16635.0,76,50470.0,548.5869565217391,2.13606367523397,76,40889.0,0.13184599796052007,76,40889.0
16640.0,79,50854.0,565.0444444444445,1.3909212306282137,79,41083.0,0.06047791243799922,79,41083.0
16645.0,82,51259.0,533.9479166666666,1.8084745857846667,82,41298.0,0.08138452471452119,82,41298.0
16650.0,77,51284.0,557.4347826086956,1.4067227450246638,77,41364.0,0.06912134236498707,77,41364.0
16655.0,69,51432.0,553.0322580645161,1.997756386792878,69,41300.0,0.08406567024564697,69,41300.0
16660.0,71,51781.0,545.0631578947368,2.776623138632274,71,41272.0,0.10146420569930117,71,41272.0
16665.0,70,52108.0,560.3010752688172,2.0224540975297676,70,41419.0,0.07212642177194585,70,41419.0
16670.0,74,52471.0,546.5729166666666,2.4626520548713975,74,41582.0,0.10485509939152075,74,41582.0
16675.0,76,52844.0,556.2526315789473,2.3075428185981397,76,41765.0,0.08863354513444839,76,41765.0
16680.0,78,53232.0,566.2978723404256,1.8353236084223592,78,41963.0,0.043466707613871565,78,41963.0
16685.0,80,53632.0,582.9565217391304,1.7514966364225737,80,42173.0,0.07653429077128492,80,42173.0
16690.0,80,54032.0,593.7582417582418,1.3524885293909572,80,42383.0,0.04915884321476068,80,42383.0
16695.0,76,54263.0,596.2967032967033,1.2949080268023472,76,42509.0,0.06062086108954105,76,42509.0
16700.0,75,54593.0,593.4021739130435,1.8953807174947994,75,42580.0,0.08559135873415609,75,42580.0
16705.0,76,54972.0,578.6526315789474,2.139605411416381,76,42731.0,0.05784453166404286,76,42731.0
16710.0,81,55363.0,564.9285714285714,1.9139899943282939,81,42932.0,0.06556700792404165,81,42932.0
16715.0,82,55771.0,599.6881720430108,1.2083412362504944,82,43150.0,0.035499780107828956,82,43150.0
16720.0,79,55536.0,590.8085106382979,1.251256730731764,79,42803.0,0.06556534755195195,79,42803.0
16725.0,70,54864.0,583.6595744680851,1.7874069887146196,70,42048.0,0.062349747567802156,70,42048.0
16730.0,67,54394.0,555.0408163265306,2.771976808864108,67,40943.0,0.1030979434550447,67,40943.0
16735.0,54,53790.0,572.2340425531914,2.356003922641819,54,40986.0,0.09847767373929887,54,40986.0
16740.0,51,53727.0,577.7096774193549,2.766442880099579,51,40907.0,0.12487855569755268,51,40907.0
16745.0,55,53969.0,568.0947368421052,3.0635789732098027,55,40877.0,0.11948325504600178,55,40877.0
16750.0,62,54265.0,553.7244897959183,3.315657032794051,62,40934.0,0.14185761379672412,62,40934.0
16755.0,71,54601.0,580.8617021276596,2.722624296567161,71,41066.0,0.09544109331365225,71,41066.0
16760.0,74,54962.0,590.989247311828,2.4686828412401014,74,41237.0,0.07607631260687209,74,41237.0
16765.0,75,55333.0,614.8111111111111,2.0214325537655298,75,41418.0,0.0717534479519428,75,41418.0
16770.0,76,55712.0,619.0222222222222,1.8715273902977256,76,41607.0,0.06083906490628797,76,41607.0
16775.0,77,56093.0,644.7471264367816,1.334951420881325,77,41798.0,0.047691768024552134,77,41798.0
16780.0,73,56250.0,598.4042553191489,1.6780506815417195,73,41890.0,0.09753921265785455,73,41890.0
16785.0,75,56572.0,614.9130434782609,1.773006811380274,75,41937.0,0.08012640560912082,75,41937.0
16790.0,78,56954.0,581.1632653061224,2.316386448201068,78,42089.0,0.07210852272191284,78,42089.0
16795.0,80,57351.0,603.6947368421053,1.8414722467399072,80,42296.0,0.05977569958944352,80,42296.0
16800.0,76,57664.0,620.0430107526881,1.2139814136687475,76,42468.0,0.057547700084481554,76,42468.0
16805.0,74,58008.0,630.5217391304348,2.032747991043777,74,42591.0,0.08836283241757314,74,42591.0
16810.0,74,58378.0,608.1041666666666,2.8323757617098746,74,42753.0,0.09794954323835807,74,42753.0
16815.0,74,58726.0,618.1684210526316,2.223690565182878,74,42911.0,0.08594405300725505,74,42911.0
16820.0,78,59109.0,628.8191489361702,1.6243163450484723,78,43104.0,0.06253245677244662,78,43104.0
16825.0,82,59513.0,633.1170212765958,1.6584396556441525,82,43318.0,0.07357113651069863,82,43318.0
16830.0,76,59842.0,636.6170212765958,1.4160339347776192,76,43498.0,0.07569224236521054,76,43498.0
16835.0,74,60197.0,647.2795698924731,2.027089464883019,74,43631.0,0.07997302506017437,74,43631.0
16840.0,76,60571.0,630.9479166666666,2.644186951652587,76,43806.0,0.07143843112357885,76,43806.0
16845.0,76,60951.0,669.7912087912088,2.133203656928098,76,43996.0,0.06683885320818475,76,43996.0
16850.0,71,60652.0,659.2608695652174,2.1492475689073207,71,43555.0,0.10392466733373355,71,43555.0
16855.0,66,59898.0,665.5333333333333,2.0211630182515887,66,42643.0,0.09223773644947734,66,42643.0
16860.0,61,59353.0,645.1413043478261,3.0092566448398244,61,41332.0,0.10192255424160679,61,41332.0
16865.0,57,58907.0,647.3296703296703,3.5557651206138843,57,40604.0,0.1542247209397009,57,40604.0
16870.0,47,58747.0,675.2528735632184,3.217375956988891,47,40274.0,0.13405755274793102,47,40274.0
16875.0,53,58982.0,670.25,3.3500191071969465,53,40296.0,0.1715264138402334,53,40296.0
16880.0,59,59266.0,673.4772727272727,2.928715056115638,59,40376.0,0.0937463746880161,59,40376.0
16885.0,62,59371.0,645.3369565217391,2.543220264346605,62,40404.0,0.10928879486160646,62,40404.0
16890.0,65,59658.0,677.9318181818181,2.4114777029887495,65,40419.0,0.11424511662798495,65,40419.0
16895.0,71,59998.0,666.6444444444444,2.3261690995969655,71,40539.0,0.06864510805497034,71,40539.0
16900.0,68,60294.0,677.4606741573034,1.9094373211298405,68,40679.0,0.05153200544164651,68,40679.0
16905.0,66,60616.0,696.735632183908,2.4423187016436407,66,40786.0,0.09325788255937911,66,40786.0
16910.0,68,60948.0,708.6976744186046,2.59461507139432,68,40919.0,0.0657455686382665,68,40919.0
16915.0,68,61288.0,712.6511627906976,2.639783043477651,68,41069.0,0.08160407037750445,68,41069.0
16920.0,66,61606.0,760.5679012345679,2.0248248717637627,66,41197.0,0.06428991277815396,66,41197.0
16925.0,68,61938.0,728.6823529411764,2.0140330142430267,68,41339.0,0.09246124719001458,68,41339.0
16930.0,74,62298.0,741.6428571428571,1.5528162950957356,74,41509.0,0.05307907438273333,74,41509.0
16935.0,76,62674.0,728.7674418604652,1.1225227412993286,76,41695.0,0.06150714003910296,76,41695.0
16940.0,72,62990.0,741.0588235294117,1.2011450677456867,72,41857.0,0.07124922158654104,72,41857.0
16945.0,70,63331.0,695.945054945055,2.160613032716324,70,41981.0,0.09759600894933114,70,41981.0
16950.0,72,63688.0,707.6444444444444,2.610741594108118,72,42139.0,0.0707448662598757,72,42139.0
16955.0,72,64048.0,703.8241758241758,2.5488602386785377,72,42309.0,0.06326814279924786,72,42309.0
16960.0,72,64384.0,707.5164835164835,2.252685921922903,72,42457.0,0.08690049244153707,72,42457.0
16965.0,75,64749.0,727.5168539325842,1.7048885437352255,75,42630.0,0.07468944267029969,75,42630.0
16970.0,78,65133.0,723.7,1.7062568148475026,78,42824.0,0.06613191570309868,78,42824.0
16975.0,79,65524.0,728.0444444444445,1.0266600420464833,79,43025.0,0.058595998366592156,79,43025.0
16980.0,76,65851.0,748.3068181818181,0.9053730372292698,76,43199.0,0.06280117116783226,76,43199.0
16985.0,75,66208.0,704.3404255319149,2.009996489108981,75,43338.0,0.0941018572480341,75,43338.0
16990.0,75,66583.0,708.3297872340426,2.460772086952951,75,43514.0,0.07536007888177486,75,43514.0
16995.0,72,66224.0,675.7551020408164,2.2040494214314714,72,43113.0,0.08872495222192366,72,43113.0
17000.0,68,65375.0,695.4787234042553,2.445851181790807,68,42170.0,0.0951956965479828,68,42170.0
17005.0,61,64771.0,674.6979166666666,3.278122386173486,61,40929.0,0.12875029423049394,61,40929.0
17010.0,52,64203.0,697.8586956521739,2.858091420014911,52,40998.0,0.13722521380443103,52,40998.0
17015.0,53,64283.0,722.2808988764045,2.690612225325175,53,41031.0,0.12193340268769284,53,41031.0
17020.0,60,64566.0,701.804347826087,3.099621318418437,60,41112.0,0.11227523430537126,60,41112.0
17025.0,66,64886.0,713.032967032967,2.4902453914856717,66,41242.0,0.0808394881100219,66,41242.0
17030.0,69,65021.0,714.5164835164835,1.7664143302883009,69,41305.0,0.10621306015800358,69,41305.0
17035.0,70,65328.0,710.0869565217391,2.135873008763207,70,41340.0,0.09848313206762412,70,41340.0
17040.0,75,65699.0,706.4408602150538,2.1136830100573296,75,41485.0,0.05644888280901524,75,41485.0
17045.0,72,66017.0,709.8602150537635,1.9121216776984877,72,41643.0,0.06927276215432379,72,41643.0
17050.0,71,66367.0,737.4111111111112,2.0728862852773817,71,41779.0,0.08448975245519041,71,41779.0
17055.0,73,66726.0,741.4,2.3979561342867077,73,41942.0,0.07059368243571325,73,41942.0
17060.0,73,67091.0,745.4555555555555,2.4278883401490785,73,42117.0,0.08066714350644659,73,42117.0
17065.0,70,67411.0,757.4269662921348,2.124266732668834,70,42257.0,0.088193684799616,70,42257.0
17070.0,72,67765.0,761.4044943820224,1.8018072490108046,72,42411.0,0.07128143758131074,72,42411.0
17075.0,77,68143.0,765.6516853932584,1.516301814933727,77,42599.0,0.025670482699798245,77,42599.0
17080.0,75,68120.0,748.5714285714286,1.5687709474462235,75,42267.0,0.06841742275832705,75,42267.0
17085.0,65,67815.0,770.625,1.9970609440431217,65,41427.0,0.07957753184282768,65,41427.0
17090.0,60,67620.0,727.0967741935484,2.954745400542725,60,40540.0,0.12094479872552566,60,40540.0
17095.0,50,67317.0,756.370786516854,2.681783817434896,50,40408.0,0.11662662880314184,50,40408.0
17100.0,47,67397.0,757.2696629213483,3.233583905667548,47,40378.0,0.1530386383752379,47,40378.0
17105.0,56,67660.0,743.5164835164835,3.205244837956268,56,40388.0,0.11790842438010973,56,40388.0
17110.0,62,67957.0,755.0777777777778,3.0020232752673266,62,40491.0,0.10759124038195925,62,40491.0
17115.0,70,68293.0,776.0568181818181,2.385727908395166,70,40637.0,0.07304014512258315,70,40637.0
17120.0,66,68539.0,796.9651162790698,2.0721438223445277,66,40739.0,0.08881586341594323,66,40739.0
17125.0,69,68878.0,819.9761904761905,2.0957745755567054,69,40842.0,0.08885963435021219,69,40842.0
17130.0,71,69226.0,795.7011494252873,2.0346810837921976,71,41000.0,0.07085413417592905,71,41000.0
17135.0,67,69532.0,827.7619047619048,1.76270358855592,67,41136.0,0.0704940629914143,67,41136.0
17140.0,68,69862.0,784.9662921348314,2.336295476744256,68,41256.0,0.1078469472593533,68,41256.0
17145.0,72,70211.0,788.8876404494382,2.43445306878793,72,41415.0,0.06772262809541235,72,41415.0
17150.0,73,70572.0,784.1333333333333,2.223368263172608,73,41586.0,0.08626280407474253,73,41586.0
17155.0,74,70942.0,844.547619047619,1.5397264490712945,74,41766.0,0.06812363385567799,74,41766.0
17160.0,68,70927.0,824.7325581395348,1.3936036022163085,68,41484.0,0.07286843131367177,68,41484.0
17165.0,64,70660.0,821.6279069767442,2.2446176602169747,64,40599.0,0.09940569046374055,64,40599.0
17170.0,54,70408.0,782.3111111111111,3.1881795048888453,54,39774.0,0.1295000688772001,54,39774.0
17175.0,54,70435.0,765.5978260869565,3.312590246471575,54,39837.0,0.1588378938744587,54,39837.0
17180.0,54,70627.0,802.5795454545455,3.017212896906759,54,39883.0,0.15510474502863464,54,39883.0
17185.0,61,70918.0,787.9777777777778,2.989332198874163,61,39983.0,0.09986568048341733,61,39983.0
17190.0,68,71245.0,800.5056179775281,2.5739937810672515,68,40120.0,0.1013355944290927,68,40120.0
17195.0,67,71326.0,849.1190476190476,1.4969099173507174,67,40164.0,0.05767845265971264,67,40164.0
17200.0,65,71581.0,842.1294117647059,2.217691446374654,65,40127.0,0.09042918282351667,65,40127.0
17205.0,68,71916.0,836.2325581395348,2.608381062567374,68,40221.0,0.07111032780624921,68,40221.0
17210.0,63,72190.0,802.1111111111111,2.8459022458987064,63,40335.0,0.12383871961199236,63,40335.0
17215.0,65,72511.0,833.4597701149426,2.465621295830864,65,40436.0,0.09857820813453938,65,40436.0
17220.0,68,72846.0,847.046511627907,2.509313606475749,68,40581.0,0.06375518541053951,68,40581.0
17225.0,65,72890.0,847.5581395348837,2.4712569402823505,65,40341.0,0.08448175986075994,65,40341.0
17230.0,56,72740.0,909.25,2.221244874057784,56,39826.0,0.07657682446519609,56,39826.0
17235.0,54,72721.0,865.7261904761905,3.452973718859897,54,39085.0,0.1352465950823915,54,39085.0
17240.0,45,72787.0,898.604938271605,3.384553515453742,45,38983.0,0.13855865440444215,45,38983.0
17245.0,53,73030.0,901.604938271605,3.1466028909994885,53,39013.0,0.15437822676968285,53,39013.0
17250.0,59,73311.0,905.074074074074,3.1494822921011028,59,39104.0,0.1246903418076739,59,39104.0
17255.0,63,73614.0,931.8227848101266,1.8748382331865812,63,39217.0,0.0777676466773946,63,39217.0
17260.0,67,73946.0,948.025641025641,1.7167911072386073,67,39359.0,0.07851194703793124,67,39359.0
17265.0,67,74281.0,928.5125,1.8868892095064709,67,39504.0,0.06454872681537756,67,39504.0
17270.0,63,74328.0,940.8607594936709,1.9244019481192736,63,39530.0,0.08491200440490215,63,39530.0
17275.0,59,74528.0,908.8780487804878,2.6164406496588906,59,39465.0,0.10351562316066804,59,39465.0
17280.0,61,74832.0,947.2405063291139,2.7440170011781126,61,39485.0,0.07050818644006625,61,39485.0
17285.0,58,75096.0,883.4823529411765,2.9014594782272756,58,39574.0,0.12252178017941778,58,39574.0
17290.0,60,75393.0,942.4125,2.370455061832984,60,39666.0,0.07180458779166589,60,39666.0
17295.0,65,75708.0,912.144578313253,2.884896984514616,65,39791.0,0.0737168379568414,65,39791.0
17300.0,65,76033.0,962.4430379746835,2.3978425479986303,65,39926.0,0.07529614163095655,65,39926.0
17305.0,61,76295.0,990.8441558441558,1.6765535584825475,61,40016.0,0.09775198529187668,61,40016.0
17310.0,64,76610.0,994.9350649350649,2.2043121932286347,64,40123.0,0.07750397283208843,64,40123.0
17315.0,64,76930.0,961.625,2.013202349400239,64,40253.0,0.08025225539425658,64,40253.0
17320.0,62,77213.0,941.6219512195122,2.3838888297169416,62,40365.0,0.1244091622733496,62,40365.0
17325.0,64,77520.0,922.8571428571429,2.3924846084452107,64,40466.0,0.10483676501789045,64,40466.0
17330.0,67,77845.0,926.7261904761905,2.541350432660216,67,40598.0,0.07578929253131637,67,40598.0
17335.0,67,78180.0,930.7142857142857,2.5140053145349306,67,40743.0,0.09551529643755012,67,40743.0
17340.0,67,78515.0,993.8607594936709,1.6712357487948437,67,40888.0,0.060941574275864954,67,40888.0
17345.0,65,78818.0,961.1951219512196,1.7318155617031257,65,41005.0,0.08677642916205436,65,41005.0
17350.0,69,79156.0,977.2345679012345,1.889657151750337,69,41149.0,0.07470544073478946,69,41149.0
17355.0,69,79501.0,893.2696629213483,2.4513836399754307,69,41304.0,0.11355781400135555,69,41304.0
17360.0,68,79799.0,927.8953488372093,1.5856314805389344,68,41437.0,0.07583730644712064,68,41437.0
17365.0,69,80141.0,900.4606741573034,2.1551655766611186,69,41566.0,0.10143355312344837,69,41566.0
17370.0,71,80494.0,904.4269662921348,2.5950085602926305,71,41727.0,0.07159827525462992,71,41727.0
17375.0,71,80849.0,940.1046511627907,2.207169575023282,71,41892.0,0.06516087720233009,71,41892.0
17380.0,70,81178.0,966.4047619047619,1.6199796129336608,70,42032.0,0.07682607093146053,70,42032.0
17385.0,71,81532.0,959.2,2.0495938259146884,71,42195.0,0.08473133103590073,71,42195.0
17390.0,73,81890.0,909.8888888888889,2.0814481948683543,73,42363.0,0.092557504330738,73,42363.0
17395.0,72,82216.0,923.7752808988764,1.3386079185556172,72,42516.0,0.07415751459168818,72,42516.0
17400.0,73,82579.0,917.5444444444445,1.9510399070325108,73,42672.0,0.0740659817987194,73,42672.0
17405.0,75,82948.0,891.9139784946236,2.4799631081688327,75,42851.0,0.09103319368449309,75,42851.0
17410.0,71,82314.0,924.876404494382,1.5505306589862193,71,42519.0,0.06321320422278438,71,42519.0
17415.0,65,81018.0,920.6590909090909,1.9417661096565475,65,41689.0,0.076495927724458,65,41689.0
17420.0,60,80214.0,881.4725274725274,3.143083578985999,60,40547.0,0.11277152406343058,60,40547.0
17425.0,49,79912.0,897.8876404494382,2.728338580710766,49,40602.0,0.12321869034636916,49,40602.0
17430.0,51,80013.0,889.0333333333333,3.1773569028459274,51,40618.0,0.14991484390607795,51,40618.0
17435.0,59,80290.0,902.1348314606741,2.7879336323865287,59,40698.0,0.08739490128769917,59,40698.0
17440.0,65,80602.0,885.7362637362637,2.6681873179038256,65,40821.0,0.08711415337724379,65,40821.0
17445.0,71,80947.0,952.3176470588236,1.7662202449157576,71,40976.0,0.06586980630165024,71,40976.0
17450.0,75,81313.0,924.0113636363636,1.8465348324146156,75,41152.0,0.06831409424234844,75,41152.0
17455.0,75,81688.0,949.8604651162791,1.6435388361099021,75,41337.0,0.07085034415899717,75,41337.0
17460.0,72,81786.0,962.1882352941177,0.9559338516752754,72,41405.0,0.0605786192898307,72,41405.0
17465.0,70,82057.0,901.7252747252747,2.0769354414445997,70,41404.0,0.09830615973902262,70,41404.0
17470.0,75,82418.0,867.5578947368421,2.3066757725734277,75,41500.0,0.06841843434147328,75,41500.0
17475.0,71,82730.0,889.5698924731183,1.9668677028372292,71,41655.0,0.06724441859981257,71,41655.0
17480.0,71,83075.0,893.2795698924731,2.417068600077823,71,41784.0,0.09562186143862957,71,41784.0
17485.0,71,83430.0,916.8131868131868,2.638414258502093,71,41939.0,0.07721898640133668,71,41939.0
17490.0,67,83412.0,916.6153846153846,2.25046148305283,67,41609.0,0.07972201575343216,67,41609.0
17495.0,61,83136.0,966.6976744186046,2.457359837260749,61,40657.0,0.08064904582032456,61,40657.0
17500.0,54,82938.0,891.8064516129032,3.4257234508248824,54,39813.0,0.13379622913870967,54,39813.0
17505.0,51,82910.0,952.9885057471264,2.68095727113738,51,39862.0,0.12715615008231962,51,39862.0
17510.0,52,83110.0,933.8202247191011,2.938630229792294,52,39896.0,0.14645019503797918,52,39896.0
17515.0,60,83393.0,958.5402298850574,2.960290315628526,60,39984.0,0.0923736790141358,60,39984.0
17520.0,68,83712.0,962.2068965517242,2.375048179710612,68,40113.0,0.05506628883606781,68,40113.0
17525.0,71,84062.0,1025.1463414634147,1.704462980810627,71,40273.0,0.07132571928090373,71,40273.0
17530.0,71,84417.0,1004.9642857142857,1.7662260711696625,71,40438.0,0.0863099984166116,71,40438.0
17535.0,73,84779.0,974.471264367816,2.037877349700606,73,40610.0,0.10315452569516093,73,40610.0
17540.0,74,85145.0,935.6593406593406,1.7887070831097982,74,40786.0,0.08151894713319995,74,40786.0
17545.0,79,85530.0,961.0112359550562,1.4889499838968687,79,40981.0,0.06678963125063271,79,40981.0
17550.0,79,85925.0,933.9673913043479,1.780907767767769,79,41186.0,0.09257209148646242,79,41186.0
17555.0,80,86322.0,969.9101123595506,1.1627455658461414,80,41393.0,0.04340315681161572,80,41393.0
17560.0,81,86727.0,942.6847826086956,1.5074511196975886,81,41608.0,0.06445272826161422,81,41608.0
17565.0,81,87132.0,936.9032258064516,1.3421738250182402,81,41823.0,0.040563986675581615,81,41823.0
17570.0,77,87038.0,879.1717171717172,2.267962771884349,77,41850.0,0.124889875838341,77,41850.0
17575.0,71,86989.0,896.7938144329897,1.6818255862310267,71,41711.0,0.07536131406186569,71,41711.0
17580.0,73,87335.0,882.1717171717172,2.768575103302537,73,41576.0,0.10913728703252636,73,41576.0
17585.0,71,87659.0,885.4444444444445,2.088583959019925,71,41727.0,0.07908878708981538,71,41727.0
17590.0,77,88034.0,936.531914893617,1.722748392530988,77,41895.0,0.05002732546220869,77,41895.0
17595.0,79,88426.0,911.6082474226804,2.2558091033482106,79,42097.0,0.063228580048213,79,42097.0
17600.0,79,88821.0,955.0645161290323,1.8320009514557407,79,42302.0,0.06359138123334364,79,42302.0
17605.0,75,89099.0,918.5463917525773,1.7917746251356945,75,42398.0,0.08926234334583232,75,42398.0
17610.0,74,89399.0,941.0421052631579,1.7286381712538932,74,42449.0,0.07713673408875264,74,42449.0
17615.0,79,89787.0,906.939393939394,2.3237568722324933,79,42578.0,0.06407683402521189,79,42578.0
17620.0,81,90191.0,929.8041237113403,1.8926959137455293,81,42792.0,0.04616825697362716,81,42792.0
17625.0,79,89893.0,946.2421052631579,1.5694368006489987,79,42462.0,0.06995220054608038,79,42462.0
17630.0,69,89117.0,948.0531914893617,1.7041765734464764,69,41649.0,0.06048330241813264,69,41649.0
17635.0,67,88604.0,913.4432989690722,3.0135098169024284,67,40588.0,0.11122804225321149,67,40588.0
17640.0,58,88287.0,959.6413043478261,2.184083161689721,58,40690.0,0.08064962067729031,58,40690.0
17645.0,65,88534.0,931.9368421052632,2.3689509514484413,65,40811.0,0.11948594283545975,65,40811.0
17650.0,73,88882.0,935.6,1.1593723529861215,73,40969.0,0.0467450214711851,73,40969.0
17655.0,75,88994.0,917.4639175257732,1.0256456278252497,75,41068.0,0.0630420759407841,75,41068.0
17660.0,78,89075.0,918.2989690721649,1.466468526906727,78,41045.0,0.04539812915602012,78,41045.0
17665.0,72,89280.0,866.7961165048544,2.7370143277652343,72,41045.0,0.09787451529348018,72,41045.0
17670.0,69,89611.0,914.3979591836735,2.7901828154325643,69,41072.0,0.09850184505903267,69,41072.0
17675.0,69,89956.0,917.9183673469388,3.368191866930895,69,41143.0,0.13590221564361543,69,41143.0
17680.0,71,90308.0,921.5102040816327,3.2604780776805926,71,41258.0,0.12665096066049356,71,41258.0
17685.0,74,90671.0,934.7525773195877,2.962348925438268,74,41431.0,0.08786788493581879,74,41431.0
17690.0,77,91050.0,979.0322580645161,2.3134897994454446,77,41620.0,0.06796875447041809,77,41620.0
17695.0,77,91435.0,993.8586956521739,2.1063363517439178,77,41815.0,0.07426593889599549,77,41815.0
17700.0,72,91612.0,1041.0454545454545,1.6131257225951132,72,41915.0,0.05404350062109205,72,41915.0
17705.0,69,91932.0,999.2608695652174,2.3832096220484904,69,41959.0,0.10085689890041079,69,41959.0
17710.0,73,92291.0,1036.9775280898875,2.160256704712837,73,42101.0,0.07181278216654283,73,42101.0
17715.0,70,92624.0,964.8333333333334,2.163136568417366,70,42255.0,0.09812426394943827,70,42255.0
17720.0,75,92985.0,1021.8131868131868,2.0547583375703677,75,42415.0,0.0743624363145507,75,42415.0
17725.0,75,93360.0,982.7368421052631,2.3941957860167946,75,42600.0,0.09642987869158538,75,42600.0
17730.0,77,93745.0,1030.1648351648353,1.958550629569945,77,42795.0,0.0674493935589411,77,42795.0
17735.0,73,94068.0,1056.943820224719,1.6069352544635727,73,42944.0,0.07479707289082847,73,42944.0
17740.0,76,94439.0,1049.3222222222223,1.739879569963096,76,43109.0,0.06565251080375735,76,43109.0
17745.0,77,94824.0,1042.021978021978,1.8022716061522654,77,43304.0,0.07831509457338932,77,43304.0
17750.0,75,94560.0,1016.7741935483871,1.5897519411003136,75,42928.0,0.08498807165275764,75,42928.0
17755.0,69,93970.0,1010.4301075268817,2.242884418533458,69,41808.0,0.0963579047657102,69,41808.0
17760.0,63,93373.0,993.3297872340426,2.937048521657313,63,40853.0,0.1035082010377857,63,40853.0
17765.0,57,92910.0,999.0322580645161,2.5842858548979044,57,40914.0,0.11668007593358312,57,40914.0
17770.0,49,92887.0,1043.6741573033707,2.763698419861766,49,40885.0,0.14155330567897137,49,40885.0
17775.0,56,93154.0,1012.5434782608696,2.8056511186735755,56,40918.0,0.11173933767414448,56,40918.0
17780.0,64,93462.0,1015.8913043478261,2.9521884730864336,64,41018.0,0.10173361373551772,64,41018.0
17785.0,71,93804.0,1019.6086956521739,2.855534060282341,71,41170.0,0.08731245648478925,71,41170.0
17790.0,73,94165.0,1023.5326086956521,2.4260463194476505,73,41341.0,0.07725452995135242,73,41341.0
17795.0,77,94540.0,1112.235294117647,1.1325206913594577,77,41526.0,0.04847053332235098,77,41526.0
17800.0,78,94930.0,1066.629213483146,1.6298473774779045,78,41726.0,0.06571983730018738,78,41726.0
17805.0,78,95320.0,1083.1818181818182,1.4029096080523968,78,41926.0,0.05798130946853377,78,41926.0
17810.0,74,95459.0,1060.6555555555556,1.1920972731454151,74,42015.0,0.06711236002073083,74,42015.0
17815.0,72,95756.0,1063.9555555555555,2.1159282393369128,72,42048.0,0.0898950299451277,72,42048.0
17820.0,73,96117.0,1033.516129032258,2.2579018274237206,73,42153.0,0.058519913168614233,73,42153.0
17825.0,71,96437.0,1015.1263157894737,1.8573631512683628,71,42303.0,0.061709854947254575,71,42303.0
17830.0,74,96797.0,1008.3020833333334,2.320666189848732,74,42457.0,0.08519572586762868,74,42457.0
17835.0,76,97170.0,1033.723404255319,2.5377925808356983,76,42636.0,0.06884975869702165,76,42636.0
17840.0,76,97550.0,1048.9247311827958,2.4604570318017442,76,42826.0,0.06701034195929824,76,42826.0
17845.0,73,97886.0,1112.340909090909,1.7387200543593666,73,42982.0,0.0767214837808801,73,42982.0
17850.0,75,98254.0,1079.7142857142858,1.9973463173125565,75,43150.0,0.07327493954567417,75,43150.0
17855.0,77,98636.0,1120.8636363636363,1.6176941756992718,77,43342.0,0.06933281591821346,77,43342.0
17860.0,74,98450.0,1070.108695652174,1.122092402974525,74,42958.0,0.06686388579392533,74,42958.0
17865.0,69,97907.0,1075.901098901099,1.9729868800115213,69,41837.0,0.08622879938692707,69,41837.0
17870.0,62,97444.0,1004.5773195876288,3.067440341754814,62,40846.0,0.11331552537015971,62,40846.0
17875.0,55,97094.0,1055.3695652173913,2.715227298579449,55,40908.0,0.1305067500930857,55,40908.0
17880.0,49,97090.0,1066.923076923077,2.7544128732217237,49,40893.0,0.1357568683643359,49,40893.0
17885.0,58,97366.0,1046.9462365591398,3.2245598523515597,58,40928.0,0.13400320889433023,58,40928.0
17890.0,63,97670.0,1061.6304347826087,2.9366502983844893,63,41040.0,0.0957793611637772,63,41040.0
17895.0,72,98011.0,1031.6947368421052,2.8404875386427766,72,41191.0,0.10466597893310309,72,41191.0
17900.0,75,98378.0,1069.3260869565217,2.15156546154964,75,41368.0,0.08818867278173358,75,41368.0
17905.0,79,98765.0,1109.7191011235955,1.5263085053808227,79,41565.0,0.06855638342689244,79,41565.0
17910.0,73,98947.0,1087.3296703296703,1.6904399126153618,73,41296.0,0.09604445176069874,73,41296.0
17915.0,66,98992.0,1112.2696629213483,1.8730411090544108,66,40634.0,0.07855965938130897,66,40634.0
17920.0,61,99093.0,1088.934065934066,2.7209556177552003,61,39770.0,0.10769093331712551,61,39770.0
17925.0,54,99163.0,1101.8111111111111,2.5869492426518237,54,39846.0,0.12432727392540728,54,39846.0
17930.0,59,99438.0,1069.225806451613,2.859804539649606,59,39912.0,0.14643522274702578,59,39912.0
17935.0,67,99757.0,1072.6559139784947,2.836691235367969,67,40035.0,0.0963483709799361,67,40035.0
17940.0,73,100108.0,1112.3111111111111,1.8879273597695907,73,40196.0,0.06020373062976188,73,40196.0
17945.0,77,100489.0,1129.0898876404494,1.7372588072421502,77,40387.0,0.06773331562394193,77,40387.0
17950.0,79,100876.0,1159.4942528735633,1.189501381234291,79,40584.0,0.046574566390490006,79,40584.0
17955.0,73,100759.0,1132.123595505618,1.4149887639648815,73,40591.0,0.07432445653007409,73,40591.0
17960.0,65,100691.0,1131.3595505617977,1.9714988508916926,65,40431.0,0.07687999305901191,65,40431.0
17965.0,65,100988.0,1063.0315789473684,3.143187293723984,65,40252.0,0.13906691035010466,65,40252.0
17970.0,63,101273.0,1088.9569892473119,2.4198901882305006,63,40364.0,0.1050979507088546,63,40364.0
17975.0,71,101610.0,1092.5806451612902,2.139297696440732,71,40494.0,0.062625456239523,71,40494.0
17980.0,75,101981.0,1120.6703296703297,2.2180856308937607,75,40675.0,0.06770530686914429,75,40675.0
17985.0,69,102000.0,1133.3333333333333,1.637121874821565,69,40461.0,0.06526279811528364,69,40461.0
17990.0,65,101790.0,1156.7045454545455,2.171812953528463,65,39971.0,0.0999614647660499,65,39971.0
17995.0,59,101744.0,1118.065934065934,3.1301839792739052,59,39303.0,0.11336376109869978,59,39303.0
18000.0,56,101871.0,1198.4823529411765,2.3069055614370737,56,39376.0,0.10889800709137022,56,39376.0
18005.0,59,102145.0,1110.2717391304348,2.9936167930676323,59,39433.0,0.15016670063009094,59,39433.0
18010.0,65,102458.0,1151.2134831460673,2.446349635810848,65,39546.0,0.058142954743824735,65,39546.0
18015.0,72,102808.0,1129.7582417582419,2.59551830029652,72,39706.0,0.06905305614955816,72,39706.0
18020.0,73,103173.0,1199.6860465116279,1.73547973281826,73,39881.0,0.05148222040539071,73,39881.0
18025.0,71,103219.0,1186.4252873563219,1.3502180988051833,71,39884.0,0.07114878479072287,71,39884.0
18030.0,64,103193.0,1214.035294117647,1.8163042339697935,64,39754.0,0.08362474156859764,64,39754.0
18035.0,61,103463.0,1162.5056179775281,2.7972712820731687,61,39588.0,0.10327398729422414,61,39588.0
18040.0,61,103717.0,1127.358695652174,2.7719811360645994,61,39682.0,0.1260437351119054,61,39682.0
18045.0,66,104021.0,1130.6630434782608,2.628267720436965,66,39772.0,0.09446561338690529,66,39772.0
18050.0,70,104360.0,1172.5842696629213,2.6493395080184645,70,39915.0,0.06954163204185976,70,39915.0
18055.0,71,104715.0,1176.573033707865,2.709255839837496,71,40080.0,0.08445717191367753,71,40080.0
18060.0,68,104962.0,1249.547619047619,1.8645290047160994,68,40144.0,0.05934648199818939,68,40144.0
18065.0,63,105213.0,1237.8,2.362072287629956,63,40151.0,0.11326215203740239,63,40151.0
18070.0,66,105537.0,1256.392857142857,2.7582034581227126,66,40219.0,0.07977777787604678,66,40219.0
18075.0,64,105817.0,1175.7444444444445,2.9354824443598715,64,40329.0,0.13320230808340844,64,40329.0
18080.0,64,106132.0,1263.4761904761904,2.4777299772275168,64,40435.0,0.08614050340885467,64,40435.0
18085.0,68,106465.0,1209.8295454545455,2.7744518337199353,68,40577.0,0.08976658990537013,68,40577.0
18090.0,69,106810.0,1271.547619047619,2.2738058797207685,69,40732.0,0.07248865777350005,69,40732.0
18095.0,69,107155.0,1306.7682926829268,1.92961545603502,69,40887.0,0.06462943641697406,69,40887.0
18100.0,71,107505.0,1327.2222222222222,1.5706565726517747,71,41047.0,0.0681849031226176,71,41047.0
18105.0,71,107860.0,1331.6049382716049,1.5137121476184008,71,41212.0,0.09161487796587506,71,41212.0
18110.0,68,108071.0,1242.1954022988505,1.777842002999784,68,41303.0,0.11385456239736244,68,41303.0
18115.0,69,108407.0,1218.056179775281,2.1966572061235543,69,41381.0,0.09269651978467104,69,41381.0
18120.0,75,108770.0,1208.5555555555557,1.997296441517946,75,41552.0,0.058613649792402994,75,41552.0
18125.0,70,109087.0,1212.0777777777778,1.8528366764320718,70,41706.0,0.07183236247175374,70,41706.0
18130.0,69,109426.0,1243.4772727272727,2.3635179894101856,69,41835.0,0.09856647657274406,69,41835.0
18135.0,70,109772.0,1247.409090909091,2.4065192547914065,70,41984.0,0.06791677232989665,70,41984.0
18140.0,67,109293.0,1241.965909090909,2.280648847770973,67,41654.0,0.07953896181613206,67,41654.0
18145.0,59,108262.0,1258.860465116279,2.6521397881863673,59,40940.0,0.11619050784690202,59,40940.0
18150.0,57,107717.0,1196.8555555555556,3.196777263822557,57,39928.0,0.11998613991869167,57,39928.0
18155.0,47,107523.0,1264.9764705882353,2.493646538353898,47,39973.0,0.10735413380929777,47,39973.0
18160.0,50,107739.0,1224.3068181818182,3.243305373800612,50,39991.0,0.15317280208248052,50,39991.0
18165.0,58,108015.0,1285.892857142857,2.8721222082584767,58,40071.0,0.09024768500052437,58,40071.0
18170.0,64,108318.0,1259.5116279069769,2.6707048807335894,64,40184.0,0.07857665134932225,64,40184.0
18175.0,69,108658.0,1358.225,1.8207328259040616,69,40334.0,0.0758237032203475,69,40334.0
18180.0,69,109003.0,1379.7848101265822,1.4089649280121794,69,40489.0,0.05328638619969031,69,40489.0
18185.0,65,109121.0,1283.7764705882353,2.2439849691084377,65,40546.0,0.11210414738443426,65,40546.0
18190.0,65,109396.0,1272.046511627907,2.1015907820943887,65,40543.0,0.09425033345017121,65,40543.0
18195.0,69,109736.0,1261.3333333333333,2.4624312965374395,69,40652.0,0.06732208535775726,69,40652.0
18200.0,65,110044.0,1264.8735632183907,2.256575127886007,65,40785.0,0.07978261485727799,65,40785.0
18205.0,65,110369.0,1298.4588235294118,2.4500908148315315,65,40905.0,0.09072333727275222,65,40905.0
18210.0,67,110702.0,1302.3764705882354,2.805217578582489,67,41048.0,0.07727899128926308,67,41048.0
18215.0,61,110685.0,1383.5625,2.288832521644758,61,40745.0,0.08090958748424788,61,40745.0
18220.0,54,110422.0,1314.547619047619,2.8067696648118057,54,40070.0,0.143264896002573,54,40070.0
18225.0,51,110301.0,1345.1341463414635,3.2141220717345518,51,39208.0,0.13637797086187384,51,39208.0
18230.0,45,110371.0,1298.4823529411765,3.226131339544884,45,39238.0,0.1519456786972292,45,39238.0
18235.0,52,110609.0,1400.113924050633,3.0011299066679302,52,39283.0,0.13863683430109153,52,39283.0
18240.0,57,110880.0,1368.888888888889,2.6176415848936934,57,39364.0,0.07342442890021186,57,39364.0
18245.0,64,111187.0,1389.8375,2.3687841115546955,64,39481.0,0.0794162701098103,64,39481.0
18250.0,65,111507.0,1429.576923076923,2.0063494098297507,65,39614.0,0.09494264797217351,65,39614.0
18255.0,62,111615.0,1377.962962962963,2.152465071514376,62,39651.0,0.13036051161649886,62,39651.0
18260.0,59,111874.0,1331.8333333333333,2.6693288470750876,59,39638.0,0.13744283133175747,59,39638.0
18265.0,67,112193.0,1319.9176470588236,2.562283001058802,67,39730.0,0.0800181745382233,67,39730.0
18270.0,67,112528.0,1323.8588235294117,2.002001891384853,67,39875.0,0.07890910463468717,67,39875.0
18275.0,65,112787.0,1392.432098765432,1.6774565014830747,65,39991.0,0.08003328773224708,65,39991.0
18280.0,63,113079.0,1396.037037037037,1.8414065749139794,63,40065.0,0.08115508104763111,63,40065.0
18285.0,63,113394.0,1366.1927710843374,2.8780476700541184,63,40171.0,0.10743475897486787,63,40171.0
18290.0,60,95832.0,1101.5172413793102,3.05129462754962,60,38293.0,0.1445403060363599,60,38293.0
18295.0,55,69340.0,825.4761904761905,2.646628196443343,55,34419.0,0.10740838675809575,55,34419.0
18300.0,51,42853.0,516.3012048192771,2.7837619965553526,51,30565.0,0.11036495393749761,51,30565.0
18305.0,42,16291.0,193.9404761904762,3.2525102950609295,42,28664.0,0.1606470044779774,42,28664.0
18310.0,39,1775.0,22.1875,3.1295752647325976,39,28684.0,0.1266283613912383,39,28684.0
18315.0,48,1996.0,22.942528735632184,3.7546614423272358,48,28769.0,0.14599363720589184,48,28769.0
18320.0,54,2253.0,26.821428571428573,2.8381100619188055,54,28897.0,0.10354725914423474,54,28897.0
18325.0,63,2547.0,28.943181818181817,2.4330137217147203,63,29061.0,0.10397095922949622,63,29061.0
18330.0,70,2879.0,32.348314606741575,1.6329583904328449,70,29264.0,0.06339508073347411,70,29264.0
18335.0,79,3257.0,35.79120879120879,1.4578111284158457,79,29514.0,0.0432078636866493,79,29514.0
18340.0,75,3009.0,33.43333333333333,1.5416351059015698,75,29316.0,0.07346972202741303,75,29316.0
18345.0,67,2321.0,25.22826086956522,1.9007822586258423,67,28720.0,0.07731368770382337,67,28720.0
18350.0,63,1990.0,21.397849462365592,2.8398282389414797,63,27926.0,0.10110062350293231,63,27926.0
18355.0,57,1984.0,21.802197802197803,2.5263615118594736,57,28068.0,0.12219839922317759,57,28068.0
18360.0,62,2244.0,25.79310344827586,2.296904307534505,62,28206.0,0.09315313980632238,62,28206.0
18365.0,66,2568.0,27.03157894736842,3.09929554087517,66,28398.0,0.11405614335764566,66,28398.0
18370.0,76,2924.0,32.13186813186813,1.8939464995204127,76,28624.0,0.04738465240805528,76,28624.0
18375.0,74,2799.0,31.1,1.383143179007879,74,28685.0,0.07294525308410785,74,28685.0
18380.0,66,2730.0,30.674157303370787,1.8310139235628464,66,28587.0,0.07336024331054304,66,28587.0
18385.0,65,3029.0,32.223404255319146,2.8625828734715304,65,28465.0,0.10573524656557536,65,28465.0
18390.0,64,3310.0,35.97826086956522,2.675738533966557,64,28638.0,0.09740036039768254,64,28638.0
18395.0,69,3640.0,40.44444444444444,2.3399442799831465,69,28820.0,0.0718407622604876,69,28820.0
18400.0,71,3994.0,43.89010989010989,2.7889522685142794,71,29040.0,0.10793107017330428,71,29040.0
18405.0,74,4355.0,47.33695652173913,2.3220651166495623,74,29271.0,0.06630355435316942,74,29271.0
18410.0,77,4735.0,54.42528735632184,1.5522190609742499,77,29521.0,0.06779148522505837,77,29521.0
18415.0,77,5120.0,57.52808988764045,1.6405581151492803,77,29776.0,0.06902381275282123,77,29776.0
18420.0,73,5330.0,61.264367816091955,1.2463567198022938,73,29904.0,0.05231318229077518,73,29904.0
18425.0,66,5531.0,60.119565217391305,2.3988638085572624,66,29916.0,0.10370357164414123,66,29916.0
18430.0,70,5876.0,65.28888888888889,2.6173988302931113,70,30038.0,0.08737062252715065,70,30038.0
18435.0,68,6178.0,64.35416666666667,2.5401473265866548,68,30216.0,0.11145934521886604,68,30216.0
18440.0,72,6527.0,71.72527472527473,2.2139755742396114,72,30416.0,0.08315238599170147,72,30416.0
18445.0,73,6891.0,73.30851063829788,2.686717950537353,73,30649.0,0.10488511974495417,73,30649.0
18450.0,75,7263.0,82.5340909090909,1.9390412131200983,75,30891.0,0.06806257205949781,75,30891.0
18455.0,76,7639.0,87.80459770114942,1.4911429846956734,76,31137.0,0.05818980123082491,76,31137.0
18460.0,72,7894.0,90.73563218390805,1.4259019617642814,72,31325.0,0.07622270017256591,72,31325.0
18465.0,71,8240.0,92.58426966292134,2.1879553917343304,71,31479.0,0.08964046507728819,71,31479.0
18470.0,74,8601.0,91.5,2.410089433476567,74,31701.0,0.09169937801270486,74,31701.0
18475.0,76,8977.0,95.5,1.6770060562180267,76,31947.0,0.06625995966829014,76,31947.0
18480.0,77,8636.0,93.8695652173913,1.273371402158564,77,31695.0,0.05623349344835147,77,31695.0
18485.0,70,7805.0,83.9247311827957,1.7767067841274864,70,30970.0,0.08005571020576932,70,30970.0
18490.0,65,7271.0,77.35106382978724,2.811426601068059,65,29966.0,0.10970109993383535,65,29966.0
18495.0,54,6855.0,72.92553191489361,2.456040783844028,54,30062.0,0.09361481732677596,54,30062.0
18500.0,52,6949.0,76.36263736263736,2.97925051342773,52,30079.0,0.1485542216435601,52,30079.0
18505.0,57,7213.0,77.55913978494624,3.211547226548592,57,30142.0,0.1319072975569931,57,30142.0
18510.0,64,7521.0,80.01063829787235,3.2632340771761923,64,30284.0,0.13394430964260487,64,30284.0
18515.0,70,7857.0,88.28089887640449,2.3198794707510975,70,30490.0,0.054971666471623284,70,30490.0
18520.0,68,8073.0,88.71428571428571,2.3341149117799582,68,30324.0,0.09144941222692529,68,30324.0
18525.0,61,8192.0,96.37647058823529,2.286348140900297,61,29661.0,0.0810685496137099,61,29661.0
18530.0,57,8343.0,94.80681818181819,3.1864280974802734,57,29174.0,0.12457973135224089,57,29174.0
18535.0,52,8507.0,101.27380952380952,2.774307164763509,52,29293.0,0.1298647403403099,52,29293.0
18540.0,55,8761.0,105.55421686746988,2.1564277654503052,55,29393.0,0.08641688914069898,55,29393.0
18545.0,63,9066.0,104.20689655172414,3.130016341098789,63,29558.0,0.11697092225051606,63,29558.0
18550.0,67,9391.0,107.94252873563218,2.3693535858674024,67,29753.0,0.07347190813753975,67,29753.0
18555.0,71,9739.0,117.33734939759036,1.8862152645293044,71,29971.0,0.07454783771610578,71,29971.0
18560.0,71,10094.0,118.75294117647059,1.9615559594387217,71,30196.0,0.07095016751771671,71,30196.0
18565.0,67,10027.0,120.80722891566265,1.9087451818989494,67,30255.0,0.08530311449874477,67,30255.0
18570.0,58,10053.0,119.67857142857143,2.4042165767709514,58,30127.0,0.09738089895316394,58,30127.0
18575.0,61,10354.0,124.74698795180723,2.9320226235418154,61,30117.0,0.0944158352133101,61,30117.0
18580.0,59,10626.0,119.3932584269663,2.7098624889801344,59,30271.0,0.12973533035658036,59,30271.0
18585.0,64,10939.0,128.69411764705882,2.5629559675269915,64,30442.0,0.09097358876003563,64,30442.0
18590.0,68,11271.0,129.55172413793105,2.807305671061553,68,30644.0,0.07667845307099175,68,30644.0
18595.0,69,11615.0,141.64634146341464,2.0819677464022206,69,30858.0,0.07507738695888898,69,30858.0
18600.0,64,11576.0,141.17073170731706,1.529982823539804,64,30728.0,0.07074117193686973,64,30728.0
18605.0,59,11302.0,139.53086419753086,2.317379165697809,59,30242.0,0.10393255324514747,59,30242.0
18610.0,55,11370.0,133.76470588235293,3.176069038388641,55,29872.0,0.1153641807708198,55,29872.0
18615.0,54,11541.0,134.19767441860466,3.097435637014437,54,29994.0,0.160974307038212,54,29994.0
18620.0,58,11811.0,138.95294117647057,2.9378189517206708,58,30112.0,0.14575838365940944,58,30112.0
18625.0,62,12112.0,142.49411764705883,2.741977171613744,62,30277.0,0.07867244440699266,62,30277.0
18630.0,67,12443.0,148.13095238095238,2.539776536577839,67,30478.0,0.10747825389560194,67,30478.0
18635.0,68,12780.0,161.77215189873417,1.5895474916623968,68,30685.0,0.05131706858515512,68,30685.0
18640.0,69,13125.0,162.03703703703704,1.9321353323645,69,30900.0,0.0767190283643021,69,30900.0
18645.0,69,13470.0,168.375,1.4742714538815125,69,31115.0,0.052895713256589434,69,31115.0
18650.0,65,13403.0,154.05747126436782,2.5445532869048373,65,31151.0,0.13629981202044744,65,31151.0
18655.0,59,13303.0,156.50588235294117,2.4018613768889985,59,30981.0,0.11738899270901805,59,30981.0
18660.0,60,13574.0,156.02298850574712,2.830108277303483,60,30936.0,0.11179505307895413,60,30936.0
18665.0,60,13837.0,159.04597701149424,2.4305932349395643,60,31052.0,0.09646537843812208,60,31052.0
18670.0,63,14137.0,170.32530120481928,2.1066575665230656,63,31202.0,0.05033358458695008,63,31202.0
18675.0,67,14467.0,168.22093023255815,2.878116261904007,67,31399.0,0.07366399101159025,67,31399.0
18680.0,61,14415.0,180.1875,2.272314035414458,61,31316.0,0.08424310554292196,61,31316.0
18685.0,53,14233.0,171.48192771084337,2.9580465239436546,53,30997.0,0.13737706164811003,53,30997.0
18690.0,54,14330.0,172.65060240963857,3.5402151542278486,54,30626.0,0.13186291824890634,54,30626.0
18695.0,54,14572.0,175.56626506024097,2.5299974195678083,54,30754.0,0.09953422985992894,54,30754.0
18700.0,60,14857.0,188.0632911392405,2.328583511685115,60,30895.0,0.09507317166746536,60,30895.0
18705.0,64,15168.0,187.25925925925927,2.451749213681582,64,31074.0,0.061668902651333686,64,31074.0
18710.0,65,15492.0,198.6153846153846,2.138184518551782,65,31268.0,0.07680875151468526,65,31268.0
18715.0,65,15817.0,200.21518987341773,1.948167093151669,65,31463.0,0.06233768675741016,65,31463.0
18720.0,61,15827.0,211.02666666666667,1.608576354441631,61,31488.0,0.06411300677898439,61,31488.0
18725.0,51,15731.0,185.0705882352941,3.3839066851066937,51,31370.0,0.16146339494611262,51,31370.0
18730.0,53,15976.0,197.23456790123456,3.0786395842415213,53,31226.0,0.12072082889312684,53,31226.0
18735.0,54,16221.0,193.10714285714286,2.469004816895981,54,31353.0,0.10266659820465021,54,31353.0
18740.0,60,16510.0,208.9873417721519,2.5539759823318366,60,31500.0,0.09117228153126514,60,31500.0
18745.0,62,16818.0,207.62962962962962,2.7952397281505172,62,31678.0,0.08980792685382884,62,31678.0
18750.0,63,17133.0,222.5064935064935,2.3138594222011792,63,31863.0,0.08150914873199797,63,31863.0
18755.0,58,17334.0,231.12,1.4677106876309054,58,31943.0,0.07805672380896021,58,31943.0
18760.0,57,17558.0,219.475,2.971682028317532,57,31961.0,0.1514994564045703,57,31961.0
18765.0,58,17845.0,215.0,3.0453237112460383,58,32073.0,0.09392640275846575,58,32073.0
18770.0,58,18091.0,223.34567901234567,2.486729264956016,58,32220.0,0.08340289221881811,58,32220.0
18775.0,59,18377.0,229.7125,2.708281371053707,59,32352.0,0.10650738263477587,59,32352.0
18780.0,59,18672.0,242.4935064935065,2.818329738482883,59,32510.0,0.064462622286729,59,32510.0
18785.0,61,18975.0,240.18987341772151,3.014118005400935,61,32683.0,0.07619254642470132,61,32683.0
18790.0,61,19280.0,260.5405405405405,2.2143828585009455,61,32858.0,0.07404305757730685,61,32858.0
18795.0,57,19509.0,250.1153846153846,2.537422753217668,57,32983.0,0.17098990105664322,57,32983.0
18800.0,59,19798.0,257.1168831168831,2.1521875165299087,59,33116.0,0.09779296951656268,59,33116.0
18805.0,66,20118.0,242.3855421686747,2.3169033134948207,66,33306.0,0.08554939828544479,66,33306.0
18810.0,69,20457.0,258.9493670886076,1.6162823342571822,69,33516.0,0.07184458645416053,69,33516.0
18815.0,65,20723.0,262.3164556962025,1.1765054985936216,65,33695.0,0.058180745413601895,65,33695.0
18820.0,62,21011.0,259.39506172839504,2.1865513361578217,62,33834.0,0.10557534377045467,62,33834.0
18825.0,63,21324.0,256.9156626506024,3.0573982543351983,63,33992.0,0.10095229981715949,63,33992.0
18830.0,65,21642.0,251.65116279069767,3.1225057852603717,65,34180.0,0.11901715349215666,65,34180.0
18835.0,66,21969.0,267.9146341463415,2.146285679409476,66,34377.0,0.09671757934519189,66,34377.0
18840.0,69,22310.0,278.875,1.4461081628008063,69,34588.0,0.05286187496815981,69,34588.0
18845.0,65,22572.0,271.95180722891564,1.9493865361526048,65,34756.0,0.09588299771877376,65,34756.0
18850.0,68,22903.0,275.93975903614455,1.9700230038095268,68,34921.0,0.07229715287410259,68,34921.0
18855.0,69,23247.0,280.0843373493976,1.758144239079066,69,35135.0,0.049471667535965345,69,35135.0
18860.0,72,23600.0,277.6470588235294,1.6950608018894306,72,35358.0,0.07423070717021049,72,35358.0
18865.0,67,23883.0,284.32142857142856,1.3733874900986358,67,35552.0,0.08496529149953261,67,35552.0
18870.0,68,24206.0,271.97752808988764,2.1144243632410724,68,35710.0,0.09602737760335789,68,35710.0
18875.0,71,24557.0,275.92134831460675,2.3870729681741785,71,35925.0,0.06525103017532483,71,35925.0
18880.0,68,23812.0,264.5777777777778,2.0397280776610165,68,35669.0,0.07675490833325602,68,35669.0
18885.0,61,22551.0,265.3058823529412,2.3187356931857006,61,34991.0,0.10127937067549203,61,34991.0
18890.0,54,22059.0,247.85393258426967,3.1907803116692,54,34067.0,0.11694431408092097,54,34067.0
18895.0,49,22011.0,265.1927710843373,2.735789521202504,49,34173.0,0.13192147318725542,49,34173.0
18900.0,52,22227.0,267.7951807228916,2.689483925688133,52,34255.0,0.12098352302436109,52,34255.0
18905.0,59,22510.0,258.735632183908,3.1806374659798595,59,34401.0,0.11668961027293366,59,34401.0
18910.0,59,22631.0,260.1264367816092,2.1798425925270473,59,34493.0,0.06844806296819389,59,34493.0
18915.0,65,22927.0,272.9404761904762,2.483081932930477,65,34577.0,0.09469399673780372,65,34577.0
18920.0,67,23255.0,273.5882352941176,2.4632722535659624,67,34756.0,0.07331969627037253,67,34756.0
18925.0,63,23422.0,282.1927710843373,1.9771164430278285,63,34607.0,0.07547842355195837,63,34607.0
18930.0,58,23475.0,289.81481481481484,2.1909810221624206,58,34159.0,0.1087602959638908,58,34159.0
18935.0,53,23619.0,291.5925925925926,3.205451822128783,53,33636.0,0.11443172001154012,53,33636.0
18940.0,53,23712.0,272.55172413793105,3.1758503170607395,53,33715.0,0.1530195116179735,53,33715.0
18945.0,49,23852.0,294.4691358024691,2.920480552825326,49,33745.0,0.14035334810889932,49,33745.0
18950.0,55,24113.0,283.6823529411765,3.415443953741511,55,33785.0,0.13412180948967944,55,33785.0
18955.0,54,20516.0,253.28395061728395,2.83843784807115,54,31959.0,0.1028308442217313,54,31959.0
18960.0,50,14340.0,183.84615384615384,2.360042261568727,50,28175.0,0.08706173746801935,50,28175.0
18965.0,47,8814.0,113.0,3.4941666131177604,47,22457.0,0.13221713765585266,47,22457.0
18970.0,35,4465.0,57.243589743589745,3.10909424629024,35,22553.0,0.1447200021873341,35,22553.0
18975.0,32,734.0,9.175,4.014877399359165,32,22598.0,0.2023625899501072,32,22598.0
18980.0,38,914.0,10.880952380952381,4.053707021164046,38,22656.0,0.19798593784917323,38,22656.0
18985.0,50,1134.0,13.186046511627907,3.6700357663325787,50,22798.0,0.15060975736658777,50,22798.0
18990.0,56,1398.0,16.06896551724138,3.0729490286730456,56,22992.0,0.11292214825393437,56,22992.0
18995.0,65,1702.0,20.75609756097561,1.8042111017019715,65,23226.0,0.050404898104154515,65,23226.0
19000.0,71,2047.0,24.963414634146343,1.8202660861869258,71,23503.0,0.07577124548105411,71,23503.0
19005.0,66,2017.0,24.597560975609756,1.5640999337815888,66,23495.0,0.06237623981458232,66,23495.0
19010.0,58,1799.0,20.213483146067414,3.204546053540486,58,23182.0,0.15482581413676633,58,23182.0
19015.0,57,1967.0,22.352272727272727,3.3654980532296226,57,22982.0,0.13285257652493346,57,22982.0
19020.0,59,2229.0,26.535714285714285,2.410378115421508,59,23188.0,0.10679017323650243,59,23188.0
19025.0,65,2542.0,30.261904761904763,2.4470901790388258,65,23417.0,0.08880082913223648,65,23417.0
19030.0,69,2878.0,34.674698795180724,2.1498995454100562,69,23683.0,0.027389058800945946,69,23683.0
19035.0,69,3223.0,38.36904761904762,2.2729608974820974,69,23958.0,0.07515740849735902,69,23958.0
19040.0,69,3568.0,45.743589743589745,1.186964133640873,69,24233.0,0.051778082617379685,69,24233.0
19045.0,65,3278.0,39.493975903614455,1.7601838337487905,65,24273.0,0.10846447437542284,65,24273.0
19050.0,58,2951.0,34.71764705882353,2.557586217537499,58,24109.0,0.12405869453648546,58,24109.0
19055.0,56,3094.0,35.15909090909091,2.9371484169784696,56,23876.0,0.10573598938160805,56,23876.0
19060.0,57,3330.0,38.275862068965516,2.548265983908296,57,24071.0,0.10756373681724221,57,24071.0
19065.0,62,3620.0,42.093023255813954,2.4857557858735264,62,24266.0,0.08602134740546595,62,24266.0
19070.0,66,3939.0,46.892857142857146,2.622791412442273,66,24511.0,0.060919265177319395,66,24511.0
19075.0,67,4274.0,50.88095238095238,2.609015986149058,67,24776.0,0.07122331025635874,67,24776.0
19080.0,62,4248.0,55.16883116883117,1.7287020718153965,62,24803.0,0.06414938826819287,62,24803.0
19085.0,55,4171.0,49.654761904761905,3.006334715645491,55,24560.0,0.14784909300977903,55,24560.0
19090.0,59,4430.0,54.02439024390244,3.1018333997497516,59,24528.0,0.11273125503569496,59,24528.0
19095.0,59,4699.0,55.94047619047619,2.4178672034808995,59,24739.0,0.09730321650017736,59,24739.0
19100.0,63,5004.0,62.55,2.225995227940816,63,24962.0,0.06630726449152051,63,24962.0
19105.0,65,5326.0,64.16867469879519,2.7965184393537252,65,25215.0,0.07714290800602207,65,25215.0
19110.0,65,5651.0,71.53164556962025,2.1630418298478458,65,25470.0,0.06894875422482817,65,25470.0
19115.0,61,5652.0,74.36842105263158,1.2630595522016592,61,25504.0,0.06821969115976284,61,25504.0
19120.0,55,5462.0,67.4320987654321,2.8546752469803134,55,25364.0,0.1510254484136327,55,25364.0
19125.0,49,5591.0,65.7764705882353,3.366343335852305,49,25226.0,0.1470773177825476,49,25226.0
19130.0,49,5794.0,69.80722891566265,2.9450749663623923,49,25337.0,0.13315857569875417,49,25337.0
19135.0,56,6049.0,72.87951807228916,2.665637575986146,56,25500.0,0.10225980417223227,56,25500.0
19140.0,61,6346.0,80.32911392405063,2.647628622364394,61,25720.0,0.052781846022827636,61,25720.0
19145.0,63,6661.0,82.23456790123457,2.952188823989193,63,25965.0,0.09909812282907277,63,25965.0
19150.0,63,6976.0,94.27027027027027,1.607272841920248,63,26210.0,0.053983292610948454,63,26210.0
19155.0,59,7160.0,87.3170731707317,2.416469521159964,59,26309.0,0.1449165357806389,59,26309.0
19160.0,53,7263.0,90.7875,2.496281599962685,53,26289.0,0.12622991753259738,53,26289.0
19165.0,56,7534.0,88.63529411764706,3.287869712867146,56,26329.0,0.15202915049960242,56,26329.0
19170.0,56,7773.0,93.65060240963855,2.6726313031065017,56,26497.0,0.0970279538418188,56,26497.0
19175.0,59,8056.0,101.9746835443038,2.4117336292325935,59,26692.0,0.07465030274344354,59,26692.0
19180.0,61,8358.0,105.79746835443038,2.9148921138848163,61,26922.0,0.08229026607191117,61,26922.0
19185.0,61,8663.0,112.50649350649351,2.588817543499997,61,27157.0,0.1044391555786034,61,27157.0
19190.0,58,8861.0,109.39506172839506,2.785608669401091,58,27313.0,0.13492077069048264,58,27313.0
19195.0,55,9106.0,115.26582278481013,3.22914571154747,55,27440.0,0.15658159579279146,55,27440.0
19200.0,60,9394.0,118.9113924050633,2.491360884509421,60,27626.0,0.05494674518957601,60,27626.0
19205.0,63,9709.0,122.89873417721519,2.0439835948770066,63,27871.0,0.07371545298664643,63,27871.0
19210.0,61,9946.0,129.16883116883116,1.7894639004105972,61,28077.0,0.08254228704099303,61,28077.0
19215.0,59,10224.0,136.32,1.9508257127031463,59,28257.0,0.076633469004493,59,28257.0
19220.0,59,10519.0,133.15189873417722,3.2091880388315643,59,28471.0,0.10178986829925457,59,28471.0
19225.0,56,9292.0,119.12820512820512,2.631089215869703,56,26746.0,0.1076705047680269,56,26746.0
19230.0,49,7059.0,89.35443037974683,2.9460684181334225,49,23079.0,0.14600177000052902,49,23079.0
19235.0,46,5322.0,69.11688311688312,3.2665354489167218,46,17513.0,0.11553684236684379,46,17513.0
19240.0,39,3261.0,40.7625,3.4034018795837966,39,17685.0,0.16844018556470441,39,17685.0
19245.0,37,2213.0,29.506666666666668,3.6726976139956515,37,17817.0,0.17800942546190152,37,17817.0
19250.0,44,2416.0,29.82716049382716,3.6613388503861906,44,18003.0,0.15347316725171203,44,18003.0
19255.0,51,2661.0,33.68354430379747,2.613598699179138,51,18238.0,0.1152593726135467,51,18238.0
19260.0,57,2936.0,36.24691358024691,1.9122208743653948,57,18503.0,0.06824013266091625,57,18503.0
19265.0,67,3255.0,38.294117647058826,1.8700872645331816,67,18814.0,0.09992204425602227,67,18814.0
19270.0,74,3615.0,41.07954545454545,1.7661084429149903,74,19164.0,0.057749254286442446,74,19164.0
19275.0,71,3696.0,42.48275862068966,1.7297642701964722,71,19406.0,0.0752817893569949,71,19406.0
19280.0,66,3936.0,44.2247191011236,2.3742479162619388,66,19558.0,0.09919695077984052,66,19558.0
19285.0,69,4279.0,48.07865168539326,2.740918018179321,69,19798.0,0.08662199441584308,69,19798.0
19290.0,71,4628.0,52.0,2.091697098952073,71,20137.0,0.06690402646320294,71,20137.0
19295.0,67,4919.0,58.55952380952381,1.7160260547985706,67,20454.0,0.07258896743071547,67,20454.0
19300.0,67,5240.0,57.582417582417584,2.5217560865924296,67,20739.0,0.11761349202613174,67,20739.0
19305.0,70,5582.0,62.71910112359551,2.6994040490252917,70,21061.0,0.08214719374770296,70,21061.0
19310.0,73,5940.0,66.0,2.35945205304453,73,21415.0,0.08737624064005291,73,21415.0
19315.0,73,6305.0,74.17647058823529,1.80132742995345,73,21780.0,0.07138906093854035,73,21780.0
19320.0,69,6601.0,75.8735632183908,1.5704501377393307,69,22094.0,0.06875765457841851,69,22094.0
19325.0,73,6962.0,81.90588235294118,1.7269737562924068,73,22433.0,0.07009609726851626,73,22433.0
19330.0,73,7327.0,82.32584269662921,1.8060212463135872,73,22772.0,0.07852314656180753,73,22772.0
19335.0,77,7706.0,84.68131868131869,1.6048454056095267,77,23091.0,0.08536917597835286,77,23091.0
19340.0,74,8001.0,86.03225806451613,1.457306586718428,74,23365.0,0.0824465141464101,74,23365.0
19345.0,73,8351.0,88.84042553191489,2.1605848609074734,73,23611.0,0.09934796682934939,73,23611.0
19350.0,75,8721.0,89.90721649484536,2.7515878796154567,75,23896.0,0.09609054639570007,75,23896.0
19355.0,77,9088.0,98.78260869565217,1.8104457195744712,77,24193.0,0.05814912493584808,77,24193.0
19360.0,77,9473.0,102.96739130434783,1.6783694091910284,77,24508.0,0.060791311971441754,77,24508.0
19365.0,81,9872.0,108.48351648351648,1.28408629746394,81,24837.0,0.06049995479059016,81,24837.0
19370.0,76,8660.0,93.11827956989248,1.1682534884941111,76,24557.0,0.08138250164068225,76,24557.0
19375.0,72,6783.0,71.4,1.8979537114302099,72,23738.0,0.08837567918475947,72,23738.0
19380.0,66,5911.0,60.93814432989691,2.472362981322198,66,22572.0,0.07327821877584367,66,22572.0
19385.0,57,4588.0,46.816326530612244,2.854971238760629,57,20873.0,0.12963870959724788,57,20873.0
19390.0,49,3323.0,36.119565217391305,2.4773377808226003,49,17202.0,0.10577947554339129,49,17202.0
19395.0,51,2476.0,25.52577319587629,3.071010088812412,51,11646.0,0.1388685678084874,51,11646.0
19400.0,46,1239.0,13.32258064516129,2.3096307801096825,46,11787.0,0.09815840346520473,46,11787.0
19405.0,46,504.0,5.195876288659794,3.046367189694323,46,11842.0,0.1476834859506521,46,11842.0
19410.0,51,652.0,6.52,3.0879642889204866,51,11890.0,0.11943956088453775,51,11890.0
19415.0,58,910.0,8.83495145631068,2.922447688740644,58,12043.0,0.10786206677216341,58,12043.0
19420.0,67,1227.0,12.029411764705882,2.9335124024474784,67,12284.0,0.10762587248531927,67,12284.0
19425.0,74,1585.0,15.53921568627451,2.8430046021224564,74,12603.0,0.10569210747427105,74,12603.0
19430.0,81,1980.0,20.0,2.3419245060587492,81,12985.0,0.06493490110308385,81,12985.0
19435.0,81,2385.0,24.587628865979383,2.1741758969781486,81,13380.0,0.06214476437268828,81,13380.0
19440.0,77,2441.0,26.824175824175825,1.4364600485552337,77,13633.0,0.05442168905410262,77,13633.0
19445.0,72,2642.0,27.237113402061855,1.9784464258322276,72,13776.0,0.09982159872623833,72,13776.0
19450.0,77,3018.0,31.11340206185567,2.293282476847098,77,13991.0,0.07210679564815643,77,13991.0
19455.0,74,2998.0,29.98,2.0814161983363366,74,13803.0,0.0740622736458347,74,13803.0
19460.0,69,2726.0,28.694736842105264,2.5005338179034657,69,13149.0,0.0970578049904186,69,13149.0
19465.0,64,2508.0,26.125,2.8551228729050564,64,12219.0,0.10924658190120892,64,12219.0
19470.0,55,2355.0,25.597826086956523,2.628300076723459,55,12457.0,0.12413662623649079,55,12457.0
19475.0,51,2441.0,26.532608695652176,2.7475014491410823,51,12627.0,0.1253001361244372,51,12627.0
19480.0,59,2720.0,28.63157894736842,3.0553896050399425,59,12841.0,0.11698165576398113,59,12841.0
19485.0,65,3034.0,31.936842105263157,3.004763432304893,65,13142.0,0.0985798855846695,65,13142.0
19490.0,73,3382.0,35.97872340425532,2.634709677490023,73,13482.0,0.07003616279961762,73,13482.0
19495.0,75,3754.0,42.17977528089887,2.036152148108161,75,13844.0,0.07436647488330192,75,13844.0
19500.0,72,3957.0,46.55294117647059,1.2935372455206244,72,13797.0,0.05248653402014171,72,13797.0
19505.0,64,4072.0,45.752808988764045,2.3998289363265424,64,13415.0,0.11796928066625505,64,13415.0
19510.0,59,4172.0,47.40909090909091,2.9521416150502207,59,12913.0,0.10438876674178568,59,12913.0
19515.0,54,4351.0,46.287234042553195,3.086047027539432,54,13163.0,0.15496694821362056,54,13163.0
19520.0,60,4636.0,52.08988764044944,2.65148593970115,60,13418.0,0.12414739319502939,60,13418.0
19525.0,67,4955.0,53.858695652173914,2.670615813333594,67,13727.0,0.10577774698162339,67,13727.0
19530.0,72,5304.0,60.27272727272727,2.1885914216832103,72,14066.0,0.0720151583812893,72,14066.0
19535.0,69,5557.0,65.37647058823529,1.5845835541483757,69,14169.0,0.06358564829738608,69,14169.0
19540.0,63,5738.0,67.50588235294117,2.1967077604961207,63,14132.0,0.10115922599953091,63,14132.0
19545.0,60,6006.0,69.03448275862068,2.896399882173642,60,14043.0,0.0938554347482917,60,14043.0
19550.0,63,6277.0,68.97802197802197,2.858110631690843,63,14328.0,0.1292791742249795,63,14328.0
19555.0,64,6585.0,75.6896551724138,2.553149447384297,64,14607.0,0.11598287784497031,64,14607.0
19560.0,67,6917.0,79.50574712643679,2.5750037799089274,67,14924.0,0.06520569893125766,67,14924.0
19565.0,71,7262.0,84.44186046511628,2.196363123258802,71,15259.0,0.09041105852084559,71,15259.0
19570.0,73,7621.0,91.81927710843374,1.4619536966021869,73,15608.0,0.04490095948262946,73,15608.0
19575.0,73,7986.0,96.21686746987952,1.4361394296259924,73,15963.0,0.06888862095038034,73,15963.0
19580.0,68,7624.0,89.69411764705882,1.47327154200978,68,16054.0,0.0574960163873152,68,16054.0
19585.0,61,7118.0,81.816091954023,2.707703629636604,61,15898.0,0.12610290552007525,61,15898.0
19590.0,54,7104.0,78.06593406593407,3.5685266116561385,54,15609.0,0.15068113064958039,54,15609.0
19595.0,52,7317.0,84.10344827586206,2.7924678968855905,52,15768.0,0.10813955047376109,52,15768.0
19600.0,59,7600.0,87.35632183908046,2.7402256463400074,59,16022.0,0.10924421165315677,59,16022.0
19605.0,66,7917.0,94.25,2.242098252081037,66,16329.0,0.05258761660785163,66,16329.0
19610.0,64,7012.0,82.49411764705883,2.0927808407253887,64,14743.0,0.08372560515719156,64,14743.0
19615.0,57,5277.0,65.9625,2.2481792910330207,57,12687.0,0.09927291803831521,57,12687.0
19620.0,51,3727.0,44.903614457831324,3.0261820558128845,51,9428.0,0.11303872624880587,51,9428.0
19625.0,41,2110.0,24.25287356321839,3.516650578621251,41,9638.0,0.17803528842654467,41,9638.0
19630.0,46,1518.0,17.858823529411765,3.1011892339971263,46,9822.0,0.14478063488428747,46,9822.0
19635.0,54,1773.0,20.379310344827587,3.0851485518651605,54,10075.0,0.12086031398357015,54,10075.0
19640.0,62,2066.0,22.703296703296704,2.5073246493951964,62,10368.0,0.08739011466533043,62,10368.0
19645.0,70,2400.0,27.272727272727273,1.5870441722371458,70,10702.0,0.07369537740708378,70,10702.0
19650.0,69,2621.0,28.48913043478261,1.3315888584714346,69,9845.0,0.0620937512481491,69,9845.0
19655.0,69,2775.0,30.833333333333332,1.8225795743272852,69,8757.0,0.06970104038669764,69,8757.0
19660.0,61,2931.0,29.606060606060606,3.2075836363945154,61,6930.0,0.1367484827714532,61,6930.0
19665.0,54,3046.0,32.06315789473684,2.581291465746368,54,7199.0,0.11459238016282994,54,7199.0
19670.0,57,3237.0,33.371134020618555,3.064408778897869,57,7452.0,0.14992062832116,57,7452.0
19675.0,65,3542.0,36.51546391752577,2.6857904792180056,65,7754.0,0.0959146371338668,65,7754.0
19680.0,71,3887.0,38.87,2.173150936790139,71,8099.0,0.07607516690564353,71,8099.0
19685.0,78,4262.0,43.05050505050505,1.2846610130155416,78,8475.0,0.047032575529224546,78,8475.0
19690.0,88,4683.0,45.46601941747573,1.3877388649658122,88,8896.0,0.05632854032122002,88,8896.0
19695.0,92,5133.0,48.424528301886795,1.6537928318263302,92,9347.0,0.08097642990041856,92,9347.0
19700.0,96,5604.0,50.945454545454545,1.4443086100509583,96,9818.0,0.044918668697805406,96,9818.0
19705.0,98,6091.0,56.398148148148145,1.1465659453727886,98,10305.0,0.04622871554818346,98,10305.0
19710.0,100,6584.0,60.403669724770644,1.1019225868146811,100,10798.0,0.0528073103084341,100,10798.0
19715.0,100,7084.0,65.5925925925926,1.0126963787924994,100,11298.0,0.0369346263193658,100,11298.0
19720.0,96,6839.0,61.0625,1.0722714779501115,96,11407.0,0.03891224192401956,96,11407.0
19725.0,89,6112.0,55.56363636363636,1.3426118284485309,89,11175.0,0.057288104337354,89,11175.0
19730.0,82,5757.0,49.205128205128204,2.530831945779463,82,10732.0,0.11015809518259544,82,10732.0
19735.0,76,5638.0,49.02608695652174,1.9923469512439655,76,11099.0,0.09082094061616107,76,11099.0
19740.0,75,5875.0,51.53508771929825,2.4872467462431533,75,11449.0,0.10553999873772237,75,11449.0
19745.0,82,6272.0,55.01754385964912,2.214031272321838,82,11845.0,0.06763037418355648,82,11845.0
19750.0,87,6697.0,60.88181818181818,1.4850169371070125,87,12270.0,0.04576682135045134,87,12270.0
19755.0,95,7155.0,64.45945945945945,1.438393065368626,95,12728.0,0.05082549355788468,95,12728.0
19760.0,99,7642.0,70.75925925925925,0.935994716357452,99,13215.0,0.03691585605003499,99,13215.0
19765.0,100,8142.0,72.05309734513274,1.382555035686529,100,13715.0,0.06261711053549074,100,13715.0
19770.0,103,8646.0,75.84210526315789,0.9511787688302925,103,14219.0,0.02764904448609163,103,14219.0
19775.0,100,8518.0,74.0695652173913,0.8187148848858178,100,13804.0,0.0372704831784471,100,13804.0
19780.0,93,7960.0,68.62068965517241,1.4135590566894531,93,12982.0,0.05497810190377324,93,12982.0
19785.0,90,7598.0,63.84873949579832,2.022465197887382,90,11501.0,0.0687167791876984,90,11501.0
19790.0,77,7058.0,60.8448275862069,2.013203601672293,77,11891.0,0.09249979368709703,77,11891.0
19795.0,79,6942.0,58.83050847457627,2.4946272409005132,79,12251.0,0.10515453763099857,79,12251.0
19800.0,85,7357.0,62.88034188034188,2.057931501461746,85,12660.0,0.071263600832966,85,12660.0
19805.0,93,7806.0,63.98360655737705,1.6308153664521814,93,13109.0,0.05194537477595774,93,13109.0
19810.0,101,8298.0,68.57851239669421,1.0665727468529351,101,13601.0,0.03793512501021346,101,13601.0
19815.0,107,8825.0,72.3360655737705,0.9053063620482383,107,14128.0,0.04883532012560244,107,14128.0
19820.0,113,9378.0,77.50413223140495,0.7940862534518904,113,14683.0,0.03160191274953199,113,14683.0
19825.0,108,8305.0,66.44,1.004484297158148,108,14618.0,0.04182671200351443,108,14618.0
19830.0,101,6403.0,52.48360655737705,1.3715611895542996,101,13719.0,0.0493217628465505,101,13719.0
19835.0,95,5483.0,43.864,2.1119658036893605,95,12909.0,0.06602655519701378,95,12909.0
19840.0,85,4883.0,40.35537190082645,1.9235310389636542,85,13329.0,0.08281271077427085,85,13329.0
19845.0,82,5066.0,42.21666666666667,2.080712479640237,82,13702.0,0.09439443138436587,82,13702.0
19850.0,89,5498.0,45.43801652892562,2.111222543398787,89,14131.0,0.06329668163897317,89,14131.0
19855.0,89,5248.0,43.733333333333334,1.5321262478887905,89,14100.0,0.05931510521312557,89,14100.0
19860.0,91,4676.0,40.310344827586206,1.4619048545841025,91,13629.0,0.057021267049115996,91,13629.0
19865.0,86,4112.0,34.554621848739494,2.087374373159212,86,12826.0,0.0707408439406239,86,12826.0
19870.0,78,3605.0,31.07758620689655,2.215372303300052,78,13215.0,0.09360610029373,78,13215.0
19875.0,77,3470.0,29.406779661016948,2.452527568537909,77,13558.0,0.11269136505637421,77,13558.0
19880.0,85,3877.0,32.57983193277311,2.2308487627507074,85,13963.0,0.07215362372474887,85,13963.0
19885.0,85,4238.0,34.45528455284553,1.805370804488426,85,13997.0,0.06649998604083247,85,13997.0
19890.0,87,4577.0,38.46218487394958,1.5364456585552633,87,13699.0,0.05802030953364791,87,13699.0
19895.0,85,4952.0,40.925619834710744,2.0139578062765966,85,13206.0,0.06096348176016705,85,13206.0
19900.0,82,5282.0,44.38655462184874,2.0675572502359825,82,13608.0,0.08796512630508822,82,13608.0
19905.0,81,5656.0,48.758620689655174,2.2381157726125585,81,13982.0,0.09946719117920423,81,13982.0
19910.0,87,6077.0,50.22314049586777,2.339442324039175,87,14400.0,0.07936373223250916,87,14400.0
19915.0,94,6530.0,53.52459016393443,1.7064184784212715,94,14853.0,0.050450461395386045,94,14853.0
19920.0,103,7031.0,60.0940170940171,0.992010754834375,103,15354.0,0.033898079592477606,103,15354.0
19925.0,108,7556.0,62.96666666666667,1.0992133752327904,108,15881.0,0.04928528812927089,108,15881.0
19930.0,110,8104.0,68.67796610169492,0.8326206264026818,110,16430.0,0.030844828623420313,110,16430.0
19935.0,104,8087.0,67.39166666666667,0.9943097382211328,104,16318.0,0.03618540904802376,104,16318.0
19940.0,98,7699.0,63.10655737704918,1.5702081111210946,98,15622.0,0.05766947571190274,98,15622.0
19945.0,92,7477.0,62.30833333333333,1.9662632826289475,92,14553.0,0.07069766622849691,92,14553.0
19950.0,82,7182.0,59.35537190082645,2.12539122842483,82,14779.0,0.08944505522912559,82,14779.0
19955.0,82,7307.0,62.452991452991455,2.0578757319832164,82,15164.0,0.08643840010989758,82,15164.0
19960.0,88,7733.0,64.44166666666666,2.1027816897671183,88,15589.0,0.06385909519220515,88,15589.0
19965.0,90,7812.0,66.20338983050847,1.6275480526287762,90,15656.0,0.05275408002277294,90,15656.0
19970.0,89,7656.0,66.0,1.5065140152754652,89,15380.0,0.059145000020084014,89,15380.0
19975.0,86,7631.0,66.93859649122807,2.0757803582428798,86,14855.0,0.07061387875663784,86,14855.0
19980.0,79,7532.0,66.0701754385965,2.4090156540592247,79,14855.0,0.10422579661535777,79,14855.0
19985.0,71,7610.0,66.17391304347827,2.5742626267779967,71,15075.0,0.12368543782763089,71,15075.0
19990.0,79,7978.0,68.1880341880342,2.6206601217477754,79,15417.0,0.11674427558785988,79,15417.0
19995.0,86,8389.0,72.94782608695652,2.2821574079002365,86,15821.0,0.07857315248827697,86,15821.0
20000.0,90,8829.0,76.11206896551724,1.780277686368132,90,16261.0,0.049421032385676425,90,16261.0
