step,system_total_stopped,system_total_waiting_time,system_mean_waiting_time,system_mean_speed,t_stopped,t_accumulated_waiting_time,t_average_speed,agents_total_stopped,agents_total_accumulated_waiting_time
5.0,0,0.0,0.0,11.632080661201671,0,0.0,0.8671016049984477,0,0.0
10.0,0,0.0,0.0,11.403081058815063,0,0.0,0.8602374624352156,0,0.0
15.0,5,9.0,0.5,6.708666680381901,5,9.0,0.43954858470016994,5,9.0
20.0,8,48.0,2.6666666666666665,6.738166864070199,8,48.0,0.3996380238064622,8,48.0
25.0,8,88.0,3.8260869565217392,6.783182787234173,8,88.0,0.3762308459279992,8,88.0
30.0,6,94.0,4.7,7.046971132302249,6,97.0,0.42701547139960183,6,97.0
35.0,7,125.0,5.434782608695652,8.212011457601356,7,125.0,0.41636896939320095,7,125.0
40.0,10,168.0,6.461538461538462,7.488511865173168,10,168.0,0.41049311554346807,10,168.0
45.0,6,184.0,6.814814814814815,6.77157395391673,6,196.0,0.4459361301081346,6,196.0
50.0,7,215.0,8.26923076923077,6.514645602651848,7,215.0,0.34625898006667427,7,215.0
55.0,12,273.0,9.1,7.967683261563334,12,273.0,0.34188139969685016,12,273.0
60.0,13,334.0,13.36,5.9969933177830805,13,334.0,0.23567302760879505,13,334.0
65.0,14,403.0,16.12,5.49066086190596,14,403.0,0.2951484804455062,14,403.0
70.0,14,473.0,19.708333333333332,4.9693887784980655,14,473.0,0.2420934251659645,14,473.0
75.0,10,462.0,14.0,6.278200470003907,10,490.0,0.44222383751989786,10,490.0
80.0,14,521.0,15.787878787878787,7.306692582382199,14,521.0,0.4430259024803366,14,521.0
85.0,18,597.0,15.710526315789474,4.804376655185735,18,597.0,0.20250644553291403,18,597.0
90.0,18,650.0,18.571428571428573,4.576124656409154,18,674.0,0.22086066366468424,18,674.0
95.0,16,728.0,20.8,5.62716662865716,16,730.0,0.29849148816183435,16,730.0
100.0,18,812.0,22.555555555555557,6.327860937009042,18,812.0,0.22928736571700195,18,812.0
105.0,18,902.0,25.055555555555557,6.494292653547254,18,902.0,0.28176940025548114,18,902.0
110.0,17,970.0,26.944444444444443,5.768239610517289,17,970.0,0.3303610339850276,17,970.0
115.0,18,1056.0,31.058823529411764,5.443630553587901,18,1056.0,0.3051832172028892,18,1056.0
120.0,22,1155.0,33.0,3.803955487333769,22,1155.0,0.1869455503058757,22,1155.0
125.0,20,1228.0,35.08571428571429,3.2002564085408216,20,1248.0,0.19766749822610033,20,1248.0
130.0,21,1333.0,36.027027027027025,5.100856912601821,21,1333.0,0.22299701764226512,21,1333.0
135.0,22,1440.0,36.0,5.746044402255677,22,1440.0,0.19597212019105498,22,1440.0
140.0,23,1555.0,42.027027027027025,5.057339048129258,23,1555.0,0.192918053900776,23,1555.0
145.0,23,1670.0,43.94736842105263,4.812938166036801,23,1670.0,0.2820830946393255,23,1670.0
150.0,25,1795.0,43.78048780487805,4.832459986266978,25,1795.0,0.28368691335456653,25,1795.0
155.0,27,1924.0,46.926829268292686,3.023377629937126,27,1924.0,0.14027345337676828,27,1924.0
160.0,29,1964.0,45.674418604651166,2.3230568132876597,29,2018.0,0.15518489607777144,29,2018.0
165.0,30,2108.0,49.02325581395349,3.1754494560313176,30,2113.0,0.13886168088609205,30,2113.0
170.0,34,2266.0,46.244897959183675,3.865083069188678,34,2266.0,0.14211962137828138,34,2266.0
175.0,28,2360.0,51.30434782608695,3.021050290235547,28,2398.0,0.10253350715453009,28,2398.0
180.0,26,2477.0,53.84782608695652,4.22031033954941,26,2483.0,0.17558618851358876,26,2483.0
185.0,28,2613.0,52.26,5.476122312478955,28,2613.0,0.22818023157972958,28,2613.0
190.0,30,2757.0,56.265306122448976,4.4738785443096845,30,2757.0,0.14030252838200505,30,2757.0
195.0,30,2891.0,62.84782608695652,3.782731741796956,30,2892.0,0.15866161988977387,30,2892.0
200.0,31,3043.0,67.62222222222222,3.182629228116561,31,3043.0,0.1410985467155027,31,3043.0
205.0,34,3211.0,69.80434782608695,3.3498316775325714,34,3211.0,0.1362022588104144,34,3211.0
210.0,30,3341.0,71.08510638297872,2.9040775656387794,30,3356.0,0.14982929174747436,30,3356.0
215.0,30,3491.0,77.57777777777778,3.742762953342641,30,3491.0,0.13836843135505691,30,3491.0
220.0,32,3647.0,65.125,5.342256921252698,32,3647.0,0.2456643062313893,32,3647.0
225.0,34,3811.0,76.22,3.5123415771616266,34,3811.0,0.1638152637591452,34,3811.0
230.0,36,3969.0,74.88679245283019,2.938649663270598,36,3969.0,0.16595822103522503,36,3969.0
235.0,40,4160.0,81.56862745098039,2.667631476301293,40,4160.0,0.12183281927606787,40,4160.0
240.0,42,4362.0,80.77777777777777,2.5266655536744307,42,4362.0,0.08232054965607506,42,4362.0
245.0,38,4517.0,85.22641509433963,2.416179610612582,38,4547.0,0.11968354553064427,38,4547.0
250.0,36,4689.0,83.73214285714286,3.639169790346035,36,4697.0,0.15878964267222925,36,4697.0
255.0,38,4873.0,81.21666666666667,4.702387330156728,38,4873.0,0.17564037887257675,38,4873.0
260.0,40,5067.0,85.88135593220339,3.9425263891230533,40,5067.0,0.13341489867858333,40,5067.0
265.0,41,5254.0,92.17543859649123,3.2294701746326675,41,5254.0,0.1266787593954606,41,5254.0
270.0,42,5460.0,97.5,2.884761775385799,42,5460.0,0.13725766769966238,42,5460.0
275.0,45,5677.0,103.21818181818182,2.3590179632634163,45,5677.0,0.10792866053162774,45,5677.0
280.0,40,5853.0,102.6842105263158,2.300938724759172,40,5872.0,0.12891732125957897,40,5872.0
285.0,40,6053.0,106.19298245614036,3.413188160379458,40,6053.0,0.14558906893859502,40,6053.0
290.0,40,6253.0,96.2,4.352926063036563,40,6253.0,0.18450268774182507,40,6253.0
295.0,44,6463.0,102.58730158730158,3.5693265426583127,44,6463.0,0.13604592129250884,44,6463.0
300.0,46,6677.0,111.28333333333333,2.3803266835434997,46,6677.0,0.10543049879938601,46,6677.0
305.0,48,6911.0,115.18333333333334,1.9691550992767468,48,6911.0,0.09919167435180934,48,6911.0
310.0,50,7160.0,115.48387096774194,2.1937875673358915,50,7160.0,0.11760199653289147,50,7160.0
315.0,46,7367.0,116.93650793650794,1.8122304123831459,46,7385.0,0.10660815743294384,46,7385.0
320.0,48,7607.0,118.859375,2.6094980712553557,48,7607.0,0.11623030139372297,48,7607.0
325.0,49,7848.0,112.11428571428571,3.406477985947746,49,7848.0,0.10172499679469992,49,7848.0
330.0,52,8105.0,122.8030303030303,2.73651742355394,52,8105.0,0.08209122731448035,52,8105.0
335.0,52,8365.0,128.69230769230768,2.316830788657011,52,8365.0,0.07402463434897148,52,8365.0
340.0,54,8632.0,134.875,2.0249422746012793,54,8632.0,0.09519733100746215,54,8632.0
345.0,54,8902.0,136.95384615384614,2.0447738768957677,54,8902.0,0.08575660301760195,54,8902.0
350.0,49,9027.0,136.77272727272728,2.256265504764352,49,9098.0,0.10333373659375573,49,9098.0
355.0,48,9265.0,138.28358208955223,2.5156676003760436,48,9267.0,0.11263705418118906,48,9267.0
360.0,52,9520.0,144.24242424242425,2.504786557246366,52,9520.0,0.07631021394768898,52,9520.0
365.0,54,9783.0,137.7887323943662,2.5739597748014553,54,9783.0,0.11311335537783168,54,9783.0
370.0,50,9994.0,149.16417910447763,1.8402102418392614,50,10027.0,0.09534973841046307,50,10027.0
375.0,52,10238.0,146.25714285714287,2.4388011077389176,52,10247.0,0.11468627795599146,52,10247.0
380.0,52,10498.0,149.97142857142856,3.206656560727209,52,10498.0,0.10487197458770993,52,10498.0
385.0,52,10758.0,149.41666666666666,3.276704924761469,52,10758.0,0.10693550872333948,52,10758.0
390.0,50,10984.0,163.9402985074627,2.8440280291687277,50,10990.0,0.10247845430390214,50,10990.0
395.0,52,11237.0,170.25757575757575,2.376278437733131,52,11237.0,0.07611198270425719,52,11237.0
400.0,54,11504.0,174.3030303030303,2.424246068289061,54,11504.0,0.08699401369818104,54,11504.0
405.0,50,11734.0,177.78787878787878,1.872090212273446,50,11747.0,0.09881332787401367,50,11747.0
410.0,50,11984.0,178.86567164179104,2.7200519318063083,50,11984.0,0.11107718632524342,50,11984.0
415.0,52,12243.0,174.9,3.369429163039758,52,12243.0,0.1025220706164625,52,12243.0
420.0,46,10141.0,156.01538461538462,2.6707964015650494,46,11684.0,0.08958855461564583,46,11684.0
425.0,38,7044.0,105.13432835820896,3.6076813197417112,38,10345.0,0.16026565996053788,38,10345.0
430.0,34,5177.0,80.890625,4.229937364256656,34,8436.0,0.16787881925536963,34,8436.0
435.0,24,3495.0,51.39705882352941,4.364774849613838,24,8564.0,0.22617993146151644,24,8564.0
440.0,24,3109.0,50.145161290322584,4.572165702589447,24,8672.0,0.2511766825763718,24,8672.0
445.0,36,3260.0,46.57142857142857,4.120176677718812,36,8823.0,0.20254144755525744,36,8823.0
450.0,42,3458.0,50.85294117647059,2.680059222911728,42,9021.0,0.12363884425211621,42,9021.0
455.0,48,3692.0,52.0,2.1193682942335657,48,9255.0,0.09717657694614718,48,9255.0
460.0,56,3958.0,54.97222222222222,1.7366774953101747,56,9521.0,0.08094155778364127,56,9521.0
465.0,62,4262.0,56.078947368421055,2.2819668982645305,62,9825.0,0.11234136922677791,62,9825.0
470.0,64,4575.0,61.82432432432432,1.7436011043431894,64,10138.0,0.08016837727354974,64,10138.0
475.0,64,4895.0,66.14864864864865,1.6153144400011012,64,10458.0,0.07630231373481065,64,10458.0
480.0,61,4873.0,64.97333333333333,1.3533191900550456,61,10638.0,0.05785818509344729,61,10638.0
485.0,54,4998.0,64.07692307692308,2.937654695111329,54,10719.0,0.1388743509656166,54,10719.0
490.0,56,5271.0,67.57692307692308,3.0774878782439106,56,10844.0,0.09765610231119506,56,10844.0
495.0,54,5509.0,70.62820512820512,2.3498101322842855,54,11096.0,0.08273771509278552,54,11096.0
500.0,56,5789.0,76.17105263157895,2.9276109349443296,56,11362.0,0.10388529722927266,56,11362.0
505.0,58,6071.0,79.88157894736842,3.0983028373766324,58,11644.0,0.11487022759869152,58,11644.0
510.0,58,6361.0,83.69736842105263,2.943218736659755,58,11934.0,0.10377518333262184,58,11934.0
515.0,53,6547.0,93.52857142857142,1.733657079590539,53,12166.0,0.0672866968824755,53,12166.0
520.0,56,6819.0,92.14864864864865,2.6363813863591274,56,12382.0,0.09946402952380236,56,12382.0
525.0,58,7107.0,98.70833333333333,2.3954362484902956,58,12670.0,0.07207933025357803,58,12670.0
530.0,56,7359.0,99.44594594594595,2.0561757584454528,56,12938.0,0.08793980040374626,56,12938.0
535.0,56,7638.0,109.11428571428571,2.216351083981799,56,13202.0,0.08965121391406244,56,13202.0
540.0,56,7918.0,107.0,2.864303203971161,56,13481.0,0.0567551124549704,56,13481.0
545.0,58,8207.0,113.98611111111111,2.611409914579211,58,13770.0,0.08763992855381017,58,13770.0
550.0,54,7813.0,111.61428571428571,1.7076700886155085,54,13215.0,0.0902446864109489,54,13215.0
555.0,48,6971.0,99.58571428571429,2.6063359151993204,48,11107.0,0.11147387342963169,48,11107.0
560.0,42,6331.0,85.55405405405405,4.006420148594969,42,9929.0,0.16931664757678308,42,9929.0
565.0,31,5394.0,75.97183098591549,3.554324298227393,31,10086.0,0.17975070323231618,31,10086.0
570.0,32,5123.0,72.15492957746478,3.7600269358647984,32,10199.0,0.182818333652029,32,10199.0
575.0,39,5304.0,73.66666666666667,3.5485076077977102,39,10376.0,0.11902961540813385,39,10376.0
580.0,48,5529.0,69.9873417721519,3.37967517021495,48,10601.0,0.1393087278237349,48,10601.0
585.0,54,5791.0,76.19736842105263,1.977450721489353,54,10863.0,0.06961883145307057,54,10863.0
590.0,68,6106.0,76.325,1.9436728224853166,68,11178.0,0.07894025606691324,68,11178.0
595.0,68,6440.0,82.56410256410257,1.6623150585195323,68,11516.0,0.06863018101949726,68,11516.0
600.0,64,6429.0,79.37037037037037,1.451553804932761,64,11712.0,0.059810086305727615,64,11712.0
605.0,60,6568.0,82.1,2.283313087413926,60,11808.0,0.1054340666142728,60,11808.0
610.0,61,6869.0,81.77380952380952,2.883389257115687,61,11955.0,0.08291833647287991,61,11955.0
615.0,59,7127.0,86.91463414634147,2.5107808645080945,59,12241.0,0.08072007011150101,59,12241.0
620.0,60,7418.0,90.46341463414635,2.768119568972009,60,12512.0,0.1008047621912706,60,12512.0
625.0,62,7720.0,96.5,2.979536699206453,62,12806.0,0.08161479745464699,62,12806.0
630.0,62,8030.0,100.375,2.9587525938865333,62,13116.0,0.1128289595483047,62,13116.0
635.0,62,8340.0,114.24657534246575,1.674019639435562,62,13426.0,0.06268615866666459,62,13426.0
640.0,58,8522.0,110.67532467532467,2.2328831240476315,58,13673.0,0.12206577045825275,58,13673.0
645.0,60,8805.0,117.4,2.321133366846327,60,13884.0,0.09028405876418535,60,13884.0
650.0,60,9105.0,113.8125,2.9622717709846915,60,14181.0,0.09588649590612268,60,14181.0
655.0,58,9361.0,121.57142857142857,2.268059585676977,58,14462.0,0.09543185300215766,58,14462.0
660.0,58,9643.0,128.57333333333332,2.213115857375102,58,14723.0,0.08496064909389577,58,14723.0
665.0,60,9941.0,127.44871794871794,2.9706632827288026,60,15017.0,0.08387231127846467,60,15017.0
670.0,60,10241.0,134.75,2.7089415997312316,60,15317.0,0.0940726436376124,60,15317.0
675.0,59,10515.0,144.04109589041096,1.831125698367682,59,15591.0,0.08940093794560307,59,15591.0
680.0,60,10814.0,146.13513513513513,2.2385217655192426,60,15890.0,0.09220478670529772,60,15890.0
685.0,64,11125.0,146.3815789473684,2.0044409163535275,64,16201.0,0.07815018101677138,64,16201.0
690.0,58,11383.0,155.93150684931507,1.470975409173144,58,16484.0,0.06371424621544046,58,16484.0
695.0,58,11673.0,153.5921052631579,2.505676017686735,58,16749.0,0.09782045970478938,58,16749.0
700.0,59,11966.0,157.44736842105263,2.7567641835563075,59,17042.0,0.08534332915151555,59,17042.0
705.0,55,11561.0,154.14666666666668,2.3770655310571502,55,16419.0,0.08959043977901077,55,16419.0
710.0,49,10458.0,145.25,2.3782050997627335,49,14932.0,0.10049414640662267,49,14932.0
715.0,44,9478.0,126.37333333333333,3.4466513780976022,44,13173.0,0.140949029154688,44,13173.0
720.0,33,8555.0,120.49295774647888,2.963139356990616,33,13342.0,0.13057170394781115,33,13342.0
725.0,35,7919.0,104.19736842105263,4.094873192902482,35,13481.0,0.207520877945293,35,13481.0
730.0,40,8109.0,109.58108108108108,3.4530849940149317,40,13665.0,0.12950730511599592,40,13665.0
735.0,51,8345.0,104.3125,2.860714035714486,51,13901.0,0.10394686944712468,51,13901.0
740.0,58,8618.0,113.39473684210526,1.6946648031090792,58,14175.0,0.08162722131976902,58,14175.0
745.0,67,8927.0,108.86585365853658,1.7992227803236323,67,14486.0,0.08158774943555952,67,14486.0
750.0,70,9273.0,115.9125,1.55044991963828,70,14833.0,0.07221667736409548,70,14833.0
755.0,70,9623.0,114.55952380952381,1.7908687714149152,70,15183.0,0.05647991968701454,70,15183.0
760.0,67,9682.0,118.07317073170732,1.6894658462359775,67,15416.0,0.08139661692846371,67,15416.0
765.0,63,9893.0,117.77380952380952,2.0795219125577176,63,15528.0,0.08547574762200238,63,15528.0
770.0,65,10217.0,120.2,2.734285679152734,65,15777.0,0.09445016522114298,65,15777.0
775.0,62,10486.0,121.93023255813954,2.3710208582621477,62,16071.0,0.08562616060327767,62,16071.0
780.0,62,10796.0,133.28395061728395,2.5108935460630875,62,16356.0,0.08090373434980791,62,16356.0
785.0,64,11111.0,133.86746987951807,2.859831121065007,64,16671.0,0.0985092778796811,64,16671.0
790.0,64,11431.0,144.69620253164558,2.1852992743851414,64,16991.0,0.0667491929547648,64,16991.0
795.0,60,11682.0,142.46341463414635,2.37219420059905,60,17266.0,0.133826568698629,60,17266.0
800.0,64,11992.0,153.74358974358975,1.901727773436881,64,17552.0,0.07876190302465817,64,17552.0
805.0,66,12322.0,146.6904761904762,2.2631581021958094,66,17882.0,0.10186340149981851,66,17882.0
810.0,64,12606.0,157.575,1.7805500272290502,64,18191.0,0.08614730765789154,64,18191.0
815.0,62,12912.0,157.46341463414635,2.456152506100156,62,18476.0,0.10691929095836894,62,18476.0
820.0,63,13223.0,161.2560975609756,2.7875036790377763,63,18783.0,0.07644480314754502,63,18783.0
825.0,58,12915.0,159.44444444444446,2.6169604056127844,58,18146.0,0.11067344256175389,58,18146.0
830.0,51,12277.0,159.44155844155844,2.524601255316505,51,16931.0,0.119608172847377,51,16931.0
835.0,46,11637.0,149.19230769230768,3.5134709662093178,46,15139.0,0.13480262557796127,46,15139.0
840.0,36,10841.0,142.64473684210526,3.2209341343341644,36,15323.0,0.1496798105377932,36,15323.0
845.0,38,10636.0,139.94736842105263,3.8189014570708233,38,15480.0,0.18366432706533437,38,15480.0
850.0,45,10845.0,139.03846153846155,3.5697509502634692,45,15685.0,0.1318183681838513,45,15685.0
855.0,54,11095.0,135.3048780487805,2.9837088011433135,54,15935.0,0.12037211407976588,54,15935.0
860.0,58,11375.0,143.9873417721519,1.8442381041050175,58,16218.0,0.07708126768527417,58,16218.0
865.0,66,11687.0,140.80722891566265,1.7708362688125487,66,16530.0,0.08499085594367131,66,16530.0
870.0,72,12041.0,143.3452380952381,1.6190356953675704,72,16884.0,0.07226591679803088,72,16884.0
875.0,76,12413.0,149.55421686746988,1.0720097383352085,76,17256.0,0.045767126318419234,76,17256.0
880.0,76,12793.0,145.375,1.654195834705243,76,17636.0,0.06290620189751205,76,17636.0
885.0,70,12844.0,149.34883720930233,1.5126678945022496,70,17879.0,0.058813131121337715,70,17879.0
890.0,65,13034.0,146.4494382022472,2.2520577454007844,65,18018.0,0.10359657254460188,65,18018.0
895.0,68,13372.0,151.95454545454547,2.5898472591208868,68,18219.0,0.07654585851453036,68,18219.0
900.0,66,13677.0,153.67415730337078,2.0786283312159592,66,18541.0,0.056358722915726356,66,18541.0
905.0,68,14015.0,164.88235294117646,2.358754269727222,68,18862.0,0.08304235029233387,68,18862.0
910.0,68,14355.0,166.91860465116278,2.5947774159126653,68,19202.0,0.06314663794551732,68,19202.0
915.0,70,14701.0,177.12048192771084,1.9383283897539918,70,19548.0,0.07051584137315402,70,19548.0
920.0,70,15051.0,181.33734939759037,1.8877253514846701,70,19898.0,0.08790498419101081,70,19898.0
925.0,67,15279.0,186.32926829268294,1.4702853924171317,67,20190.0,0.08022096344284656,67,20190.0
930.0,68,15612.0,181.53488372093022,2.117023353447418,68,20456.0,0.0830690990222737,68,20456.0
935.0,70,15960.0,190.0,1.9703662807553133,70,20803.0,0.07274821802269472,70,20803.0
940.0,67,16240.0,184.54545454545453,1.8636844463981381,67,21119.0,0.09689672321414267,67,21119.0
945.0,68,16570.0,197.26190476190476,1.9001749754185226,68,21417.0,0.08824190447280705,68,21417.0
950.0,70,16912.0,187.9111111111111,2.716856062186569,70,21755.0,0.09938864562325934,70,21755.0
955.0,70,17262.0,205.5,2.0611105486641565,70,22105.0,0.07441194474007996,70,22105.0
960.0,65,12362.0,143.74418604651163,1.8123486101819666,65,20558.0,0.07165511738299342,65,20558.0
965.0,60,6766.0,80.54761904761905,2.3412655178317614,60,17518.0,0.10466988827548082,60,17518.0
970.0,53,4853.0,56.43023255813954,3.228626676581897,53,13824.0,0.12743900086506005,53,13824.0
975.0,50,4796.0,56.423529411764704,3.1992562200033956,50,14054.0,0.14945858388410116,50,14054.0
980.0,53,5046.0,60.07142857142857,2.9485367648462164,53,14278.0,0.12097502947080065,53,14278.0
985.0,62,5334.0,65.04878048780488,2.81721798291286,62,14561.0,0.08145516669345916,62,14561.0
990.0,64,5654.0,68.95121951219512,2.781782185657027,64,14881.0,0.10988474734277004,64,14881.0
995.0,64,5974.0,77.58441558441558,1.879094633863711,64,15201.0,0.05865370978329591,64,15201.0
1000.0,66,6302.0,79.77215189873418,2.0671953130085026,66,15529.0,0.10837319024845374,66,15529.0
1005.0,66,6632.0,85.02564102564102,1.7924847481686936,66,15859.0,0.062183966809163445,66,15859.0
1010.0,62,5951.0,73.46913580246914,2.1233626532761396,62,15170.0,0.10765189606678552,62,15170.0
1015.0,56,4590.0,57.375,2.3029933763696233,56,13757.0,0.10998415249176427,56,13757.0
1020.0,52,3553.0,43.329268292682926,3.326039534710901,52,11645.0,0.12400823577204513,52,11645.0
1025.0,40,2289.0,27.914634146341463,3.3290967286074666,40,11848.0,0.16184670250014108,40,11848.0
1030.0,42,1689.0,21.653846153846153,3.1476752892508455,42,12026.0,0.15866689619554508,42,12026.0
1035.0,50,1922.0,22.88095238095238,3.3545321489069986,50,12259.0,0.12818381339015192,50,12259.0
1040.0,55,2186.0,25.71764705882353,2.0995702851895537,55,12523.0,0.09442277535019687,55,12523.0
1045.0,64,2494.0,28.34090909090909,1.9242204979978041,64,12831.0,0.07136412985269641,64,12831.0
1050.0,71,2837.0,32.98837209302326,1.313097084660978,71,13176.0,0.05760242562479322,71,13176.0
1055.0,78,3216.0,36.96551724137931,1.2727970351426368,78,13555.0,0.0426728714353295,78,13555.0
1060.0,78,3606.0,40.97727272727273,1.4652844569531984,78,13945.0,0.05221929927864512,78,13945.0
1065.0,79,3998.0,43.934065934065934,1.4667011710504718,79,14337.0,0.04938585328719114,79,14337.0
1070.0,80,4398.0,49.41573033707865,1.2779190548209884,80,14737.0,0.06290498808871567,80,14737.0
1075.0,80,4798.0,52.15217391304348,1.2797444146184955,80,15137.0,0.05655779203265641,80,15137.0
1080.0,82,5207.0,57.855555555555554,1.1518369284937495,82,15546.0,0.042888550776742786,82,15546.0
1085.0,77,4805.0,50.052083333333336,1.5434355363800971,77,15658.0,0.07835728574286092,77,15658.0
1090.0,72,4259.0,44.83157894736842,1.902761010479059,72,15405.0,0.06515497150573057,72,15405.0
1095.0,66,4237.0,42.7979797979798,2.6915361625382594,66,15245.0,0.10309980049929462,66,15245.0
1100.0,60,4445.0,46.302083333333336,2.4887046812380684,60,15534.0,0.10253605707921574,60,15534.0
1105.0,66,4758.0,49.5625,2.6813308716588438,66,15829.0,0.11604262851036823,66,15829.0
1110.0,72,5104.0,54.88172043010753,2.3482375229163837,72,16171.0,0.0652356849009143,72,16171.0
1115.0,78,5482.0,59.58695652173913,1.945808639346304,78,16549.0,0.0395399765866898,78,16549.0
1120.0,78,5872.0,65.97752808988764,1.578898209757676,78,16939.0,0.0636234763761651,78,16939.0
1125.0,74,6117.0,69.51136363636364,0.9352361131142612,74,17109.0,0.05745395085570551,74,17109.0
1130.0,68,6271.0,69.67777777777778,2.0409034742806282,68,17106.0,0.09428100277806462,68,17106.0
1135.0,63,6501.0,69.15957446808511,2.7585172906827893,63,17061.0,0.09911228040022269,63,17061.0
1140.0,61,6767.0,75.18888888888888,2.38145589993626,61,17355.0,0.0946675844705931,61,17355.0
1145.0,66,7079.0,77.79120879120879,2.3245807137396985,66,17646.0,0.09578714338888832,66,17646.0
1150.0,71,7427.0,84.39772727272727,2.324135333110566,71,17987.0,0.051033501386926944,71,17987.0
1155.0,72,7786.0,84.6304347826087,2.801908850554778,72,18346.0,0.11330279730746458,72,18346.0
1160.0,72,8146.0,93.63218390804597,1.8300524188880232,72,18706.0,0.06321900029043748,72,18706.0
1165.0,70,8372.0,94.06741573033707,1.7786019347365434,70,18944.0,0.09480376364837367,70,18944.0
1170.0,64,8524.0,99.11627906976744,2.1411655889137515,64,19089.0,0.10203559188270186,64,19089.0
1175.0,64,8844.0,98.26666666666667,2.774988695103406,64,19231.0,0.10365649968022111,64,19231.0
1180.0,64,9124.0,103.68181818181819,2.1602889856767455,64,19534.0,0.08231412275320936,64,19534.0
1185.0,66,9443.0,108.54022988505747,2.4065937010510323,66,19834.0,0.10126821803541168,66,19834.0
1190.0,68,9777.0,113.68604651162791,2.6797762489466805,68,20164.0,0.07323295949601416,68,20164.0
1195.0,68,10117.0,121.89156626506023,2.299419956785226,68,20504.0,0.08850984576695012,68,20504.0
1200.0,64,10344.0,127.70370370370371,1.6671890817381017,64,20762.0,0.05750255569845325,64,20762.0
1205.0,62,10630.0,131.23456790123456,2.494186876417654,62,20993.0,0.11054997240570823,62,20993.0
1210.0,65,10951.0,133.5487804878049,2.494364067107535,65,21290.0,0.07430782446686755,65,21290.0
1215.0,66,11281.0,134.29761904761904,2.2241267509888223,66,21620.0,0.07259780214350751,66,21620.0
1220.0,64,11529.0,144.1125,1.7579165291930665,64,21913.0,0.08328031825567163,64,21913.0
1225.0,60,11817.0,147.7125,2.2488378144084793,60,22170.0,0.10886084436228187,60,22170.0
1230.0,62,12123.0,144.32142857142858,3.060106545501243,62,22462.0,0.10167427080242053,62,22462.0
1235.0,64,12441.0,157.48101265822785,2.388585240525645,64,22780.0,0.07182538835083724,64,22780.0
1240.0,61,11482.0,143.525,2.0910174331118476,61,21877.0,0.08596684941562811,61,21877.0
1245.0,53,9675.0,127.30263157894737,2.433367874474621,53,20139.0,0.10853883878735901,53,20139.0
1250.0,48,8058.0,99.48148148148148,3.4087655373250434,48,17576.0,0.13182923501938135,48,17576.0
1255.0,40,6783.0,88.0909090909091,3.1252927657381595,40,17772.0,0.136917572610811,40,17772.0
1260.0,38,5730.0,74.41558441558442,3.512041702280628,38,17927.0,0.15961555354697218,38,17927.0
1265.0,45,5941.0,75.20253164556962,3.490427983231166,45,18133.0,0.13251305677771555,45,18133.0
1270.0,51,6183.0,76.33333333333333,2.835755513457268,51,18375.0,0.09520841796087195,51,18375.0
1275.0,60,6467.0,79.8395061728395,1.9408160392937204,60,18659.0,0.08156112854192454,60,18659.0
1280.0,67,6784.0,82.73170731707317,1.4700108443661573,67,18978.0,0.07496022681999118,67,18978.0
1285.0,74,7142.0,85.02380952380952,1.6013697468504413,74,19337.0,0.0729697780089229,74,19337.0
1290.0,70,7305.0,84.94186046511628,1.5051096754987427,70,18697.0,0.08154655683788688,70,18697.0
1295.0,63,7344.0,87.42857142857143,1.8922468159033783,63,17026.0,0.07145681862356089,63,17026.0
1300.0,58,7430.0,80.76086956521739,3.3588049030579032,58,15350.0,0.13829155549525968,58,15350.0
1305.0,48,7403.0,85.0919540229885,2.976535891448727,48,15192.0,0.13262048969568124,48,15192.0
1310.0,48,7503.0,85.26136363636364,3.3740639889461903,48,15384.0,0.1713393058752335,48,15384.0
1315.0,54,7760.0,87.19101123595506,2.950613454500539,54,15637.0,0.11284054908713452,54,15637.0
1320.0,63,8057.0,87.57608695652173,2.2921568574758213,63,15934.0,0.0997721836168817,63,15934.0
1325.0,69,8385.0,90.16129032258064,1.865701925122955,69,16262.0,0.0782403038789247,69,16262.0
1330.0,71,6622.0,69.70526315789473,1.4827440792798816,71,14868.0,0.06601552213473905,71,14868.0
1335.0,71,3483.0,37.0531914893617,1.9242349192729626,71,12160.0,0.09126665429407446,71,12160.0
1340.0,67,2123.0,21.663265306122447,2.5958048505850653,67,8969.0,0.09037371116687996,67,8969.0
1345.0,64,2328.0,24.0,2.7057145820778303,64,9273.0,0.1244250160286458,64,9273.0
1350.0,66,2643.0,27.53125,2.302397064890443,66,9567.0,0.08450088638237024,66,9567.0
1355.0,75,3002.0,32.630434782608695,2.2495642204470254,75,9923.0,0.043841962594789036,75,9923.0
1360.0,76,3382.0,36.365591397849464,2.2375982227690123,76,10303.0,0.09647115085468864,76,10303.0
1365.0,78,3765.0,43.275862068965516,1.2962464101009985,78,10686.0,0.04159455848767781,78,10686.0
1370.0,72,3366.0,36.58695652173913,2.029394295323867,72,10784.0,0.10393016061857512,72,10784.0
1375.0,67,2813.0,31.255555555555556,1.915658997338036,67,10626.0,0.09130357041415103,67,10626.0
1380.0,60,2758.0,29.97826086956522,2.6849751736688163,60,10340.0,0.09831951962154713,60,10340.0
1385.0,58,2998.0,31.893617021276597,2.797253808892627,58,10615.0,0.12025823225759472,58,10615.0
1390.0,61,3288.0,36.53333333333333,2.5357412103726635,61,10886.0,0.09721493624361807,61,10886.0
1395.0,68,3614.0,40.15555555555556,2.6604404505495696,68,11208.0,0.07333410318470547,68,11208.0
1400.0,72,3969.0,45.10227272727273,2.0598364050679616,72,11563.0,0.0631294996667873,72,11563.0
1405.0,74,4336.0,51.01176470588236,1.5451679013900295,74,11930.0,0.06464469759275324,74,11930.0
1410.0,68,4560.0,54.285714285714285,1.582865824700918,68,12084.0,0.06743590836291762,68,12084.0
1415.0,60,4677.0,55.67857142857143,2.1038455829444485,60,12060.0,0.09715993149881783,60,12060.0
1420.0,57,4894.0,56.906976744186046,3.108292290423783,57,12006.0,0.11455201863193047,57,12006.0
1425.0,58,5156.0,59.95348837209303,2.5219479875807833,58,12280.0,0.10635186182337995,58,12280.0
1430.0,62,5451.0,64.89285714285714,2.238620875790169,62,12564.0,0.07170751448910037,62,12564.0
1435.0,66,5775.0,68.75,2.7614681653690605,66,12887.0,0.07380786392752349,66,12887.0
1440.0,61,5307.0,65.51851851851852,2.2621079668871222,61,12313.0,0.06199676780388119,61,12313.0
1445.0,54,4306.0,52.51219512195122,2.7105730756595676,54,11138.0,0.1317174979427181,54,11138.0
1450.0,49,3428.0,42.85,3.2227708034226006,49,9222.0,0.11155337932641432,49,9222.0
1455.0,40,2624.0,32.0,3.4886153402584994,40,9430.0,0.17068259773887362,40,9430.0
1460.0,43,2210.0,29.466666666666665,3.101116721270047,43,9622.0,0.15100722917154027,43,9622.0
1465.0,50,2448.0,29.142857142857142,3.4116266497591683,50,9860.0,0.1250440317049198,50,9860.0
1470.0,50,2450.0,29.878048780487806,2.4487985410948654,50,9963.0,0.10037244315053868,50,9963.0
1475.0,50,2342.0,27.88095238095238,2.3630932351221916,50,9961.0,0.0975782224202423,50,9961.0
1480.0,58,2579.0,29.988372093023255,3.192261822751756,58,9952.0,0.12717746838613264,58,9952.0
1485.0,58,2846.0,33.093023255813954,2.2930316382157,58,10232.0,0.08510266152251636,58,10232.0
1490.0,63,3151.0,37.51190476190476,2.5260743910479886,63,10524.0,0.08297096964655361,63,10524.0
1495.0,66,3479.0,40.92941176470588,2.7689065768544325,66,10852.0,0.10299540655469751,66,10852.0
1500.0,67,3810.0,47.625,1.9247398240102052,67,11183.0,0.051543866742455674,67,11183.0
1505.0,68,4149.0,51.22222222222222,2.0503817933411557,68,11522.0,0.10837053339534589,68,11522.0
1510.0,63,4344.0,55.69230769230769,1.4715306290357903,63,11737.0,0.06149783910275939,63,11737.0
1515.0,57,4530.0,53.294117647058826,2.696821071314455,57,11870.0,0.12755550351572328,57,11870.0
1520.0,61,4832.0,58.21686746987952,2.9177013265686607,61,12060.0,0.09647527808270871,61,12060.0
1525.0,59,5092.0,59.90588235294118,2.6031791614126365,59,12342.0,0.1042092604887955,59,12342.0
1530.0,62,5401.0,67.5125,2.650624132677188,62,12629.0,0.10159808419053941,62,12629.0
1535.0,62,5711.0,70.50617283950618,2.7958258804034823,62,12939.0,0.08212889129804403,62,12939.0
1540.0,60,5523.0,70.8076923076923,2.1895808950436337,60,12566.0,0.08583966508215422,60,12566.0
1545.0,50,4987.0,63.93589743589744,2.9089627491388663,50,11899.0,0.13321240463870967,50,11899.0
1550.0,48,4603.0,59.01282051282051,3.5491004245065993,48,10750.0,0.139570752361494,48,10750.0
1555.0,34,4059.0,53.4078947368421,3.32572896963917,34,10924.0,0.1587378482122011,34,10924.0
1560.0,35,3842.0,52.63013698630137,3.4285999831097853,35,11065.0,0.1595273755973336,35,11065.0
1565.0,44,4047.0,51.88461538461539,3.6532765406749195,44,11270.0,0.1591432134826327,44,11270.0
1570.0,49,4282.0,55.61038961038961,2.554672689187485,49,11506.0,0.09349296649859258,49,11506.0
1575.0,59,4559.0,56.9875,2.054879556956158,59,11784.0,0.09430315567116805,59,11784.0
1580.0,60,4563.0,57.0375,1.246308317070305,60,11974.0,0.06863718746782459,60,11974.0
1585.0,61,4737.0,57.0722891566265,2.207894043531235,61,12087.0,0.11071410457771629,61,12087.0
1590.0,63,5049.0,58.03448275862069,2.921455350301078,63,12271.0,0.10698479815292625,63,12271.0
1595.0,63,5323.0,63.36904761904762,2.137635562986312,63,12568.0,0.06535308718443282,63,12568.0
1600.0,64,5631.0,67.03571428571429,2.3875038947576903,64,12860.0,0.10074125426880567,64,12860.0
1605.0,64,5951.0,73.46913580246914,2.6396452104955817,64,13173.0,0.08014198458172377,64,13173.0
1610.0,60,5952.0,71.71084337349397,2.270055740184193,60,12944.0,0.08779058731578085,60,12944.0
1615.0,54,5744.0,73.64102564102564,2.4371570857765668,54,12211.0,0.10281260154819608,54,12211.0
1620.0,46,5523.0,69.0375,3.223427725389461,46,10940.0,0.10831939259167168,46,10940.0
1625.0,39,5366.0,68.7948717948718,3.3034285539197916,39,11133.0,0.14655892811058507,39,11133.0
1630.0,38,5314.0,69.92105263157895,3.4807849299423417,38,11280.0,0.16889375331969927,38,11280.0
1635.0,45,5526.0,69.075,3.479111060211339,45,11483.0,0.12297528513109016,45,11483.0
1640.0,49,5537.0,67.52439024390245,2.484230675742549,49,11634.0,0.10283813750194212,49,11634.0
1645.0,53,5727.0,69.0,2.801510386995326,53,11744.0,0.11532409047929386,53,11744.0
1650.0,61,6012.0,69.90697674418605,2.6540008458115483,61,11970.0,0.08585147721711262,61,11970.0
1655.0,68,6346.0,76.4578313253012,2.1488167337058295,68,12305.0,0.042251738688787184,68,12305.0
1660.0,64,6586.0,77.48235294117647,2.1025886239799183,64,12602.0,0.09668278288640801,64,12602.0
1665.0,62,6863.0,85.7875,2.185072272622892,62,12853.0,0.09888908964965218,62,12853.0
1670.0,63,7174.0,83.4186046511628,3.2028002205369566,63,13133.0,0.11221802895617014,63,13133.0
1675.0,64,7494.0,91.39024390243902,2.755189330719596,64,13453.0,0.07735594922434415,64,13453.0
1680.0,58,7488.0,93.6,2.204277145993173,58,13152.0,0.09363051570737772,58,13152.0
1685.0,54,7269.0,93.1923076923077,2.678185345912024,54,12719.0,0.11387790364041028,54,12719.0
1690.0,48,7138.0,89.225,3.314457545319982,48,11926.0,0.11805770267627708,48,11926.0
1695.0,40,6938.0,88.94871794871794,3.5607290053887195,40,12126.0,0.1604508094564684,40,12126.0
1700.0,37,6839.0,91.18666666666667,3.460993533384695,37,12277.0,0.18351450688094512,37,12277.0
1705.0,45,7040.0,88.0,3.5236750310961504,45,12470.0,0.1475930203103292,45,12470.0
1710.0,45,7108.0,85.63855421686748,3.272124888370859,45,12625.0,0.1517583877178361,45,12625.0
1715.0,53,7337.0,90.58024691358025,2.5658049609727014,53,12780.0,0.09071062787622004,53,12780.0
1720.0,61,7630.0,88.72093023255815,2.401583999397268,61,13062.0,0.07500400833995655,61,13062.0
1725.0,64,7914.0,95.34939759036145,2.1008667373779835,64,13369.0,0.08045342295570568,64,13369.0
1730.0,62,8219.0,99.02409638554217,2.5346410224726497,62,13656.0,0.12121785177727612,62,13656.0
1735.0,64,8538.0,101.64285714285714,2.798689605330244,64,13970.0,0.07993749860421138,64,13970.0
1740.0,60,8597.0,106.1358024691358,2.328348197226405,60,13855.0,0.08560913233835718,60,13855.0
1745.0,55,8529.0,104.01219512195122,2.738080468854745,55,13590.0,0.10881886419798767,55,13590.0
1750.0,48,8451.0,105.6375,3.6026538850652847,48,13062.0,0.1433397010017633,48,13062.0
1755.0,37,8237.0,102.9625,3.496217890389123,37,13226.0,0.1691966814249072,37,13226.0
1760.0,41,8293.0,109.11842105263158,3.1035670099849884,41,13399.0,0.1484564672003608,41,13399.0
1765.0,52,8535.0,105.37037037037037,2.8672429165386033,52,13642.0,0.12330114927037841,52,13642.0
1770.0,52,8675.0,107.09876543209876,1.6889477416157612,52,13858.0,0.07065210596530828,52,13858.0
1775.0,52,8854.0,105.4047619047619,2.190554636428014,52,14046.0,0.11219496519743316,52,14046.0
1780.0,61,9140.0,103.86363636363636,2.7306646401167662,61,14263.0,0.0807075636536046,61,14263.0
1785.0,66,9466.0,107.56818181818181,3.131754979008393,66,14574.0,0.10689167186626213,66,14574.0
1790.0,68,9799.0,116.6547619047619,2.428132103010038,68,14907.0,0.06466865785128754,68,14907.0
1795.0,68,10139.0,123.64634146341463,2.1325239386728025,68,15247.0,0.07277250871096826,68,15247.0
1800.0,64,10413.0,133.5,1.6412802162316718,64,15540.0,0.06693851454211396,64,15540.0
1805.0,64,10733.0,127.77380952380952,2.2434900945714604,64,15841.0,0.08197395629014843,64,15841.0
1810.0,70,11078.0,135.09756097560975,1.756484013548872,70,16186.0,0.060310499188898255,70,16186.0
1815.0,68,11394.0,135.64285714285714,1.3886852584903855,68,16519.0,0.0730156240374581,68,16519.0
1820.0,68,11733.0,143.08536585365854,1.9497462145950855,68,16842.0,0.07856224371880659,68,16842.0
1825.0,68,12073.0,137.1931818181818,2.716787921901206,68,17181.0,0.09639541342946142,68,17181.0
1830.0,70,12420.0,153.33333333333334,1.762748437535424,70,17528.0,0.0765025222934859,70,17528.0
1835.0,64,9838.0,119.97560975609755,1.4730307964709959,64,15992.0,0.08022206535657918,64,15992.0
1840.0,60,5354.0,64.50602409638554,2.349694240529685,60,12237.0,0.10167525222960565,60,12237.0
1845.0,53,3348.0,38.93023255813954,3.283290284745841,53,9277.0,0.13053908115208634,53,9277.0
1850.0,49,3174.0,37.785714285714285,3.3604750488912654,49,8946.0,0.15784296883318574,49,8946.0
1855.0,55,3428.0,41.30120481927711,2.7169547839502846,55,9134.0,0.09970598693455451,55,9134.0
1860.0,63,3729.0,47.20253164556962,2.109536441728755,63,9434.0,0.04384954625817955,63,9434.0
1865.0,62,3901.0,48.160493827160494,2.094244733421066,62,9699.0,0.08387919628401673,62,9699.0
1870.0,54,4085.0,53.75,2.121616753790949,54,9892.0,0.08150586367083337,54,9892.0
1875.0,54,4345.0,52.34939759036145,3.711460651933661,54,10071.0,0.15288811240307293,54,10071.0
1880.0,55,4619.0,59.217948717948715,3.5906415491399524,55,10324.0,0.11859235952482867,55,10324.0
1885.0,51,4127.0,52.24050632911393,2.9128906162521644,51,10080.0,0.10967915667697975,51,10080.0
1890.0,49,3136.0,42.95890410958904,3.118637158785905,49,9282.0,0.12084336641737975,49,9282.0
1895.0,41,2262.0,30.16,3.664419683303739,41,8465.0,0.13470518563073658,41,8465.0
1900.0,33,1299.0,18.041666666666668,3.6886193886490313,33,8632.0,0.17896529671914532,33,8632.0
1905.0,29,942.0,13.457142857142857,3.6432259156054148,29,8732.0,0.19590889850835566,29,8732.0
1910.0,37,1112.0,14.826666666666666,4.149145880823042,37,8881.0,0.17271741606314595,37,8881.0
1915.0,42,1149.0,15.32,2.995937461674215,42,9006.0,0.14230064857875485,42,9006.0
1920.0,50,1361.0,18.14666666666667,2.471549683222429,50,9139.0,0.0873693037827902,50,9139.0
1925.0,56,1630.0,20.632911392405063,2.4621300371238846,56,9402.0,0.0757331421202638,56,9402.0
1930.0,59,1857.0,23.807692307692307,2.3279446588540194,59,9672.0,0.08989516531347029,59,9672.0
1935.0,56,2122.0,27.92105263157895,2.3243336609022065,56,9907.0,0.1004435453040883,56,9907.0
1940.0,57,2407.0,31.25974025974026,3.1881583646381575,57,10179.0,0.10633344271390728,57,10179.0
1945.0,56,2673.0,34.714285714285715,2.7319631285427874,56,10445.0,0.10706045434371933,56,10445.0
1950.0,60,2964.0,39.52,2.354542917166131,60,10736.0,0.10225510668534875,60,10736.0
1955.0,63,3272.0,44.821917808219176,1.4728629174939318,63,11044.0,0.04422335621108285,63,11044.0
1960.0,62,3520.0,46.93333333333333,1.5845874684834484,62,11332.0,0.09054604671848113,62,11332.0
1965.0,58,3800.0,50.666666666666664,2.1280833262149645,58,11584.0,0.07535750367059219,58,11584.0
1970.0,59,4092.0,51.15,3.2121818314561255,59,11864.0,0.10346782666422762,59,11864.0
1975.0,60,4391.0,59.33783783783784,2.5249550891420034,60,12163.0,0.0675872503202716,60,12163.0
1980.0,60,4691.0,63.391891891891895,2.117878027145947,60,12463.0,0.06801482413196226,60,12463.0
1985.0,57,4934.0,69.49295774647888,1.897409742750813,57,12725.0,0.091775377635929,57,12725.0
1990.0,58,5220.0,70.54054054054055,2.150705527448134,58,12992.0,0.08146937282802078,58,12992.0
1995.0,61,5522.0,74.62162162162163,2.192922142392509,61,13294.0,0.08036969665434095,61,13294.0
2000.0,63,5831.0,77.74666666666667,1.6519421872824886,63,13603.0,0.0745740753438036,63,13603.0
2005.0,59,6083.0,83.32876712328768,1.4229352101632189,59,13890.0,0.08547430882349293,59,13890.0
2010.0,59,6366.0,82.67532467532467,2.4115540412990892,59,14142.0,0.09990486401951512,59,14142.0
2015.0,59,6661.0,86.50649350649351,2.7946985742100883,59,14433.0,0.059951127873229544,59,14433.0
2020.0,61,6963.0,87.0375,3.030866455894949,61,14735.0,0.09866710489624429,61,14735.0
2025.0,62,7269.0,96.92,2.033440954731165,62,15041.0,0.07821432834105364,62,15041.0
2030.0,59,7509.0,100.12,1.664573923345052,59,15304.0,0.1092745416569761,59,15304.0
2035.0,63,7812.0,104.16,2.0583198335921065,63,15584.0,0.08332014267740606,63,15584.0
2040.0,64,8128.0,102.88607594936708,2.0034157274611664,64,15900.0,0.06628123180710169,64,15900.0
2045.0,67,8461.0,109.88311688311688,1.6662791375471215,67,16233.0,0.07387869045594793,67,16233.0
2050.0,69,8799.0,112.8076923076923,1.1311190310028443,69,16571.0,0.06954678333879395,69,16571.0
2055.0,66,9033.0,114.34177215189874,1.2203991730470742,66,16872.0,0.06731264920268891,66,16872.0
2060.0,60,9285.0,111.86746987951807,2.2459871565827823,60,17113.0,0.09988331592345279,60,17113.0
2065.0,60,9585.0,114.10714285714286,3.0594117657870417,60,17359.0,0.10301189515968497,60,17359.0
2070.0,62,9894.0,117.78571428571429,3.347192667022389,62,17666.0,0.11949302636075426,62,17666.0
2075.0,62,10204.0,130.82051282051282,2.4677718417177923,62,17976.0,0.06293105146484146,62,17976.0
2080.0,64,10521.0,133.1772151898734,2.3477626470345516,64,18293.0,0.10588241327486024,64,18293.0
2085.0,64,10841.0,144.54666666666665,1.700546635790829,64,18613.0,0.06290168379868326,64,18613.0
2090.0,66,11165.0,139.5625,2.1736714859476804,66,18937.0,0.11904880156643861,66,18937.0
2095.0,66,11495.0,147.37179487179486,1.6193428063187898,66,19267.0,0.07830385438860675,66,19267.0
2100.0,63,11663.0,145.7875,1.8602604594403203,63,19522.0,0.08876755275355236,63,19522.0
2105.0,63,11956.0,147.60493827160494,2.149888232509956,63,19743.0,0.09066952266829098,63,19743.0
2110.0,65,12280.0,149.7560975609756,2.4236597724814666,65,20052.0,0.08383040339563076,65,20052.0
2115.0,63,12567.0,155.14814814814815,1.7224075708108766,63,20357.0,0.0816786395674273,63,20357.0
2120.0,63,12879.0,163.0253164556962,2.083893195691109,63,20653.0,0.10282589447140683,63,20653.0
2125.0,63,13194.0,158.96385542168676,2.7428769529756676,63,20966.0,0.08078068913834528,63,20966.0
2130.0,65,13517.0,173.2948717948718,2.0733052228186626,65,21289.0,0.07615155336714384,65,21289.0
2135.0,65,13842.0,175.21518987341773,1.9445822476399253,65,21614.0,0.054441294226106524,65,21614.0
2140.0,61,14089.0,182.97402597402598,1.872497912354827,61,21890.0,0.08775506965406889,61,21890.0
2145.0,62,14395.0,179.9375,2.284161749557879,62,22167.0,0.08422818035164574,62,22167.0
2150.0,65,14718.0,186.30379746835442,1.9820520379608786,65,22490.0,0.06256089043073929,65,22490.0
2155.0,69,15053.0,190.54430379746836,1.53472222626398,69,22825.0,0.07233393061903758,69,22825.0
2160.0,63,15321.0,198.97402597402598,1.140094655113931,63,23133.0,0.05170099031284487,63,23133.0
2165.0,63,15620.0,188.19277108433735,2.3234445150520298,63,23404.0,0.1151731990355118,63,23404.0
2170.0,65,15939.0,192.03614457831324,2.7032745758130505,65,23711.0,0.07344798879311322,65,23711.0
2175.0,60,14621.0,174.0595238095238,2.367469931026273,60,23068.0,0.0955820766179167,60,23068.0
2180.0,56,12490.0,158.1012658227848,2.5571210630445678,56,21206.0,0.10459210688110754,56,21206.0
2185.0,49,10337.0,124.5421686746988,3.578742903707914,49,19333.0,0.15928821025850212,49,19333.0
2190.0,40,8107.0,102.62025316455696,3.055481845258487,40,19530.0,0.15527278004215145,40,19530.0
2195.0,40,6964.0,89.28205128205128,3.5224211985190776,40,19683.0,0.17279476976027472,40,19683.0
2200.0,48,7185.0,88.70370370370371,3.545595346777586,48,19901.0,0.13343071489415248,48,19901.0
2205.0,53,7437.0,88.53571428571429,2.7171320993336643,53,20154.0,0.09876517188346187,53,20154.0
2210.0,56,7511.0,91.59756097560975,2.013608681554454,56,20342.0,0.08846248739587799,56,20342.0
2215.0,60,7761.0,89.20689655172414,2.5715759560281697,60,20516.0,0.10941184435820032,60,20516.0
2220.0,67,8088.0,97.44578313253012,2.31338091573496,67,20811.0,0.05452834249653359,67,20811.0
2225.0,68,8424.0,97.95348837209302,2.074170293810417,68,21147.0,0.07842925813927812,68,21147.0
2230.0,65,8707.0,106.1829268292683,1.7500601171716017,65,21459.0,0.08131420221151969,65,21459.0
2235.0,64,9017.0,106.08235294117647,2.4802458077022806,64,21742.0,0.11761395084800637,64,21742.0
2240.0,67,9344.0,109.92941176470588,2.72725584929628,67,22067.0,0.07527198234406163,67,22067.0
2245.0,67,9679.0,112.54651162790698,2.515955921478701,67,22402.0,0.08914265850387258,67,22402.0
2250.0,66,9984.0,123.25925925925925,1.9760951477573359,66,22711.0,0.0848847457934083,66,22711.0
2255.0,66,10314.0,127.33333333333333,2.1476477088124075,66,23037.0,0.10108390055293573,66,23037.0
2260.0,69,10649.0,129.8658536585366,1.8100118448630194,69,23372.0,0.0721355008863561,69,23372.0
2265.0,66,10959.0,132.03614457831324,1.629149352414218,66,23696.0,0.08664850965713417,66,23696.0
2270.0,66,11284.0,137.609756097561,1.998677639083951,66,24008.0,0.08540870311171511,66,24008.0
2275.0,67,11619.0,138.32142857142858,2.553618334034571,67,24342.0,0.08807883759384678,67,24342.0
2280.0,61,11415.0,139.20731707317074,1.9215198837192633,61,23640.0,0.0669235174982381,61,23640.0
2285.0,56,10859.0,134.06172839506172,2.571756991678811,56,22030.0,0.11830476559151402,56,22030.0
2290.0,51,10464.0,127.60975609756098,3.2852689155061996,51,19453.0,0.12103168263287727,51,19453.0
2295.0,41,9910.0,120.85365853658537,3.1983657630992712,41,19656.0,0.1419245199078584,41,19656.0
2300.0,42,9698.0,122.75949367088607,3.5594351326261724,42,19826.0,0.17889929420412315,42,19826.0
2305.0,49,9926.0,118.16666666666667,3.515175880091196,49,20045.0,0.1506801536034031,49,20045.0
2310.0,55,10188.0,117.10344827586206,2.9105200037192924,55,20304.0,0.10225086151664017,55,20304.0
2315.0,66,10499.0,124.98809523809524,1.5600817560292155,66,20610.0,0.04877261089698962,66,20610.0
2320.0,74,10854.0,124.75862068965517,1.3882539004311083,74,20960.0,0.061656354597318816,74,20960.0
2325.0,77,11236.0,129.1494252873563,1.2841316703193815,77,21337.0,0.05282824695537611,77,21337.0
2330.0,79,11627.0,127.76923076923077,1.6279522733774174,79,21723.0,0.07152544097758462,79,21723.0
2335.0,79,12022.0,135.07865168539325,1.3909820517549003,79,22113.0,0.060950724480928996,79,22113.0
2340.0,76,12069.0,132.62637362637363,1.1393467831835429,76,22360.0,0.05474084241633761,76,22360.0
2345.0,71,12269.0,134.82417582417582,1.9092603678564959,71,22518.0,0.08731598607402423,71,22518.0
2350.0,74,12630.0,132.94736842105263,2.4854208436963647,74,22725.0,0.07391443852816958,74,22725.0
2355.0,71,12936.0,139.09677419354838,2.004073738360425,71,23065.0,0.06460362833564309,71,23065.0
2360.0,71,13278.0,144.32608695652175,2.3451655797393753,71,23378.0,0.09352048154625792,71,23378.0
2365.0,72,13634.0,149.82417582417582,2.5577155548215025,72,23718.0,0.0725582756085533,72,23718.0
2370.0,73,13999.0,153.83516483516485,2.5352657301773314,73,24078.0,0.06534124795505225,73,24078.0
2375.0,67,14262.0,165.8372093023256,1.9522011240375665,67,24380.0,0.06185418792458932,67,24380.0
2380.0,67,14597.0,165.875,2.146623925530555,67,24653.0,0.09160017847448468,67,24653.0
2385.0,73,14952.0,171.86206896551724,2.049493627417444,73,24993.0,0.0672747313469747,73,24993.0
2390.0,69,15283.0,171.7191011235955,1.6291123568674064,69,25320.0,0.07601802193119148,69,25320.0
2395.0,71,15636.0,183.95294117647057,1.911440668547934,71,25647.0,0.08279365453220551,71,25647.0
2400.0,71,15991.0,179.67415730337078,2.4266981069012052,71,25987.0,0.07728175660772739,71,25987.0
2405.0,73,16352.0,190.13953488372093,1.9797805088418603,73,26333.0,0.07101539130811169,73,26333.0
2410.0,73,16717.0,194.38372093023256,1.6339914049050157,73,26683.0,0.07377446979566521,73,26683.0
2415.0,71,17011.0,200.12941176470588,1.4799863360494068,71,26987.0,0.08027633688245413,71,26987.0
2420.0,71,17366.0,197.3409090909091,2.008196882145873,71,27302.0,0.08262965378630428,71,27302.0
2425.0,75,17737.0,199.2921348314607,2.0356693136075754,75,27658.0,0.07084451043466886,75,27658.0
2430.0,76,18113.0,201.25555555555556,1.497635867724175,76,28019.0,0.06354487331860363,76,28019.0
2435.0,73,18406.0,216.54117647058823,1.05430670655215,73,28347.0,0.07164885811425203,73,28347.0
2440.0,70,18735.0,205.87912087912088,2.035523424087031,70,28631.0,0.09871343341149191,70,28631.0
2445.0,71,19090.0,209.78021978021977,2.697660517738991,71,28951.0,0.0890143790503778,71,28951.0
2450.0,68,18523.0,201.33695652173913,2.363614990640326,68,28029.0,0.10332258978445895,68,28029.0
2455.0,64,17350.0,194.9438202247191,2.3173503710745065,64,26324.0,0.09685753998701042,64,26324.0
2460.0,58,16469.0,185.04494382022472,2.917598360774606,58,23611.0,0.09621628986274262,58,23611.0
2465.0,50,15482.0,173.95505617977528,3.1116797934492353,50,23825.0,0.1455258932014777,50,23825.0
2470.0,46,14822.0,174.3764705882353,2.9384658947669444,46,23984.0,0.14011583600203228,46,23984.0
2475.0,53,15071.0,165.6153846153846,3.3326971648997272,53,24201.0,0.13840947918098215,53,24201.0
2480.0,62,15364.0,167.0,2.8510430630800734,62,24469.0,0.11906084366142594,62,24469.0
2485.0,70,15695.0,168.76344086021504,2.0110612215681543,70,24775.0,0.06919816785002761,70,24775.0
2490.0,78,16068.0,176.57142857142858,1.3705438890533037,78,25124.0,0.0630507070697919,78,25124.0
2495.0,81,16470.0,180.98901098901098,1.0330282515725449,81,25501.0,0.04888972931065935,81,25501.0
2500.0,83,16884.0,181.5483870967742,1.324854190429363,83,25890.0,0.06267736755028439,83,25890.0
2505.0,83,17299.0,182.09473684210528,1.453930837893776,83,26280.0,0.054296555830981454,83,26280.0
2510.0,79,17357.0,180.80208333333334,1.5963227372703461,79,26528.0,0.06656303246571546,79,26528.0
2515.0,72,17550.0,180.9278350515464,2.1206628361984836,72,26658.0,0.08739514963033346,72,26658.0
2520.0,75,17919.0,188.62105263157895,2.2468472867298477,75,26837.0,0.060627249700745005,75,26837.0
2525.0,76,18265.0,182.65,2.05391037238326,76,27168.0,0.06901392164035851,76,27168.0
2530.0,77,18644.0,198.3404255319149,2.029209524212806,77,27499.0,0.06838914289775168,77,27499.0
2535.0,78,19030.0,196.18556701030928,2.4405604089148243,78,27846.0,0.06196200999211552,78,27846.0
2540.0,79,19425.0,211.1413043478261,1.8990112397595187,79,28206.0,0.06612130549711678,79,28206.0
2545.0,74,19717.0,216.67032967032966,1.0929625609149693,74,28506.0,0.07102583151940182,74,28506.0
2550.0,77,20095.0,220.82417582417582,1.709924960369935,77,28794.0,0.07624721082664156,77,28794.0
2555.0,78,20481.0,215.58947368421053,1.952474607563462,78,29145.0,0.07308738772695896,78,29145.0
2560.0,75,20818.0,223.8494623655914,1.729556885483327,75,29475.0,0.05590264202414203,75,29475.0
2565.0,73,21176.0,227.69892473118279,2.116790310148286,73,29777.0,0.08085037482900899,73,29777.0
2570.0,75,21547.0,231.68817204301075,2.6061474042715145,75,30106.0,0.07088084431290616,75,30106.0
2575.0,75,21922.0,235.72043010752688,2.5535044838727026,75,30446.0,0.0686592878155267,75,30446.0
2580.0,73,22271.0,255.98850574712642,1.7455278501593405,73,30760.0,0.05951842425291904,73,30760.0
2585.0,74,22637.0,254.34831460674158,1.8922215892177725,74,31091.0,0.0747985066407496,74,31091.0
2590.0,77,23018.0,267.6511627906977,1.3378213770695813,77,31437.0,0.06467976982288208,77,31437.0
2595.0,75,23369.0,256.8021978021978,1.5036410230138768,75,31757.0,0.09249659630433825,75,31757.0
2600.0,76,23745.0,260.9340659340659,2.002009147126003,76,32076.0,0.07908595648107383,76,32076.0
2605.0,77,24126.0,251.3125,2.4252191755432784,77,32412.0,0.08676029501576867,77,32412.0
2610.0,78,24516.0,266.4782608695652,1.883043959986473,78,32757.0,0.06518051895299497,78,32757.0
2615.0,75,24863.0,270.25,1.6947338594563361,75,33068.0,0.0784580847073054,75,33068.0
2620.0,78,25247.0,277.43956043956047,1.647330563541862,78,33398.0,0.06605317635164451,78,33398.0
2625.0,79,25642.0,272.78723404255317,1.6906872395404646,79,33748.0,0.07510697981928041,79,33748.0
2630.0,77,25994.0,282.54347826086956,1.2896039440142912,77,34079.0,0.07543398427361332,77,34079.0
2635.0,77,26371.0,283.55913978494624,1.8440297832945185,77,34391.0,0.07287992300817826,77,34391.0
2640.0,77,26756.0,281.6421052631579,2.2060807173701447,77,34727.0,0.04721648726388476,77,34727.0
2645.0,79,27150.0,285.7894736842105,2.131558551107318,79,35076.0,0.08734336026691422,79,35076.0
2650.0,79,27545.0,302.6923076923077,1.4986599376473764,79,35426.0,0.05394386403799672,79,35426.0
2655.0,75,27863.0,299.60215053763443,1.881730725736175,75,35725.0,0.09058619308036892,75,35725.0
2660.0,76,28239.0,306.94565217391306,1.8061277554037614,76,36030.0,0.06747841980113328,76,36030.0
2665.0,79,28631.0,304.5851063829787,1.6945275247494307,79,36375.0,0.043843063249631296,79,36375.0
2670.0,78,28994.0,305.2,1.731106141833256,78,36701.0,0.06779999769510313,78,36701.0
2675.0,76,29370.0,326.3333333333333,1.4777094266279696,76,37008.0,0.058451447216768926,76,37008.0
2680.0,78,29754.0,309.9375,2.504503211428041,78,37333.0,0.06398684940071328,78,37333.0
2685.0,76,30130.0,331.0989010989011,2.0218042027749314,76,37654.0,0.06942157511632348,76,37654.0
2690.0,78,30513.0,335.3076923076923,1.5818160823596354,78,37982.0,0.0660117395499409,78,37982.0
2695.0,80,30911.0,343.4555555555556,1.3078758457105875,80,38325.0,0.05349873013878923,80,38325.0
2700.0,84,31319.0,344.16483516483515,0.9320367768931472,84,38678.0,0.040370868055328565,84,38678.0
2705.0,78,31662.0,344.1521739130435,1.1354967654365635,78,39004.0,0.059516838585310435,78,39004.0
2710.0,76,32030.0,333.6458333333333,2.12213233280714,76,39291.0,0.08590283876080673,76,39291.0
2715.0,77,32411.0,337.6145833333333,2.467583525451698,77,39605.0,0.06230034652905016,77,39605.0
2720.0,73,31279.0,329.2526315789474,2.1245682687432597,73,38430.0,0.0818572809713318,73,38430.0
2725.0,68,29137.0,309.968085106383,2.516905990228471,68,36798.0,0.09463195537037969,68,36798.0
2730.0,63,27477.0,292.3085106382979,3.0752995376840233,63,34197.0,0.11131641648330334,63,34197.0
2735.0,51,25485.0,289.60227272727275,2.231567705826517,51,34403.0,0.09943655063386246,51,34403.0
2740.0,50,24491.0,272.1222222222222,2.982018721631372,50,34553.0,0.15275040293707762,50,34553.0
2745.0,56,24760.0,272.0879120879121,3.0496681978980402,56,34746.0,0.12191649921816572,56,34746.0
2750.0,63,25062.0,255.73469387755102,2.6612669694165025,63,34983.0,0.0931857372132919,63,34983.0
2755.0,71,25403.0,273.1505376344086,1.5727741445728805,71,35259.0,0.0671607008565545,71,35259.0
2760.0,81,25784.0,268.5833333333333,1.2047236671465023,81,35575.0,0.05417565165698861,81,35575.0
2765.0,86,26201.0,270.11340206185565,1.438761565474436,86,35928.0,0.061143083825039815,86,35928.0
2770.0,86,26631.0,269.0,1.45948085097696,86,36293.0,0.05923630351919176,86,36293.0
2775.0,88,27070.0,276.2244897959184,1.3264077343673393,88,36667.0,0.059645016263647044,88,36667.0
2780.0,88,27510.0,272.3762376237624,1.6456297785562992,88,37042.0,0.05687781088391997,88,37042.0
2785.0,84,27593.0,270.51960784313724,1.7611563088167668,84,37274.0,0.06889580418129913,84,37274.0
2790.0,76,27816.0,272.70588235294116,2.0928712785640085,76,37387.0,0.10082869256075475,76,37387.0
2795.0,80,28209.0,282.09,2.1457135956482527,80,37555.0,0.07192521018365357,80,37555.0
2800.0,79,28579.0,277.4660194174757,2.0570590640000517,79,37871.0,0.08257250700560272,79,37871.0
2805.0,80,28979.0,292.7171717171717,2.1564396881413996,80,38195.0,0.062494975104867054,80,38195.0
2810.0,82,29384.0,296.80808080808083,2.161713893160785,82,38527.0,0.08197942438288255,82,38527.0
2815.0,82,29794.0,310.3541666666667,1.7706059268130077,82,38862.0,0.06257097455487427,82,38862.0
2820.0,76,30096.0,316.8,1.6066223309400534,76,39140.0,0.07130837553685686,76,39140.0
2825.0,77,30477.0,324.22340425531917,1.771937848906731,77,39386.0,0.08333111211262585,77,39386.0
2830.0,80,30873.0,321.59375,1.960628395986476,80,39707.0,0.07707986715328369,80,39707.0
2835.0,79,30685.0,316.340206185567,1.6988592333998098,79,38878.0,0.07151161283328006,79,38878.0
2840.0,71,30121.0,320.43617021276594,1.9504829314738934,71,37204.0,0.08757856022090825,71,37204.0
2845.0,66,29643.0,302.4795918367347,2.9807566594769357,66,34573.0,0.113951224381536,66,34573.0
2850.0,58,29109.0,316.4021739130435,2.1078029017113966,58,34829.0,0.09121783513741998,58,34829.0
2855.0,51,28840.0,313.4782608695652,2.770325970968754,51,34990.0,0.14421783473798483,51,34990.0
2860.0,57,29112.0,303.25,2.7904594472227884,57,35145.0,0.11417823314731916,57,35145.0
2865.0,65,29419.0,288.421568627451,3.0337498987849276,65,35357.0,0.10191679504884393,65,35357.0
2870.0,73,29763.0,300.6363636363636,2.3874212794542333,73,35626.0,0.07079902098835388,73,35626.0
2875.0,81,30151.0,304.55555555555554,2.1403928715116782,81,35940.0,0.06576354425457055,81,35940.0
2880.0,84,30566.0,325.17021276595744,1.1994972462386635,84,36280.0,0.022191989344594706,84,36280.0
2885.0,86,30996.0,319.54639175257734,1.5242153294350236,86,36628.0,0.06042138235735478,86,36628.0
2890.0,80,31160.0,328.0,1.208112341983801,80,36856.0,0.04918546807832687,80,36856.0
2895.0,77,31478.0,321.2040816326531,1.8962567364916854,77,37007.0,0.08803751253868544,77,37007.0
2900.0,80,31875.0,325.2551020408163,2.283259214411917,80,37252.0,0.06410218557273867,80,37252.0
2905.0,75,31947.0,319.47,1.9461121002593478,75,36479.0,0.07170721049385714,75,36479.0
2910.0,70,31814.0,331.3958333333333,2.3445024493976976,70,34807.0,0.08190449389890886,70,34807.0
2915.0,65,31765.0,330.8854166666667,2.9729768831829504,65,33115.0,0.10987650761016242,65,33115.0
2920.0,53,31524.0,335.36170212765956,2.7002474788640893,53,32895.0,0.11260131997837226,53,32895.0
2925.0,50,31480.0,342.17391304347825,3.10733816330984,50,32986.0,0.14716735257411678,50,32986.0
2930.0,57,31742.0,334.12631578947367,3.231142389858105,57,33105.0,0.1317416421502317,57,33105.0
2935.0,59,31941.0,329.2886597938144,2.6066985970806824,59,33261.0,0.11298698824857252,59,33261.0
2940.0,72,32282.0,336.2708333333333,1.8669619428115976,72,33475.0,0.06972054473886585,72,33475.0
2945.0,83,32670.0,320.29411764705884,1.6715559112524425,83,33778.0,0.05611284198505773,83,33778.0
2950.0,82,33009.0,333.42424242424244,1.4758379864524387,82,34082.0,0.06182551832102868,82,34082.0
2955.0,78,33345.0,330.1485148514852,1.967487857543071,78,34330.0,0.0859848713448622,78,34330.0
2960.0,78,33735.0,337.35,2.5964965430353324,78,34572.0,0.08619529393480345,78,34572.0
2965.0,79,34126.0,334.5686274509804,2.719920943459877,79,34866.0,0.08783201150504308,79,34866.0
2970.0,80,34526.0,359.6458333333333,2.1905370376301527,80,35171.0,0.06501685991708966,80,35171.0
2975.0,74,34607.0,364.2842105263158,1.9385830027651778,74,34835.0,0.09082406729249426,74,34835.0
2980.0,69,34470.0,374.67391304347825,2.007960576528357,69,34150.0,0.08938846377663735,69,34150.0
2985.0,61,34372.0,358.0416666666667,3.2290031246196107,61,33451.0,0.13371551110708454,61,33451.0
2990.0,54,34206.0,363.8936170212766,3.0748872105547207,54,33527.0,0.1384378175398359,54,33527.0
2995.0,53,34281.0,376.7142857142857,3.1444017870321845,53,33662.0,0.13690994975547005,53,33662.0
3000.0,61,34566.0,371.6774193548387,2.813389578780239,61,33850.0,0.09670351984839295,61,33850.0
3005.0,68,34896.0,359.7525773195876,2.5700829231264466,68,34085.0,0.12180384026248985,68,34085.0
3010.0,73,35251.0,367.1979166666667,1.5518816159291642,73,34345.0,0.05374657835283058,73,34345.0
3015.0,84,35652.0,356.52,1.583156237575421,84,34651.0,0.07715744375214705,84,34651.0
3020.0,88,36086.0,368.2244897959184,1.2100616834096412,88,34991.0,0.04853207235277807,88,34991.0
3025.0,84,36327.0,363.27,1.5226959701433154,84,34980.0,0.06564892342875737,84,34980.0
3030.0,76,36425.0,364.25,1.8247091434567864,76,34768.0,0.08487310868343129,76,34768.0
3035.0,71,36569.0,365.69,2.545849250091847,71,34344.0,0.07349410543577822,71,34344.0
3040.0,63,36661.0,362.980198019802,2.574046595958128,63,34556.0,0.11867965314722392,63,34556.0
3045.0,61,36806.0,387.4315789473684,2.3397578772695167,61,34738.0,0.10595961582661494,61,34738.0
3050.0,69,37138.0,360.56310679611653,2.7269021932552837,69,34964.0,0.09869513332118167,69,34964.0
3055.0,75,37505.0,371.33663366336634,1.7017340770959073,75,35226.0,0.07278653113027411,75,35226.0
3060.0,83,37905.0,361.0,1.38794491401228,83,35521.0,0.04177713942132242,83,35521.0
3065.0,91,38342.0,361.7169811320755,1.1965411336259935,91,35853.0,0.050691906753612265,91,35853.0
3070.0,98,38816.0,359.4074074074074,1.115993409864789,98,36223.0,0.03191943115835446,98,36223.0
3075.0,92,39099.0,362.02777777777777,1.4017051248343597,92,36332.0,0.06058049286850782,92,36332.0
3080.0,84,39235.0,359.95412844036696,1.7742511503639258,84,36130.0,0.0679625084497985,84,36130.0
3085.0,80,39425.0,361.697247706422,2.473679554118405,80,35927.0,0.09188235934586425,80,35927.0
3090.0,68,39543.0,362.7798165137615,2.2373849273977093,68,36178.0,0.10337395706663459,68,36178.0
3095.0,72,39778.0,382.4807692307692,2.2445797049974265,72,36414.0,0.1094203934705527,72,36414.0
3100.0,78,40158.0,358.55357142857144,2.420706535008187,78,36679.0,0.08511480112449389,78,36679.0
3105.0,88,40576.0,365.54954954954957,1.5691835812859776,88,36982.0,0.05797973109394456,88,36982.0
3110.0,94,41029.0,363.08849557522126,1.1391604649884886,94,37321.0,0.062365879673415815,94,37321.0
3115.0,102,41518.0,364.1929824561403,0.8482134290937633,102,37696.0,0.03214072779298677,102,37696.0
3120.0,100,41115.0,351.4102564102564,1.223046048112989,100,37769.0,0.06484031237563367,100,37769.0
3125.0,93,40486.0,349.01724137931035,1.3400636582768115,93,37538.0,0.058954747513448834,93,37538.0
3130.0,88,40427.0,336.89166666666665,2.2666023240337694,88,37264.0,0.08970082769225932,88,37264.0
3135.0,79,40614.0,344.1864406779661,2.066319086707194,79,37441.0,0.08838906649073025,79,37441.0
3140.0,84,41011.0,350.5213675213675,1.993749773785859,84,37706.0,0.09272773605855812,84,37706.0
3145.0,90,41447.0,357.30172413793105,1.999189147647174,90,38021.0,0.06046392532395003,90,38021.0
3150.0,96,41915.0,355.2118644067797,1.8663903777612048,96,38374.0,0.06234464813418501,96,38374.0
3155.0,100,42410.0,382.07207207207205,1.1939996913127924,100,38754.0,0.033707346909001214,100,38754.0
3160.0,100,42910.0,376.4035087719298,1.4928674218096436,100,39139.0,0.07233306329432476,100,39139.0
3165.0,102,43412.0,387.60714285714283,1.1448620806186824,102,39526.0,0.03438591926797008,102,39526.0
3170.0,96,43718.0,383.49122807017545,1.369615363816212,96,39639.0,0.06146208469577929,96,39639.0
3175.0,91,43883.0,391.8125,1.351397229786038,91,39514.0,0.05754985583078523,91,39514.0
3180.0,82,44067.0,386.55263157894734,2.3060347480177588,82,39279.0,0.08263297877877691,82,39279.0
3185.0,79,44409.0,386.16521739130434,2.2056188891987136,79,39532.0,0.09346768670701737,79,39532.0
3190.0,83,44810.0,403.6936936936937,1.908661015056342,83,39788.0,0.07400390212593366,83,39788.0
3195.0,90,45245.0,403.9732142857143,2.0861969642075384,90,40095.0,0.05729943559345907,90,40095.0
3200.0,94,45708.0,415.5272727272727,1.6829944536702215,94,40433.0,0.04952674706421946,94,40433.0
3205.0,96,46186.0,431.6448598130841,1.333530931913496,96,40786.0,0.05646791806605882,96,40786.0
3210.0,96,46666.0,440.24528301886795,1.1072180827229086,96,41141.0,0.03839677188167105,96,41141.0
3215.0,98,47153.0,440.68224299065423,0.9914172011930723,98,41503.0,0.035860942966207184,98,41503.0
3220.0,92,47439.0,443.3551401869159,1.1508248328567399,92,41652.0,0.06109454746412853,92,41652.0
3225.0,83,47577.0,436.48623853211006,1.6836146308809399,83,41557.0,0.07547300216293379,83,41557.0
3230.0,80,47834.0,434.8545454545455,2.4127722435096275,80,41547.0,0.09739538293945924,80,41547.0
3235.0,78,48210.0,434.3243243243243,2.0620164614330734,78,41807.0,0.08861660191698012,78,41807.0
3240.0,84,48617.0,454.3644859813084,1.792743055383244,84,42078.0,0.053215874590474804,84,42078.0
3245.0,89,49056.0,454.22222222222223,2.0039721657953122,89,42382.0,0.057271389809340496,89,42382.0
3250.0,90,49506.0,467.0377358490566,1.6278698809743966,90,42697.0,0.04404723926393578,90,42697.0
3255.0,86,49844.0,479.2692307692308,1.4037799347196405,86,42881.0,0.06814677970036424,86,42881.0
3260.0,80,50123.0,491.4019607843137,1.702836552661896,80,42964.0,0.07207985006116077,80,42964.0
3265.0,81,50513.0,472.0841121495327,2.3893790917218727,81,43041.0,0.0951837134311649,81,43041.0
3270.0,79,50876.0,489.1923076923077,1.8318691221042336,79,43292.0,0.0604061904507263,79,43292.0
3275.0,82,51273.0,502.6764705882353,1.894400401993945,82,43536.0,0.07437250704804174,82,43536.0
3280.0,84,51687.0,511.7524752475247,2.1460149722789645,84,43810.0,0.06165742138878687,84,43810.0
3285.0,84,52107.0,515.9108910891089,2.123794576405783,84,44095.0,0.051880802321749214,84,44095.0
3290.0,80,52413.0,545.96875,1.5706901077259217,80,44303.0,0.06902585595713641,80,44303.0
3295.0,77,52766.0,527.66,2.2518029817079173,77,44468.0,0.0851350719687542,77,44468.0
3300.0,80,53160.0,553.75,1.8786179743346947,80,44697.0,0.040150715732982754,80,44697.0
3305.0,75,52272.0,522.72,2.187291653903496,75,44370.0,0.0896800961655933,75,44370.0
3310.0,67,50520.0,531.7894736842105,2.331172619865492,67,43517.0,0.08947400200631868,67,43517.0
3315.0,64,49179.0,507.0,3.004325914143502,64,42110.0,0.11018663838438847,64,42110.0
3320.0,53,47502.0,516.3260869565217,2.8487219195291336,53,42213.0,0.13759227704721333,53,42213.0
3325.0,49,46657.0,496.3510638297872,3.118294983204685,49,42239.0,0.15281185355709498,49,42239.0
3330.0,55,46923.0,499.1808510638298,3.4050225483956824,55,42311.0,0.14728684189293068,55,42311.0
3335.0,61,47214.0,491.8125,2.8593292758603774,61,42451.0,0.10218838693199439,61,42451.0
3340.0,71,47551.0,485.2142857142857,2.466450541534786,71,42643.0,0.07124723772019642,71,42643.0
3345.0,77,47921.0,499.1770833333333,1.819460652576806,77,42869.0,0.07028056319808443,77,42869.0
3350.0,84,48328.0,514.1276595744681,1.4623838576892885,84,43132.0,0.06136706142161811,84,43132.0
3355.0,78,48540.0,505.625,1.6963283240920972,78,42803.0,0.07147741924529326,78,42803.0
3360.0,71,48614.0,517.1702127659574,1.6816410354173619,71,41965.0,0.07273028772164275,71,41965.0
3365.0,66,48743.0,497.3775510204082,2.7509383061841772,66,40589.0,0.10579335679047445,66,40589.0
3370.0,57,48772.0,508.0416666666667,2.639175156706266,57,40730.0,0.12079715603724267,57,40730.0
3375.0,57,48923.0,514.978947368421,2.8442312922795345,57,40837.0,0.14175282287006166,57,40837.0
3380.0,62,49222.0,507.44329896907215,2.894237397333909,62,40989.0,0.10682765534581422,62,40989.0
3385.0,72,49560.0,516.25,1.9183836178407134,72,41176.0,0.09200347271912632,72,41176.0
3390.0,79,49940.0,499.4,1.5519866221272616,79,41403.0,0.06599122239949566,79,41403.0
3395.0,88,50358.0,498.5940594059406,1.1103425296965843,88,41668.0,0.038210948678572186,88,41668.0
3400.0,92,50807.0,488.52884615384613,1.5181095958059623,92,41964.0,0.05667116836093236,92,41964.0
3405.0,93,51268.0,502.62745098039215,1.0629814463307348,93,42270.0,0.03784902894125829,93,42270.0
3410.0,89,51228.0,492.5769230769231,0.9816151236493531,89,42387.0,0.061212033839060376,89,42387.0
3415.0,82,51250.0,492.78846153846155,1.4510747004847984,82,42348.0,0.059531174720923265,82,42348.0
3420.0,84,51639.0,478.1388888888889,2.370237987510927,84,42296.0,0.08003649191455164,84,42296.0
3425.0,81,51988.0,485.86915887850466,1.8521962111236363,81,42528.0,0.05417235716922395,81,42528.0
3430.0,84,52385.0,494.1981132075472,1.9539373458073068,84,42745.0,0.062624375941862,84,42745.0
3435.0,86,52811.0,507.7980769230769,2.22021325227989,86,43003.0,0.060639412187645236,86,43003.0
3440.0,81,52825.0,512.8640776699029,1.8766348271624897,81,42608.0,0.06971830972357525,81,42608.0
3445.0,75,52576.0,531.070707070707,1.934186335326569,75,41637.0,0.09090276433332362,75,41637.0
3450.0,70,52434.0,514.0588235294117,2.811228104666332,70,40054.0,0.10836086098459888,70,40054.0
3455.0,60,52088.0,531.5102040816327,2.3979776085943763,60,40190.0,0.09992191412471164,60,40190.0
3460.0,60,52139.0,537.5154639175257,2.7543419120528463,60,40284.0,0.14425187970000933,60,40284.0
3465.0,66,52458.0,529.8787878787879,2.6285392939380996,66,40431.0,0.08795958368859684,66,40431.0
3470.0,75,52819.0,498.29245283018867,2.509499782441757,75,40627.0,0.09866626224780904,75,40627.0
3475.0,82,53214.0,526.8712871287129,1.2553813627226558,82,40857.0,0.04975131974950528,82,40857.0
3480.0,90,53641.0,515.7788461538462,1.1645720854661887,90,41121.0,0.05377173450155496,90,41121.0
3485.0,94,54106.0,520.25,1.1731650586188234,94,41421.0,0.05600222799183824,94,41421.0
3490.0,89,54187.0,501.73148148148147,1.2465815310129196,89,41528.0,0.05286789403004009,89,41528.0
3495.0,84,54146.0,510.811320754717,1.743777721515413,84,41421.0,0.07586461436145561,84,41421.0
3500.0,80,54501.0,495.46363636363634,2.343844988748334,80,41385.0,0.08133366944858475,80,41385.0
3505.0,80,54858.0,503.2844036697248,2.3539794483981833,80,41565.0,0.09537567045729674,80,41565.0
3510.0,83,55257.0,516.4205607476636,2.0961952135623085,83,41776.0,0.0744746088287926,83,41776.0
3515.0,85,55681.0,540.5922330097087,2.064203758684825,85,42031.0,0.04542298951922323,85,42031.0
3520.0,87,56114.0,539.5576923076923,2.0546957964686534,87,42299.0,0.09040242381925277,87,42299.0
3525.0,87,56549.0,577.030612244898,1.2753667559067916,87,42568.0,0.04720604443297913,87,42568.0
3530.0,83,46917.0,464.5247524752475,1.5159297529724738,83,40832.0,0.07082476277308983,83,40832.0
3535.0,77,30588.0,305.88,1.8894004414547203,77,36093.0,0.08049460873272235,77,36093.0
3540.0,70,18853.0,186.66336633663366,2.5864981951162456,70,31360.0,0.09457156835949244,70,31360.0
3545.0,62,7178.0,71.06930693069307,2.6030320599975436,62,31552.0,0.11785523088558308,62,31552.0
3550.0,64,3679.0,37.54081632653061,2.6616939544296687,64,31717.0,0.11984588412013719,64,31717.0
3555.0,70,4020.0,39.029126213592235,2.8908894696935,70,31940.0,0.10738367457376696,70,31940.0
3560.0,76,4389.0,42.20192307692308,1.9947548736071452,76,32194.0,0.07399952517877971,76,32194.0
3565.0,85,4800.0,46.15384615384615,1.5275834435444127,85,32490.0,0.06330995966560822,85,32490.0
3570.0,92,5244.0,50.42307692307692,1.0201822963529226,92,32819.0,0.04660562406326305,92,32819.0
3575.0,97,5725.0,54.523809523809526,0.9745150527504108,97,33185.0,0.035854789741431775,97,33185.0
3580.0,91,5998.0,56.05607476635514,1.314693563857832,91,31568.0,0.05660194410427372,91,31568.0
3585.0,86,6148.0,56.403669724770644,1.6153596360140825,86,27964.0,0.06104846355980595,86,27964.0
3590.0,79,6296.0,57.76146788990825,2.392160610468534,79,22414.0,0.08633340028168639,79,22414.0
3595.0,67,6379.0,58.522935779816514,2.249377812686589,67,22704.0,0.09796481759302797,67,22704.0
3600.0,69,6590.0,62.76190476190476,2.362957787545877,69,22969.0,0.08456790092453273,69,22969.0
3605.0,76,6956.0,62.666666666666664,2.49254185963542,76,23270.0,0.0843741344030497,76,23270.0
3610.0,85,7358.0,67.5045871559633,1.5363676270967215,85,23607.0,0.06105887265518246,85,23607.0
3615.0,85,7147.0,63.8125,1.0685683495639153,85,23694.0,0.06382502167519316,85,23694.0
3620.0,90,6729.0,59.54867256637168,1.2925201405110829,90,23572.0,0.05427256059836836,90,23572.0
3625.0,86,6698.0,56.285714285714285,2.306594765872023,86,23332.0,0.0845907103972242,86,23332.0
3630.0,80,6972.0,60.10344827586207,1.9949429885002885,80,23657.0,0.07683798277160045,80,23657.0
3635.0,84,7369.0,63.525862068965516,2.187074171490434,84,23964.0,0.08640940666940526,84,23964.0
3640.0,90,7805.0,67.8695652173913,2.3065574560235738,90,24328.0,0.05894651879124221,90,24328.0
3645.0,90,8187.0,73.09821428571429,1.450495839724996,90,24523.0,0.03968103835482334,90,24523.0
3650.0,85,8528.0,78.96296296296296,1.7272122313417368,85,24570.0,0.07841846509401665,85,24570.0
3655.0,80,8896.0,80.14414414414415,2.234679729285584,80,24579.0,0.08210968287638665,80,24579.0
3660.0,80,9249.0,85.63888888888889,2.0649188402369636,80,24896.0,0.07986553499261004,80,24896.0
3665.0,83,9645.0,88.4862385321101,2.179648783245633,83,25198.0,0.07119068736523168,83,25198.0
3670.0,86,10070.0,95.9047619047619,2.0379378116358717,86,25556.0,0.040465276947405385,86,25556.0
3675.0,83,9195.0,85.93457943925233,2.126486606074286,83,24891.0,0.07336878675131427,83,24891.0
3680.0,77,7441.0,75.16161616161617,1.8580871012695253,77,23693.0,0.07276158779859354,77,23693.0
3685.0,71,6102.0,58.114285714285714,2.8819271988864816,71,22475.0,0.1127853147607023,71,22475.0
3690.0,60,4272.0,43.15151515151515,2.5653426101663572,60,22412.0,0.12023740063137603,60,22412.0
3695.0,62,3723.0,37.98979591836735,2.8138076584761507,62,22608.0,0.1361003967173855,62,22608.0
3700.0,69,4053.0,39.73529411764706,2.9037074862036363,69,22865.0,0.10838613210385489,69,22865.0
3705.0,75,4413.0,42.02857142857143,2.078937996273194,75,23155.0,0.08703739199764808,75,23155.0
3710.0,78,4132.0,38.9811320754717,1.5831716757864622,78,21529.0,0.07084202590454547,78,21529.0
3715.0,76,3427.0,32.02803738317757,1.7893930075606987,76,17982.0,0.06938979237295885,76,17982.0
3720.0,79,2959.0,27.654205607476637,2.415879090703746,79,12558.0,0.07546364157143388,79,12558.0
3725.0,67,2418.0,22.598130841121495,2.3433397394256654,67,12883.0,0.0998640323925841,67,12883.0
3730.0,67,2113.0,19.933962264150942,2.5418599132569017,67,13175.0,0.10690431792888896,67,13175.0
3735.0,73,2470.0,22.660550458715598,2.59484489342979,73,13522.0,0.11458065143797466,73,13522.0
3740.0,79,2857.0,26.700934579439252,1.7859271227946771,79,13899.0,0.052619431451472465,79,13899.0
3745.0,88,3282.0,30.962264150943398,1.3804470170751812,88,14315.0,0.07128471826428542,88,14315.0
3750.0,94,3742.0,35.301886792452834,0.8559753390407212,94,14766.0,0.04449682763125978,94,14766.0
3755.0,98,4231.0,39.91509433962264,0.881083214684177,98,15245.0,0.037856696444191394,98,15245.0
3760.0,98,4721.0,42.151785714285715,1.372948302315425,98,15725.0,0.05188161371117571,98,15725.0
3765.0,100,5218.0,47.87155963302752,0.986224040702133,100,16212.0,0.03542598434208094,100,16212.0
3770.0,100,5718.0,51.05357142857143,1.314145691857881,100,16702.0,0.051558447140006666,100,16702.0
3775.0,100,6218.0,56.01801801801802,1.0165944777390468,100,17192.0,0.03448352657227674,100,17192.0
3780.0,97,6015.0,53.705357142857146,0.9969436135437261,97,17379.0,0.0421124980168808,97,17379.0
3785.0,89,5391.0,48.13392857142857,1.4188822218361226,89,17294.0,0.05513342075549125,89,17294.0
3790.0,86,5261.0,45.74782608695652,2.0616252665322423,86,17017.0,0.06442610349491405,86,17017.0
3795.0,73,5364.0,47.05263157894737,2.1766783558460343,73,17377.0,0.09097372520395995,73,17377.0
3800.0,78,5737.0,50.769911504424776,2.349291760556235,78,17720.0,0.09655080699118128,78,17720.0
3805.0,84,6142.0,55.333333333333336,2.1776076233345205,84,18109.0,0.07056741974549795,84,18109.0
3810.0,89,6577.0,59.79090909090909,1.7214180445710237,89,18537.0,0.051541213532853646,89,18537.0
3815.0,95,7038.0,67.67307692307692,0.9894428149109191,95,18991.0,0.03864850304742317,95,18991.0
3820.0,96,7518.0,68.34545454545454,1.2817545100054826,96,19461.0,0.05367698090193222,96,19461.0
3825.0,100,8011.0,74.17592592592592,0.9459552096276397,100,19944.0,0.03476381837916742,100,19944.0
3830.0,100,8511.0,75.99107142857143,1.294340472701352,100,20434.0,0.05452780397723971,100,20434.0
3835.0,102,9013.0,81.93636363636364,0.9127928017574114,102,20926.0,0.03388181648908416,102,20926.0
3840.0,102,9523.0,84.27433628318585,1.145475781496705,102,21426.0,0.04536317243059359,102,21426.0
3845.0,102,10033.0,89.58035714285714,0.8954233162411788,102,21926.0,0.03468274644765472,102,21926.0
3850.0,104,10553.0,92.5701754385965,1.0489173307418873,104,22436.0,0.04755328083667794,104,22436.0
3855.0,104,11073.0,95.45689655172414,1.171225691469671,104,22946.0,0.04402269249455697,104,22946.0
3860.0,106,11598.0,98.28813559322033,1.3218254438902537,106,23461.0,0.042321147538959464,106,23461.0
3865.0,106,12128.0,103.65811965811966,1.1588710789333134,106,23981.0,0.0440495904519917,106,23981.0
3870.0,108,12660.0,107.28813559322033,1.0998408630715237,108,24503.0,0.04695647057107519,108,24503.0
3875.0,108,13200.0,113.79310344827586,0.933336242423244,108,25033.0,0.03289162000720018,108,25033.0
3880.0,103,13238.0,110.31666666666666,1.0618454594358933,103,25175.0,0.05679061153150398,103,25175.0
3885.0,98,12948.0,109.72881355932203,1.3822473894449097,98,24973.0,0.0552122964706519,98,24973.0
3890.0,90,12809.0,104.99180327868852,2.131752481410822,90,24556.0,0.07284756505623989,90,24556.0
3895.0,84,11575.0,95.66115702479338,2.017505990316824,84,24000.0,0.08678897519760405,84,24000.0
3900.0,74,9840.0,83.38983050847457,2.1949802183023186,74,22469.0,0.09832732896613476,74,22469.0
3905.0,77,8648.0,72.06666666666666,2.5765413842832325,77,20009.0,0.1003174092126442,77,20009.0
3910.0,73,7320.0,62.03389830508475,1.963403541656168,73,20322.0,0.07442117523833132,73,20322.0
3915.0,74,6429.0,55.422413793103445,2.227203136087571,74,20587.0,0.11068275951808627,74,20587.0
3920.0,82,6816.0,56.8,2.40925510860893,82,20897.0,0.08780071511560893,82,20897.0
3925.0,88,7243.0,58.886178861788615,2.529261422381489,88,21298.0,0.09790518962667512,88,21298.0
3930.0,96,7707.0,63.17213114754098,1.7638155645021802,96,21752.0,0.024397670201560983,96,21752.0
3935.0,103,8212.0,68.43333333333334,1.3393138026768123,103,22247.0,0.03504585782622186,103,22247.0
3940.0,108,8747.0,74.12711864406779,0.8814649679276491,108,22772.0,0.03386158251732157,108,22772.0
3945.0,110,9296.0,78.77966101694915,0.8215937915203273,110,23311.0,0.03059672749447074,110,23311.0
3950.0,110,9846.0,82.05,0.8858710381520353,110,23851.0,0.036473132262295815,110,23851.0
3955.0,112,10403.0,85.27049180327869,1.0353329980248411,112,24398.0,0.03108276865610485,112,24398.0
3960.0,112,10963.0,91.35833333333333,0.8548497395489396,112,24948.0,0.031456630118289246,112,24948.0
3965.0,108,11113.0,90.34959349593495,0.7872789772904398,108,25110.0,0.035623109647345726,108,25110.0
3970.0,101,10986.0,90.04918032786885,1.3473586649770193,101,24929.0,0.0504312243750612,101,24929.0
3975.0,93,10902.0,87.216,1.9423444190688632,93,24518.0,0.06744331113499333,93,24518.0
3980.0,83,10789.0,89.16528925619835,1.7819366577929572,83,24925.0,0.07937426799039536,83,24925.0
3985.0,84,11083.0,90.10569105691057,2.2405040147184714,84,25306.0,0.09381886341828687,84,25306.0
3990.0,90,11520.0,94.42622950819673,2.098652783636453,90,25732.0,0.06642945101623653,90,25732.0
3995.0,97,11988.0,99.07438016528926,1.5533792112717275,97,26190.0,0.05755394769991279,97,26190.0
4000.0,104,12490.0,105.84745762711864,0.9902583596437122,104,26682.0,0.036836962764181976,104,26682.0
4005.0,109,13021.0,107.61157024793388,1.177144307053985,109,27205.0,0.027752559118089586,109,27205.0
4010.0,109,13566.0,114.0,0.9439405425284395,109,27740.0,0.040795856319618656,109,27740.0
4015.0,106,13909.0,114.9504132231405,0.9671518752371336,106,27932.0,0.052357590915285045,106,27932.0
4020.0,99,14117.0,118.63025210084034,1.2991424012541437,99,27811.0,0.05377685866718988,99,27811.0
4025.0,92,14370.0,114.96,2.1775003651025844,92,27526.0,0.07501153201490351,92,27526.0
4030.0,85,14555.0,120.2892561983471,1.9540403274091187,85,27936.0,0.08090373026368232,85,27936.0
4035.0,85,14887.0,122.02459016393442,2.205630107629494,85,28312.0,0.09446872088959865,85,28312.0
4040.0,90,15324.0,128.7731092436975,2.0625293201679513,90,28738.0,0.06084802170232975,90,28738.0
4045.0,97,15791.0,131.59166666666667,1.7775496489428968,97,29197.0,0.06646179479931133,97,29197.0
4050.0,103,16289.0,141.64347826086956,1.0788352740616571,103,29688.0,0.03229767493415005,103,29688.0
4055.0,105,16810.0,144.91379310344828,1.2077903797245637,105,30200.0,0.0635616535204058,105,30200.0
4060.0,105,17335.0,150.7391304347826,0.980091950816124,105,30715.0,0.0391967821117035,105,30715.0
4065.0,107,17864.0,150.11764705882354,1.2713930962553617,107,31234.0,0.05586097920882694,107,31234.0
4070.0,107,18399.0,155.92372881355934,1.1365581066452786,107,31759.0,0.04478528445435918,107,31759.0
4075.0,109,18936.0,160.47457627118644,0.9832216397463637,109,32286.0,0.03390791678240573,109,32286.0
4080.0,105,19184.0,163.96581196581195,0.8296400804142965,105,32508.0,0.03731447355581174,105,32508.0
4085.0,97,19233.0,160.275,1.441320515295612,97,32447.0,0.05769082103023327,97,32447.0
4090.0,91,19358.0,159.98347107438016,2.0589665523082106,91,32195.0,0.06916117187510078,91,32195.0
4095.0,78,17265.0,142.68595041322314,1.9549018416897348,78,30691.0,0.08018927490257541,78,30691.0
4100.0,76,13997.0,118.61864406779661,2.2639870545031378,76,29070.0,0.103021375203393,76,29070.0
4105.0,74,11122.0,95.87931034482759,2.2640528421169255,74,26453.0,0.0758064179064157,74,26453.0
4110.0,74,8842.0,76.22413793103448,1.9725873511390521,74,26771.0,0.09267164545640351,74,26771.0
4115.0,72,7581.0,67.08849557522124,2.0120556669672527,72,27030.0,0.07090458277723655,72,27030.0
4120.0,79,7962.0,67.47457627118644,2.843264697388769,79,27354.0,0.11937096890976333,79,27354.0
4125.0,87,8381.0,72.25,2.2280881478798684,87,27762.0,0.059463680777073015,87,27762.0
4130.0,94,8837.0,76.84347826086956,1.8288098428601198,94,28218.0,0.04871209630012458,94,28218.0
4135.0,100,9325.0,84.009009009009,1.204566141357254,100,28708.0,0.0315495290735028,100,28708.0
4140.0,100,9825.0,90.97222222222223,0.8896376321630652,100,29208.0,0.04886932647325726,100,29208.0
4145.0,95,10039.0,91.26363636363637,0.9622336062811968,95,29411.0,0.038761768060728334,95,29411.0
4150.0,89,10057.0,88.21929824561404,1.6077348843559711,89,29406.0,0.05757113554502282,89,29406.0
4155.0,83,10153.0,89.06140350877193,2.1766492970527973,83,29193.0,0.07765574898887932,83,29193.0
4160.0,75,10239.0,89.03478260869565,2.1380760560728715,75,29561.0,0.09166042638249398,75,29561.0
4165.0,76,10589.0,94.54464285714286,2.545701412918106,76,29904.0,0.10194264254458613,76,29904.0
4170.0,82,10989.0,99.0,2.2847375954078064,82,30303.0,0.06595742304208128,82,30303.0
4175.0,88,11421.0,108.77142857142857,1.4392932128388412,88,30735.0,0.0406854104477563,88,30735.0
4180.0,94,11882.0,110.01851851851852,1.488825404306233,94,31196.0,0.052627246861828784,94,31196.0
4185.0,98,12365.0,116.65094339622641,1.052132308322446,98,31679.0,0.035629510594681675,98,31679.0
4190.0,92,12677.0,117.37962962962963,0.9275159661109336,92,31919.0,0.06147455741413654,92,31919.0
4195.0,87,12876.0,119.22222222222223,1.3990247853991862,87,31935.0,0.05597928956833521,87,31935.0
4200.0,79,13092.0,116.89285714285714,2.272463069270548,79,31856.0,0.08416650011323792,79,31856.0
4205.0,76,13375.0,121.5909090909091,2.124282117613378,76,32214.0,0.09765578073990695,76,32214.0
4210.0,79,13754.0,125.03636363636363,2.223768062189885,79,32569.0,0.08857118448916751,79,32569.0
4215.0,84,14165.0,131.15740740740742,2.1755602722685703,84,32978.0,0.06102066611855006,84,32978.0
4220.0,90,14605.0,135.2314814814815,1.8613195396245186,90,33418.0,0.04634150419739514,90,33418.0
4225.0,92,15064.0,144.84615384615384,1.4903484486321033,92,33877.0,0.058385809608163766,92,33877.0
4230.0,92,15524.0,147.84761904761905,1.362890213746677,92,34337.0,0.05624742804815733,92,34337.0
4235.0,88,15811.0,155.00980392156862,0.9310965302267802,88,34602.0,0.04116039140762362,88,34602.0
4240.0,80,15985.0,148.00925925925927,2.1425908037008856,80,34688.0,0.09796863269001577,80,34688.0
4245.0,78,16237.0,153.17924528301887,2.279242806679932,78,34737.0,0.08190090120765153,78,34737.0
4250.0,74,16566.0,154.82242990654206,2.2602361673782316,74,35092.0,0.10483274054292825,74,35092.0
4255.0,78,16946.0,159.8679245283019,1.9739704658303083,78,35449.0,0.07560396901409398,78,35449.0
4260.0,87,17371.0,167.02884615384616,2.0328857392531763,87,35874.0,0.061844965773890793,87,35874.0
4265.0,88,17811.0,172.92233009708738,1.9024198283461389,88,36314.0,0.061760599379691875,88,36314.0
4270.0,90,18254.0,180.73267326732673,1.394426314102989,90,36757.0,0.051794328066185696,90,36757.0
4275.0,90,18704.0,183.37254901960785,1.483753328890434,90,37207.0,0.05744796287246181,90,37207.0
4280.0,90,19154.0,189.64356435643563,1.1304662669211107,90,37657.0,0.0600163253087952,90,37657.0
4285.0,87,19407.0,190.26470588235293,1.053533987940526,87,37953.0,0.06306379017629882,87,37953.0
4290.0,79,19528.0,191.45098039215685,1.754596276947882,79,38115.0,0.07595220913516172,79,38115.0
4295.0,78,19871.0,189.24761904761905,2.3291346946881686,78,38223.0,0.07607841033112528,78,38223.0
4300.0,75,20206.0,194.28846153846155,2.188145349536872,75,38556.0,0.07499066755413647,75,38556.0
4305.0,80,20586.0,201.8235294117647,2.0911612759052174,80,38914.0,0.07209731632173881,80,38914.0
4310.0,83,20993.0,209.93,2.212836780508531,83,39317.0,0.06188592835621666,83,39317.0
4315.0,83,21408.0,214.08,2.1816493337256104,83,39732.0,0.05832176337884497,83,39732.0
4320.0,79,21718.0,233.5268817204301,1.3603366415856342,79,40050.0,0.047422162972861184,79,40050.0
4325.0,77,22033.0,227.1443298969072,1.9966949794495732,77,40279.0,0.0808329184872108,77,40279.0
4330.0,79,22428.0,231.2164948453608,2.3151490635097947,79,40632.0,0.05240535071886233,79,40632.0
4335.0,77,22781.0,230.11111111111111,2.006078502907947,77,41003.0,0.06577100842719927,77,41003.0
4340.0,77,23165.0,246.43617021276594,2.1741542695484886,77,41370.0,0.06903124209471535,77,41370.0
4345.0,77,23550.0,242.7835051546392,2.629891892168532,77,41754.0,0.0666467738582826,77,41754.0
4350.0,79,23944.0,260.2608695652174,2.0132041100751206,79,42148.0,0.06909142159020056,79,42148.0
4355.0,75,24279.0,269.76666666666665,1.2230831827714936,75,42503.0,0.05578213499868325,75,42503.0
4360.0,78,24665.0,271.04395604395603,1.7568077879301234,78,42863.0,0.06903860517283635,78,42863.0
4365.0,81,25059.0,266.5851063829787,1.6958848682751029,81,43257.0,0.06300135001235269,81,43257.0
4370.0,77,25409.0,276.1847826086956,1.287786442371067,77,43633.0,0.06754447807233213,77,43633.0
4375.0,77,25790.0,274.36170212765956,1.7851635594247992,77,43992.0,0.08050037429568907,77,43992.0
4380.0,77,26175.0,278.4574468085106,2.209398897852532,77,44373.0,0.05079394027400633,77,44373.0
4385.0,73,23721.0,247.09375,2.130963809229349,73,42921.0,0.08668192387764485,73,42921.0
4390.0,66,19366.0,215.17777777777778,1.95618127391361,66,39742.0,0.08084792171772014,66,39742.0
4395.0,61,15939.0,166.03125,3.0990461994028835,61,35671.0,0.1279199163030519,61,35671.0
4400.0,52,12448.0,135.30434782608697,2.856121320657367,52,35060.0,0.1282700715997081,52,35060.0
4405.0,52,9900.0,106.45161290322581,3.111509244040019,52,35285.0,0.15857942636765415,52,35285.0
4410.0,59,10182.0,108.31914893617021,3.02387397399032,59,35563.0,0.12073725408187984,59,35563.0
4415.0,66,10492.0,107.06122448979592,2.387982840948288,66,35873.0,0.10799380617352426,66,35873.0
4420.0,74,10847.0,111.82474226804123,1.7891317434662954,74,36229.0,0.06978885101489736,74,36229.0
4425.0,81,11237.0,112.37,1.6645934278422214,81,36621.0,0.06813485912045122,81,36621.0
4430.0,88,11665.0,117.82828282828282,1.451226114004138,88,37050.0,0.061340568616702375,88,37050.0
4435.0,82,11905.0,119.05,1.5637000141092179,82,35871.0,0.07059458087066504,82,35871.0
4440.0,78,12011.0,122.56122448979592,1.5591827449004196,78,33487.0,0.0624502754294397,78,33487.0
4445.0,70,12162.0,119.23529411764706,2.7742949045372445,70,29696.0,0.10038715789493274,70,29696.0
4450.0,62,12214.0,123.37373737373737,2.3407186985518815,62,30000.0,0.10917951100281462,62,30000.0
4455.0,60,12384.0,126.36734693877551,2.849883130948606,60,30274.0,0.14212591808550368,60,30274.0
4460.0,67,12707.0,124.57843137254902,2.6818627438624367,67,30596.0,0.09553984480300899,67,30596.0
4465.0,76,13069.0,125.66346153846153,2.1689007292360487,76,30958.0,0.08333078826155728,76,30958.0
4470.0,82,13465.0,130.72815533980582,1.3335618534865716,82,31354.0,0.059494382257279196,82,31354.0
4475.0,91,13895.0,133.60576923076923,0.956559992530341,91,31784.0,0.035404724047159976,91,31784.0
4480.0,90,13779.0,129.99056603773585,1.0177813632511903,90,32031.0,0.06791969444151882,90,32031.0
4485.0,85,13662.0,128.88679245283018,1.4624269072919949,85,32029.0,0.05396791342456834,85,32029.0
4490.0,83,13996.0,124.96428571428571,2.559904743017363,83,32124.0,0.09995821446800751,83,32124.0
4495.0,80,14351.0,132.87962962962962,1.7338891316408267,80,32512.0,0.061128767513250096,80,32512.0
4500.0,83,14743.0,137.78504672897196,1.85241471588025,83,32882.0,0.06634991401813309,83,32882.0
4505.0,88,15177.0,143.17924528301887,2.1803789839980023,88,33305.0,0.057390655188117465,88,33305.0
4510.0,83,15264.0,144.0,1.7199249868363597,83,32237.0,0.04363442131679067,83,32237.0
4515.0,78,15179.0,150.2871287128713,2.0490642411816737,78,30444.0,0.08819148033846876,78,30444.0
4520.0,71,15122.0,146.81553398058253,2.7081908339824596,71,27524.0,0.1031135509530425,71,27524.0
4525.0,61,14900.0,149.0,2.417706603348814,61,27829.0,0.11729763377842747,61,27829.0
4530.0,61,14944.0,149.44,2.740817727763051,61,28104.0,0.13977847909929955,61,28104.0
4535.0,69,15271.0,151.1980198019802,2.416999210383533,69,28427.0,0.08685962550290431,69,28427.0
4540.0,72,15374.0,143.6822429906542,1.9408930263077977,72,28607.0,0.08674995815186683,72,28607.0
4545.0,72,15380.0,149.32038834951456,1.7216154864211015,72,28679.0,0.0755367501520244,72,28679.0
4550.0,77,15725.0,142.95454545454547,2.5090715396267442,77,28777.0,0.09884090652843433,77,28777.0
4555.0,80,16071.0,151.61320754716982,2.0226143565542665,80,29153.0,0.08235697302559725,80,29153.0
4560.0,83,16469.0,155.3679245283019,1.9782704161762736,83,29527.0,0.06679251855321153,83,29527.0
4565.0,86,16896.0,162.46153846153845,2.1855059040428833,86,29948.0,0.061950202342607334,86,29948.0
4570.0,81,17064.0,164.07692307692307,1.7934813472347315,81,29191.0,0.057533773818875505,81,29191.0
4575.0,76,17067.0,168.98019801980197,2.2201011329394134,76,28979.0,0.08630127294072476,76,28979.0
4580.0,70,17128.0,167.92156862745097,2.662793440474071,70,28741.0,0.10003769121712246,70,28741.0
4585.0,60,16960.0,171.31313131313132,2.7824737014330556,60,28815.0,0.13393837106678802,60,28815.0
4590.0,52,16906.0,172.51020408163265,3.0357308972194104,52,28899.0,0.15673767498049462,52,28899.0
4595.0,62,17201.0,173.74747474747474,2.8663010303002356,62,29050.0,0.11615217345640165,62,29050.0
4600.0,66,17376.0,163.9245283018868,2.2007650382478467,66,29316.0,0.09120378028464987,66,29316.0
4605.0,67,17617.0,169.39423076923077,2.2853921379591027,67,29562.0,0.08459884092132086,67,29562.0
4610.0,76,17972.0,171.16190476190476,2.4641188281664825,76,29836.0,0.07670940525648483,76,29836.0
4615.0,81,18370.0,178.3495145631068,2.5763204189259037,81,30213.0,0.0986217558025648,81,30213.0
4620.0,82,18780.0,185.94059405940595,2.237102496655857,82,30588.0,0.056729169395361656,82,30588.0
4625.0,80,18972.0,191.63636363636363,1.8333268183123865,80,30652.0,0.07180039573830523,80,30652.0
4630.0,71,19013.0,198.05208333333334,1.87793471820332,71,30343.0,0.07692886176166742,71,30343.0
4635.0,68,19107.0,193.0,2.816923341150028,68,30015.0,0.10901194494284804,68,30015.0
4640.0,56,19122.0,199.1875,2.545238587987171,56,30228.0,0.11816928725888542,56,30228.0
4645.0,58,19216.0,204.4255319148936,2.81694846444718,58,30404.0,0.14931226211329934,58,30404.0
4650.0,64,19522.0,201.2577319587629,2.7312934419224644,64,30633.0,0.09177838054128623,64,30633.0
4655.0,70,19858.0,200.58585858585857,2.086831219076685,70,30899.0,0.06287029473374836,70,30899.0
4660.0,78,20237.0,204.41414141414143,1.5317363811623055,78,31208.0,0.0664416552898154,78,31208.0
4665.0,86,20655.0,206.55,1.1617538401787888,86,31556.0,0.04653503465531897,86,31556.0
4670.0,92,21108.0,206.94117647058823,1.3187978133303648,92,31939.0,0.05756350888602123,92,31939.0
4675.0,87,21364.0,205.42307692307693,1.1881488328132142,87,32063.0,0.05183111955789554,87,32063.0
4680.0,81,21486.0,210.64705882352942,1.5451400005461529,81,32005.0,0.05577305955414763,81,32005.0
4685.0,75,21654.0,202.37383177570092,2.7061285808543114,75,31740.0,0.10463857864318843,75,31740.0
4690.0,67,21719.0,210.8640776699029,2.2878721878424737,67,31998.0,0.09213655701240009,67,31998.0
4695.0,65,21903.0,214.73529411764707,2.655535993553,65,32223.0,0.1334034559712853,65,32223.0
4700.0,71,22245.0,211.85714285714286,2.407026747382934,71,32488.0,0.08287317725878572,71,32488.0
4705.0,79,22627.0,205.7,2.117899132904522,79,32800.0,0.07287210713052411,79,32800.0
4710.0,86,23041.0,215.33644859813083,1.2572503277728335,86,33146.0,0.04582124284562839,86,33146.0
4715.0,96,23503.0,217.62037037037038,0.998537409546803,96,33538.0,0.043985195440612225,96,33538.0
4720.0,100,23997.0,218.15454545454546,1.2275294749355101,100,33962.0,0.051642536963874226,100,33962.0
4725.0,96,24293.0,216.90178571428572,1.105688766153581,96,34190.0,0.038279110756577625,96,34190.0
4730.0,88,24460.0,218.39285714285714,1.9222863116280198,88,34281.0,0.07523845099801071,88,34281.0
4735.0,82,24664.0,216.35087719298247,2.2736267122694946,82,34180.0,0.07241625430731095,82,34180.0
4740.0,72,24788.0,227.41284403669724,2.1145297133957492,72,34525.0,0.09467266229486317,72,34525.0
4745.0,73,25021.0,225.4144144144144,2.3538686236993263,73,34823.0,0.10993507666376634,73,34823.0
4750.0,82,25413.0,226.90178571428572,2.1330845822154294,82,35130.0,0.07372669026372357,82,35130.0
4755.0,90,25842.0,222.77586206896552,1.7278894869552721,90,35454.0,0.07248289793781024,90,35454.0
4760.0,98,26313.0,228.80869565217392,1.1181436109637268,98,35821.0,0.03969982587868826,98,35821.0
4765.0,105,26825.0,221.69421487603304,1.3684940958797898,105,36228.0,0.06828512452068422,105,36228.0
4770.0,110,27366.0,231.91525423728814,0.9207003049578811,110,36665.0,0.032438241480633304,110,36665.0
4775.0,104,27713.0,229.03305785123968,1.0932408610261823,104,36865.0,0.04834701483084875,104,36865.0
4780.0,97,27919.0,232.65833333333333,1.3446243353419869,97,36917.0,0.05281879186184706,97,36917.0
4785.0,93,28148.0,227.0,2.2087490316801035,93,36792.0,0.07493109519530564,93,36792.0
4790.0,84,28322.0,232.14754098360655,2.073158027495165,84,37105.0,0.08615063041427176,84,37105.0
4795.0,84,28597.0,242.34745762711864,1.9995566763873345,84,37382.0,0.09147747373011665,84,37382.0
4800.0,90,29032.0,237.9672131147541,2.1307112332982743,90,37705.0,0.06333972085930785,90,37705.0
4805.0,96,29496.0,239.8048780487805,1.6104686938949488,96,38065.0,0.06748666406116696,96,38065.0
4810.0,104,29999.0,245.89344262295083,1.099305308369044,104,38465.0,0.0379334721498799,104,38465.0
4815.0,110,30533.0,246.23387096774192,1.0804712623957948,110,38896.0,0.04090511639578259,110,38896.0
4820.0,114,31099.0,254.90983606557376,0.8519004752909356,114,39358.0,0.031116199256794184,114,39358.0
4825.0,108,30334.0,248.63934426229508,0.8505154384303174,108,39345.0,0.026557136273548564,108,39345.0
4830.0,100,29015.0,233.99193548387098,1.412923575581032,100,38869.0,0.0524630467545092,100,38869.0
4835.0,94,28400.0,232.78688524590163,1.9005742529735454,94,38078.0,0.05686654972261709,94,38078.0
4840.0,85,28028.0,229.7377049180328,2.0661935950372254,85,38385.0,0.09134417425895512,85,38385.0
4845.0,83,28068.0,237.864406779661,2.1262766150732286,83,38657.0,0.0828625846509723,83,38657.0
4850.0,90,28502.0,235.55371900826447,2.140292604442124,90,38976.0,0.06414079350772621,90,38976.0
4855.0,90,28885.0,238.71900826446281,1.6019989341195218,90,38943.0,0.061974577418740885,90,38943.0
4860.0,88,29230.0,239.59016393442624,1.524016449436083,88,38593.0,0.06123402973349748,88,38593.0
4865.0,89,29613.0,242.7295081967213,2.0310923886147196,89,38065.0,0.06748288979665593,89,38065.0
4870.0,88,30006.0,243.9512195121951,2.5246130141081182,88,37729.0,0.09290543253970289,88,37729.0
4875.0,81,30337.0,257.09322033898303,2.398029915828837,81,38005.0,0.10473179010732363,81,38005.0
4880.0,84,30734.0,260.45762711864404,2.395971297331208,84,38256.0,0.10467017354797686,84,38256.0
4885.0,89,31167.0,268.6810344827586,2.2671633057807155,89,38570.0,0.07024493291136481,89,38570.0
4890.0,91,31547.0,274.32173913043476,1.4514892428762727,91,38705.0,0.0477976613541242,91,38705.0
4895.0,88,31903.0,290.0272727272727,1.5137902068504854,88,38620.0,0.052919595629504615,88,38620.0
4900.0,81,32264.0,283.0175438596491,2.3652151077105734,81,38782.0,0.09018010119772736,81,38782.0
4905.0,79,32611.0,291.16964285714283,2.1169321544556685,79,39035.0,0.07993607554740245,79,39035.0
4910.0,81,33001.0,294.6517857142857,1.996079233574205,81,39276.0,0.07663904647683342,81,39276.0
4915.0,89,33432.0,309.55555555555554,2.018473854993832,89,39575.0,0.05015085957676547,89,39575.0
4920.0,86,33104.0,306.51851851851853,1.8511467209406458,86,39472.0,0.06628157826357645,86,39472.0
4925.0,80,32391.0,311.4519230769231,1.9786147438800898,80,38666.0,0.07768470145973773,80,38666.0
4930.0,74,31664.0,298.7169811320755,2.4825433752506174,74,38206.0,0.08522099086026051,74,38206.0
4935.0,65,30874.0,299.747572815534,2.4715559482902285,65,38407.0,0.11592926489367916,65,38407.0
4940.0,64,30580.0,299.80392156862746,2.4414899413678897,64,38567.0,0.11693476666775392,64,38567.0
4945.0,72,30925.0,291.74528301886795,2.6095977317542784,72,38786.0,0.09971720727029615,72,38786.0
4950.0,79,31307.0,284.6090909090909,2.1816738686554733,79,39043.0,0.0900788644065258,79,39043.0
4955.0,88,31727.0,302.16190476190474,1.1826728517487912,88,39338.0,0.04221589742923401,88,39338.0
4960.0,93,32178.0,289.8918918918919,1.4668870518993367,93,39665.0,0.07511978064386227,93,39665.0
4965.0,99,32664.0,299.6697247706422,1.0323331783550145,99,40023.0,0.035605921192954665,99,40023.0
4970.0,100,33164.0,296.10714285714283,1.3854783479841333,100,40393.0,0.06207077350141381,100,40393.0
4975.0,95,28477.0,258.8818181818182,1.0205841770259343,95,38780.0,0.041002598690680084,95,38780.0
4980.0,87,20334.0,183.1891891891892,1.8246431157145773,87,35187.0,0.0739139129073539,87,35187.0
4985.0,81,13032.0,115.32743362831859,2.3444034884497027,81,29637.0,0.08222535872650857,81,29637.0
4990.0,73,6636.0,59.78378378378378,2.2047697469902467,73,29938.0,0.09582867368488512,73,29938.0
4995.0,74,3592.0,32.654545454545456,2.4040037628195945,74,30212.0,0.10876994282423663,74,30212.0
5000.0,81,3981.0,35.230088495575224,2.1650807484096117,81,30531.0,0.08889136978147417,81,30531.0
5005.0,88,4409.0,38.33913043478261,1.718207661258755,88,30889.0,0.06561174924906886,88,30889.0
5010.0,94,4869.0,42.71052631578947,0.9931580483925178,94,31279.0,0.03239618599330469,94,31279.0
5015.0,103,5372.0,45.914529914529915,0.9865710177539879,103,31712.0,0.03452112658196748,103,31712.0
5020.0,108,5908.0,50.067796610169495,0.8961301317045502,108,32178.0,0.03509595528896898,108,32178.0
5025.0,105,6253.0,52.108333333333334,0.9513127016055389,105,30702.0,0.041079827978366526,105,30702.0
5030.0,97,6459.0,53.825,1.386660583787299,97,27277.0,0.05363265465620287,97,27277.0
5035.0,94,6708.0,54.53658536585366,2.003208391626491,94,21936.0,0.06348396318775647,94,21936.0
5040.0,83,6891.0,57.90756302521008,1.8899650907029362,83,22340.0,0.07945957017430731,83,22340.0
5045.0,81,7128.0,59.4,2.1218144171566373,81,22703.0,0.09386495599949699,81,22703.0
5050.0,89,7556.0,62.446280991735534,1.9306696011148943,89,23115.0,0.06600905603915316,89,23115.0
5055.0,95,8014.0,64.112,1.7725566794178356,95,23563.0,0.06322450837680475,95,23563.0
5060.0,101,8507.0,70.89166666666667,1.1457891254674406,101,24046.0,0.03481879640974692,101,24046.0
5065.0,108,9035.0,74.6694214876033,1.1807862839940522,108,24565.0,0.0427521824743961,108,24565.0
5070.0,109,9580.0,81.88034188034187,0.8592413417952556,109,25100.0,0.032309483370761526,109,25100.0
5075.0,103,9117.0,75.34710743801652,1.107568797759685,103,25262.0,0.043262021006322184,103,25262.0
5080.0,97,7985.0,67.66949152542372,1.4537893457396442,97,24864.0,0.05183582610406325,97,24864.0
5085.0,90,7257.0,59.97520661157025,2.145964461910321,90,24458.0,0.07196831537229141,90,24458.0
5090.0,81,6913.0,59.085470085470085,2.001712290726474,81,24852.0,0.08573833668113819,81,24852.0
5095.0,79,7012.0,60.44827586206897,2.2337193870265595,79,25193.0,0.10406960721814036,79,25193.0
5100.0,85,7427.0,63.47863247863248,2.1735552845092485,85,25589.0,0.06966848105747502,85,25589.0
5105.0,92,7872.0,65.6,1.8287456712669734,92,26024.0,0.06538097673603033,92,26024.0
5110.0,98,8347.0,71.34188034188034,1.1151595925122961,98,26490.0,0.036305506857152656,98,26490.0
5115.0,106,8859.0,72.02439024390245,1.3048573635189902,106,26999.0,0.050619187761917525,106,26999.0
5120.0,111,9406.0,79.04201680672269,0.8807956816075739,111,27547.0,0.03318861739562365,111,27547.0
5125.0,111,9961.0,81.64754098360656,1.1096464896646512,111,28102.0,0.044838838804527874,111,28102.0
5130.0,106,10278.0,85.65,0.8835708351398239,106,28235.0,0.03560744278952232,106,28235.0
5135.0,97,10430.0,84.79674796747967,1.6684200140825132,97,27936.0,0.06915806954414344,97,27936.0
5140.0,92,10636.0,87.90082644628099,1.9906675360083523,92,27532.0,0.07132109797987303,92,27532.0
5145.0,80,10766.0,88.97520661157024,2.057613033370634,80,27750.0,0.094008864688394,80,27750.0
5150.0,80,10978.0,93.03389830508475,2.2894039370963264,80,28092.0,0.09934142215095564,80,28092.0
5155.0,87,11400.0,95.0,2.2481109944682363,87,28479.0,0.06919706581286467,87,28479.0
5160.0,93,11852.0,100.44067796610169,1.6330146204452665,93,28896.0,0.04981054828458799,93,28896.0
5165.0,100,12338.0,104.55932203389831,1.1940385883212286,100,29347.0,0.05307862211370344,100,29347.0
5170.0,105,12852.0,111.75652173913043,0.8407111646011145,105,29827.0,0.030095521909131954,105,29827.0
5175.0,101,13213.0,111.03361344537815,1.2621633774425587,101,29971.0,0.0554065425293772,101,29971.0
5180.0,96,13453.0,114.98290598290598,1.2750463651822046,96,29806.0,0.05305174968283106,96,29806.0
5185.0,88,13711.0,114.25833333333334,1.9112530941656332,88,29461.0,0.05297153751156536,88,29461.0
5190.0,82,13934.0,115.15702479338843,1.9182264925224437,82,29825.0,0.07990898421989225,82,29825.0
5195.0,82,14271.0,120.94067796610169,2.235556009850773,82,30158.0,0.08592053780227843,82,30158.0
5200.0,89,14699.0,123.52100840336135,2.145555290308384,89,30537.0,0.06520676162358645,89,30537.0
5205.0,89,13544.0,118.80701754385964,1.4976405552980678,89,30054.0,0.046175743008736815,89,30054.0
5210.0,86,11331.0,98.5304347826087,1.8273553633841861,86,28774.0,0.0749314090678796,86,28774.0
5215.0,85,9655.0,85.4424778761062,2.1805683586925175,85,26676.0,0.0670770949685173,85,26676.0
5220.0,75,7667.0,67.84955752212389,2.177810190365569,75,27013.0,0.09264394716500937,75,27013.0
5225.0,75,6736.0,61.79816513761468,2.121388878988002,75,27319.0,0.09211979341631628,75,27319.0
5230.0,83,7138.0,62.06956521739131,2.1772264324353956,83,27676.0,0.08210680885912824,83,27676.0
5235.0,89,7570.0,65.25862068965517,1.5833122825307588,89,28063.0,0.062090903557505205,89,28063.0
5240.0,96,8035.0,67.52100840336135,1.37328283020169,96,28483.0,0.03994722712454687,96,28483.0
5245.0,104,8534.0,71.71428571428571,0.9861080558852411,104,28937.0,0.04229311402779113,104,28937.0
5250.0,110,9067.0,75.55833333333334,0.989796047439516,110,29426.0,0.0403976325038444,110,29426.0
5255.0,105,9412.0,79.09243697478992,1.0084588262638088,105,29031.0,0.03462208665582309,105,29031.0
5260.0,99,9614.0,77.53225806451613,1.43295326237808,99,27805.0,0.05457183342510921,99,27805.0
5265.0,94,9878.0,80.9672131147541,2.0131830932460697,94,26154.0,0.07077978313035226,94,26154.0
5270.0,82,10062.0,82.47540983606558,1.9948394549398634,82,26103.0,0.08462129169659169,82,26103.0
5275.0,81,10353.0,88.48717948717949,2.0489166475009766,81,26444.0,0.08494201811702976,81,26444.0
5280.0,88,10780.0,88.36065573770492,2.2343126319337463,88,26818.0,0.07026037722436658,88,26818.0
5285.0,96,11243.0,92.91735537190083,1.5879010683335315,96,27227.0,0.05201934730521724,96,27227.0
5290.0,103,11741.0,97.03305785123968,0.9609922315700806,103,27670.0,0.05040623472624952,103,27670.0
5295.0,108,12269.0,100.56557377049181,0.8115750272738275,108,28144.0,0.03174965939514096,108,28144.0
5300.0,114,12826.0,101.7936507936508,1.1836061824123827,114,28647.0,0.053173602690459155,114,28647.0
5305.0,114,13396.0,109.80327868852459,0.8660725182788602,114,29162.0,0.03300371509566352,114,29162.0
5310.0,108,13734.0,109.0,1.1391748258557044,108,28766.0,0.04730946132992185,108,28766.0
5315.0,102,13923.0,114.12295081967213,1.2891121741163456,102,27931.0,0.05394493073920305,102,27931.0
5320.0,94,14153.0,112.32539682539682,2.1295636463519982,94,26436.0,0.0715982950092163,94,26436.0
5325.0,86,13539.0,110.97540983606558,1.936145035191459,86,26355.0,0.08127601323229498,86,26355.0
5330.0,76,12498.0,105.91525423728814,2.056623614789392,76,25939.0,0.09839801711697832,76,25939.0
5335.0,79,11866.0,97.26229508196721,2.458258570107894,79,25164.0,0.09683218838540662,79,25164.0
5340.0,76,11129.0,89.75,2.0712033404568286,76,25425.0,0.09305837316790928,76,25425.0
5345.0,72,10845.0,88.17073170731707,2.2187755232750397,72,25620.0,0.09987638701995377,72,25620.0
5350.0,86,11250.0,87.890625,2.2795731406087283,86,25905.0,0.08450358017834311,86,25905.0
5355.0,95,11714.0,90.8062015503876,2.15119390585608,95,26289.0,0.07014144433241969,95,26289.0
5360.0,104,12219.0,96.97619047619048,1.470257907472498,104,26729.0,0.02751975111139355,104,26729.0
5365.0,110,12752.0,101.2063492063492,1.2546281302300966,110,27199.0,0.033663663135838115,110,27199.0
5370.0,108,13140.0,108.59504132231405,0.8928522674693242,108,27269.0,0.036262758296869174,108,27269.0
5375.0,98,13400.0,109.8360655737705,1.3095778158564981,98,27007.0,0.05519252410642934,98,27007.0
5380.0,94,13699.0,112.28688524590164,2.0275123113334983,94,26394.0,0.05647167744097916,94,26394.0
5385.0,88,13973.0,115.47933884297521,2.263417901649551,88,26167.0,0.0958654578384157,88,26167.0
5390.0,78,14207.0,121.42735042735043,2.177191033244581,78,26198.0,0.10342241091431524,78,26198.0
5395.0,83,14601.0,119.68032786885246,2.55710281604914,83,26504.0,0.10524732114048023,83,26504.0
5400.0,89,15032.0,124.23140495867769,2.3588480495283566,89,26856.0,0.07917628899789052,89,26856.0
5405.0,89,15010.0,120.08,1.857636600071873,89,26439.0,0.0605745383915497,89,26439.0
5410.0,88,14778.0,125.23728813559322,1.6659808485439929,88,26141.0,0.05390700706614451,88,26141.0
5415.0,87,14553.0,121.275,2.241622673570651,87,25979.0,0.08611390754834315,87,25979.0
5420.0,80,14355.0,123.75,2.175843413389596,80,26049.0,0.09128431093376528,80,26049.0
5425.0,78,14313.0,121.29661016949153,2.471675887774283,78,26344.0,0.11240019367675581,78,26344.0
5430.0,86,14726.0,124.79661016949153,2.145822526878718,86,26684.0,0.07643325937131638,86,26684.0
5435.0,93,15177.0,126.475,1.711332273426646,93,27065.0,0.050061195312310326,93,27065.0
5440.0,101,15665.0,129.46280991735537,1.0823756379408884,101,27483.0,0.039180187863475116,101,27483.0
5445.0,108,16194.0,130.59677419354838,1.0244423955950421,108,27942.0,0.03732750904865483,108,27942.0
5450.0,109,16584.0,135.9344262295082,0.923195351628546,109,28134.0,0.037229682144695214,109,28134.0
5455.0,99,16863.0,134.904,1.45513238510599,99,27930.0,0.04975135696153603,99,27930.0
5460.0,95,17174.0,139.6260162601626,2.0449149127602597,95,27713.0,0.0666835790706132,95,27713.0
5465.0,81,17366.0,141.1869918699187,2.2067542436350536,81,28058.0,0.0955211608222909,81,28058.0
5470.0,82,17702.0,152.60344827586206,1.9656894880244062,82,28376.0,0.0910859487007368,82,28376.0
5475.0,90,18136.0,147.4471544715447,2.246236769348829,90,28741.0,0.07446988595962739,90,28741.0
5480.0,90,18070.0,148.11475409836066,1.616606698499217,90,28680.0,0.055093274052294396,90,28680.0
5485.0,86,17670.0,142.5,2.005552511695092,86,28222.0,0.0795114607223159,86,28222.0
5490.0,89,17452.0,143.04918032786884,2.1109221124248636,89,27781.0,0.07003507244666855,89,27781.0
5495.0,83,17147.0,138.28225806451613,1.978340658639893,83,28129.0,0.0794476749452645,83,28129.0
5500.0,84,17236.0,146.0677966101695,2.0649935127819092,84,28468.0,0.08570454536827231,84,28468.0
5505.0,90,17676.0,147.3,2.069013927251663,90,28838.0,0.08866436569510619,90,28838.0
5510.0,96,18145.0,149.95867768595042,1.4772048699158518,96,29237.0,0.05032794486682449,96,29237.0
5515.0,103,18644.0,152.81967213114754,1.1394467713702896,103,29666.0,0.04564015079872517,103,29666.0
5520.0,109,19178.0,157.19672131147541,0.8398089697056181,109,30131.0,0.030119098209793447,109,30131.0
5525.0,114,19741.0,159.2016129032258,1.0918205125834113,114,30624.0,0.039672931132884635,114,30624.0
5530.0,109,19926.0,163.327868852459,0.7234500032754961,109,30769.0,0.0372729013975997,109,30769.0
5535.0,102,19917.0,160.6209677419355,1.38972941338119,102,30599.0,0.05511483822036835,102,30599.0
5540.0,95,19887.0,159.096,2.0327591487166816,95,30108.0,0.06303334630593704,95,30108.0
5545.0,84,19836.0,163.93388429752065,1.7518143849685919,84,30464.0,0.06198793971669248,84,30464.0
5550.0,83,19910.0,165.91666666666666,2.0943512297569025,83,30774.0,0.0940470915036108,83,30774.0
5555.0,88,20339.0,168.0909090909091,2.0434355156528023,88,31127.0,0.06563273650565898,88,31127.0
5560.0,90,20406.0,163.248,1.5833428451038027,90,31169.0,0.05554854603829966,90,31169.0
5565.0,89,20254.0,167.38842975206612,1.4943231458797903,89,30721.0,0.05334574892753863,89,30721.0
5570.0,93,20244.0,160.66666666666666,2.063373598879915,93,30369.0,0.06676432033392171,93,30369.0
5575.0,85,20118.0,166.26446280991735,1.7853363387771102,85,30717.0,0.07355215802576795,85,30717.0
5580.0,83,20247.0,168.725,2.0587751859094,83,31020.0,0.09706762175547386,83,31020.0
5585.0,89,20682.0,169.52459016393442,2.1421690528091535,89,31375.0,0.07175419011686623,89,31375.0
5590.0,89,20883.0,165.73809523809524,1.6788551549440043,89,31439.0,0.05645009207233834,89,31439.0
5595.0,91,20956.0,173.1900826446281,1.4041167578789913,91,31345.0,0.05817716080889223,91,31345.0
5600.0,91,21120.0,167.61904761904762,2.0261445598693375,91,31035.0,0.0722761170496471,91,31035.0
5605.0,85,21190.0,173.68852459016392,1.8662279711523548,85,31387.0,0.07725569464011613,85,31387.0
5610.0,84,21422.0,177.04132231404958,2.2023702444456714,84,31697.0,0.10233448723904584,84,31697.0
5615.0,89,21857.0,179.15573770491804,2.129285329668395,89,32055.0,0.06835052305832416,89,32055.0
5620.0,90,22054.0,177.8548387096774,1.5601880066238827,90,32072.0,0.0609356393382132,90,32072.0
5625.0,89,22108.0,178.29032258064515,1.6612202153451585,89,31728.0,0.058939718012284745,89,31728.0
5630.0,89,22221.0,176.35714285714286,2.0852882011562537,89,31230.0,0.07950832638539385,89,31230.0
5635.0,83,22284.0,182.65573770491804,2.140349566287446,83,31258.0,0.08655878118239908,83,31258.0
5640.0,83,22543.0,186.30578512396696,2.2175165095671443,83,31564.0,0.09884413205178334,83,31564.0
5645.0,88,22969.0,189.82644628099175,2.172749263273861,88,31914.0,0.07365897133258956,88,31914.0
5650.0,94,23426.0,185.9206349206349,1.8904622124401032,94,32301.0,0.05416615588619079,94,32301.0
5655.0,96,23813.0,196.80165289256198,1.2330563724140915,96,32434.0,0.04784450543716457,96,32434.0
5660.0,94,24161.0,194.84677419354838,1.7988426910229303,94,32404.0,0.07937918777584965,94,32404.0
5665.0,93,24536.0,199.47967479674796,2.023964545333682,93,32168.0,0.07177147271456465,93,32168.0
5670.0,83,24849.0,198.792,1.9698552323116079,83,32518.0,0.08802950186069097,83,32518.0
5675.0,85,25214.0,211.88235294117646,2.0379062191165698,85,32846.0,0.09093619977562974,85,32846.0
5680.0,89,25648.0,210.2295081967213,2.052931771650793,89,33211.0,0.0916968030036127,89,33211.0
5685.0,96,26116.0,223.2136752136752,1.4020436684811093,96,33609.0,0.04232874978120605,96,33609.0
5690.0,103,26615.0,225.55084745762713,1.3476193641322918,103,34038.0,0.05542015795214631,103,34038.0
5695.0,107,27140.0,231.96581196581195,1.0497132430723806,107,34493.0,0.032423212093835314,107,34493.0
5700.0,107,27675.0,236.53846153846155,1.1284884419052563,107,34958.0,0.051195937566100885,107,34958.0
5705.0,102,28002.0,237.3050847457627,0.9086366864048612,102,35192.0,0.03774192150241081,102,35192.0
5710.0,96,28228.0,237.21008403361344,1.542064011060491,96,35297.0,0.06143276368244173,96,35297.0
5715.0,89,28432.0,234.97520661157026,1.9390743514094682,89,35227.0,0.06994303473187619,89,35227.0
5720.0,79,28622.0,242.5593220338983,1.7073120194154814,79,35558.0,0.0702781349537025,79,35558.0
5725.0,83,29002.0,241.68333333333334,2.3632096996432748,83,35873.0,0.09999485148307176,83,35873.0
5730.0,90,29433.0,253.73275862068965,1.948745992276423,90,36234.0,0.05589450677645961,90,36234.0
5735.0,90,29119.0,253.2086956521739,1.463305859468632,90,36134.0,0.04041631044757893,90,36134.0
5740.0,87,28319.0,255.12612612612614,1.608126561612618,87,35630.0,0.06346283810181184,87,35630.0
5745.0,84,27767.0,243.5701754385965,2.2177719751404656,84,34681.0,0.06868137407890894,84,34681.0
5750.0,73,27030.0,241.33928571428572,2.2375857173199547,73,34979.0,0.09019613776502694,73,34979.0
5755.0,74,26781.0,243.46363636363637,2.268526527546927,74,35240.0,0.09951241568352855,74,35240.0
5760.0,80,27170.0,242.58928571428572,2.3049087135985515,80,35553.0,0.08236305484694544,80,35553.0
5765.0,80,27328.0,233.57264957264957,1.9458366244503995,80,35687.0,0.08175225887423568,80,35687.0
5770.0,81,27350.0,242.0353982300885,1.5868341395453969,81,35633.0,0.061446831153995705,81,35633.0
5775.0,83,27434.0,228.61666666666667,2.1745984079954392,83,35584.0,0.08734769928644245,83,35584.0
5780.0,80,27656.0,236.3760683760684,2.0467366542959677,80,35906.0,0.08933537494696757,80,35906.0
5785.0,84,28061.0,237.8050847457627,2.3449999480273243,84,36219.0,0.1094874634529848,84,36219.0
5790.0,90,28500.0,250.0,1.7774155539160275,90,36584.0,0.048438121101361975,90,36584.0
5795.0,96,28968.0,254.10526315789474,1.567364907673587,96,36982.0,0.04020622562637011,96,36982.0
5800.0,99,29460.0,265.4054054054054,1.2840393213367782,99,37404.0,0.047789355820499445,99,37404.0
5805.0,101,29958.0,269.8918918918919,1.0848127243710401,101,37832.0,0.059130343820876514,101,37832.0
5810.0,101,30463.0,274.44144144144144,1.115960583421405,101,38267.0,0.05318709176094917,101,38267.0
5815.0,102,30969.0,269.295652173913,1.388368746582673,102,38703.0,0.0443545495874678,102,38703.0
5820.0,98,31241.0,281.45045045045043,1.098082933145551,98,38909.0,0.04321165018926611,98,38909.0
5825.0,90,31353.0,270.2844827586207,1.5804059811590327,90,38897.0,0.058809702212137493,90,38897.0
5830.0,86,31542.0,276.6842105263158,2.1626637390758425,86,38777.0,0.07355614859184094,86,38777.0
5835.0,80,31832.0,274.41379310344826,2.0429923147119426,80,39090.0,0.0995025519629301,80,39090.0
5840.0,84,32235.0,285.2654867256637,2.0310539352060224,84,39402.0,0.07726006602537748,84,39402.0
5845.0,89,32669.0,286.5701754385965,2.270521948071827,89,39762.0,0.09277324101172613,89,39762.0
5850.0,95,33132.0,303.9633027522936,1.5799642090819357,95,40155.0,0.04730433619580732,95,40155.0
5855.0,97,33612.0,308.3669724770642,1.4166714227955883,97,40565.0,0.05224682235907281,97,40565.0
5860.0,91,29185.0,272.7570093457944,1.2778792222509623,91,39026.0,0.05710813367480444,91,39026.0
5865.0,84,22294.0,206.42592592592592,1.7523890256516144,84,35533.0,0.06509161255490194,84,35533.0
5870.0,79,15394.0,139.94545454545454,2.6440368475526452,79,30130.0,0.09580101748634721,79,30130.0
5875.0,68,9243.0,85.58333333333333,2.2727611529590317,68,30470.0,0.09386225999982069,68,30470.0
5880.0,70,5267.0,50.64423076923077,2.275284957808234,70,30792.0,0.09770432184783649,70,30792.0
5885.0,75,5632.0,51.2,2.43147500658077,75,31147.0,0.09513730282305494,75,31147.0
5890.0,83,6033.0,54.351351351351354,1.7052680233792714,83,31538.0,0.05912313137783705,83,31538.0
5895.0,91,6471.0,57.776785714285715,1.3056043103244188,91,31967.0,0.0726215812648731,91,31967.0
5900.0,98,6944.0,60.91228070175438,1.034410812406103,98,32431.0,0.034975615317680536,98,32431.0
5905.0,105,7456.0,64.83478260869565,1.1487832695293505,105,32935.0,0.032963101327902956,105,32935.0
5910.0,106,7982.0,69.40869565217392,0.9617067121898077,106,33451.0,0.03411423004417318,106,33451.0
5915.0,101,7531.0,65.48695652173913,1.0873978235956367,101,33206.0,0.03668207403886253,101,33206.0
5920.0,94,6418.0,54.85470085470085,1.404024901320075,94,32396.0,0.05712147567526865,94,32396.0
5925.0,89,5622.0,48.05128205128205,2.175857025926743,89,30949.0,0.05872374829192575,89,30949.0
5930.0,80,4755.0,39.95798319327731,2.27251688197268,80,31336.0,0.09816434669278949,80,31336.0
5935.0,81,4221.0,37.35398230088496,2.001644090021856,81,31700.0,0.08806022137761589,81,31700.0
5940.0,87,4646.0,39.3728813559322,2.2533686320784003,87,32114.0,0.07098577522449452,87,32114.0
5945.0,96,5102.0,42.516666666666666,1.603529052256471,96,32560.0,0.052134807104064304,96,32560.0
5950.0,96,4915.0,40.6198347107438,1.0931740721027479,96,32677.0,0.04734846674036668,96,32677.0
5955.0,96,4300.0,35.53719008264463,1.2957634206699462,96,32474.0,0.05605310997428572,96,32474.0
5960.0,95,3974.0,31.792,2.0090138058281757,95,32078.0,0.06698542556934217,95,32078.0
5965.0,85,3875.0,32.02479338842975,1.9452189620965274,85,32497.0,0.07826095256202954,85,32497.0
5970.0,84,4119.0,34.325,2.1133468698513798,84,32880.0,0.09026345471548078,84,32880.0
5975.0,91,4558.0,37.983333333333334,2.086768761170192,91,33305.0,0.06457473475033215,91,33305.0
5980.0,91,4940.0,40.82644628099174,1.5031156463679662,91,33466.0,0.05565370349819608,91,33466.0
5985.0,91,5296.0,45.6551724137931,1.4299038327864444,91,33410.0,0.05648243465509361,91,33410.0
5990.0,87,5672.0,46.87603305785124,2.331177208605975,87,33191.0,0.08685694237986194,87,33191.0
5995.0,79,5993.0,50.78813559322034,2.0896952827258524,79,33576.0,0.08390765377386693,79,33576.0
6000.0,84,6394.0,54.64957264957265,2.1067549735461597,84,33951.0,0.08567261978748167,84,33951.0
6005.0,90,6831.0,59.4,2.034359779437127,90,34383.0,0.0546131561846855,90,34383.0
6010.0,96,7299.0,63.469565217391306,1.8378227727097165,96,34848.0,0.05234081397803771,96,34848.0
6015.0,99,7790.0,70.18018018018019,1.4364886001410766,99,35306.0,0.05249988714579158,99,35306.0
6020.0,95,8144.0,73.36936936936937,1.1165704175768558,95,35504.0,0.05937855170234017,95,35504.0
6025.0,90,8422.0,75.87387387387388,1.7051554466629595,90,35520.0,0.07604103586390483,90,35520.0
6030.0,82,8703.0,75.67826086956522,2.316307448686793,82,35478.0,0.07851947031959718,82,35478.0
6035.0,80,9034.0,81.38738738738739,2.1391849208949334,80,35790.0,0.08987866427516095,80,35790.0
6040.0,83,9434.0,84.23214285714286,2.0510716586235334,83,36126.0,0.08603245963496131,83,36126.0
6045.0,90,9873.0,90.57798165137615,1.915361406847633,90,36554.0,0.04667900497978938,90,36554.0
6050.0,87,9617.0,89.04629629629629,1.9062525098892809,87,36140.0,0.07582664086990958,87,36140.0
6055.0,81,8879.0,83.76415094339623,2.049466673189567,81,34952.0,0.0759455857042716,81,34952.0
6060.0,75,8361.0,79.62857142857143,2.6401287609566597,75,32930.0,0.09047315777077576,75,32930.0
6065.0,66,7661.0,72.96190476190476,2.5414153104480346,66,33166.0,0.11771173636939698,66,33166.0
6070.0,67,7432.0,73.58415841584159,2.348385159945275,67,33361.0,0.11380733259512538,67,33361.0
6075.0,74,7786.0,72.76635514018692,2.65341917431481,74,33608.0,0.0998176855351396,74,33608.0
6080.0,81,8174.0,76.39252336448598,1.7001648683643562,81,33891.0,0.058525272411317886,81,33891.0
6085.0,89,8605.0,78.94495412844037,1.436742363411578,89,34217.0,0.05793097913393381,89,34217.0
6090.0,96,9066.0,83.1743119266055,1.0609287662501627,96,34575.0,0.03402539250113852,96,34575.0
6095.0,101,9566.0,87.76146788990826,0.9355354456523216,101,34970.0,0.03232934893078253,101,34970.0
6100.0,95,8728.0,79.34545454545454,1.1272707195034524,95,33388.0,0.04935349090922753,95,33388.0
6105.0,88,6991.0,62.98198198198198,1.4876801293009798,88,29816.0,0.06349661400514572,88,29816.0
6110.0,83,5688.0,50.336283185840706,2.3270872393497646,83,24303.0,0.08184826381030585,83,24303.0
6115.0,73,3892.0,34.442477876106196,2.1193864641531936,73,24624.0,0.09181559688737025,73,24624.0
6120.0,76,3407.0,31.546296296296298,2.131492106910641,76,24923.0,0.08872213083305262,76,24923.0
6125.0,81,3799.0,32.75,2.501432859198355,81,25260.0,0.07969526140367321,81,25260.0
6130.0,89,4234.0,36.81739130434783,1.6680391679292095,89,25640.0,0.05373470300858595,89,25640.0
6135.0,96,4701.0,40.525862068965516,1.156400936429623,96,26052.0,0.055556165079070095,96,26052.0
6140.0,105,5206.0,44.495726495726494,0.9038577484965167,105,26502.0,0.03435394955858328,105,26502.0
6145.0,103,5089.0,42.40833333333333,0.882563492955098,103,26671.0,0.05461928764607158,103,26671.0
6150.0,99,4543.0,38.1764705882353,1.2005658152312548,99,26590.0,0.05067939273931045,99,26590.0
6155.0,91,4346.0,35.333333333333336,2.0052425471012083,91,26266.0,0.06538214411752506,91,26266.0
6160.0,84,4392.0,36.0,2.027459961537458,84,26623.0,0.08623447567798884,84,26623.0
6165.0,83,4738.0,38.83606557377049,2.2851150001071288,83,26946.0,0.10072798228363929,83,26946.0
6170.0,90,5174.0,43.47899159663866,2.14793240092415,90,27321.0,0.06894884565543012,90,27321.0
6175.0,96,5644.0,47.03333333333333,1.8048031944316563,96,27736.0,0.0499266913736012,96,27736.0
6180.0,103,6147.0,54.39823008849557,1.170404042716295,103,28184.0,0.03333957732079302,103,28184.0
6185.0,103,6662.0,57.93043478260869,1.201075472604561,103,28644.0,0.0461569143922564,103,28644.0
6190.0,100,7012.0,62.05309734513274,1.030358599350759,100,28822.0,0.04052238558460089,100,28822.0
6195.0,90,7235.0,61.837606837606835,1.600626433271952,90,28718.0,0.06797647133756607,90,28718.0
6200.0,87,7474.0,64.43103448275862,2.1987627322286936,87,28476.0,0.07068835012227132,87,28476.0
6205.0,81,7803.0,66.12711864406779,2.906067306747798,81,28451.0,0.12996817016425435,81,28451.0
6210.0,79,8137.0,72.00884955752213,2.351681590335789,79,28701.0,0.10632084678702187,79,28701.0
6215.0,83,8536.0,75.53982300884955,2.0214967802123898,83,29003.0,0.07161029175983767,83,29003.0
6220.0,89,8968.0,81.52727272727273,2.202151558279609,89,29366.0,0.06268547934520605,89,29366.0
6225.0,86,8463.0,79.09345794392523,1.606017947943312,86,28648.0,0.05253164948763611,86,28648.0
6230.0,81,7327.0,68.4766355140187,2.025127639689885,81,27290.0,0.08796734087617467,81,27290.0
6235.0,74,6486.0,61.18867924528302,2.7066681008386544,74,25068.0,0.11121437407789508,74,25068.0
6240.0,66,5415.0,52.06730769230769,2.3154707855206564,66,25326.0,0.10109295688377784,66,25326.0
6245.0,66,4971.0,48.73529411764706,2.6347647171360054,66,25545.0,0.13949723152153945,66,25545.0
6250.0,73,5318.0,50.16981132075472,2.461967900718164,73,25822.0,0.08503762205087707,73,25822.0
6255.0,80,5706.0,52.34862385321101,2.060290263670136,80,26145.0,0.0732201205601004,80,26145.0
6260.0,82,5834.0,53.03636363636364,1.4958770716841567,82,26292.0,0.049699359662819055,82,26292.0
6265.0,81,5808.0,53.28440366972477,1.7335067565675353,81,26244.0,0.0658125057157747,81,26244.0
6270.0,81,6066.0,54.648648648648646,2.252662036003448,81,26275.0,0.08066090825022118,81,26275.0
6275.0,82,6475.0,59.403669724770644,2.5195940926217384,82,26411.0,0.07744415219518791,82,26411.0
6280.0,79,6808.0,62.45871559633027,2.177580432044908,79,26675.0,0.08186806036361793,79,26675.0
6285.0,83,7203.0,69.93203883495146,1.986413253401057,83,26961.0,0.04976731564866639,83,26961.0
6290.0,85,7621.0,72.58095238095238,2.421179106884245,85,27307.0,0.07296786413123259,85,27307.0
6295.0,81,7965.0,79.65,1.8483080046002027,81,27580.0,0.06365933230821698,81,27580.0
6300.0,79,8333.0,84.17171717171718,1.7487672067149578,79,27823.0,0.06600700399451007,79,27823.0
6305.0,82,8741.0,88.29292929292929,1.9943695131696275,82,28136.0,0.06138178818030294,82,28136.0
6310.0,78,8739.0,86.52475247524752,2.0138601483224257,78,27488.0,0.06956128402003203,78,27488.0
6315.0,72,8456.0,86.28571428571429,2.164705952398149,72,26462.0,0.07616073529497326,72,26462.0
6320.0,67,8292.0,84.61224489795919,2.966433216739873,67,24755.0,0.11337908682054451,67,24755.0
6325.0,56,7832.0,81.58333333333333,2.458495781256248,56,24932.0,0.09815471395846063,56,24932.0
6330.0,53,7752.0,82.46808510638297,2.800431922746623,53,25036.0,0.14227765853871072,53,25036.0
6335.0,56,8016.0,83.5,2.828254401536008,56,25163.0,0.10644863826139286,56,25163.0
6340.0,64,8322.0,82.39603960396039,3.1667622222296217,64,25365.0,0.1281902103646684,64,25365.0
6345.0,72,8667.0,87.54545454545455,2.4117659409111205,72,25636.0,0.05987071596335163,72,25636.0
6350.0,79,9042.0,89.52475247524752,2.1960048463079715,79,25941.0,0.08036582241379082,79,25941.0
6355.0,79,9275.0,96.61458333333333,1.7047858029650664,79,26195.0,0.07060365491054375,79,26195.0
6360.0,78,9647.0,99.45360824742268,1.8750972153785768,78,26416.0,0.05735125338468701,78,26416.0
6365.0,81,10048.0,103.58762886597938,2.197003266036243,81,26739.0,0.06525767713699601,81,26739.0
6370.0,76,10182.0,104.96907216494846,1.7065211767524722,76,26321.0,0.06469837507975099,76,26321.0
6375.0,71,10146.0,109.09677419354838,1.8773909651944274,71,25581.0,0.09049624293031953,71,25581.0
6380.0,63,10138.0,104.51546391752578,2.707192424084296,63,24567.0,0.110256785162773,63,24567.0
6385.0,53,10009.0,105.3578947368421,2.9535209811916356,53,24486.0,0.1403418212155533,53,24486.0
6390.0,49,10010.0,107.63440860215054,2.947364523758401,49,24572.0,0.151101967168827,49,24572.0
6395.0,54,10265.0,108.05263157894737,3.106003203010719,54,24694.0,0.12555357049507845,54,24694.0
6400.0,61,10561.0,105.61,2.9593496988270176,61,24914.0,0.12645122247725438,61,24914.0
6405.0,69,10896.0,112.3298969072165,2.184352723405234,69,25179.0,0.06402314201676584,69,25179.0
6410.0,79,11273.0,115.03061224489795,1.8915291621500245,79,25486.0,0.06440573029671556,79,25486.0
6415.0,79,11516.0,117.51020408163265,1.80813485744539,79,25256.0,0.0683409501681901,79,25256.0
6420.0,69,11649.0,121.34375,2.2841265499652956,69,25045.0,0.08837948901262963,69,25045.0
6425.0,65,11813.0,121.78350515463917,2.9655691920271083,65,24581.0,0.10553374903938016,65,24581.0
6430.0,56,11920.0,126.80851063829788,2.583613628525257,56,24794.0,0.11583902337468296,56,24794.0
6435.0,58,12077.0,129.86021505376345,2.9452083098649475,58,24991.0,0.13434761693831523,58,24991.0
6440.0,64,12387.0,131.77659574468086,2.485789982130277,64,25231.0,0.08580533384640154,64,25231.0
6445.0,72,12731.0,124.81372549019608,2.2863450119202264,72,25505.0,0.08381777545332093,72,25505.0
6450.0,73,12721.0,129.80612244897958,1.561237555312407,73,25655.0,0.07197819393579309,73,25655.0
6455.0,71,12866.0,128.66,1.5275980282676531,71,25711.0,0.06545487519418512,71,25711.0
6460.0,80,13252.0,129.92156862745097,2.3261888879685984,80,25839.0,0.07548366866397246,80,25839.0
6465.0,84,13658.0,131.32692307692307,2.2961892759123512,84,26153.0,0.061106400062158214,84,26153.0
6470.0,84,14078.0,140.78,1.8481154785342702,84,26503.0,0.04956117368661954,84,26503.0
6475.0,82,14240.0,143.83838383838383,1.5796487957274858,82,26523.0,0.06408740219489908,82,26523.0
6480.0,72,14219.0,151.2659574468085,1.3522077296639332,72,26432.0,0.046267388098220466,72,26432.0
6485.0,70,14273.0,142.73,2.8400462675997056,70,26133.0,0.10395877139585154,70,26133.0
6490.0,56,14050.0,146.35416666666666,2.278338175556936,56,26309.0,0.09100549504338516,56,26309.0
6495.0,52,14009.0,142.94897959183675,2.997601955319057,52,26393.0,0.14320486361509904,52,26393.0
6500.0,56,14257.0,145.4795918367347,2.918073105930764,56,26465.0,0.10916534258075478,56,26465.0
6505.0,62,14553.0,141.29126213592232,3.407406217736873,62,26641.0,0.14147439844706955,62,26641.0
6510.0,71,14894.0,147.46534653465346,2.816021430853725,71,26897.0,0.08895855930773779,71,26897.0
6515.0,72,15139.0,151.39,1.879917612583727,72,27129.0,0.054876597434939584,72,27129.0
6520.0,80,15527.0,160.0721649484536,2.118677866044223,80,27393.0,0.0764718163925827,80,27393.0
6525.0,81,15928.0,162.53061224489795,1.8429220902808214,81,27724.0,0.06630970184074293,81,27724.0
6530.0,84,16342.0,168.4742268041237,1.625727626270101,84,28068.0,0.05835311248210033,84,28068.0
6535.0,80,14247.0,148.40625,1.3303126126237617,80,26465.0,0.06757743612758581,80,26465.0
6540.0,72,10475.0,111.43617021276596,1.671371888189227,72,22917.0,0.07289783221179355,72,22917.0
6545.0,69,7112.0,71.12,2.7748672464217305,69,17454.0,0.10224055599361669,69,17454.0
6550.0,56,3961.0,41.260416666666664,2.414861144534492,56,17691.0,0.09958073383257582,56,17691.0
6555.0,54,2031.0,20.724489795918366,3.2018735063248247,54,17835.0,0.15114059278259853,54,17835.0
6560.0,55,2275.0,23.214285714285715,3.1641073574429246,55,17983.0,0.1257026118882129,55,17983.0
6565.0,62,2570.0,24.95145631067961,3.2939942396128066,62,18220.0,0.14356197076205301,62,18220.0
6570.0,71,2909.0,28.801980198019802,2.8331262406781943,71,18537.0,0.08422824545394994,71,18537.0
6575.0,78,3282.0,32.495049504950494,2.3505441634802224,78,18900.0,0.07025776901325732,78,18900.0
6580.0,83,3687.0,38.810526315789474,1.532401976066324,83,19297.0,0.0626065577723253,83,19297.0
6585.0,78,3543.0,37.294736842105266,1.3803331693687857,78,19320.0,0.06653047961395245,78,19320.0
6590.0,74,3023.0,31.489583333333332,1.9145869667600157,74,19083.0,0.08912455013450547,74,19083.0
6595.0,66,2671.0,27.255102040816325,2.884423150903268,66,18532.0,0.10192089371350983,66,18532.0
6600.0,58,1935.0,20.15625,2.617221461968976,58,18720.0,0.10610749309323544,58,18720.0
6605.0,53,1702.0,18.301075268817204,2.5969536545918506,53,18820.0,0.1335958201227094,53,18820.0
6610.0,64,2004.0,20.875,2.694602879170143,64,19036.0,0.0978829891034629,64,19036.0
6615.0,66,2196.0,21.742574257425744,2.1586896793845103,66,19304.0,0.09055319020868059,66,19304.0
6620.0,68,2454.0,23.825242718446603,2.437609024084423,68,19547.0,0.08920919603794542,68,19547.0
6625.0,75,2813.0,27.57843137254902,2.45428456665941,75,19824.0,0.07063280362349597,75,19824.0
6630.0,80,3206.0,31.742574257425744,2.686829362522017,80,20199.0,0.08746443127289792,80,20199.0
6635.0,75,3401.0,35.427083333333336,1.8888854506797983,75,20219.0,0.05487087563260912,75,20219.0
6640.0,69,3463.0,35.70103092783505,2.2525268362600097,69,19946.0,0.09255960407866598,69,19946.0
6645.0,65,3597.0,38.265957446808514,2.651761049582711,65,19360.0,0.08123312357027057,65,19360.0
6650.0,56,3591.0,37.40625,2.891712827892897,56,19621.0,0.13127479351482607,56,19621.0
6655.0,52,3683.0,40.03260869565217,2.861310166756988,52,19838.0,0.11940348858630882,52,19838.0
6660.0,60,3963.0,41.71578947368421,2.837691505510046,60,20095.0,0.112715848028088,60,20095.0
6665.0,68,4285.0,44.175257731958766,2.4204353460037167,68,20407.0,0.08287807962566948,68,20407.0
6670.0,73,4637.0,46.83838383838384,1.8744315031567123,73,20751.0,0.059254840726707725,73,20751.0
6675.0,76,4731.0,48.275510204081634,1.5480268243945194,76,21009.0,0.06791857127350202,76,21009.0
6680.0,77,5012.0,50.12,2.1026801123599834,77,21203.0,0.090423583429034,77,21203.0
6685.0,80,5408.0,54.08,2.414483889030256,80,21493.0,0.08053052999147417,80,21493.0
6690.0,78,5586.0,55.306930693069305,1.9646611678446093,78,21501.0,0.06770011766125837,78,21501.0
6695.0,70,5622.0,59.17894736842105,2.043762841878478,70,21254.0,0.07698983300641975,70,21254.0
6700.0,65,5700.0,58.16326530612245,2.8317397668743745,65,20691.0,0.10095739332936786,65,20691.0
6705.0,55,5609.0,59.670212765957444,2.7644397655973134,55,20935.0,0.1232482710579311,55,20935.0
6710.0,50,5657.0,60.180851063829785,2.8303412510154433,50,21098.0,0.14534560359090218,50,21098.0
6715.0,60,5938.0,61.854166666666664,3.264508696471084,60,21313.0,0.1365524186982023,60,21313.0
6720.0,66,6251.0,63.14141414141414,2.7633825746622103,66,21615.0,0.09984029284707037,66,21615.0
6725.0,74,6600.0,66.66666666666667,2.2485194818612704,74,21954.0,0.06956440184346792,74,21954.0
6730.0,73,6795.0,69.33673469387755,1.6286427205114544,73,22240.0,0.07844680828674978,73,22240.0
6735.0,80,7163.0,73.84536082474227,1.8068390548222015,80,22516.0,0.08256824083376026,80,22516.0
6740.0,80,7563.0,75.63,2.086457327792276,80,22889.0,0.07919130455184871,80,22889.0
6745.0,77,7735.0,78.13131313131314,1.7559047044908354,77,22910.0,0.07376571505617645,77,22910.0
6750.0,73,7790.0,78.68686868686869,2.1723551650031743,73,22886.0,0.09121046709464381,73,22886.0
6755.0,66,7830.0,81.5625,2.8743062617079054,66,22658.0,0.10262519572081186,66,22658.0
6760.0,61,7833.0,79.92857142857143,2.7297762784176243,61,22933.0,0.12380079041548062,61,22933.0
6765.0,63,7983.0,87.72527472527473,2.2200921451895006,63,23224.0,0.11267436171406442,63,23224.0
6770.0,72,8321.0,84.90816326530613,1.8386972581770435,72,23552.0,0.08094418388014343,72,23552.0
6775.0,74,8470.0,84.7,1.3576708540678148,74,23834.0,0.0744171224560434,74,23834.0
6780.0,73,8589.0,83.3883495145631,1.5596137313090108,73,24043.0,0.061182603717950895,73,24043.0
6785.0,74,8890.0,82.31481481481481,2.304009184003334,74,24262.0,0.079051670072249,74,24262.0
6790.0,78,9275.0,87.5,2.791095768265053,78,24522.0,0.09924840520800257,78,24522.0
6795.0,80,9667.0,92.95192307692308,2.737081619336105,80,24862.0,0.11566926418366286,80,24862.0
6800.0,80,10067.0,101.68686868686869,2.2874659885599113,80,25238.0,0.06471619755085338,80,25238.0
6805.0,78,10204.0,102.04,1.9293059014135157,78,25352.0,0.07483967532758605,78,25352.0
6810.0,71,10169.0,108.18085106382979,2.0227645724640633,71,25180.0,0.07989375232786232,71,25180.0
6815.0,65,10194.0,104.0204081632653,2.917645698883956,65,24989.0,0.09461608111634069,65,24989.0
6820.0,57,10132.0,107.7872340425532,2.418427937612331,57,25259.0,0.10188558603947832,57,25259.0
6825.0,54,10166.0,109.31182795698925,2.836114245543926,54,25463.0,0.13657284072087655,54,25463.0
6830.0,61,10456.0,108.91666666666667,2.8149701487132703,61,25732.0,0.10772249840680992,61,25732.0
6835.0,69,10788.0,107.88,2.6966432902258375,69,26056.0,0.08642501416831523,69,26056.0
6840.0,76,11156.0,116.20833333333333,1.5145925873324577,76,26414.0,0.04835278321523152,76,26414.0
6845.0,84,11562.0,115.62,1.6115073881828037,84,26811.0,0.05726310019711247,84,26811.0
6850.0,89,11995.0,122.39795918367346,1.1023950459510095,89,27236.0,0.039594921448365315,89,27236.0
6855.0,85,12239.0,122.39,1.0520523462478861,85,27396.0,0.07050723556501781,85,27396.0
6860.0,80,12405.0,124.05,1.636780581420395,80,27378.0,0.06998358727411995,80,27378.0
6865.0,74,12521.0,118.12264150943396,2.7338815318596277,74,27152.0,0.09864839613692619,74,27152.0
6870.0,64,12593.0,124.68316831683168,2.4574858565837356,64,27463.0,0.11104896072734154,64,27463.0
6875.0,63,12709.0,124.59803921568627,2.59562080998196,63,27728.0,0.1120448745689867,63,27728.0
6880.0,68,13038.0,126.58252427184466,2.667852212869056,68,28045.0,0.09660403545595099,68,28045.0
6885.0,71,12855.0,119.02777777777777,2.2176092224703234,71,28198.0,0.09345180854386861,71,28198.0
6890.0,71,12725.0,121.19047619047619,1.84278081549077,71,28215.0,0.0860022359252577,71,28215.0
6895.0,74,13040.0,118.54545454545455,2.37678534728209,74,28225.0,0.08987508862333393,74,28225.0
6900.0,80,13393.0,125.16822429906541,1.9045142396398995,80,28572.0,0.06739806686955664,80,28572.0
6905.0,84,13800.0,126.60550458715596,2.231473343423507,84,28902.0,0.08604675766389842,84,28902.0
6910.0,86,14230.0,136.82692307692307,2.070800217007987,86,29260.0,0.04908692916785783,86,29260.0
6915.0,82,14404.0,135.88679245283018,1.9124692644303256,82,29336.0,0.0708096606440695,82,29336.0
6920.0,76,14414.0,141.31372549019608,2.2182330179753653,76,29229.0,0.07996335076857283,76,29229.0
6925.0,70,14478.0,139.21153846153845,3.0140981569720133,70,28895.0,0.1171196472621904,70,28895.0
6930.0,62,14432.0,145.77777777777777,2.6132604095007768,62,29130.0,0.12314496301429549,62,29130.0
6935.0,61,14551.0,148.4795918367347,2.5567185955811427,61,29325.0,0.12351029210840193,61,29325.0
6940.0,68,14881.0,145.8921568627451,2.792714685300782,68,29580.0,0.10156162445365846,68,29580.0
6945.0,68,15150.0,145.67307692307693,2.2037093299193264,68,29628.0,0.08476387129386916,68,29628.0
6950.0,69,15392.0,149.4368932038835,2.052565647609437,69,29593.0,0.09124857182584749,69,29593.0
6955.0,71,15681.0,147.93396226415095,2.6124757120070603,71,29426.0,0.09261393150962009,71,29426.0
6960.0,67,15936.0,153.23076923076923,2.427965245050763,67,29689.0,0.10241909848751661,67,29689.0
6965.0,65,16221.0,159.02941176470588,2.570988260617725,65,29913.0,0.12497801198839162,65,29913.0
6970.0,74,16570.0,156.32075471698113,2.417309298505729,74,30190.0,0.0777495750587851,74,30190.0
6975.0,81,16956.0,155.55963302752295,2.120162870091365,81,30508.0,0.08730014433213461,81,30508.0
6980.0,90,17383.0,162.45794392523365,1.1414343911929312,90,30865.0,0.03885821943605504,90,30865.0
6985.0,97,17854.0,163.7981651376147,1.1219814824987546,97,31266.0,0.046885791666858447,97,31266.0
6990.0,100,18352.0,166.83636363636364,0.9060105098503085,100,31694.0,0.033013973465055205,100,31694.0
6995.0,96,16194.0,147.21818181818182,1.046244215806288,96,30174.0,0.037723869649709266,96,30174.0
7000.0,86,12247.0,109.34821428571429,1.528107060246974,86,26695.0,0.0699103791622382,86,26695.0
7005.0,84,9179.0,81.95535714285714,2.180331675834642,84,21316.0,0.07127476043229869,84,21316.0
7010.0,75,6051.0,52.61739130434783,2.4088459535302724,75,21683.0,0.11050924639782145,75,21683.0
7015.0,75,3805.0,34.59090909090909,2.266835083968593,75,22020.0,0.09034528542851045,75,22020.0
7020.0,82,4204.0,36.87719298245614,2.2991388561222106,82,22408.0,0.0723577386334946,82,22408.0
7025.0,82,3881.0,33.456896551724135,1.8386526755870318,82,22489.0,0.06500853845630719,82,22489.0
7030.0,83,3175.0,27.370689655172413,1.6987688419520444,83,22311.0,0.06407556372103836,83,22311.0
7035.0,86,3039.0,25.75423728813559,2.299417826480907,86,21992.0,0.07565835425522736,86,21992.0
7040.0,79,3184.0,26.983050847457626,2.0556615762797117,79,22372.0,0.08367105792688155,79,22372.0
7045.0,83,3587.0,31.191304347826087,2.2598126843755844,83,22752.0,0.09920975305445358,83,22752.0
7050.0,90,4025.0,34.69827586206897,1.9887381258743968,90,23179.0,0.048897492581208984,90,23179.0
7055.0,96,4494.0,40.125,1.4217845149776254,96,23638.0,0.035275903319198845,96,23638.0
7060.0,100,4992.0,44.972972972972975,1.1974286375385976,100,24126.0,0.04386375108783647,100,24126.0
7065.0,96,5169.0,46.99090909090909,1.1534064729127915,96,22697.0,0.042389931588125235,96,22697.0
7070.0,86,5119.0,45.705357142857146,1.8708250327649247,86,19545.0,0.08845568963068656,86,19545.0
7075.0,83,5156.0,46.035714285714285,2.203291287259481,83,14574.0,0.07178355858227854,83,14574.0
7080.0,73,5100.0,45.535714285714285,2.0447745330277862,73,14948.0,0.09030748871294829,73,14948.0
7085.0,73,5238.0,47.61818181818182,2.289420417780311,73,15302.0,0.09700669873767191,73,15302.0
7090.0,82,5631.0,49.83185840707964,2.330278243007821,82,15695.0,0.08915336623817136,82,15695.0
7095.0,83,5254.0,47.763636363636365,1.7416030485771439,83,15702.0,0.06274284083639099,83,15702.0
7100.0,82,4369.0,39.71818181818182,2.0924842735940525,82,15408.0,0.08542597005188682,82,15408.0
7105.0,78,3746.0,34.36697247706422,2.5050110008251716,78,14774.0,0.08950111315792263,78,14774.0
7110.0,69,3070.0,28.165137614678898,2.2808874789235456,69,15123.0,0.09781047170295525,69,15123.0
7115.0,70,2656.0,25.295238095238094,2.4690450342964883,70,15459.0,0.10268969393034906,70,15459.0
7120.0,78,3028.0,27.527272727272727,2.3504993059197035,78,15831.0,0.09770449567862231,78,15831.0
7125.0,84,3435.0,31.227272727272727,1.6275673067901264,84,16239.0,0.05998080935251904,84,16239.0
7130.0,90,3874.0,33.68695652173913,1.4587178721408713,90,16678.0,0.06538685880354306,90,16678.0
7135.0,100,4355.0,37.869565217391305,0.9166409688289296,100,17160.0,0.03408580741000298,100,17160.0
7140.0,107,4878.0,42.05172413793103,1.062813729350449,107,17686.0,0.04334708635235529,107,17686.0
7145.0,107,5413.0,46.66379310344828,1.042110893504715,107,18215.0,0.034376503672530014,107,18215.0
7150.0,101,5293.0,45.62931034482759,1.005948810658333,101,18300.0,0.04498538927801534,101,18300.0
7155.0,95,4727.0,40.75,1.4377446974844412,95,17810.0,0.0509215176733187,95,17810.0
7160.0,87,4354.0,37.86086956521739,2.0401840411969174,87,17409.0,0.05801760106951288,87,17409.0
7165.0,76,4010.0,34.869565217391305,2.0442786107473,76,17783.0,0.08755022026132908,76,17783.0
7170.0,76,4163.0,37.5045045045045,2.2296007482898363,76,18125.0,0.0896766359152281,76,18125.0
7175.0,82,4562.0,39.6695652173913,2.272805824475614,82,18513.0,0.07233422954137382,82,18513.0
7180.0,88,4994.0,44.19469026548673,1.5653043679520262,88,18936.0,0.060054083513845356,88,18936.0
7185.0,96,5459.0,47.8859649122807,1.2340665814835583,96,19391.0,0.034705665432228375,96,19391.0
7190.0,103,5958.0,52.72566371681416,1.003950324383239,103,19880.0,0.041839833020558215,103,19880.0
7195.0,105,6477.0,56.81578947368421,0.9886975189098632,105,20389.0,0.031270707140614556,105,20389.0
7200.0,99,6469.0,57.24778761061947,1.0711989737475869,99,20375.0,0.03731222569299892,99,20375.0
7205.0,93,6098.0,51.2436974789916,1.6459582930415426,93,19955.0,0.0622380853048862,93,19955.0
7210.0,88,5821.0,49.75213675213675,2.2814113176785185,88,19089.0,0.07550090682368459,88,19089.0
7215.0,78,5566.0,47.98275862068966,1.9048952308197373,78,19475.0,0.0829977131302913,78,19475.0
7220.0,79,5558.0,49.625,2.0998224706513717,79,19836.0,0.09218760458954399,79,19836.0
7225.0,85,5970.0,51.02564102564103,2.2288407079444967,85,20238.0,0.08612765557899504,85,20238.0
7230.0,92,6413.0,54.81196581196581,1.5322355763984727,92,20671.0,0.049951142797983114,92,20671.0
7235.0,97,6890.0,58.888888888888886,1.037437686827318,97,21138.0,0.03895536128165421,97,21138.0
7240.0,105,7400.0,63.24786324786325,0.8495171639752134,105,21640.0,0.03184947000883117,105,21640.0
7245.0,109,7941.0,66.175,1.1266203373644783,109,22171.0,0.052306342247907735,109,22171.0
7250.0,109,8486.0,72.52991452991454,0.8688802993689521,109,22706.0,0.03281524418808839,109,22706.0
7255.0,104,8794.0,72.67768595041322,1.1390570341542987,104,22718.0,0.0457943309107059,104,22718.0
7260.0,97,8946.0,76.46153846153847,1.3509878457729647,97,21975.0,0.05071067637214759,97,21975.0
7265.0,90,9144.0,75.5702479338843,2.2259750331762933,90,21452.0,0.08118739665336781,90,21452.0
7270.0,78,9232.0,78.90598290598291,2.16100345209683,78,21356.0,0.08165601648279433,78,21356.0
7275.0,77,9451.0,80.77777777777777,2.233178623623648,77,21693.0,0.10657201343388724,77,21693.0
7280.0,85,9861.0,83.5677966101695,2.2065877466375023,85,22088.0,0.07705907462305873,85,22088.0
7285.0,93,10309.0,85.19834710743801,1.9395098194652682,93,22526.0,0.07185537715930132,93,22526.0
7290.0,98,10788.0,91.42372881355932,1.186677496609462,98,22996.0,0.04180061647818293,98,22996.0
7295.0,105,11305.0,92.6639344262295,1.1939115406761556,105,23504.0,0.06078733790924066,105,23504.0
7300.0,111,11851.0,99.58823529411765,0.8266574725991663,111,24040.0,0.03174975085190445,111,24040.0
7305.0,105,12209.0,100.90082644628099,1.1914797739130236,105,24157.0,0.05076422145927973,105,24157.0
7310.0,99,12425.0,104.41176470588235,1.4610670581240264,99,23936.0,0.057273994013812786,99,23936.0
7315.0,90,12654.0,104.57851239669421,2.3265769281445072,90,23684.0,0.08103619103375036,90,23684.0
7320.0,81,12814.0,108.59322033898304,2.164884743578542,81,24026.0,0.0910960821323553,81,24026.0
7325.0,81,13112.0,115.01754385964912,2.0645054786196027,81,24391.0,0.0956998844569771,81,24391.0
7330.0,87,13531.0,113.70588235294117,2.2361111977710943,87,24795.0,0.06863324513056324,87,24795.0
7335.0,93,13980.0,117.47899159663865,1.6964221192672915,93,25235.0,0.0705123654923399,93,25235.0
7340.0,99,14464.0,121.54621848739495,1.1713742304163948,99,25709.0,0.03937841793413713,99,25709.0
7345.0,107,14983.0,123.82644628099173,0.9253808563863082,107,26218.0,0.03769358007301289,107,26218.0
7350.0,113,15535.0,126.30081300813008,1.010902727784617,113,26762.0,0.030456450225070916,113,26762.0
7355.0,107,15889.0,131.31404958677686,1.0322603307413227,107,27041.0,0.03917122599726813,107,27041.0
7360.0,99,16104.0,133.0909090909091,1.342730654790443,99,27176.0,0.0562367852299248,99,27176.0
7365.0,93,16364.0,135.2396694214876,2.0774375166480787,93,27157.0,0.06144097334458267,93,27157.0
7370.0,83,15353.0,127.94166666666666,1.9195556626175119,83,26879.0,0.0862786541780643,83,26879.0
7375.0,75,13621.0,116.41880341880342,2.11917842464181,75,25918.0,0.08543954560712251,75,25918.0
7380.0,76,12425.0,102.68595041322314,2.6939214167755043,76,24446.0,0.10658304199541382,76,24446.0
7385.0,72,10910.0,90.91666666666667,1.8779417946525052,72,24763.0,0.07985579014103404,72,24763.0
7390.0,73,10244.0,84.66115702479338,2.1654916588722224,73,25031.0,0.1040058688514968,73,25031.0
7395.0,85,10647.0,85.176,2.1523155905640046,85,25358.0,0.07205632145327034,85,25358.0
7400.0,96,11111.0,86.8046875,2.0901883384956133,96,25809.0,0.06369359148553903,96,25809.0
7405.0,102,11608.0,92.864,1.5453563447279175,102,26296.0,0.03661838847707134,102,26296.0
7410.0,104,11991.0,95.16666666666667,1.2116837773201317,104,26168.0,0.038088145754658485,104,26168.0
7415.0,101,12316.0,101.78512396694215,1.3968382220856117,101,25463.0,0.05455505214435305,101,25463.0
7420.0,94,12627.0,101.016,2.0487507437547037,94,24289.0,0.06743649183363265,94,24289.0
7425.0,84,12900.0,107.5,1.843684597886868,84,24702.0,0.08412372297256394,84,24702.0
7430.0,82,13210.0,109.17355371900827,2.3100870181409343,82,25083.0,0.09363132474428831,82,25083.0
7435.0,89,13642.0,112.74380165289256,2.04312284390622,89,25500.0,0.06781267926097125,89,25500.0
7440.0,91,13686.0,109.488,1.649011374884448,91,25665.0,0.06725432243977204,91,25665.0
7445.0,89,13482.0,110.50819672131148,1.584750397014482,89,25619.0,0.06013743347945465,89,25619.0
7450.0,88,13362.0,106.04761904761905,2.1213067257773983,88,25351.0,0.06913631122287063,88,25351.0
7455.0,85,13259.0,108.68032786885246,2.060559881742809,85,25765.0,0.08381908729161845,85,25765.0
7460.0,83,13356.0,112.23529411764706,2.0391687742879396,83,26128.0,0.09574598638237128,83,26128.0
7465.0,88,13788.0,113.01639344262296,2.1154387834510393,88,26549.0,0.06631383936098563,88,26549.0
7470.0,90,14171.0,113.368,1.8347849394621614,90,26758.0,0.07814784485988975,90,26758.0
7475.0,92,14530.0,120.08264462809917,1.5078598107995569,92,26696.0,0.056934299602801344,92,26696.0
7480.0,90,14921.0,118.42063492063492,2.2751964255210275,90,26651.0,0.08309092627429812,90,26651.0
7485.0,87,15274.0,125.19672131147541,2.0558192569952682,87,27070.0,0.0866248761178224,87,27070.0
7490.0,85,15652.0,133.77777777777777,1.8552724235338371,85,27453.0,0.0861555613816416,85,27453.0
7495.0,91,16098.0,131.95081967213116,2.0540514014808644,91,27886.0,0.06570309275232576,91,27886.0
7500.0,97,16570.0,135.81967213114754,1.5422848782240992,97,28348.0,0.05604476592626575,97,28348.0
7505.0,98,16954.0,138.9672131147541,1.2883738646490421,98,28604.0,0.045281537047424374,98,28604.0
7510.0,95,17290.0,142.89256198347107,1.5398482963414586,95,28722.0,0.0602380426062262,95,28722.0
7515.0,93,17644.0,145.8181818181818,2.084183972651294,93,28756.0,0.07024638614623699,93,28756.0
7520.0,85,17969.0,153.5811965811966,2.3587785275961846,85,28873.0,0.06701309403907654,85,28873.0
7525.0,82,18283.0,156.26495726495727,2.4410554476850335,82,29246.0,0.11083351117626791,82,29246.0
7530.0,82,18677.0,163.83333333333334,1.9198688028534405,82,29602.0,0.08600103379928044,82,29602.0
7535.0,89,19110.0,161.94915254237287,2.0865469830473713,89,30013.0,0.07257937731801989,89,30013.0
7540.0,94,19568.0,171.64912280701753,1.6525027877503051,94,30461.0,0.042483638071423475,94,30461.0
7545.0,93,17267.0,154.16964285714286,1.2704954836421913,93,29014.0,0.0441535335802547,93,29014.0
7550.0,88,13578.0,125.72222222222223,1.4525919603860311,88,25677.0,0.05179724469941508,88,25677.0
7555.0,81,9869.0,88.90990990990991,2.248931620891989,81,20433.0,0.06963058531380362,81,20433.0
7560.0,70,6364.0,59.47663551401869,2.0654451713831827,70,20792.0,0.08290190322389945,70,20792.0
7565.0,69,5559.0,50.53636363636364,2.527390514443941,69,21107.0,0.12298714590681535,69,21107.0
7570.0,78,5931.0,53.91818181818182,2.2149788014456973,78,21474.0,0.07716287453357742,78,21474.0
7575.0,85,6343.0,57.14414414414414,1.8121840388855455,85,21885.0,0.061872131180788784,85,21885.0
7580.0,91,6784.0,63.401869158878505,1.1991419352618151,91,22322.0,0.04005070102156213,91,22322.0
7585.0,97,7261.0,67.23148148148148,1.2718372365438018,97,22789.0,0.04313406940103281,97,22789.0
7590.0,91,7571.0,72.1047619047619,1.1855937899761955,91,21336.0,0.043163772931855963,91,21336.0
7595.0,81,7751.0,71.76851851851852,1.8587344301010713,81,19632.0,0.06862252712428646,81,19632.0
7600.0,77,7976.0,73.1743119266055,2.6154711782825872,77,16857.0,0.0998218196465228,77,16857.0
7605.0,70,8165.0,75.60185185185185,2.1740581473355762,70,16675.0,0.0977620882940582,70,16675.0
7610.0,77,8537.0,81.3047619047619,2.2669119689282153,77,17035.0,0.07878079168137755,77,17035.0
7615.0,83,8938.0,85.12380952380953,2.154481231231823,83,17436.0,0.060149331250684855,83,17436.0
7620.0,88,9368.0,93.68,1.595277486734368,88,17866.0,0.039426824758462285,88,17866.0
7625.0,88,9808.0,100.08163265306122,1.2476034171342263,88,18306.0,0.04333503361589107,88,18306.0
7630.0,83,9624.0,99.21649484536083,1.2562735365815085,83,18487.0,0.04398761095635807,83,18487.0
7635.0,73,9021.0,87.58252427184466,2.31775261577272,73,18382.0,0.11341545430879686,73,18382.0
7640.0,71,8661.0,84.91176470588235,2.7289273574732342,71,18041.0,0.08871954195136399,71,18041.0
7645.0,62,8493.0,84.08910891089108,2.5958877213982645,62,18245.0,0.11569207958630859,62,18245.0
7650.0,65,8754.0,91.1875,2.5546176143314585,65,18544.0,0.1079625126313485,65,18544.0
7655.0,70,9095.0,92.8061224489796,2.4936628259586917,70,18885.0,0.09624737335584924,70,18885.0
7660.0,77,9469.0,101.81720430107526,1.6367538938274997,77,19259.0,0.04597236632308452,77,19259.0
7665.0,81,9865.0,108.4065934065934,1.373429233986177,81,19656.0,0.05379764346393119,81,19656.0
7670.0,81,10270.0,109.25531914893617,1.7037548722969957,81,20061.0,0.07998961696104116,81,20061.0
7675.0,82,10676.0,114.79569892473118,1.2718413794057684,82,20467.0,0.07598487058602395,82,20467.0
7680.0,85,11097.0,119.3225806451613,1.1237087639277104,85,20888.0,0.040910578872994735,85,20888.0
7685.0,85,11522.0,121.28421052631579,1.3656423165035843,85,21313.0,0.05331673556288007,85,21313.0
7690.0,80,10369.0,110.30851063829788,1.133552407639654,80,20696.0,0.04543167861999419,80,20696.0
7695.0,71,8155.0,85.84210526315789,2.094651433439722,71,19163.0,0.08878129039248328,71,19163.0
7700.0,66,6435.0,67.73684210526316,2.506324796016343,66,17133.0,0.08823394963641769,66,17133.0
7705.0,54,4389.0,46.2,2.8088675161642374,54,16944.0,0.13525334935369987,54,16944.0
7710.0,53,3370.0,34.74226804123711,2.963822467388663,53,17187.0,0.14296330788146386,53,17187.0
7715.0,65,3675.0,38.28125,2.360602796590318,65,17485.0,0.08874646457777316,65,17485.0
7720.0,72,4020.0,39.801980198019805,1.9133114808089546,72,17832.0,0.06435109477474925,72,17832.0
7725.0,78,4399.0,45.350515463917525,1.0256027533074046,78,18211.0,0.0425835232861713,78,18211.0
7730.0,86,4813.0,47.65346534653465,1.1390483883457605,86,18626.0,0.05286620750893689,86,18626.0
7735.0,91,5257.0,53.101010101010104,0.9735035683103613,91,19070.0,0.03760437326771706,91,19070.0
7740.0,91,5712.0,56.0,1.3197325841662855,91,19525.0,0.03593283817977043,91,19525.0
7745.0,86,5936.0,57.07692307692308,1.3281813590235325,86,18975.0,0.05029158627396938,86,18975.0
7750.0,80,6016.0,58.407766990291265,1.6075343718021493,80,18148.0,0.07203650048022503,80,18148.0
7755.0,75,6148.0,59.689320388349515,2.5299929626562396,75,16692.0,0.08145148583213518,75,16692.0
7760.0,65,6191.0,60.10679611650485,2.3992005117563933,65,17020.0,0.10239475350006971,65,17020.0
7765.0,66,6366.0,65.62886597938144,2.4346257228042103,66,17328.0,0.11288012834272579,66,17328.0
7770.0,71,6708.0,65.12621359223301,2.5388577932640035,71,17669.0,0.09276188024273778,71,17669.0
7775.0,77,7080.0,70.8,1.5698697550582543,77,18041.0,0.06481987919018706,77,18041.0
7780.0,85,7489.0,68.70642201834862,1.6835304995973421,85,18450.0,0.05851767355516603,85,18450.0
7785.0,96,7937.0,74.17757009345794,1.0236846121565322,96,18900.0,0.03624566805427006,96,18900.0
7790.0,99,8427.0,77.31192660550458,1.0853017329201837,99,19391.0,0.038959264856016924,99,19391.0
7795.0,99,8922.0,83.38317757009345,0.9485424224910325,99,19886.0,0.03392436406598852,99,19886.0
7800.0,93,9178.0,84.20183486238533,1.1845822117297382,93,19681.0,0.06368466356538752,93,19681.0
7805.0,86,9271.0,86.64485981308411,1.4078282691480668,86,18818.0,0.058937609047998524,86,18818.0
7810.0,79,9420.0,84.86486486486487,2.4178972517207913,79,17292.0,0.08758468392057585,79,17292.0
7815.0,71,9500.0,87.96296296296296,2.2620586821764204,71,17646.0,0.0960893714843312,71,17646.0
7820.0,70,9653.0,89.37962962962963,2.665773846694187,70,17966.0,0.1204880894843882,70,17966.0
7825.0,77,10023.0,93.67289719626169,2.3559993743810534,77,18331.0,0.0713349340355092,77,18331.0
7830.0,82,10421.0,95.60550458715596,1.861576334130198,82,18729.0,0.07306674120641854,82,18729.0
7835.0,89,10853.0,99.56880733944953,1.3635910641104019,89,19162.0,0.043949549923444776,89,19162.0
7840.0,95,11313.0,103.78899082568807,1.06357135099037,95,19624.0,0.054413977003616734,95,19624.0
7845.0,100,11806.0,109.31481481481481,0.9505292877495676,100,20117.0,0.03597791620075314,100,20117.0
7850.0,94,11083.0,99.84684684684684,1.2581045555543386,94,19979.0,0.06321681372395027,94,19979.0
7855.0,89,9543.0,86.75454545454545,1.4036592636583838,89,18906.0,0.053575915240588474,89,18906.0
7860.0,82,8423.0,75.20535714285714,2.57439372682395,82,17906.0,0.09548181456938326,82,17906.0
7865.0,72,7505.0,68.22727272727273,2.2540504049748593,72,18265.0,0.10043131676547093,72,18265.0
7870.0,72,7237.0,68.92380952380952,2.155758745368658,72,18597.0,0.10783851772713722,72,18597.0
7875.0,78,7615.0,69.22727272727273,2.28150464267657,78,18975.0,0.07488584880910223,78,18975.0
7880.0,85,8027.0,73.64220183486239,1.6339221256123928,85,19387.0,0.04907413720654627,85,19387.0
7885.0,91,8469.0,76.99090909090908,1.411378086150713,91,19829.0,0.04635341978245273,91,19829.0
7890.0,97,8943.0,82.80555555555556,0.8152845085385292,97,20303.0,0.03606728693990642,97,20303.0
7895.0,101,9441.0,85.82727272727273,1.084224916451614,101,20802.0,0.03483348309409839,101,20802.0
7900.0,101,9946.0,91.24770642201835,1.0142373469518087,101,21307.0,0.028382666527336856,101,21307.0
7905.0,101,10451.0,94.15315315315316,1.2034561327294768,101,21812.0,0.03335390633622916,101,21812.0
7910.0,95,10389.0,95.31192660550458,1.15816633207261,95,21477.0,0.039449746658899415,95,21477.0
7915.0,87,9936.0,91.1559633027523,1.4081180451444784,87,21303.0,0.06077992239204746,87,21303.0
7920.0,81,9652.0,88.55045871559633,2.1866796769384353,81,20803.0,0.06951827018554278,81,20803.0
7925.0,73,9308.0,81.64912280701755,2.3233266639428227,73,21166.0,0.10099527874130297,73,21166.0
7930.0,73,9153.0,84.75,2.300294041566496,73,21509.0,0.09586817463768238,73,21509.0
7935.0,81,9543.0,85.97297297297297,2.231026281290314,81,21897.0,0.08302591604270845,81,21897.0
7940.0,87,9967.0,89.7927927927928,1.583103414326994,87,22321.0,0.053431971246617,87,22321.0
7945.0,94,10424.0,93.07142857142857,1.1830297329423534,94,22778.0,0.05597631214855952,94,22778.0
7950.0,101,10915.0,96.59292035398231,1.0393266008310116,101,23269.0,0.035986590917052,101,23269.0
7955.0,104,11432.0,99.40869565217392,1.1511091926428059,104,23786.0,0.02879124313067318,104,23786.0
7960.0,98,11745.0,104.86607142857143,1.0754250252770263,98,23928.0,0.040105752404012394,98,23928.0
7965.0,88,11904.0,105.34513274336283,1.7741017079202144,88,23779.0,0.08292149776877687,88,23779.0
7970.0,83,12098.0,108.01785714285714,2.328988677417918,83,23305.0,0.07710252924241562,83,23305.0
7975.0,73,12198.0,108.91071428571429,2.196667744739917,73,23681.0,0.09189266037794959,73,23681.0
7980.0,75,12464.0,116.48598130841121,2.1978058450607114,75,24040.0,0.09830012439439197,75,24040.0
7985.0,80,12853.0,114.75892857142857,2.2077068185178157,80,24429.0,0.086145411078056,80,24429.0
7990.0,87,13276.0,118.53571428571429,1.5766250050800878,87,24852.0,0.05032165526757616,87,24852.0
7995.0,89,13609.0,118.3391304347826,1.359455501826509,89,24962.0,0.07137005432434967,89,24962.0
8000.0,89,13896.0,121.89473684210526,1.4152712289418614,89,24865.0,0.05639170794922786,89,24865.0
8005.0,86,14225.0,120.55084745762711,2.270641378537837,86,24520.0,0.07554461155318604,86,24520.0
8010.0,77,14471.0,126.93859649122807,2.154545987210721,77,24905.0,0.08942490712287818,77,24905.0
8015.0,75,14802.0,132.16071428571428,2.275719146123598,75,25246.0,0.10708158298508597,75,25246.0
8020.0,81,15199.0,133.32456140350877,2.3439497515521324,81,25639.0,0.07666088803581365,81,25639.0
8025.0,82,15536.0,135.09565217391304,1.7498671984744067,82,25772.0,0.07105793362559651,82,25772.0
8030.0,81,15847.0,140.23893805309734,1.5897027336301812,81,25967.0,0.06627730955899902,81,25967.0
8035.0,81,16189.0,139.56034482758622,2.29489744409069,81,26076.0,0.0740974213841924,81,26076.0
8040.0,75,16488.0,144.6315789473684,2.1427760321596385,75,26448.0,0.08909551603719569,75,26448.0
8045.0,76,16839.0,150.34821428571428,2.3614318610996574,76,26791.0,0.10352504940152539,76,26791.0
8050.0,82,17235.0,151.18421052631578,2.2540313536105496,82,27181.0,0.07481461516789584,82,27181.0
8055.0,82,16521.0,141.2051282051282,2.021185861787497,82,26680.0,0.07553653458181979,82,26680.0
8060.0,80,15072.0,132.21052631578948,1.6996592688013026,80,24962.0,0.061029238504780196,80,24962.0
8065.0,81,14015.0,120.81896551724138,2.364652578342703,81,23389.0,0.081210835287171,81,23389.0
8070.0,79,12749.0,111.83333333333333,1.780087239888288,79,23766.0,0.08306685532339961,79,23766.0
8075.0,78,12262.0,110.46846846846847,2.0253297659217666,78,24125.0,0.08600975664035253,78,24125.0
8080.0,84,12669.0,110.16521739130435,2.1206407702989414,84,24526.0,0.08227772889336774,84,24526.0
8085.0,91,13107.0,113.97391304347826,1.6003219518433622,91,24962.0,0.05921195868640894,91,24962.0
8090.0,97,13576.0,116.03418803418803,1.2490818483500976,97,25431.0,0.04824934753046501,97,25431.0
8095.0,103,14080.0,120.34188034188034,0.967820014404937,103,25936.0,0.03369176330759469,103,25936.0
8100.0,103,14261.0,119.84033613445378,1.021745116446863,103,26247.0,0.03879452034531158,103,26247.0
8105.0,95,14212.0,122.51724137931035,1.4859730250988032,95,26417.0,0.055727490052205585,95,26417.0
8110.0,89,14198.0,119.3109243697479,2.173226863816033,89,26417.0,0.07298972995148315,89,26417.0
8115.0,77,14105.0,122.65217391304348,1.9756500616718402,77,26788.0,0.08236551398622174,77,26788.0
8120.0,78,14284.0,125.29824561403508,2.2746304125025993,78,27115.0,0.09854356617493952,78,27115.0
8125.0,84,14693.0,127.76521739130435,2.1575390721381797,84,27504.0,0.07079646484360688,84,27504.0
8130.0,85,14772.0,126.25641025641026,1.4688043605709968,85,27077.0,0.06357960586812747,85,27077.0
8135.0,85,14703.0,127.85217391304347,1.4864242132136598,85,25878.0,0.06144937186389082,85,25878.0
8140.0,85,14645.0,120.04098360655738,2.1500731377468667,85,24124.0,0.07171777218599097,85,24124.0
8145.0,81,14599.0,123.72033898305085,2.080774855488043,81,24494.0,0.0874367077434574,81,24494.0
8150.0,79,14680.0,125.47008547008546,2.30668705663536,79,24822.0,0.10844861902214742,79,24822.0
8155.0,86,15098.0,127.94915254237289,2.228265057851218,86,25203.0,0.07178082789570335,86,25203.0
8160.0,88,15278.0,125.22950819672131,1.6886084162315158,88,25384.0,0.06412263265125291,88,25384.0
8165.0,87,15313.0,128.68067226890756,1.6402965648238048,87,25387.0,0.06208769545547856,87,25387.0
8170.0,87,15450.0,126.63934426229508,2.1520280818717143,87,25206.0,0.07922050039098572,87,25206.0
8175.0,81,15500.0,131.35593220338984,2.034941324014143,81,25572.0,0.09095548382023999,81,25572.0
8180.0,81,15718.0,134.34188034188034,2.2329749407384405,81,25907.0,0.10524772309262358,81,25907.0
8185.0,86,16138.0,137.93162393162393,2.163289432444041,86,26293.0,0.06865611460195394,86,26293.0
8190.0,87,16498.0,137.48333333333332,1.85758382529404,87,26483.0,0.09001923747720889,87,26483.0
8195.0,86,16824.0,141.3781512605042,1.7580609288421183,86,26474.0,0.06644289792073228,86,26474.0
8200.0,87,17194.0,140.9344262295082,2.0798319003354973,87,26284.0,0.07771988320355364,87,26284.0
8205.0,82,17528.0,148.54237288135593,1.9033198125035096,82,26665.0,0.084652470871687,82,26665.0
8210.0,78,17870.0,150.16806722689077,2.2514981560688967,78,26989.0,0.099064134294098,78,26989.0
8215.0,86,18288.0,152.4,2.180340178831088,86,27363.0,0.06771858708313339,86,27363.0
8220.0,88,18299.0,149.99180327868854,1.8343513429277585,88,26974.0,0.0760596746734415,88,26974.0
8225.0,87,18036.0,150.3,1.5256813610685858,87,26139.0,0.05851338335786587,87,26139.0
8230.0,87,17932.0,146.98360655737704,2.268999780935137,87,24721.0,0.07935400275535219,87,24721.0
8235.0,82,17726.0,147.71666666666667,2.0656948675427906,82,25090.0,0.08741776907151518,82,25090.0
8240.0,81,17797.0,157.49557522123894,1.682521980837887,81,25435.0,0.0808811589060715,81,25435.0
8245.0,88,18223.0,151.85833333333332,2.0566154850084724,88,25820.0,0.06930201192058018,88,25820.0
8250.0,86,18587.0,154.89166666666668,1.6950038378194372,86,25622.0,0.05827305198184707,86,25622.0
8255.0,85,18917.0,155.05737704918033,1.7807530629655741,85,25350.0,0.06021793630095492,85,25350.0
8260.0,89,19298.0,160.81666666666666,2.054497930814652,89,25096.0,0.0644883073206368,89,25096.0
8265.0,80,19634.0,163.61666666666667,2.032289825852486,80,25459.0,0.08545375145914895,80,25459.0
8270.0,81,20018.0,174.0695652173913,2.058157590050405,81,25804.0,0.08527404469928572,81,25804.0
8275.0,87,20443.0,171.78991596638656,2.1080771108954743,87,26189.0,0.06958498646769502,87,26189.0
8280.0,88,20816.0,179.44827586206895,1.627302041556962,88,26313.0,0.052395731278699696,88,26313.0
8285.0,87,21152.0,176.26666666666668,1.8016467869978594,87,26349.0,0.06807431292004794,87,26349.0
8290.0,88,21526.0,182.42372881355934,2.1667129033513497,88,26243.0,0.07201988009247741,88,26243.0
8295.0,79,21859.0,185.24576271186442,2.0618809025882054,79,26591.0,0.08947200199301435,79,26591.0
8300.0,82,22252.0,198.67857142857142,1.9423410510592676,82,26932.0,0.0850221946315973,82,26932.0
8305.0,89,22679.0,198.93859649122808,1.9816702551666878,89,27309.0,0.05600251956826335,89,27309.0
8310.0,94,23137.0,210.33636363636364,1.4625030801175158,94,27717.0,0.03844920255677062,94,27717.0
8315.0,98,23622.0,218.72222222222223,1.1694626734185067,98,28152.0,0.03150036654499579,98,28152.0
8320.0,98,24112.0,221.21100917431193,1.2286034761184426,98,28592.0,0.05969107478889275,98,28592.0
8325.0,100,24607.0,221.6846846846847,0.9845512946724099,100,29037.0,0.039496866527528166,100,29037.0
8330.0,102,25115.0,228.3181818181818,0.9215833941797653,102,29495.0,0.034891040336609294,102,29495.0
8335.0,102,25625.0,226.76991150442478,1.1420659945220057,102,29955.0,0.05563466284042001,102,29955.0
8340.0,102,26135.0,237.5909090909091,0.8714470578239253,102,30415.0,0.03438291542078306,102,30415.0
8345.0,96,25810.0,228.4070796460177,1.2295690429504698,96,30395.0,0.06418321512643478,96,30395.0
8350.0,90,24928.0,226.61818181818182,1.4202763726039367,90,30079.0,0.059484081825350074,90,30079.0
8355.0,82,24292.0,204.1344537815126,2.459247115877554,82,29383.0,0.10490863395654067,82,29383.0
8360.0,77,23466.0,202.29310344827587,2.109834380623232,77,29703.0,0.08998876409762693,77,29703.0
8365.0,76,23184.0,203.3684210526316,2.2927601357807403,76,29993.0,0.10795050928372063,76,29993.0
8370.0,82,23583.0,205.0695652173913,2.318055267812806,82,30326.0,0.07853604885803497,82,30326.0
8375.0,89,24014.0,205.24786324786325,1.8981290331567648,89,30697.0,0.0713613945698609,89,30697.0
8380.0,93,24470.0,212.7826086956522,1.2050115207797139,93,31094.0,0.040348052804095896,93,31094.0
8385.0,103,24968.0,217.11304347826086,0.884359691442798,103,31532.0,0.050967373752138376,103,31532.0
8390.0,107,25494.0,216.05084745762713,1.114634699151127,107,32001.0,0.0513254503523734,107,32001.0
8395.0,109,26033.0,215.1487603305785,1.0518915643161355,109,32481.0,0.04913741727098348,109,32481.0
8400.0,111,26588.0,223.42857142857142,0.8525694279363798,111,32976.0,0.03199308325099887,111,32976.0
8405.0,111,27143.0,224.32231404958677,1.0794671089781327,111,33471.0,0.04814133268137922,111,33471.0
8410.0,106,27402.0,230.2689075630252,0.6562071319681927,106,33508.0,0.039389620030338426,106,33508.0
8415.0,99,27471.0,227.03305785123968,1.2331330966688703,99,33212.0,0.04787684721734823,99,33212.0
8420.0,95,27618.0,224.53658536585365,2.124621378307081,95,32527.0,0.0706239446521234,95,32527.0
8425.0,82,26929.0,224.40833333333333,1.7844958781947537,82,32481.0,0.06880923919883501,82,32481.0
8430.0,78,25882.0,215.68333333333334,2.124208826219048,78,32246.0,0.10378834761086476,78,32246.0
8435.0,76,25199.0,208.25619834710744,2.2815786888513747,76,31747.0,0.08637113645769427,76,31747.0
8440.0,76,24872.0,200.58064516129033,2.0597022734576016,76,32007.0,0.09427853584857283,76,32007.0
8445.0,73,24916.0,204.2295081967213,1.844782145731222,73,32185.0,0.07312023586558969,73,32185.0
8450.0,86,25319.0,200.94444444444446,2.2914445118650746,86,32442.0,0.08842598481078422,86,32442.0
8455.0,96,25781.0,211.31967213114754,1.8794726024249713,96,32821.0,0.06230734892366888,96,32821.0
8460.0,101,26278.0,215.39344262295083,1.8875602887991925,101,33253.0,0.046621937702762246,101,33253.0
8465.0,103,26792.0,219.60655737704917,1.6166339254116924,103,33702.0,0.040963283963599474,103,33702.0
8470.0,107,27321.0,225.79338842975207,1.4382379412311637,107,34166.0,0.033157745892392634,107,34166.0
8475.0,107,27856.0,242.22608695652173,0.9361146857855974,107,34636.0,0.03386020159833944,107,34636.0
8480.0,102,28065.0,244.04347826086956,0.6518910362982188,102,34624.0,0.04243025033368452,102,34624.0
8485.0,95,28061.0,244.0086956521739,1.362223411359701,95,34144.0,0.06076281363084698,95,34144.0
8490.0,89,28131.0,236.39495798319328,2.112079034352327,89,33203.0,0.07239186995303382,89,33203.0
8495.0,77,28031.0,241.64655172413794,2.008309140623001,77,33529.0,0.08144289094892336,77,33529.0
8500.0,78,28218.0,237.12605042016807,2.3477538834439664,78,33804.0,0.11144655640812459,78,33804.0
8505.0,88,28631.0,240.5966386554622,2.1192603370839427,88,34144.0,0.06805120301322617,88,34144.0
8510.0,94,29088.0,238.4262295081967,1.7697925556330902,94,34536.0,0.06589115903045963,94,34536.0
8515.0,100,29575.0,250.635593220339,0.9579652747014036,100,34958.0,0.03626741877298249,100,34958.0
8520.0,107,30097.0,244.6910569105691,1.2665579680842771,107,35416.0,0.04800184342167712,107,35416.0
8525.0,111,30649.0,253.29752066115702,1.0573386728191345,111,35903.0,0.03324675254378041,111,35903.0
8530.0,105,30661.0,249.27642276422765,1.058976696519865,105,35929.0,0.04368879701540067,105,35929.0
8535.0,99,30316.0,250.54545454545453,1.3794147297702415,99,35292.0,0.05370058494839883,99,35292.0
8540.0,93,30132.0,241.056,2.3491982726127847,93,34677.0,0.08343592703907841,93,34677.0
8545.0,82,29654.0,245.07438016528926,2.0945436558786454,82,34512.0,0.08350136975043516,82,34512.0
8550.0,78,29540.0,252.47863247863248,2.0594885467404414,78,34297.0,0.10619506211841663,78,34297.0
8555.0,77,29532.0,248.16806722689077,2.3875799224180416,77,33813.0,0.09065051800613672,77,33813.0
8560.0,74,29439.0,245.325,2.1907436649327576,74,34099.0,0.09346646017025462,74,34099.0
8565.0,71,29464.0,256.2086956521739,2.306733835988608,71,34367.0,0.09499280775795638,71,34367.0
8570.0,79,29842.0,246.62809917355372,2.707653644053116,79,34674.0,0.10978737890050085,79,34674.0
8575.0,86,30256.0,244.0,2.416468588405547,86,35051.0,0.07982212789678528,86,35051.0
8580.0,95,30718.0,251.78688524590163,1.895292789794739,95,35468.0,0.05735710631051922,95,35468.0
8585.0,101,31207.0,262.2436974789916,1.383801447696684,101,35880.0,0.03516334551471832,101,35880.0
8590.0,107,31735.0,271.2393162393162,1.163182428991583,107,36319.0,0.04317077835361798,107,36319.0
8595.0,102,32064.0,276.41379310344826,1.1471636394946003,102,36428.0,0.040645139313540926,102,36428.0
8600.0,92,32247.0,285.37168141592923,1.3474173569109102,92,36364.0,0.048148187616953136,92,36364.0
8605.0,86,32448.0,274.9830508474576,2.2581520367354537,86,36086.0,0.0844587874982371,86,36086.0
8610.0,79,32627.0,278.86324786324786,2.0593486574527984,79,36457.0,0.08195286678787443,79,36457.0
8615.0,81,32898.0,283.6034482758621,2.3108774040502684,81,36783.0,0.09356776549243431,81,36783.0
8620.0,88,33325.0,289.7826086956522,1.9569580071957973,88,37130.0,0.06035935613720856,88,37130.0
8625.0,93,33779.0,286.26271186440675,1.4574263132205312,93,37494.0,0.05376489340846197,93,37494.0
8630.0,99,34263.0,292.84615384615387,0.9573158728174235,99,37889.0,0.03724758381699027,99,37889.0
8635.0,101,34244.0,285.3666666666667,0.9142607992461929,101,37755.0,0.04055370260977805,101,37755.0
8640.0,98,33975.0,285.5042016806723,1.4912841315148528,98,36886.0,0.04778557832455856,98,36886.0
8645.0,89,33691.0,273.9105691056911,2.1002232215567225,89,36396.0,0.07094609912006623,89,36396.0
8650.0,83,33525.0,284.1101694915254,1.8414831975444739,83,36536.0,0.0769026911398672,83,36536.0
8655.0,82,33798.0,284.01680672268907,2.243488900208067,82,36835.0,0.0910566518272862,82,36835.0
8660.0,89,34231.0,292.5726495726496,1.8702223868806922,89,37168.0,0.05976277826424911,89,37168.0
8665.0,96,34696.0,294.03389830508473,1.6225008314889888,96,37533.0,0.03785299124921203,96,37533.0
8670.0,101,35193.0,317.05405405405406,0.9076167074405163,101,37931.0,0.03393926940696543,101,37931.0
8675.0,97,35317.0,315.33035714285717,0.8664452824384313,97,37972.0,0.05008679329064278,97,37972.0
8680.0,91,35180.0,305.9130434782609,1.5420964922143807,91,37807.0,0.06989068191319427,91,37807.0
8685.0,86,35102.0,294.97478991596637,2.3607234752451958,86,37501.0,0.08783002770763232,86,37501.0
8690.0,77,35018.0,304.504347826087,2.184812389664728,77,37659.0,0.09252366141999771,77,37659.0
8695.0,76,35113.0,305.3304347826087,2.325194198375628,76,37906.0,0.09910437564091357,76,37906.0
8700.0,81,35511.0,308.7913043478261,2.119900530446823,81,38201.0,0.0688498819162802,81,38201.0
8705.0,83,35859.0,303.8898305084746,1.890981550914725,83,38242.0,0.07460133682393216,83,38242.0
8710.0,83,36183.0,317.39473684210526,1.5771912136860105,83,38079.0,0.05890151354387447,83,38079.0
8715.0,86,36541.0,297.0813008130081,2.2357427849522136,86,37929.0,0.08746764228416769,86,37929.0
8720.0,79,36834.0,309.52941176470586,1.9531407402211345,79,38202.0,0.08823116628593586,79,38202.0
8725.0,81,37212.0,312.70588235294116,2.1982073294919693,81,38460.0,0.10316735340996419,81,38460.0
8730.0,86,37633.0,313.60833333333335,2.250363657867349,86,38765.0,0.07001186145522907,86,38765.0
8735.0,93,38088.0,312.1967213114754,1.8519395617794494,93,39110.0,0.07985893788752661,93,39110.0
8740.0,101,38573.0,321.44166666666666,1.2158028430442493,101,39485.0,0.03859680014988659,101,39485.0
8745.0,107,39090.0,323.05785123966945,1.0972577081913755,107,39894.0,0.041258980915342844,107,39894.0
8750.0,106,39464.0,323.4754098360656,1.1359274209049541,106,40089.0,0.04669762993707706,106,40089.0
8755.0,97,39718.0,322.9105691056911,1.776412211011831,97,40028.0,0.060336721455017395,97,40028.0
8760.0,92,40006.0,327.91803278688525,2.1536525106092412,92,39949.0,0.06982208796673436,92,39949.0
8765.0,86,40280.0,335.6666666666667,2.55842955613826,86,40021.0,0.09514678605931387,86,40021.0
8770.0,79,40505.0,346.1965811965812,2.41728925809721,79,40260.0,0.1135959298538607,79,40260.0
8775.0,81,40897.0,346.58474576271186,2.369187511044764,81,40518.0,0.11045781784692059,81,40518.0
8780.0,88,41320.0,344.3333333333333,2.2768546612565097,88,40826.0,0.08270406578400522,88,40826.0
8785.0,89,41698.0,344.6115702479339,1.5091501395294233,89,41082.0,0.055259955849693794,89,41082.0
8790.0,91,42067.0,342.0081300813008,1.7322522444786659,91,41258.0,0.06502279882534438,91,41258.0
8795.0,89,42451.0,345.130081300813,2.024931049680781,89,41400.0,0.05747779653933803,89,41400.0
8800.0,90,42850.0,351.2295081967213,2.3791089973117883,90,41610.0,0.09741763855096239,90,41610.0
8805.0,80,43162.0,365.77966101694915,2.116769814004812,80,41818.0,0.09425811320431732,80,41818.0
8810.0,85,43546.0,359.88429752066116,2.479824695056109,85,42046.0,0.10660284692902167,85,42046.0
8815.0,88,43975.0,363.4297520661157,2.280431055155072,88,42343.0,0.07680146681595168,88,42343.0
8820.0,89,43419.0,353.0,1.5355805701212502,89,41963.0,0.06231736785694249,89,41963.0
8825.0,91,42231.0,351.925,1.4791263986299112,91,41018.0,0.06444995923112502,91,41018.0
8830.0,89,41381.0,328.42063492063494,2.12372604471826,89,39610.0,0.0673991492057706,89,39610.0
8835.0,86,40454.0,331.59016393442624,1.8657022681495101,86,39907.0,0.07532721455547124,86,39907.0
8840.0,85,40404.0,333.91735537190084,2.089988304663222,85,40163.0,0.10166847390341052,85,40163.0
8845.0,91,40846.0,332.0813008130081,2.189696258497673,91,40470.0,0.07274264485179922,91,40470.0
8850.0,92,41058.0,328.464,1.5709101205792535,92,40672.0,0.06143448402612028,92,40672.0
8855.0,94,41174.0,340.2809917355372,1.491977211713562,94,40826.0,0.056202229497721606,94,40826.0
8860.0,94,41306.0,327.8253968253968,1.9501226368764204,94,40885.0,0.07224467842200726,94,40885.0
8865.0,85,41374.0,333.66129032258067,1.9593722578465327,85,41177.0,0.07790231894254095,85,41177.0
8870.0,83,41599.0,340.9754098360656,2.108528303360862,83,41415.0,0.09434315755983426,83,41415.0
8875.0,89,42032.0,344.5245901639344,2.105218881602875,89,41701.0,0.07186283020802865,89,41701.0
8880.0,90,42228.0,335.14285714285717,1.6732293998711347,90,41410.0,0.07088166399456847,90,41410.0
8885.0,88,42268.0,343.6422764227642,1.6692817026192657,88,40357.0,0.05673457793446323,88,40357.0
8890.0,90,42372.0,336.2857142857143,2.297807822912701,90,39486.0,0.07885027805396562,90,39486.0
8895.0,86,42388.0,347.44262295081967,2.1358211638015296,86,39463.0,0.08924118403345085,86,39463.0
8900.0,77,42348.0,352.9,2.1550539126232895,77,39380.0,0.10225796173292748,77,39380.0
8905.0,79,42560.0,351.73553719008265,2.5513734364255263,79,39327.0,0.11507713432851047,79,39327.0
8910.0,73,42605.0,343.58870967741933,2.1211285646538327,73,39522.0,0.09729410947158798,73,39522.0
8915.0,74,42750.0,359.2436974789916,2.1362129905076057,74,39660.0,0.10219080217710538,74,39660.0
8920.0,83,43139.0,350.7235772357724,2.429535141973125,83,39831.0,0.10019122446560222,83,39831.0
8925.0,90,43575.0,351.41129032258067,2.2493395032868344,90,40113.0,0.08415912430042664,90,40113.0
8930.0,95,44039.0,355.1532258064516,2.0258679452995993,95,40438.0,0.06420573792506097,95,40438.0
8935.0,104,44536.0,359.16129032258067,1.4589064467193273,104,40795.0,0.0336934315287829,104,40795.0
8940.0,110,45079.0,372.55371900826447,1.1482584541287073,110,41198.0,0.04167206830275726,110,41198.0
8945.0,110,45629.0,383.43697478991595,0.9185935732391869,110,41608.0,0.029712334224548817,110,41608.0
8950.0,104,45933.0,385.99159663865544,1.1228009702981792,104,41806.0,0.05346667660556313,104,41806.0
8955.0,95,46065.0,390.3813559322034,1.3636974358540668,95,41772.0,0.05627395938338564,95,41772.0
8960.0,90,46258.0,392.0169491525424,1.8250001232987194,90,41538.0,0.05468151494101632,90,41538.0
8965.0,80,46366.0,386.3833333333333,2.197012536638715,80,41713.0,0.10150233640260697,80,41713.0
8970.0,79,46598.0,401.7068965517241,2.276309787686633,79,41937.0,0.08927543109984144,79,41937.0
8975.0,85,47014.0,395.07563025210084,2.272617571451935,85,42212.0,0.07337696146572446,85,42212.0
8980.0,92,47462.0,402.22033898305085,1.4995932320603298,92,42520.0,0.04709583289359846,92,42520.0
8985.0,99,47942.0,409.7606837606838,1.1411076931574278,99,42860.0,0.034654204956953566,99,42860.0
8990.0,99,40158.0,343.2307692307692,1.1060915049121152,99,41232.0,0.043605735233599535,99,41232.0
8995.0,94,26852.0,227.5593220338983,1.410808630558788,94,37610.0,0.05655622062397044,94,37610.0
9000.0,89,16918.0,144.5982905982906,2.0024743209491183,89,32003.0,0.0639395124996472,89,32003.0
9005.0,81,8196.0,67.18032786885246,1.9817419879089717,81,32316.0,0.08239795970901402,81,32316.0
9010.0,82,4635.0,39.61538461538461,2.108266930753048,82,32617.0,0.08422700083286042,82,32617.0
9015.0,88,5063.0,41.84297520661157,2.166504997916209,88,32955.0,0.07197666526613376,88,32955.0
9020.0,90,5207.0,43.391666666666666,1.6253968759608832,90,33068.0,0.061485360687016447,90,33068.0
9025.0,88,5165.0,42.33606557377049,1.5912070768774986,88,32995.0,0.06880857278956368,88,32995.0
9030.0,89,5244.0,42.98360655737705,1.9061829863643995,89,32741.0,0.06316889472155585,89,32741.0
9035.0,85,5286.0,42.97560975609756,1.8518067578742015,85,33068.0,0.08353173660045117,85,33068.0
9040.0,83,5476.0,45.63333333333333,2.2502272168041055,83,33375.0,0.08376681057035455,83,33375.0
9045.0,90,5908.0,48.03252032520325,2.1976405454729195,90,33717.0,0.08378283618864775,90,33717.0
9050.0,89,5454.0,45.45,1.482741222898721,89,33341.0,0.05905991967357234,89,33341.0
9055.0,87,4554.0,37.63636363636363,1.8156476820280445,87,32387.0,0.07239676999571033,87,32387.0
9060.0,89,3682.0,31.203389830508474,2.1934911487514985,89,30989.0,0.07021404382383213,89,30989.0
9065.0,79,2766.0,23.05,2.1095099857793844,79,31082.0,0.08613675598298717,79,31082.0
9070.0,73,2367.0,20.763157894736842,2.2307876940493894,73,30852.0,0.09897388266456911,73,30852.0
9075.0,73,2559.0,20.975409836065573,2.5341443441466316,73,30621.0,0.10476709837397595,73,30621.0
9080.0,69,2614.0,21.42622950819672,2.2227068402385033,69,30766.0,0.10037749918821909,69,30766.0
9085.0,70,2820.0,22.926829268292682,2.364924030560306,70,30922.0,0.11703079395347787,70,30922.0
9090.0,84,3206.0,26.49586776859504,2.3895034350431925,84,31136.0,0.08997680720777708,84,31136.0
9095.0,94,3654.0,30.45,2.2255686101334455,94,31476.0,0.07077806099047829,94,31476.0
9100.0,99,4140.0,36.0,1.6382510258269922,99,31862.0,0.04888450588228297,99,31862.0
9105.0,102,4646.0,41.482142857142854,1.166488473010327,102,32268.0,0.036636383715781755,102,32268.0
9110.0,102,5156.0,45.228070175438596,1.2635793773796828,102,32678.0,0.054749481185249235,102,32678.0
9115.0,105,5671.0,48.88793103448276,1.1031019465056024,105,33093.0,0.04407045173606781,105,33093.0
9120.0,106,6201.0,54.39473684210526,0.8369044286080771,106,33523.0,0.031223214995643032,106,33523.0
9125.0,106,6731.0,57.04237288135593,1.0756774762214907,106,33953.0,0.05040301459727091,106,33953.0
9130.0,103,6980.0,59.152542372881356,0.9402151456703914,103,34115.0,0.03836187584149943,103,34115.0
9135.0,95,7037.0,58.641666666666666,1.6194947879896722,95,33943.0,0.06575630963171666,95,33943.0
9140.0,93,7166.0,59.71666666666667,1.9842299367497853,93,33799.0,0.07647694140994382,93,33799.0
9145.0,80,7298.0,61.32773109243698,2.0025184027602507,80,33993.0,0.08698075481186238,80,33993.0
9150.0,82,7663.0,64.94067796610169,2.2272995755904543,82,34255.0,0.09830102924200176,82,34255.0
9155.0,89,8093.0,70.99122807017544,1.872193473922583,89,34568.0,0.05426904174298618,89,34568.0
9160.0,89,8473.0,73.67826086956522,1.5495106680731288,89,34754.0,0.06274842265821094,89,34754.0
9165.0,88,8832.0,79.56756756756756,1.5519353133202551,88,34792.0,0.06044678700153586,88,34792.0
9170.0,82,9200.0,80.0,2.4007650924159725,82,34737.0,0.0953826345247323,82,34737.0
9175.0,81,9557.0,85.33035714285714,1.8429644163949754,81,35016.0,0.06812085568029462,81,35016.0
9180.0,85,9956.0,88.89285714285714,1.9145787577670892,85,35286.0,0.06652976265247458,85,35286.0
9185.0,91,10399.0,95.40366972477064,2.0704999493582963,91,35606.0,0.05760815167462218,91,35606.0
9190.0,92,10856.0,99.59633027522936,1.907638712448265,92,35953.0,0.037384496716760626,92,35953.0
9195.0,87,11200.0,106.66666666666667,1.702183394321202,87,36162.0,0.06621845691572482,87,36162.0
9200.0,77,11453.0,109.07619047619048,1.818804677402947,77,36244.0,0.0760342060143882,77,36244.0
9205.0,80,11835.0,112.71428571428571,2.5269986092487167,80,36359.0,0.09880558045998038,80,36359.0
9210.0,78,12206.0,115.15094339622641,2.0130566535075953,78,36631.0,0.0804118806556853,78,36631.0
9215.0,83,12614.0,123.66666666666667,1.8664731531239853,83,36911.0,0.05331158438938964,83,36911.0
9220.0,85,13038.0,126.58252427184466,2.190340989677649,85,37215.0,0.06706996139664721,85,37215.0
9225.0,85,13463.0,135.989898989899,1.5951483392921297,85,37520.0,0.04732116539027395,85,37520.0
9230.0,81,13774.0,139.13131313131314,1.305098403074998,81,37747.0,0.07523277658783784,81,37747.0
9235.0,80,14113.0,145.49484536082474,1.7978496353238425,80,37916.0,0.08239952568905924,80,37916.0
9240.0,81,14515.0,143.7128712871287,2.1929378042632153,81,38139.0,0.0556267422575808,81,38139.0
9245.0,79,13492.0,136.2828282828283,1.9370722845402686,79,36451.0,0.066690548900856,79,36451.0
9250.0,70,11518.0,118.74226804123711,2.179743910367852,70,32779.0,0.09129906692245732,70,32779.0
9255.0,66,9997.0,103.0618556701031,2.8751906887728005,66,27167.0,0.10759504914420999,66,27167.0
9260.0,56,8306.0,85.62886597938144,2.7124382294478195,56,27355.0,0.12589038386352944,56,27355.0
9265.0,52,7093.0,74.66315789473684,2.982739848524114,52,27467.0,0.13670247431619223,52,27467.0
9270.0,57,7364.0,74.38383838383838,3.3593000515501332,57,27599.0,0.14844123852160238,57,27599.0
9275.0,63,7668.0,77.45454545454545,2.834150439793597,63,27830.0,0.09849549590362434,63,27830.0
9280.0,71,8009.0,77.75728155339806,2.7778712432101784,71,28112.0,0.09925907216490529,71,28112.0
9285.0,79,8384.0,86.43298969072166,1.7154065367087268,79,28428.0,0.053824913559414295,79,28428.0
9290.0,85,8799.0,91.65625,1.3960387190088321,85,28778.0,0.0720029824919068,85,28778.0
9295.0,79,7847.0,81.73958333333333,1.3332420923001889,79,28182.0,0.06546350302991816,79,28182.0
9300.0,72,5984.0,61.69072164948454,1.8701397315747605,72,26849.0,0.07551608090325887,72,26849.0
9305.0,68,4560.0,46.06060606060606,2.787812901918617,68,25130.0,0.11311808447299558,68,25130.0
9310.0,57,3063.0,31.577319587628867,2.62789512321769,57,24939.0,0.11560279381591225,57,24939.0
9315.0,58,2073.0,21.821052631578947,2.9428964268175934,58,25140.0,0.14265918817505144,58,25140.0
9320.0,63,2378.0,24.770833333333332,2.4614037705944942,63,25380.0,0.0673905061406038,63,25380.0
9325.0,73,2724.0,26.705882352941178,2.2632216566962264,73,25661.0,0.08586970223916857,73,25661.0
9330.0,79,3106.0,31.693877551020407,1.2363486994018271,79,25978.0,0.06048603343091911,79,25978.0
9335.0,87,3522.0,34.529411764705884,1.1276814263508732,87,26329.0,0.03754342000106921,87,26329.0
9340.0,93,3975.0,38.592233009708735,1.2728618900373736,93,26719.0,0.05704021090735399,93,26719.0
9345.0,94,4442.0,42.304761904761904,1.2411705985761377,94,27121.0,0.03666733295879868,94,27121.0
9350.0,95,4917.0,46.82857142857143,1.2768146186278844,95,27531.0,0.05584582199517559,95,27531.0
9355.0,95,5392.0,50.39252336448598,1.299392009497037,95,27941.0,0.04192412523389718,95,27941.0
9360.0,91,5276.0,50.24761904761905,1.182254091386278,91,28128.0,0.0432516388930729,91,28128.0
9365.0,83,5127.0,47.91588785046729,1.7006394814456351,83,28028.0,0.07728986551880787,83,28028.0
9370.0,80,5431.0,50.757009345794394,2.320328198825518,80,28039.0,0.07746023962214946,80,28039.0
9375.0,78,5797.0,53.18348623853211,2.231028183611527,78,28348.0,0.09235433093980064,78,28348.0
9380.0,84,6207.0,60.262135922330096,1.7283358089619567,84,28675.0,0.05408195246566312,84,28675.0
9385.0,89,6644.0,62.09345794392523,2.249581183403109,89,29042.0,0.058247141759541085,89,29042.0
9390.0,89,7089.0,68.16346153846153,1.8534327323151225,89,29417.0,0.05787091460944885,89,29417.0
9395.0,84,7415.0,74.15,0.8928931644841626,84,29648.0,0.04689016040857541,84,29648.0
9400.0,80,7707.0,76.3069306930693,1.907736093046163,80,29791.0,0.08794839230383789,80,29791.0
9405.0,81,8109.0,77.22857142857143,2.4499570789184753,81,29983.0,0.07037428757364352,81,29983.0
9410.0,80,8463.0,82.97058823529412,1.8629658939669365,80,30298.0,0.06186474842449421,80,30298.0
9415.0,81,8859.0,87.7128712871287,1.9288024688960406,81,30599.0,0.07885752363407138,81,30599.0
9420.0,81,9264.0,93.57575757575758,2.100851271911698,81,30927.0,0.043200946237568906,81,30927.0
9425.0,83,9678.0,96.78,2.117820840255056,83,31271.0,0.085513853184678,83,31271.0
9430.0,83,10093.0,108.52688172043011,1.1527675110415698,83,31616.0,0.05163501132855353,83,31616.0
9435.0,85,10514.0,106.20202020202021,1.7440893043178372,85,31967.0,0.07745521887969921,85,31967.0
9440.0,80,9861.0,101.65979381443299,1.5158638828649853,80,30368.0,0.06298786268404835,80,30368.0
9445.0,71,8481.0,83.97029702970298,2.476562930865536,71,26812.0,0.10945151908646149,71,26812.0
9450.0,68,7449.0,76.01020408163265,2.9042017923162193,68,21341.0,0.10420299706028961,68,21341.0
9455.0,58,6184.0,63.10204081632653,2.682741523005964,58,21621.0,0.12239849435609322,58,21621.0
9460.0,59,5623.0,59.189473684210526,2.9455320072306406,59,21879.0,0.13503573866707633,59,21879.0
9465.0,66,5936.0,61.1958762886598,2.718438636339641,66,22182.0,0.10777304687894715,66,22182.0
9470.0,73,6286.0,63.494949494949495,1.968840472044615,73,22522.0,0.08417722732735362,73,22522.0
9475.0,81,6671.0,68.07142857142857,1.4170485035384863,81,22897.0,0.06916462355679275,81,22897.0
9480.0,87,7092.0,73.11340206185567,1.0336779377685292,87,23308.0,0.046161122189315944,87,23308.0
9485.0,89,7536.0,75.36,1.4101327936495978,89,23742.0,0.07785247049102179,89,23742.0
9490.0,91,7985.0,79.85,1.109911568996844,91,24181.0,0.039839545226517545,91,24181.0
9495.0,91,8440.0,81.15384615384616,1.5310877745341176,91,24626.0,0.07687657755624035,91,24626.0
9500.0,85,8624.0,84.54901960784314,0.9683333041335277,85,23146.0,0.03983650919430654,85,23146.0
9505.0,80,8677.0,82.63809523809523,1.9930006906101525,80,21770.0,0.0851162630780047,80,21770.0
9510.0,77,8757.0,81.8411214953271,2.510507679024,77,19497.0,0.08311615824515475,77,19497.0
9515.0,66,8736.0,84.81553398058253,2.1900292514738613,66,19826.0,0.08453096176945979,66,19826.0
9520.0,68,8980.0,85.52380952380952,2.68337782480144,68,20143.0,0.12776458868469473,68,20143.0
9525.0,76,9342.0,92.4950495049505,2.0681669564686755,76,20505.0,0.06035086721238689,76,20505.0
9530.0,83,9744.0,94.60194174757281,2.0023306520410773,83,20907.0,0.06085636954388165,83,20907.0
9535.0,88,10172.0,104.8659793814433,1.0673792971791412,88,21337.0,0.03935871720572622,88,21337.0
9540.0,89,10617.0,108.33673469387755,1.1298808516993017,89,21782.0,0.038927160001069,89,21782.0
9545.0,83,10261.0,103.64646464646465,1.3014436382905434,83,21930.0,0.052526125397238305,83,21930.0
9550.0,76,9676.0,97.73737373737374,1.791368527724471,76,21796.0,0.08043224049708433,76,21796.0
9555.0,71,9629.0,95.33663366336634,2.693427135478936,71,21513.0,0.09078901146404325,71,21513.0
9560.0,63,9838.0,97.4059405940594,2.3941706149428703,63,21827.0,0.10378420433368553,63,21827.0
9565.0,69,10173.0,102.75757575757575,2.4344048436151486,69,22152.0,0.10159663893910292,69,22152.0
9570.0,75,10535.0,106.41414141414141,2.2974193283024613,75,22514.0,0.06612013946961406,75,22514.0
9575.0,80,10927.0,113.82291666666667,1.705278949882916,80,22906.0,0.043967800683782574,80,22906.0
9580.0,83,11339.0,115.70408163265306,1.8844736903332566,83,23318.0,0.07417273083320691,83,23318.0
9585.0,87,11760.0,123.78947368421052,1.1118119594344935,87,23739.0,0.04047815999598189,87,23739.0
9590.0,87,12195.0,124.43877551020408,1.3044051242567272,87,24174.0,0.06376781514338264,87,24174.0
9595.0,87,12630.0,130.20618556701032,1.052118225693808,87,24609.0,0.04234680333157855,87,24609.0
9600.0,83,12839.0,128.39,1.4201733427847603,83,24789.0,0.07124683087912818,83,24789.0
9605.0,76,12889.0,130.1919191919192,1.6887143806654439,76,24745.0,0.07173151155194461,76,24745.0
9610.0,72,13039.0,126.59223300970874,2.4092084447459245,72,24693.0,0.08549304526350036,72,24693.0
9615.0,68,13319.0,131.87128712871288,2.647147823501929,68,24958.0,0.11963383362687115,68,24958.0
9620.0,72,13660.0,136.6,2.278318173173839,72,25274.0,0.09171669814869225,72,25274.0
9625.0,77,14034.0,141.75757575757575,2.298818054074639,77,25644.0,0.06295460155487158,77,25644.0
9630.0,81,14435.0,147.29591836734693,2.0990609955904103,81,26045.0,0.08124417119021533,81,26045.0
9635.0,78,14729.0,158.3763440860215,1.3361080524586557,78,26290.0,0.04772167154167343,78,26290.0
9640.0,69,14948.0,154.10309278350516,2.2449467103329965,69,26415.0,0.10502785635688275,69,26415.0
9645.0,70,15265.0,160.68421052631578,2.485571041936245,70,26511.0,0.08369327318098788,70,26511.0
9650.0,67,15555.0,158.72448979591837,2.5940396561079964,67,26828.0,0.11071814930340322,67,26828.0
9655.0,73,15904.0,169.19148936170214,2.3898867441292064,73,27151.0,0.09326234173762805,73,27151.0
9660.0,75,16277.0,176.92391304347825,2.2166771608744686,75,27523.0,0.047198709721276294,75,27523.0
9665.0,77,16662.0,181.1086956521739,2.12711934402343,77,27908.0,0.06790703966092064,77,27908.0
9670.0,77,17047.0,191.53932584269663,1.6022813217987504,77,28293.0,0.06383290297308843,77,28293.0
9675.0,73,17288.0,192.0888888888889,1.5368692705471587,73,28580.0,0.07125386494708974,73,28580.0
9680.0,68,17529.0,196.95505617977528,1.8845631729952856,68,28787.0,0.06563149420137426,68,28787.0
9685.0,72,17878.0,192.23655913978496,2.6689798656469117,72,29025.0,0.0950696279418671,72,29025.0
9690.0,68,18182.0,202.0222222222222,2.163004885345448,68,29352.0,0.06742431633560195,68,29352.0
9695.0,69,18526.0,208.1573033707865,2.161147997958786,69,29673.0,0.07471620842469186,69,29673.0
9700.0,71,18876.0,216.9655172413793,2.3213373809825946,71,30023.0,0.07117612809198388,71,30023.0
9705.0,71,19231.0,226.24705882352941,2.0595316698465775,71,30378.0,0.0714148104586974,71,30378.0
9710.0,66,19499.0,232.13095238095238,1.8485935155306914,66,30681.0,0.07444518402125128,66,30681.0
9715.0,68,19833.0,230.61627906976744,2.2010708837887774,68,30975.0,0.08022546308814361,68,30975.0
9720.0,70,20182.0,243.15662650602408,1.7620261795072267,70,31324.0,0.04104965001312816,70,31324.0
9725.0,66,20489.0,232.82954545454547,1.992211424789631,66,31647.0,0.08218591050068982,66,31647.0
9730.0,68,20827.0,247.9404761904762,2.1085585846013997,68,31969.0,0.07935969446743865,68,31969.0
9735.0,70,21169.0,240.5568181818182,2.7291803142111113,70,32311.0,0.07074069719069846,70,32311.0
9740.0,64,18946.0,225.54761904761904,2.4770447925953816,64,31017.0,0.08245761356081929,64,31017.0
9745.0,55,15001.0,180.73493975903614,2.5833438720558686,55,28169.0,0.1178428499030188,55,28169.0
9750.0,51,11473.0,139.91463414634146,3.383257602669838,51,23888.0,0.12756923383626453,51,23888.0
9755.0,41,8313.0,101.3780487804878,3.10615419683257,41,24099.0,0.1394676688163365,41,24099.0
9760.0,44,6424.0,82.35897435897436,3.295781239456006,44,24294.0,0.16490641653496194,44,24294.0
9765.0,50,6663.0,80.27710843373494,3.4984428069502647,50,24533.0,0.1344466591742085,50,24533.0
9770.0,60,6940.0,82.61904761904762,2.3363005057281803,60,24810.0,0.10461914283834492,60,24810.0
9775.0,65,7251.0,84.31395348837209,1.9164140383873405,65,25122.0,0.07452173966948898,65,25122.0
9780.0,74,7599.0,88.36046511627907,1.2721637386042384,74,25471.0,0.04812446356646768,74,25471.0
9785.0,78,7983.0,90.7159090909091,1.3574594557286492,78,25855.0,0.08233652045937656,78,25855.0
9790.0,78,8373.0,95.14772727272727,1.2352624727509178,78,26245.0,0.05112799151043196,78,26245.0
9795.0,74,8477.0,89.23157894736842,1.6462355314010344,74,26517.0,0.09012161917809654,74,26517.0
9800.0,74,8734.0,93.91397849462365,1.9619452418005956,74,26709.0,0.08670216300794642,74,26709.0
9805.0,74,9104.0,92.89795918367346,2.669938846618277,74,26976.0,0.09545206863235711,74,26976.0
9810.0,74,9431.0,100.32978723404256,2.0390200055043963,74,27325.0,0.0724186516834362,74,27325.0
9815.0,72,9789.0,106.40217391304348,2.234754131329437,72,27663.0,0.09628780727150835,72,27663.0
9820.0,74,10154.0,110.3695652173913,2.4979518937596077,74,28026.0,0.07072395538392742,74,28026.0
9825.0,68,10107.0,112.3,2.2238685793436503,68,26764.0,0.08068798549883362,68,26764.0
9830.0,65,9843.0,109.36666666666666,2.5533458846796266,65,24251.0,0.10270643275566702,65,24251.0
9835.0,55,9509.0,108.05681818181819,3.3945956321198,55,20328.0,0.1345968565446849,55,20328.0
9840.0,46,9165.0,107.82352941176471,2.715111253121545,46,20559.0,0.126974848709903,46,20559.0
9845.0,49,9155.0,108.98809523809524,3.1169704031350873,49,20766.0,0.15867482177544662,49,20766.0
9850.0,55,9417.0,107.01136363636364,3.1174282408111975,55,21026.0,0.11018751541641159,55,21026.0
9855.0,63,9719.0,106.8021978021978,2.38073443759863,63,21328.0,0.09895600099402264,63,21328.0
9860.0,70,10054.0,111.71111111111111,1.7332180234241459,70,21664.0,0.06706155471402123,70,21664.0
9865.0,79,10424.0,110.8936170212766,1.6425746529331902,79,22037.0,0.06932598413092919,79,22037.0
9870.0,84,10834.0,114.0421052631579,1.5035408531898242,84,22447.0,0.05971826153280797,84,22447.0
9875.0,84,11254.0,121.01075268817205,1.0010308165131703,84,22867.0,0.04119254625976179,84,22867.0
9880.0,82,11316.0,117.875,1.0304267337239386,82,23151.0,0.06285746109917656,82,23151.0
9885.0,76,11512.0,119.91666666666667,1.521798611465756,76,23319.0,0.0643590390068655,76,23319.0
9890.0,76,11892.0,116.58823529411765,2.526747231909404,76,23521.0,0.0885738773951123,76,23521.0
9895.0,76,12219.0,124.68367346938776,1.7560800621900872,76,23879.0,0.05672494645118222,76,23879.0
9900.0,76,12593.0,129.82474226804123,2.017429174812504,76,24228.0,0.07321296880584748,76,24228.0
9905.0,78,12980.0,135.20833333333334,2.404688705227915,78,24609.0,0.0660876155393703,78,24609.0
9910.0,73,12955.0,134.94791666666666,2.02123687542027,73,23463.0,0.06549603277346332,73,23463.0
9915.0,68,12648.0,136.0,2.4164260347201627,68,21606.0,0.09459982597177526,68,21606.0
9920.0,61,12458.0,132.53191489361703,3.078566344253361,61,18634.0,0.12177009207413532,61,18634.0
9925.0,53,12078.0,131.2826086956522,2.816211645981167,53,18896.0,0.12674811479900014,53,18896.0
9930.0,52,12081.0,134.23333333333332,3.070221914813918,52,19120.0,0.151688518556219,52,19120.0
9935.0,59,12360.0,134.34782608695653,2.865563314627553,59,19390.0,0.09145686308889643,59,19390.0
9940.0,69,12684.0,126.84,2.6055041363339972,69,19714.0,0.08322867093778484,69,19714.0
9945.0,74,13038.0,134.41237113402062,1.580176600568473,74,20070.0,0.053186563158938674,74,20070.0
9950.0,84,13441.0,135.76767676767676,1.4584634488231862,84,20475.0,0.07741273848147946,84,20475.0
9955.0,88,13876.0,141.59183673469389,1.2066567572412663,88,20910.0,0.05110748944583885,88,20910.0
9960.0,90,14321.0,140.40196078431373,1.4967362120807208,90,21355.0,0.04781564798259638,90,21355.0
9965.0,84,14361.0,143.61,1.531861524595941,84,21640.0,0.06657067701474975,84,21640.0
9970.0,76,14433.0,140.126213592233,2.080475480082705,76,21772.0,0.07543942640685516,76,21772.0
9975.0,78,14814.0,145.23529411764707,2.7482409549745457,78,21903.0,0.09323550303890961,78,21903.0
9980.0,76,15172.0,148.7450980392157,1.8884444377066452,76,22272.0,0.07042197900454748,76,22272.0
9985.0,80,15564.0,158.81632653061226,1.9083804929898738,80,22653.0,0.06414174257667012,80,22653.0
9990.0,82,15974.0,159.74,2.25018668823335,82,23063.0,0.09719353227281408,82,23063.0
9995.0,83,16385.0,174.30851063829786,1.2572217789046372,83,23474.0,0.05960994227606608,83,23474.0
10000.0,84,16805.0,171.4795918367347,1.6047892220050337,84,23894.0,0.07972074891207678,84,23894.0
10005.0,84,17225.0,175.76530612244898,1.6614210999528713,84,24314.0,0.057355188258456015,84,24314.0
10010.0,86,17651.0,176.51,1.668826421972904,86,24740.0,0.06502613334211328,86,24740.0
10015.0,87,18085.0,182.67676767676767,1.4742807653857213,87,25174.0,0.05408489157698811,87,25174.0
10020.0,83,17952.0,181.33333333333334,1.4604604663173975,83,24319.0,0.05820120088676511,83,24319.0
10025.0,76,17442.0,176.1818181818182,1.9215019698386033,76,23837.0,0.08882194334262795,76,23837.0
10030.0,71,17100.0,169.30693069306932,2.4868065535065793,71,22915.0,0.08305730241869304,71,22915.0
10035.0,63,16702.0,167.02,2.5164725704101714,63,23224.0,0.1182650807500811,63,23224.0
10040.0,61,16483.0,173.50526315789475,2.395795556777985,61,23489.0,0.10770542323404338,61,23489.0
10045.0,69,16813.0,163.23300970873785,2.81947130951073,69,23804.0,0.10131248465392068,69,23804.0
10050.0,70,17090.0,167.54901960784315,1.9980042691473228,70,23694.0,0.07789905204707559,70,23694.0
10055.0,70,17333.0,168.28155339805826,1.825457667879979,70,23372.0,0.07138417364717164,70,23372.0
10060.0,70,17623.0,167.83809523809524,2.7470310628581696,70,22761.0,0.10199579770275687,70,22761.0
10065.0,68,17883.0,171.95192307692307,2.2104546485977616,68,23079.0,0.09987063587573469,68,23079.0
10070.0,66,18178.0,179.98019801980197,2.535699271553314,66,23382.0,0.12104749921301902,66,23382.0
10075.0,73,18528.0,173.15887850467288,2.3133056918654864,73,23722.0,0.0929853797138825,73,23722.0
10080.0,82,18919.0,176.81308411214954,1.6850245429939172,82,24103.0,0.05255570314488832,82,24103.0
10085.0,89,19348.0,172.75,1.4888676536341126,89,24522.0,0.047507720872596124,89,24522.0
10090.0,98,19814.0,180.12727272727273,0.9646904933452491,98,24978.0,0.03574013667770945,98,24978.0
10095.0,96,19633.0,175.29464285714286,0.8658630028761214,96,25189.0,0.05822752098204559,96,25189.0
10100.0,92,19198.0,171.41071428571428,1.3470648620636234,92,25175.0,0.05777646121915701,92,25175.0
10105.0,86,19284.0,163.42372881355934,2.4187943942950203,86,25000.0,0.0893081957790489,86,25000.0
10110.0,80,19593.0,171.8684210526316,2.0608151588425305,80,25378.0,0.08088653946332128,80,25378.0
10115.0,84,19990.0,178.48214285714286,1.895028946226688,84,25739.0,0.07755966598413916,84,25739.0
10120.0,90,20425.0,182.36607142857142,2.069470780701115,90,26159.0,0.060549340993284524,90,26159.0
10125.0,88,20528.0,183.28571428571428,1.6780079427503949,88,26169.0,0.05035497718141582,88,26169.0
10130.0,84,20414.0,190.78504672897196,1.8430572984609848,84,25981.0,0.08081710418299483,84,25981.0
10135.0,77,20392.0,185.38181818181818,2.3719439799242985,77,25477.0,0.07985595973401421,77,25477.0
10140.0,70,20302.0,191.52830188679246,2.2795817074889655,70,25818.0,0.09717593624880679,70,25818.0
10145.0,66,20319.0,189.89719626168224,2.584970956022868,66,26101.0,0.11942519556315388,66,26101.0
10150.0,74,20676.0,191.44444444444446,2.4788491592979054,74,26444.0,0.08166473274990028,74,26444.0
10155.0,81,21069.0,184.81578947368422,2.3778415424468355,81,26827.0,0.09286840174112544,81,26827.0
10160.0,88,21496.0,197.21100917431193,1.1442126600007374,88,27244.0,0.04080856059941703,88,27244.0
10165.0,96,21963.0,190.98260869565217,1.4705468602465848,96,27702.0,0.06771441416683582,96,27702.0
10170.0,102,22463.0,200.5625,0.9535307520765076,102,28192.0,0.03350214852953373,102,28192.0
10175.0,104,22982.0,201.59649122807016,1.0623793395976593,104,28701.0,0.04540027964775132,104,28701.0
10180.0,100,19522.0,169.75652173913045,1.0202754786530224,100,27290.0,0.04596602952796486,100,27290.0
10185.0,92,13402.0,115.53448275862068,1.5936499645556592,92,24277.0,0.061088654354667545,92,24277.0
10190.0,86,7981.0,67.63559322033899,2.3107120544307214,86,19512.0,0.08642330410404489,86,19512.0
10195.0,78,5007.0,43.16379310344828,2.1576532522464493,78,19889.0,0.099283581436402,78,19889.0
10200.0,77,3852.0,34.392857142857146,2.140872971351881,77,20250.0,0.0968185756156184,77,20250.0
10205.0,84,4256.0,36.376068376068375,2.2769071815678776,84,20654.0,0.08337106825523152,84,20654.0
10210.0,92,4701.0,40.87826086956522,1.5701599210037704,92,21099.0,0.045915800051914354,92,21099.0
10215.0,91,4547.0,39.8859649122807,1.3474768448740275,91,21193.0,0.05977624740259889,91,21193.0
10220.0,90,4008.0,35.785714285714285,1.357966003831874,90,20983.0,0.05762117790046161,90,20983.0
10225.0,84,3728.0,32.417391304347824,2.1901955920622407,84,20586.0,0.06999057048757854,84,20586.0
10230.0,80,3712.0,31.726495726495727,2.693528357192225,80,20449.0,0.10071503858622016,80,20449.0
10235.0,73,3961.0,35.68468468468468,2.3905373853928076,73,20702.0,0.10445654384437392,73,20702.0
10240.0,78,4323.0,38.598214285714285,2.656696470122474,78,21034.0,0.11630367383189148,78,21034.0
10245.0,84,4727.0,43.76851851851852,2.025928647980799,84,21430.0,0.0488862451117982,84,21430.0
10250.0,88,5159.0,47.330275229357795,2.0499928163801355,88,21862.0,0.05962790645848836,88,21862.0
10255.0,92,5617.0,54.00961538461539,1.271308423564694,92,22320.0,0.030409893781699674,92,22320.0
10260.0,94,6087.0,59.09708737864078,1.068521209426272,94,22790.0,0.033828299303619955,94,22790.0
10265.0,94,6557.0,63.66019417475728,0.9194360549039038,94,23260.0,0.0436464234721369,94,23260.0
10270.0,90,6833.0,65.07619047619048,0.8555563456141518,90,23469.0,0.049514991179868545,90,23469.0
10275.0,84,6974.0,65.79245283018868,1.6399929990159319,84,23450.0,0.07678811837613346,84,23450.0
10280.0,80,7168.0,65.16363636363636,2.2836802981920044,80,23345.0,0.08025349503153399,80,23345.0
10285.0,74,7458.0,69.05555555555556,2.331765282137383,74,23700.0,0.10623729663155253,74,23700.0
10290.0,78,7831.0,73.18691588785046,2.0592612550198437,78,24041.0,0.08747560372023772,78,24041.0
10295.0,84,8236.0,79.1923076923077,1.9091996876891137,84,24430.0,0.039965935331765866,84,24430.0
10300.0,89,8669.0,80.26851851851852,2.0759131368484174,89,24854.0,0.05778662177630126,89,24854.0
10305.0,91,9120.0,88.54368932038835,1.327924067193452,91,25295.0,0.04000901897168271,91,25295.0
10310.0,92,9580.0,92.11538461538461,1.4595255970579069,92,25745.0,0.07255275808506688,92,25745.0
10315.0,92,10040.0,98.43137254901961,1.07617107026779,92,26195.0,0.0424009428810057,92,26195.0
10320.0,94,10508.0,100.07619047619048,1.3096040342245954,94,26653.0,0.04304062219910782,94,26653.0
10325.0,88,10739.0,102.27619047619048,1.4691639771749379,88,26898.0,0.059503492655260115,88,26898.0
10330.0,80,10808.0,101.9622641509434,1.6934543696132713,80,26965.0,0.06384615333247048,80,26965.0
10335.0,76,11035.0,104.10377358490567,2.5200031076261364,76,26969.0,0.0977759939066146,76,26969.0
10340.0,75,11384.0,105.4074074074074,2.42267961184373,75,27320.0,0.10122142306544206,75,27320.0
10345.0,79,11770.0,113.17307692307692,2.124541389213616,79,27684.0,0.07900371180891838,79,27684.0
10350.0,86,12185.0,117.16346153846153,2.27704005893173,86,28089.0,0.07856121982187035,86,28089.0
10355.0,83,12530.0,125.3,1.5335201412889259,83,28379.0,0.04616281405131925,83,28379.0
10360.0,75,12834.0,128.34,2.0535665838817163,75,28572.0,0.0818436350379065,75,28572.0
10365.0,78,13218.0,132.18,2.49686404238871,78,28787.0,0.08292387005411875,78,28787.0
10370.0,74,12240.0,120.0,1.9704535449571297,74,28411.0,0.07337776275559725,74,28411.0
10375.0,75,10593.0,107.0,2.220677386882341,75,27626.0,0.09329664276934448,75,27626.0
10380.0,67,8940.0,91.22448979591837,2.633201236901139,67,26269.0,0.0834307614595367,67,26269.0
10385.0,59,7126.0,72.71428571428571,2.6782801585374973,59,26515.0,0.1207227314984988,59,26515.0
10390.0,52,6219.0,64.78125,2.7886605212351037,52,26683.0,0.12039868111192836,52,26683.0
10395.0,60,6504.0,65.04,3.3335196997094427,60,26893.0,0.1400675342196335,60,26893.0
10400.0,66,6822.0,69.61224489795919,2.55786509046077,66,27190.0,0.08312671237272136,66,27190.0
10405.0,76,7175.0,70.34313725490196,2.42865941396806,76,27534.0,0.06838599232537498,76,27534.0
10410.0,82,7568.0,77.22448979591837,1.64819324233734,82,27918.0,0.0628612534684068,82,27918.0
10415.0,87,7992.0,82.3917525773196,1.253200141318433,87,28334.0,0.04033337906843568,87,28334.0
10420.0,82,8223.0,83.90816326530613,1.6045352304582965,82,28122.0,0.06745494592668519,82,28122.0
10425.0,76,8338.0,85.08163265306122,1.6966931932256595,76,27273.0,0.07274040894745473,76,27273.0
10430.0,70,8453.0,85.38383838383838,2.504732955920451,70,25805.0,0.09149031076236795,70,25805.0
10435.0,62,8529.0,86.15151515151516,2.4776719877211826,62,26098.0,0.11892938334811887,62,26098.0
10440.0,60,8669.0,92.22340425531915,2.45160133455745,60,26364.0,0.11392968121989204,60,26364.0
10445.0,69,8994.0,87.32038834951456,2.854565053559195,69,26677.0,0.10246957750068822,69,26677.0
10450.0,70,9272.0,90.90196078431373,1.8795725865407444,70,26391.0,0.06501324996610085,70,26391.0
10455.0,68,9524.0,90.70476190476191,2.1518682060178573,68,25424.0,0.08944677816757966,68,25424.0
10460.0,72,9814.0,93.46666666666667,2.558965453352501,72,24486.0,0.08625517610643552,72,24486.0
10465.0,67,10077.0,95.06603773584905,2.4807952031985248,67,24819.0,0.12004715628630692,67,24819.0
10470.0,66,10377.0,103.77,2.343062355788061,66,25125.0,0.11176901923357332,66,25125.0
10475.0,75,10735.0,100.32710280373831,2.4540293500013832,75,25477.0,0.07724739516376657,75,25477.0
10480.0,75,10468.0,96.03669724770643,2.1099791282666867,75,25585.0,0.08228665006317938,75,25585.0
10485.0,74,10050.0,93.05555555555556,1.6878300187895392,74,25471.0,0.07939425660068991,74,25471.0
10490.0,77,10165.0,91.57657657657657,2.299098944001786,77,25341.0,0.09561898517306208,77,25341.0
10495.0,77,10513.0,93.03539823008849,2.2118295024571824,77,25584.0,0.09485009697018032,77,25584.0
10500.0,82,10912.0,101.03703703703704,2.0196109887789953,82,25924.0,0.062426420232913095,82,25924.0
10505.0,88,11338.0,104.01834862385321,2.0950478921755424,88,26300.0,0.06403136297869269,88,26300.0
10510.0,85,11527.0,108.74528301886792,1.6389099236904667,85,26087.0,0.046240291487640896,85,26087.0
10515.0,78,11541.0,107.85981308411215,2.086002378567639,78,26159.0,0.09428464707647378,78,26159.0
10520.0,75,11626.0,110.72380952380952,2.313418595433128,75,26174.0,0.08419652799522785,75,26174.0
10525.0,66,11652.0,107.88888888888889,2.596268180730045,66,26433.0,0.12366201377442822,66,26433.0
10530.0,64,11757.0,115.26470588235294,2.6381287845046604,64,26705.0,0.12241915850472204,64,26705.0
10535.0,73,12107.0,114.21698113207547,2.7377539974655134,73,27001.0,0.10159711390402032,73,27001.0
10540.0,80,12491.0,116.73831775700934,2.019561508754422,80,27325.0,0.08180861066238557,80,27325.0
10545.0,81,12610.0,117.85046728971963,1.2588761412281897,81,27436.0,0.06287486024872005,81,27436.0
10550.0,80,12573.0,114.3,1.6616043278947656,80,27296.0,0.0755462205939814,80,27296.0
10555.0,80,12774.0,114.05357142857143,2.189158184688861,80,27295.0,0.07696363951232287,80,27295.0
10560.0,79,12980.0,116.93693693693693,2.1962979443418997,79,27423.0,0.08955824649926282,79,27423.0
10565.0,75,13069.0,118.80909090909091,2.158601958170411,75,27371.0,0.0804134032194409,75,27371.0
10570.0,76,13229.0,122.49074074074075,2.4169949575913217,76,27323.0,0.07927588345112546,76,27323.0
10575.0,70,13260.0,127.5,1.9629381157410266,70,27575.0,0.08934925396981082,70,27575.0
10580.0,61,13352.0,128.3846153846154,2.5918568551006205,61,27736.0,0.12536960887583246,61,27736.0
10585.0,68,13678.0,126.64814814814815,2.7264502430762767,68,27951.0,0.11314828049198979,68,27951.0
10590.0,75,14040.0,125.35714285714286,2.6633757271133995,75,28231.0,0.0994392409259233,75,28231.0
10595.0,84,14438.0,134.93457943925233,1.5880001506792831,84,28560.0,0.043919516221992826,84,28560.0
10600.0,84,14641.0,133.1,1.62370637382909,84,28737.0,0.06426962919088083,84,28737.0
10605.0,85,14731.0,137.6728971962617,1.7531794958890452,85,28650.0,0.0540888879436193,85,28650.0
10610.0,81,15057.0,135.64864864864865,2.4410991086650315,81,28789.0,0.09899165163712093,81,28789.0
10615.0,83,15469.0,143.2314814814815,2.484829545899046,83,28954.0,0.08123494041652918,83,28954.0
10620.0,82,15801.0,147.6728971962617,1.8842173550970855,82,29259.0,0.05610915673392514,82,29259.0
10625.0,82,16183.0,157.11650485436894,1.96397986495462,82,29537.0,0.0588785416563051,82,29537.0
10630.0,82,16593.0,161.09708737864077,2.454054588088523,82,29868.0,0.08115852013062247,82,29868.0
10635.0,83,17006.0,170.06,2.142027592666978,83,30211.0,0.06362097525984554,83,30211.0
10640.0,84,17426.0,177.81632653061226,1.7832924025000791,84,30561.0,0.06185846345658093,84,30561.0
10645.0,80,17433.0,181.59375,1.4817974131187788,80,30627.0,0.06918036559915383,80,30627.0
10650.0,71,17172.0,175.22448979591837,2.0324220725588185,71,30408.0,0.09134365302502984,71,30408.0
10655.0,68,17027.0,175.53608247422682,2.7463649331408218,68,29925.0,0.09032810452532043,68,29925.0
10660.0,56,16758.0,171.0,2.623131216495534,56,30135.0,0.12298924412491702,56,30135.0
10665.0,56,16739.0,179.98924731182797,2.511944145057835,56,30310.0,0.12383937855025803,56,30310.0
10670.0,65,17049.0,168.8019801980198,2.787748784859446,65,30540.0,0.1153609102430695,65,30540.0
10675.0,66,17075.0,169.05940594059405,2.220364151913558,66,30662.0,0.08480846478774653,66,30662.0
10680.0,66,17187.0,168.5,2.194176736649209,66,30660.0,0.08455084322171817,66,30660.0
10685.0,75,17539.0,170.28155339805826,2.480879845894273,75,30784.0,0.09110631517129879,75,30784.0
10690.0,77,17891.0,173.6990291262136,1.891660840710587,77,31064.0,0.062273501340972225,77,31064.0
10695.0,81,18286.0,182.86,2.1398403203198124,81,31363.0,0.07901038367985028,81,31363.0
10700.0,81,18691.0,185.05940594059405,2.5416901083329346,81,31686.0,0.07976354907303677,81,31686.0
10705.0,78,19032.0,196.20618556701032,1.939437513243596,78,31966.0,0.07048188041991289,78,31966.0
10710.0,77,19416.0,198.12244897959184,2.399373679094566,77,32236.0,0.09580303202607109,77,32236.0
10715.0,80,19808.0,210.72340425531914,1.7737141505835152,80,32547.0,0.057075483832747055,80,32547.0
10720.0,75,19858.0,209.03157894736842,1.6692830653389885,75,32494.0,0.07037926303125609,75,32494.0
10725.0,70,19680.0,211.61290322580646,2.176873736896018,70,32061.0,0.0876781056170749,70,32061.0
10730.0,62,19536.0,203.5,2.857081709608425,62,31591.0,0.10169753853226696,62,31591.0
10735.0,55,19311.0,205.43617021276594,2.9104618967581515,55,31745.0,0.13495585417840222,55,31745.0
10740.0,49,19248.0,213.86666666666667,2.5984193726214357,49,31831.0,0.12407008217413856,49,31831.0
10745.0,57,19516.0,203.29166666666666,3.3862848953062668,57,31953.0,0.14880335298429925,57,31953.0
10750.0,63,19815.0,202.19387755102042,2.96969777420451,63,32156.0,0.09755236497071465,63,32156.0
10755.0,72,20156.0,205.6734693877551,2.4027052835102225,72,32407.0,0.07474868552434295,72,32407.0
10760.0,78,20534.0,216.14736842105262,1.6897572879122755,78,32696.0,0.043313513465530674,78,32696.0
10765.0,85,20944.0,218.16666666666666,1.4733320470316276,85,33016.0,0.0611824285600257,85,33016.0
10770.0,79,21162.0,225.12765957446808,1.3764153781251929,79,32994.0,0.06694667638131933,79,32994.0
10775.0,70,21234.0,221.1875,1.8124869842956766,70,32693.0,0.07458896838597776,70,32693.0
10780.0,67,21362.0,220.22680412371133,2.7918223907743513,67,32107.0,0.10570403806754891,67,32107.0
10785.0,54,21372.0,220.3298969072165,2.5802416323876964,54,32299.0,0.11715698581048148,54,32299.0
10790.0,58,21549.0,231.70967741935485,2.678993660881736,58,32472.0,0.1307179833875382,58,32472.0
10795.0,63,21854.0,220.74747474747474,2.8228809047274814,63,32687.0,0.10407075277326357,63,32687.0
10800.0,72,22198.0,224.22222222222223,1.8978603726560295,72,32936.0,0.06412842461660855,72,32936.0
10805.0,79,22579.0,221.36274509803923,1.6871192316457766,79,33217.0,0.06126036552273435,79,33217.0
10810.0,85,22995.0,227.67326732673268,1.0875078316295006,85,33533.0,0.04209230112509302,85,33533.0
10815.0,88,22977.0,220.93269230769232,1.1073476357653502,88,33704.0,0.06434674262693893,88,33704.0
10820.0,82,23047.0,223.75728155339806,1.5210463272624157,82,33736.0,0.06572437348778587,82,33736.0
10825.0,82,23431.0,214.96330275229357,2.403045490651464,82,33761.0,0.09056530979567579,82,33761.0
10830.0,84,23849.0,224.99056603773585,2.4313906200098327,84,33987.0,0.07606346075307413,84,33987.0
10835.0,82,24176.0,232.46153846153845,1.7777113104998485,82,34266.0,0.05589148810369104,82,34266.0
10840.0,79,24544.0,240.62745098039215,2.2108994508563242,79,34500.0,0.07482738503390206,79,34500.0
10845.0,79,24939.0,246.92079207920793,2.5511294445129993,79,34777.0,0.09074290615036636,79,34777.0
10850.0,80,25336.0,255.91919191919192,2.281678217763869,80,35074.0,0.0638259867454941,80,35074.0
10855.0,75,25329.0,258.4591836734694,2.06075818079556,75,34951.0,0.08294236772224466,75,34951.0
10860.0,70,25111.0,272.94565217391306,1.9330553620992885,70,34633.0,0.08216649531684318,70,34633.0
10865.0,64,24880.0,256.49484536082474,3.0643445156039313,64,34017.0,0.12608022106491423,64,34017.0
10870.0,54,24577.0,261.4574468085106,2.7934084078518304,54,34187.0,0.12485885495422558,54,34187.0
10875.0,56,24546.0,263.93548387096774,2.995160468609808,56,34317.0,0.1496952494362253,56,34317.0
10880.0,64,24849.0,261.5684210526316,2.8973377533931606,64,34509.0,0.1024553002959646,64,34509.0
10885.0,70,25186.0,254.40404040404042,2.4479269408458624,70,34737.0,0.1035464832236707,70,34737.0
10890.0,77,25559.0,263.49484536082474,1.7307799577553786,77,35000.0,0.06891037441120994,77,35000.0
10895.0,84,25962.0,257.0495049504951,1.5526251271030838,84,35294.0,0.05839670689906926,84,35294.0
10900.0,89,26402.0,266.6868686868687,1.3097018861711947,89,35624.0,0.060689955003084495,89,35624.0
10905.0,89,26847.0,271.1818181818182,1.0940556979428275,89,35959.0,0.04792216984135642,89,35959.0
10910.0,87,26913.0,263.8529411764706,1.2978961550956702,87,36150.0,0.06558356017837903,87,36150.0
10915.0,78,27082.0,265.5098039215686,2.1256945322295873,78,36211.0,0.1028686698363734,78,36211.0
10920.0,82,27479.0,266.7864077669903,2.3059661061022587,82,36294.0,0.07472037959970361,82,36294.0
10925.0,79,27564.0,265.03846153846155,1.9267735618411472,79,36201.0,0.06614537109490326,79,36201.0
10930.0,75,27437.0,271.65346534653463,2.168668724198133,75,35909.0,0.08027432639318256,75,35909.0
10935.0,70,27402.0,276.7878787878788,2.35253250481547,70,35322.0,0.07248637669761511,70,35322.0
10940.0,59,27122.0,273.95959595959596,2.64668238961328,59,35478.0,0.12774313805757542,59,35478.0
10945.0,55,27129.0,285.5684210526316,2.4331318336413243,55,35553.0,0.11219912601635715,55,35553.0
10950.0,60,27422.0,274.22,3.156687992867638,60,35656.0,0.13152898945461747,60,35656.0
10955.0,68,27747.0,277.47,2.6504451857081914,68,35847.0,0.09246326576153557,68,35847.0
10960.0,76,28108.0,272.8932038834951,2.35000179760499,76,36088.0,0.06839492833686603,76,36088.0
10965.0,78,28271.0,285.5656565656566,1.608517298478535,78,36253.0,0.058300177952570274,78,36253.0
10970.0,76,28552.0,282.6930693069307,2.138818249180958,76,36357.0,0.09515457354913365,76,36357.0
10975.0,80,28949.0,292.4141414141414,2.2510506801640884,80,36539.0,0.06371031064212791,80,36539.0
10980.0,83,29355.0,296.5151515151515,1.758845731810705,83,36824.0,0.052462377335392614,83,36824.0
10985.0,79,29705.0,309.4270833333333,1.3727846929588434,79,37089.0,0.058656693534709814,79,37089.0
10990.0,77,30078.0,306.9183673469388,2.068969280287375,77,37319.0,0.08258889975588135,77,37319.0
10995.0,78,30464.0,314.0618556701031,2.3060753869199466,78,37573.0,0.06707450394950137,78,37573.0
11000.0,79,30858.0,318.12371134020617,2.432546570773747,79,37847.0,0.06644464377483564,79,37847.0
11005.0,76,31212.0,335.61290322580646,1.9778991356163422,76,38090.0,0.07673770628157232,76,38090.0
11010.0,77,31594.0,339.7204301075269,1.624835768506951,77,38343.0,0.06281411605888026,77,38343.0
11015.0,80,31992.0,351.56043956043953,1.452437088738819,80,38617.0,0.06392394295261128,80,38617.0
11020.0,76,31917.0,335.9684210526316,1.5245526502927809,76,38453.0,0.07348275706173657,76,38453.0
11025.0,69,31531.0,342.7282608695652,2.0427927543178463,69,37751.0,0.08690094104706904,69,37751.0
11030.0,65,31276.0,322.4329896907216,2.965399641915037,65,37035.0,0.12164566183337408,65,37035.0
11035.0,54,30815.0,327.8191489361702,2.8718777973628193,54,37162.0,0.12381810570324336,54,37162.0
11040.0,48,30649.0,333.14130434782606,3.035656271116906,48,37199.0,0.1326954828303858,48,37199.0
11045.0,57,30918.0,325.4526315789474,3.2540640880451015,57,37300.0,0.1277275980805939,57,37300.0
11050.0,60,31141.0,321.0412371134021,2.292854110509215,60,37083.0,0.09770664153875173,60,37083.0
11055.0,65,31357.0,326.6354166666667,2.036291806840124,65,36740.0,0.0932236359485019,65,36740.0
11060.0,65,31613.0,309.9313725490196,2.816241995299037,65,36169.0,0.10021808689672727,65,36169.0
11065.0,60,31793.0,324.4183673469388,2.653989844643437,60,36329.0,0.12760390047772238,60,36329.0
11070.0,54,31979.0,329.680412371134,2.8607570251571497,54,36428.0,0.1489177418410783,54,36428.0
11075.0,62,32272.0,336.1666666666667,2.978665186396228,62,36545.0,0.11221056500808047,62,36545.0
11080.0,70,32608.0,332.734693877551,2.682968132477394,70,36756.0,0.102891623909125,70,36756.0
11085.0,77,32979.0,347.14736842105265,1.961991083982016,77,36999.0,0.06125110066911413,77,36999.0
11090.0,81,33376.0,344.08247422680415,2.0091819992679327,81,37266.0,0.09605351231230258,81,37266.0
11095.0,83,33787.0,348.319587628866,1.4944700194144724,83,37547.0,0.05999958444523203,83,37547.0
11100.0,87,34215.0,349.1326530612245,1.3801729569329029,87,37845.0,0.0518235879078222,87,37845.0
11105.0,87,34650.0,350.0,1.4638271516944974,87,38150.0,0.057923539339651164,87,38150.0
11110.0,87,35085.0,354.3939393939394,1.300575940774495,87,38455.0,0.050536516057094014,87,38455.0
11115.0,84,35055.0,350.55,1.1961144788549478,84,38584.0,0.06218758653003049,84,38584.0
11120.0,76,35097.0,354.5151515151515,1.6823038516952493,76,38565.0,0.06855885642705825,76,38565.0
11125.0,77,35465.0,337.76190476190476,2.6603430506785872,77,38538.0,0.1052113583467725,77,38538.0
11130.0,77,35802.0,351.0,1.8822151268115335,77,38771.0,0.06652356534809659,77,38771.0
11135.0,81,36194.0,354.84313725490193,2.0490257261357385,81,39011.0,0.07369374482046634,81,39011.0
11140.0,83,36606.0,366.06,2.109912872236409,83,39289.0,0.06342432749944021,83,39289.0
11145.0,77,36930.0,373.030303030303,1.7824177065887112,77,39481.0,0.06336734783187573,77,39481.0
11150.0,77,37282.0,384.35051546391753,2.1665793361257952,77,39642.0,0.08708805891669077,77,39642.0
11155.0,79,37670.0,384.38775510204084,2.1841348037341564,79,39870.0,0.0607437417533565,79,39870.0
11160.0,75,38016.0,404.4255319148936,1.6838497906988033,75,40110.0,0.050907897322961304,75,40110.0
11165.0,77,38390.0,391.734693877551,2.1139950871400357,77,40334.0,0.07687680667054872,77,40334.0
11170.0,78,38780.0,408.2105263157895,2.1634000559543347,78,40590.0,0.05881172190056244,78,40590.0
11175.0,74,38518.0,397.0927835051546,2.0891237821429907,74,40370.0,0.08850508218718132,74,40370.0
11180.0,68,37926.0,412.2391304347826,2.1801392390083296,68,39847.0,0.09133511951656832,68,39847.0
11185.0,62,37311.0,392.7473684210526,2.960460901075088,62,38932.0,0.1173818957211216,62,38932.0
11190.0,51,36697.0,398.8804347826087,2.8999268090543713,51,39085.0,0.1266517089004689,51,39085.0
11195.0,55,36608.0,406.75555555555553,2.669700502396751,55,39269.0,0.12154136790006508,55,39269.0
11200.0,63,36911.0,392.67021276595744,2.4342411078788526,63,39541.0,0.10304748448927581,63,39541.0
11205.0,73,37251.0,388.03125,1.489976551657292,73,39827.0,0.07489934796028265,73,39827.0
11210.0,74,37454.0,394.2526315789474,0.9609150135194013,74,40054.0,0.05318902427112061,74,40054.0
11215.0,74,37665.0,376.65,1.8334610504254656,74,40202.0,0.07999105912563959,74,40202.0
11220.0,73,38019.0,384.030303030303,2.2756979961162793,73,40302.0,0.06328980946156423,73,40302.0
11225.0,75,38390.0,376.37254901960785,3.11620256715844,75,40479.0,0.11416278928659783,75,40479.0
11230.0,75,38765.0,408.05263157894734,2.575829648084527,75,40698.0,0.07845691257775078,75,40698.0
11235.0,77,39146.0,403.5670103092784,2.523033632336161,77,40923.0,0.10783880411027356,77,40923.0
11240.0,79,39535.0,425.10752688172045,1.9462422632296574,79,41152.0,0.06611165706044766,79,41152.0
11245.0,80,39931.0,420.3263157894737,1.8592166535728634,80,41388.0,0.08136558717006145,80,41388.0
11250.0,81,40336.0,438.4347826086956,1.4957231478755295,81,41633.0,0.06135275570626073,81,41633.0
11255.0,75,34384.0,365.78723404255317,1.6262444254398103,75,39872.0,0.08339640844193737,75,39872.0
11260.0,70,24199.0,260.2043010752688,1.9708154953670038,70,36106.0,0.09453498196018313,70,36106.0
11265.0,63,16114.0,169.62105263157895,2.54847254654243,63,31357.0,0.10158286607323974,63,31357.0
11270.0,56,7027.0,72.44329896907216,2.8816965044100855,56,30548.0,0.13963945761836546,56,30548.0
11275.0,56,2940.0,30.94736842105263,3.096238806964984,56,30694.0,0.1439316447098473,56,30694.0
11280.0,65,3247.0,33.47422680412371,2.758145056723553,65,30895.0,0.09112478741536142,65,30895.0
11285.0,71,3591.0,35.91,2.177421029873591,71,31139.0,0.0893736404938614,71,31139.0
11290.0,79,3966.0,39.66,1.5838709893896339,79,31415.0,0.05126558555652304,79,31415.0
11295.0,88,4383.0,43.396039603960396,1.3486994777776122,88,31733.0,0.041626212660510684,88,31733.0
11300.0,91,4831.0,47.83168316831683,1.0325185727907356,91,32081.0,0.04097043170669056,91,32081.0
11305.0,87,4611.0,45.205882352941174,1.3007447158348984,87,31829.0,0.06349277648881825,87,31829.0
11310.0,77,3924.0,38.09708737864078,1.8883423088756113,77,31008.0,0.08678035801255322,77,31008.0
11315.0,75,3447.0,33.46601941747573,2.4829078004356613,75,30182.0,0.08158694620167438,75,30182.0
11320.0,64,2838.0,27.02857142857143,2.4917692295869758,64,30402.0,0.11708047922392109,64,30402.0
11325.0,65,2763.0,28.193877551020407,2.151438128190307,65,30595.0,0.09967881909006243,65,30595.0
11330.0,74,3113.0,29.367924528301888,2.6335178143951845,74,30834.0,0.09389303995022277,74,30834.0
11335.0,80,3497.0,33.304761904761904,1.6556996976878402,80,31108.0,0.05786605534485021,80,31108.0
11340.0,88,3922.0,37.71153846153846,1.1926894598925273,88,31423.0,0.04558644087301447,88,31423.0
11345.0,95,4381.0,40.94392523364486,1.102339659627731,95,31772.0,0.04703513391585832,95,31772.0
11350.0,99,4870.0,45.092592592592595,0.9762213231763305,99,32151.0,0.0313178890038296,99,32151.0
11355.0,99,5365.0,48.77272727272727,1.2056660046015137,99,32536.0,0.051737439707773863,99,32536.0
11360.0,93,5062.0,45.19642857142857,1.1045249768945504,93,32627.0,0.05028928444548161,93,32627.0
11365.0,89,4632.0,41.729729729729726,1.6033689648241414,89,32470.0,0.0738232816370187,89,32470.0
11370.0,83,4716.0,41.00869565217391,2.0853807227696275,83,32187.0,0.06853011920234808,83,32187.0
11375.0,78,5019.0,45.21621621621622,2.0979082437763013,78,32452.0,0.09134719751837905,78,32452.0
11380.0,82,5407.0,47.017391304347825,2.2606172735389247,82,32697.0,0.09512200171334244,82,32697.0
11385.0,89,5841.0,52.62162162162162,1.8969000458022622,89,33004.0,0.04049132736784892,89,33004.0
11390.0,95,6305.0,55.796460176991154,2.1068180042604006,95,33348.0,0.061132062704225894,95,33348.0
11395.0,89,6335.0,59.205607476635514,1.436209337896061,89,33110.0,0.04624761428098608,89,33110.0
11400.0,81,6059.0,57.160377358490564,1.6977139661383527,81,32304.0,0.07305482436893446,81,32304.0
11405.0,76,5844.0,54.61682242990654,2.5293420992241495,76,31063.0,0.0916297437411998,76,31063.0
11410.0,67,5584.0,52.18691588785047,2.3418478670868526,67,31283.0,0.10150518020007619,67,31283.0
11415.0,68,5727.0,55.601941747572816,2.4942925738319515,68,31486.0,0.1208270282230788,68,31486.0
11420.0,74,6085.0,55.825688073394495,2.32605548378288,74,31724.0,0.10107929266472392,74,31724.0
11425.0,82,6481.0,59.45871559633027,1.9426219261994357,82,32000.0,0.07451989482976437,82,32000.0
11430.0,88,6914.0,63.43119266055046,1.251899193721004,88,32314.0,0.061649904504445165,88,32314.0
11435.0,97,7387.0,69.03738317757009,0.9264943013079379,97,32667.0,0.0351849064555734,97,32667.0
11440.0,99,7879.0,70.98198198198199,1.2529545175123746,99,33039.0,0.06212395971731526,99,33039.0
11445.0,101,8379.0,76.87155963302752,0.9134796875890819,101,33417.0,0.03206967185608348,101,33417.0
11450.0,101,8884.0,77.25217391304348,1.5031775509820726,101,33797.0,0.06990947519956613,101,33797.0
11455.0,103,9391.0,83.10619469026548,0.942352005886104,103,34179.0,0.03336170851708835,103,34179.0
11460.0,105,9916.0,86.22608695652174,1.194833724011372,105,34579.0,0.043815911059134176,105,34579.0
11465.0,102,9908.0,86.15652173913044,0.7509495838190157,102,34638.0,0.03759961365183289,102,34638.0
11470.0,94,9551.0,81.63247863247864,1.4601665739358054,94,34404.0,0.0584753717461509,94,34404.0
11475.0,89,9421.0,78.50833333333334,2.042314745403456,89,33994.0,0.07239736849032992,89,33994.0
11480.0,77,9508.0,81.26495726495726,1.848438765925601,77,34261.0,0.06762973670281264,77,34261.0
11485.0,80,9873.0,82.275,2.415866921510853,80,34500.0,0.11099568323993957,80,34500.0
11490.0,88,10298.0,88.77586206896552,1.8706150739453422,88,34794.0,0.054389103995097936,88,34794.0
11495.0,90,10255.0,89.17391304347827,1.4496798850549215,90,34478.0,0.049442753212261464,90,34478.0
11500.0,89,9917.0,86.99122807017544,1.7331480233933259,89,33300.0,0.053486382142003276,89,33300.0
11505.0,85,9656.0,83.96521739130435,2.26098951700138,85,32674.0,0.07498096134220081,85,32674.0
11510.0,73,9429.0,84.94594594594595,2.181663321570141,73,32722.0,0.09869922314495991,73,32722.0
11515.0,74,9506.0,86.41818181818182,2.144770290792613,74,32916.0,0.10280884505775824,74,32916.0
11520.0,80,9893.0,89.93636363636364,2.1743718718031495,80,33162.0,0.06905151084525346,80,33162.0
11525.0,87,10315.0,89.69565217391305,1.902465645892406,87,33454.0,0.07253685975538943,87,33454.0
11530.0,95,10777.0,95.3716814159292,1.2689902389152787,95,33786.0,0.039069962667443316,95,33786.0
11535.0,100,11266.0,97.96521739130435,1.203975624379984,100,34146.0,0.05491688500861494,100,34146.0
11540.0,98,11607.0,101.8157894736842,1.1722475508100216,98,34071.0,0.040081992402606445,98,34071.0
11545.0,88,11824.0,99.36134453781513,1.9850152539074764,88,33565.0,0.07134040933642884,88,33565.0
11550.0,85,12076.0,105.00869565217391,2.207957097068136,85,33095.0,0.06675499183507705,85,33095.0
11555.0,77,12307.0,108.91150442477876,2.0491792485503173,77,33352.0,0.08798363520129229,77,33352.0
11560.0,82,12666.0,112.08849557522124,2.172415116091921,82,33610.0,0.09768432483089974,82,33610.0
11565.0,88,13095.0,112.88793103448276,1.9887181629478934,88,33909.0,0.07026254459307434,88,33909.0
11570.0,88,13022.0,115.23893805309734,1.512480101104811,88,33851.0,0.04632303095145893,88,33851.0
11575.0,84,12610.0,111.59292035398231,1.7939558930634316,84,33462.0,0.06587016800913639,84,33462.0
11580.0,82,12365.0,112.4090909090909,2.2078477634772273,82,32821.0,0.07194014126566946,82,32821.0
11585.0,70,12136.0,109.33333333333333,2.2288708835272213,70,33047.0,0.09697211819104151,70,33047.0
11590.0,71,12322.0,117.35238095238095,2.403225257241283,71,33240.0,0.11342089344332483,71,33240.0
11595.0,75,12689.0,111.30701754385964,2.766234445314518,75,33475.0,0.1384305541349357,75,33475.0
11600.0,85,13091.0,119.00909090909092,1.5948216368206523,85,33747.0,0.0525494846498904,85,33747.0
11605.0,93,13539.0,120.88392857142857,1.5226625615895635,93,34066.0,0.06436182483948064,93,34066.0
11610.0,99,14023.0,129.84259259259258,0.923551270952528,99,34420.0,0.031539848129018846,99,34420.0
11615.0,100,14523.0,129.66964285714286,1.3557060388566906,100,34790.0,0.054539480643565515,100,34790.0
11620.0,100,15023.0,136.57272727272726,1.0335055018696497,100,35160.0,0.0349757156218243,100,35160.0
11625.0,102,15532.0,139.92792792792793,1.0830099798822426,102,35539.0,0.035701011061810214,102,35539.0
11630.0,102,16042.0,139.49565217391304,1.17954537215346,102,35919.0,0.05429355003332859,102,35919.0
11635.0,105,16561.0,141.54700854700855,1.0441383107575921,105,36308.0,0.05194373585603985,105,36308.0
11640.0,108,17099.0,147.4051724137931,0.8865637968517504,108,36716.0,0.0340505785982929,108,36716.0
11645.0,103,17102.0,143.71428571428572,1.1186209017774007,103,36675.0,0.04654924023703324,103,36675.0
11650.0,96,16752.0,140.7731092436975,1.5798220909498335,96,36319.0,0.05750913453406453,96,36319.0
11655.0,88,16537.0,141.34188034188034,2.0648170498327145,88,35685.0,0.05552446316356625,88,35685.0
11660.0,83,16658.0,142.3760683760684,2.0480920230844015,83,35960.0,0.08299509829967198,83,35960.0
11665.0,85,16950.0,151.33928571428572,1.880316491174813,85,36221.0,0.07748247801387091,85,36221.0
11670.0,90,17384.0,148.5811965811966,2.173814957573586,90,36524.0,0.07292789862472898,90,36524.0
11675.0,91,17322.0,154.66071428571428,1.4027048111726754,91,36408.0,0.04772751776802499,91,36408.0
11680.0,85,17001.0,153.16216216216216,1.546821638728875,85,35708.0,0.05476128999388027,85,35708.0
11685.0,82,16683.0,151.66363636363636,2.1258391060633905,82,35292.0,0.07118212349223116,82,35292.0
11690.0,71,13835.0,125.77272727272727,2.2122962741706207,71,33242.0,0.10007961328238707,71,33242.0
11695.0,62,9701.0,91.51886792452831,2.525253917584159,62,29519.0,0.11710643254276631,62,29519.0
11700.0,62,6297.0,58.30555555555556,2.7406280600879858,62,23851.0,0.11840210149234721,62,23851.0
11705.0,58,2772.0,24.75,2.5052991864998257,58,24031.0,0.10980280369751559,58,24031.0
11710.0,63,1341.0,11.763157894736842,2.4795826885616705,63,24176.0,0.11216733481549476,63,24176.0
11715.0,76,1684.0,14.517241379310345,2.2706183420484054,76,24377.0,0.07789738732043741,76,24377.0
11720.0,86,2091.0,16.862903225806452,2.5709456506929893,86,24699.0,0.08213759296051804,86,24699.0
11725.0,94,2545.0,21.386554621848738,1.8299680283397992,94,25083.0,0.040778158435547975,94,25083.0
11730.0,100,3032.0,25.694915254237287,1.3476452252388182,100,25500.0,0.03962791802055063,100,25500.0
11735.0,105,3550.0,30.869565217391305,1.0666090984213412,105,25948.0,0.033979359600315,105,25948.0
11740.0,105,4075.0,34.53389830508475,1.139537458673213,105,26403.0,0.06971146629231822,105,26403.0
11745.0,108,4609.0,39.39316239316239,0.8585489281616916,108,26867.0,0.033681017671479636,108,26867.0
11750.0,103,4805.0,39.710743801652896,1.2522458933608813,103,26897.0,0.048622566183379276,103,26897.0
11755.0,96,4765.0,40.38135593220339,1.5100992395096793,96,26520.0,0.057880450401075784,96,26520.0
11760.0,89,4759.0,39.65833333333333,1.9772071298839151,89,25871.0,0.07422884113460132,89,25871.0
11765.0,79,4741.0,40.52136752136752,1.9713555337222985,79,26200.0,0.08675969601757634,79,26200.0
11770.0,78,4884.0,41.743589743589745,2.418103675197096,78,26490.0,0.10021906983922567,78,26490.0
11775.0,85,5296.0,44.50420168067227,2.324689601380093,85,26832.0,0.08131499766442359,85,26832.0
11780.0,93,5740.0,47.43801652892562,1.8080008556685383,93,27207.0,0.06567706529837312,93,27207.0
11785.0,97,6219.0,52.70338983050848,1.140214434165608,97,27616.0,0.043814656610042906,97,27616.0
11790.0,99,5951.0,49.18181818181818,1.033196588543937,99,27505.0,0.053954124241406574,99,27505.0
11795.0,98,5192.0,43.63025210084034,1.3146981755863887,98,27019.0,0.05161853819459529,98,27019.0
11800.0,91,4750.0,39.256198347107436,2.184363268706724,91,26180.0,0.06715146260184109,91,26180.0
11805.0,82,4413.0,37.398305084745765,2.038058339384644,82,26516.0,0.08626253535574688,82,26516.0
11810.0,83,4688.0,40.41379310344828,2.0728466963716667,83,26831.0,0.10183653947048349,83,26831.0
11815.0,89,5123.0,43.05042016806723,2.0769528281796727,89,27192.0,0.06374827980997949,89,27192.0
11820.0,91,5267.0,43.891666666666666,1.7466814624002691,91,27192.0,0.059148757176750326,91,27192.0
11825.0,89,5264.0,45.77391304347826,1.4495660948798375,89,26828.0,0.05578643814120403,89,26828.0
11830.0,85,5268.0,45.80869565217391,2.301785795167676,85,26323.0,0.08779703648304117,85,26323.0
11835.0,73,5224.0,45.824561403508774,2.165533721263417,73,26466.0,0.09206250699763624,73,26466.0
11840.0,74,5370.0,48.81818181818182,2.1799136111804205,74,26748.0,0.08107365974409758,74,26748.0
11845.0,79,5756.0,50.49122807017544,2.429002717915807,79,27064.0,0.08592557336816621,79,27064.0
11850.0,88,6177.0,52.794871794871796,1.76296020359092,88,27415.0,0.06555719468511109,88,27415.0
11855.0,97,6645.0,57.28448275862069,1.052614251262218,97,27813.0,0.039225339791566734,97,27813.0
11860.0,105,7153.0,61.136752136752136,0.8754814215630086,105,28251.0,0.03428894364885386,105,28251.0
11865.0,109,7692.0,65.1864406779661,0.9138779839251985,109,28720.0,0.037497902688969124,109,28720.0
11870.0,103,7849.0,67.08547008547009,0.9993203345573975,103,28686.0,0.03667756097149516,103,28686.0
11875.0,94,7740.0,64.5,1.5394061817164706,94,28182.0,0.04953921603603805,94,28182.0
11880.0,89,7735.0,66.11111111111111,2.2748518858350977,89,27385.0,0.06758246753642841,89,27385.0
11885.0,80,7587.0,63.7563025210084,2.1686425649630956,80,27387.0,0.0898708366551129,80,27387.0
11890.0,75,7401.0,65.49557522123894,2.0476613665034793,75,27121.0,0.09023368033842125,75,27121.0
11895.0,76,7440.0,63.58974358974359,2.4539927733261013,76,26583.0,0.08712089580460265,76,26583.0
11900.0,71,7363.0,65.74107142857143,1.9402303075515859,71,26842.0,0.07978312024956838,71,26842.0
11905.0,68,7398.0,66.05357142857143,2.298290696623677,68,27039.0,0.10094744722862993,68,27039.0
11910.0,76,7764.0,69.32142857142857,2.455410662921131,76,27276.0,0.08224588400957376,76,27276.0
11915.0,82,8159.0,69.73504273504274,2.4865971767838224,82,27599.0,0.08638831524445309,82,27599.0
11920.0,87,8588.0,73.4017094017094,1.9278817142580629,87,27959.0,0.06351116379543696,87,27959.0
11925.0,97,9052.0,78.71304347826087,1.3855705765865585,97,28353.0,0.044086247450169015,97,28353.0
11930.0,103,9561.0,84.61061946902655,0.9563627439100474,103,28792.0,0.0349859551764921,103,28792.0
11935.0,99,9882.0,85.9304347826087,0.8966134282812314,99,28899.0,0.042132530838302096,99,28899.0
11940.0,93,10074.0,88.36842105263158,1.4559227464611935,93,28711.0,0.05120266151389041,93,28711.0
11945.0,85,10276.0,87.82905982905983,2.1160482796620044,85,28503.0,0.07200965778832132,85,28503.0
11950.0,74,10385.0,91.09649122807018,2.212373957735444,74,28806.0,0.0907415446334042,74,28806.0
11955.0,76,10679.0,91.27350427350427,2.6202913561327343,76,29071.0,0.12144161961192157,76,29071.0
11960.0,85,11083.0,94.72649572649573,2.241866619026448,85,29399.0,0.07221533968924185,85,29399.0
11965.0,93,11533.0,97.73728813559322,1.8838080722142896,93,29779.0,0.07981530110750414,93,29779.0
11970.0,98,12009.0,105.34210526315789,1.1915604864895404,98,30186.0,0.034641267030080525,98,30186.0
11975.0,103,12518.0,109.80701754385964,1.155128581672631,103,30625.0,0.05470877835925121,103,30625.0
11980.0,103,13033.0,114.32456140350877,1.0000181482439028,103,31070.0,0.034816546311254956,103,31070.0
11985.0,105,13557.0,117.88695652173914,1.1281087671061596,105,31524.0,0.04185905435436928,105,31524.0
11990.0,100,13847.0,116.36134453781513,1.3182436258509393,100,31664.0,0.05972554900836149,100,31664.0
11995.0,94,13976.0,117.4453781512605,1.6038713441725125,94,31651.0,0.06019923669409035,94,31651.0
12000.0,91,14168.0,119.05882352941177,2.1876490506133304,91,31424.0,0.06990148131243294,91,31424.0
12005.0,81,14288.0,120.0672268907563,1.9056231122243839,81,31752.0,0.07834100941162765,81,31752.0
12010.0,81,14601.0,125.87068965517241,2.2005282957713153,81,32057.0,0.0962278382950237,81,32057.0
12015.0,87,15020.0,130.6086956521739,2.010499621537847,87,32406.0,0.06600217736731095,87,32406.0
12020.0,87,15382.0,136.12389380530973,1.3780784915160085,87,32549.0,0.04883562832478538,87,32549.0
12025.0,86,15724.0,140.39285714285714,1.793652548781609,86,32631.0,0.07529985290754483,86,32631.0
12030.0,82,16082.0,139.84347826086957,2.126246332580102,82,32581.0,0.07250404809576892,82,32581.0
12035.0,78,16416.0,146.57142857142858,2.0536386566864593,78,32893.0,0.08271052162187476,78,32893.0
12040.0,81,16808.0,148.7433628318584,2.2307324327680655,81,33190.0,0.08608949006712371,81,33190.0
12045.0,89,17238.0,156.70909090909092,1.7455177209366055,89,33550.0,0.03535496154242398,89,33550.0
12050.0,90,15630.0,140.8108108108108,1.5994570683570664,90,31983.0,0.063071107139666,90,31983.0
12055.0,83,12661.0,120.58095238095238,1.429030309016502,83,28482.0,0.055823185191293305,83,28482.0
12060.0,80,10363.0,95.07339449541284,2.3460665584271663,80,24032.0,0.07929449375579213,80,24032.0
12065.0,68,7649.0,70.82407407407408,2.2663358674857617,68,23403.0,0.1008362705763784,68,23403.0
12070.0,70,6298.0,58.85981308411215,2.4335816841231668,70,23691.0,0.1093110164583283,70,23691.0
12075.0,75,6662.0,61.11926605504587,2.6357688196482716,75,24034.0,0.09896559537736047,75,24034.0
12080.0,83,7058.0,62.46017699115044,2.142101009431471,83,24420.0,0.05865846437426726,83,24420.0
12085.0,89,7492.0,66.89285714285714,1.4626424421865412,89,24844.0,0.061520211948517194,89,24844.0
12090.0,97,7960.0,69.21739130434783,1.183007996543709,97,25303.0,0.03961325760301182,97,25303.0
12095.0,104,8468.0,75.60714285714286,0.8905847196238063,104,25801.0,0.03162705081800176,104,25801.0
12100.0,98,8784.0,75.72413793103448,1.1052187961864428,98,24389.0,0.06014536750220702,98,24389.0
12105.0,93,8963.0,78.62280701754386,1.4226287191153482,93,21740.0,0.05659670498143599,93,21740.0
12110.0,86,9193.0,76.60833333333333,2.3062932282770268,86,17523.0,0.08051579720342218,86,17523.0
12115.0,78,9335.0,80.47413793103448,2.0879589122818913,78,17916.0,0.08511031100160903,78,17916.0
12120.0,76,9584.0,84.0701754385965,2.2827859401476704,76,18265.0,0.10256388098844922,76,18265.0
12125.0,84,9987.0,84.63559322033899,2.2771145799273533,84,18665.0,0.07709824967386221,84,18665.0
12130.0,92,10430.0,85.49180327868852,2.0855893392023974,92,19108.0,0.06438333425046763,92,19108.0
12135.0,98,10907.0,92.4322033898305,1.0944595100611254,98,19587.0,0.04055786224398989,98,19587.0
12140.0,107,11424.0,95.2,1.0389214212489943,107,20104.0,0.04700788521584243,107,20104.0
12145.0,110,11971.0,99.75833333333334,0.8533286456487799,110,20651.0,0.03249602141033634,110,20651.0
12150.0,106,12324.0,99.38709677419355,1.2907882534370463,106,19578.0,0.059652367334409734,106,19578.0
12155.0,99,12537.0,103.61157024793388,1.3784708748859014,99,18503.0,0.052064628920266,99,18503.0
12160.0,93,12795.0,104.87704918032787,1.8379142386075027,93,17022.0,0.059768717316163324,93,17022.0
12165.0,81,12936.0,106.9090909090909,2.0619059058553737,81,17047.0,0.08575758940985773,81,17047.0
12170.0,83,13286.0,111.6470588235294,2.278039462699659,83,17429.0,0.1016017143052169,83,17429.0
12175.0,90,13719.0,116.26271186440678,2.0124687040916553,90,17857.0,0.06130126111601122,90,17857.0
12180.0,97,14188.0,122.3103448275862,1.6726595658392698,97,18326.0,0.05446630717695376,97,18326.0
12185.0,102,14688.0,131.14285714285714,1.1895818298734244,102,18826.0,0.03587762948846891,102,18826.0
12190.0,96,14271.0,126.29203539823008,1.3213061657002125,96,18894.0,0.050305408759585314,96,18894.0
12195.0,89,13235.0,120.31818181818181,1.3718800296668583,89,18585.0,0.05387866862659005,89,18585.0
12200.0,82,12527.0,113.88181818181818,1.9625201456883505,82,17935.0,0.056165419116960595,82,17935.0
12205.0,76,11998.0,108.09009009009009,2.547736456521962,76,17700.0,0.1043319305113794,76,17700.0
12210.0,66,11940.0,111.58878504672897,2.5518114524931828,66,17727.0,0.11138010815622411,66,17727.0
12215.0,70,12268.0,112.55045871559633,2.960145797904724,70,18025.0,0.12392971982461223,70,18025.0
12220.0,77,12637.0,118.10280373831776,2.498807781210113,77,18384.0,0.07685162001247452,77,18384.0
12225.0,83,13038.0,117.45945945945945,2.250287583651699,83,18785.0,0.06700373416099813,83,18785.0
12230.0,90,13472.0,124.74074074074075,1.472771075535113,90,19219.0,0.050508398064280265,90,19219.0
12235.0,96,13936.0,131.47169811320754,1.0251277880569154,96,19683.0,0.034757567584531225,96,19683.0
12240.0,98,14424.0,136.0754716981132,1.0702632064502071,98,20171.0,0.03703635704604556,98,20171.0
12245.0,94,14719.0,133.8090909090909,0.9086921320740406,94,20293.0,0.048009065601854764,94,20293.0
12250.0,90,14918.0,135.61818181818182,1.530221747100643,90,20081.0,0.0553035932523844,90,20081.0
12255.0,84,15102.0,131.3217391304348,2.14662318586461,84,19672.0,0.06823762269951546,84,19672.0
12260.0,74,15256.0,137.44144144144144,2.047240511810819,74,20051.0,0.08608974341990744,74,20051.0
12265.0,72,15509.0,140.9909090909091,2.3764528082832053,72,20386.0,0.1107721561183905,72,20386.0
12270.0,80,15890.0,145.77981651376146,2.2353124198213905,80,20761.0,0.07079556059017675,80,20761.0
12275.0,80,16220.0,151.58878504672896,1.2960842236203056,80,20903.0,0.04525671282132412,80,20903.0
12280.0,80,16536.0,156.0,1.7668532731053972,80,20852.0,0.07070127831445293,80,20852.0
12285.0,76,16869.0,156.19444444444446,2.3367050332092445,76,20901.0,0.07799088757481337,76,20901.0
12290.0,70,17142.0,161.71698113207546,2.4938184074620873,70,21233.0,0.11263413070343196,70,21233.0
12295.0,74,17494.0,165.03773584905662,2.4842351113406087,74,21556.0,0.10359940718261829,74,21556.0
12300.0,79,17878.0,175.27450980392157,2.100622332406885,79,21935.0,0.044965551335306775,79,21935.0
12305.0,85,18295.0,175.91346153846155,2.1859110084510975,85,22352.0,0.07373037691890552,85,22352.0
12310.0,87,18727.0,189.16161616161617,1.4303157133921145,87,22784.0,0.03981855790680191,87,22784.0
12315.0,88,19166.0,187.90196078431373,1.7293704091322328,88,23223.0,0.09691896102988029,88,23223.0
12320.0,92,19613.0,196.13,1.0903753601102146,92,23670.0,0.03734816980177161,92,23670.0
12325.0,86,17437.0,166.06666666666666,1.475660143170202,86,22917.0,0.07376685948729257,86,22917.0
12330.0,79,13500.0,132.35294117647058,1.6576646653354867,79,21023.0,0.07320566147722522,79,21023.0
12335.0,74,10473.0,98.80188679245283,2.589696950850756,74,18164.0,0.09006474928800086,74,18164.0
12340.0,66,7208.0,69.3076923076923,2.450986465946201,66,18489.0,0.10834239600870553,66,18489.0
12345.0,65,5851.0,58.51,2.269170195504101,65,18779.0,0.10828630893408464,65,18779.0
12350.0,71,6197.0,58.4622641509434,2.6640214635676993,71,19122.0,0.10364678147296914,71,19122.0
12355.0,78,6572.0,60.851851851851855,1.9450086580292096,78,19497.0,0.07729404237102683,78,19497.0
12360.0,87,6990.0,65.94339622641509,1.2894152388148636,87,19915.0,0.04318155484396618,87,19915.0
12365.0,96,7448.0,67.7090909090909,1.1934907820800742,96,20373.0,0.03886847925462768,96,20373.0
12370.0,100,7940.0,72.8440366972477,1.0270161501378625,100,20866.0,0.03449536611000517,100,20866.0
12375.0,100,8440.0,77.43119266055047,0.8825742680266024,100,21366.0,0.04209466102234535,100,21366.0
12380.0,98,8413.0,75.7927927927928,0.8711447438113766,98,21615.0,0.04339960767726001,98,21615.0
12385.0,89,8031.0,70.44736842105263,1.7152097017467183,89,21482.0,0.06905059326987309,89,21482.0
12390.0,86,7833.0,66.94871794871794,2.1406204591248574,86,21458.0,0.07765904905346757,86,21458.0
12395.0,76,7822.0,69.22123893805309,1.9391907850998185,76,21733.0,0.0800870132957101,76,21733.0
12400.0,76,8157.0,71.55263157894737,2.261553135386898,76,22083.0,0.10254453554470626,76,22083.0
12405.0,83,8558.0,77.09909909909909,2.059045029747523,83,22479.0,0.06777494907282187,83,22479.0
12410.0,85,8907.0,78.13157894736842,1.8312256380166083,85,22685.0,0.0609526820824404,85,22685.0
12415.0,82,9239.0,86.34579439252336,1.6500742146419105,82,22706.0,0.06190561557510069,82,22706.0
12420.0,79,9586.0,87.94495412844037,2.1910959794824554,79,22593.0,0.07351818626376594,79,22593.0
12425.0,73,9885.0,90.68807339449542,2.223789703655216,73,22942.0,0.09213290137267274,73,22942.0
12430.0,76,10254.0,95.83177570093459,2.196967487474527,76,23289.0,0.08982454704826705,76,23289.0
12435.0,82,10654.0,101.46666666666667,2.0988004570041685,82,23685.0,0.06262021125046187,82,23685.0
12440.0,82,10999.0,105.75961538461539,1.5890327713196228,82,23942.0,0.058322820753833576,82,23942.0
12445.0,78,11317.0,112.04950495049505,2.0204245407829515,78,24045.0,0.08614060765428518,78,24045.0
12450.0,77,11669.0,112.20192307692308,2.6365808269903566,77,24258.0,0.10182493143010361,77,24258.0
12455.0,73,11990.0,121.11111111111111,2.006689360123271,73,24596.0,0.07717459255543935,73,24596.0
12460.0,76,12349.0,119.89320388349515,2.265826192304427,76,24932.0,0.09105994860277855,76,24932.0
12465.0,81,12751.0,128.7979797979798,2.1989999880255273,81,25324.0,0.053530842556976294,81,25324.0
12470.0,77,12385.0,121.42156862745098,2.265924624209233,77,24449.0,0.07738722841465373,77,24449.0
12475.0,71,11510.0,121.15789473684211,2.265713488371944,71,21877.0,0.08502337748684241,71,21877.0
12480.0,64,10747.0,110.79381443298969,2.7723768939328304,64,19319.0,0.09266982948402729,64,19319.0
12485.0,56,10028.0,105.5578947368421,2.918102634214742,56,19596.0,0.1339125493015383,56,19596.0
12490.0,56,9695.0,104.24731182795699,2.661316174862722,56,19839.0,0.12641513897070047,56,19839.0
12495.0,63,10003.0,103.12371134020619,2.988607712580567,63,20142.0,0.10966004097249141,63,20142.0
12500.0,69,10336.0,103.36,2.440652115290327,69,20475.0,0.08352931872953478,69,20475.0
12505.0,78,10711.0,107.11,1.8454630292983116,78,20850.0,0.06660538166276882,78,20850.0
12510.0,85,11122.0,110.11881188118812,1.5119184407837953,85,21263.0,0.07163446628852876,85,21263.0
12515.0,90,11564.0,116.8080808080808,1.1074245656101416,90,21705.0,0.04017144896466688,90,21705.0
12520.0,85,11639.0,115.23762376237623,1.333819307031808,85,21998.0,0.07164430258088718,85,21998.0
12525.0,80,11577.0,114.62376237623762,1.5391045264921082,80,22125.0,0.06692730585890362,80,22125.0
12530.0,76,11911.0,112.36792452830188,2.481510108849399,76,22173.0,0.09699411849520319,76,22173.0
12535.0,77,12255.0,114.53271028037383,2.119955164930729,77,22540.0,0.07794520763128912,77,22540.0
12540.0,81,12646.0,120.43809523809524,1.8694137815192913,81,22911.0,0.04908938952371551,81,22911.0
12545.0,85,13067.0,126.86407766990291,2.2023355361552777,85,23329.0,0.057589348127324004,85,23329.0
12550.0,85,13492.0,132.27450980392157,1.9756983241954522,85,23754.0,0.062218257772672224,85,23754.0
12555.0,82,13808.0,140.89795918367346,1.135797789874238,82,24061.0,0.06495514009371094,82,24061.0
12560.0,78,14116.0,145.5257731958763,1.554022246766276,78,24298.0,0.06213368227515998,78,24298.0
12565.0,82,14517.0,140.94174757281553,2.570934987038906,82,24607.0,0.09003245313489448,82,24607.0
12570.0,77,14852.0,150.02020202020202,1.8469906489689258,77,24976.0,0.05048102029935701,77,24976.0
12575.0,77,15223.0,155.33673469387756,1.9204758026352888,77,25315.0,0.0568492824105235,77,25315.0
12580.0,79,15617.0,161.0,2.407319756713248,79,25702.0,0.0619416133370934,79,25702.0
12585.0,79,16012.0,165.0721649484536,2.4269284514373544,79,26097.0,0.057944011122626676,79,26097.0
12590.0,75,16319.0,175.4731182795699,1.8582406873601585,75,26440.0,0.06531637701938842,75,26440.0
12595.0,77,16693.0,181.44565217391303,1.865651408144888,77,26772.0,0.07048286835069098,77,26772.0
12600.0,78,17082.0,187.71428571428572,1.8702645795803892,78,27160.0,0.04227735633846583,78,27160.0
12605.0,80,17475.0,185.90425531914894,1.498712578484194,80,27553.0,0.06280023477130041,80,27553.0
12610.0,77,17810.0,197.88888888888889,1.1310763953252105,77,27925.0,0.06753153733313243,77,27925.0
12615.0,75,18175.0,191.31578947368422,2.0443344900549425,75,28253.0,0.0835109319964451,75,28253.0
12620.0,77,18558.0,195.34736842105264,2.507851146472225,77,28636.0,0.06615553095166356,77,28636.0
12625.0,73,18107.0,188.61458333333334,2.1127225122701287,73,27642.0,0.0823130201380726,73,27642.0
12630.0,67,17100.0,187.9120879120879,2.3068327610194976,67,25371.0,0.0970133219783228,67,25371.0
12635.0,60,16220.0,174.40860215053763,2.8790716151208455,60,21953.0,0.1020123769030475,60,21953.0
12640.0,51,15264.0,167.73626373626374,2.9895442247929154,51,22211.0,0.14287202793704323,51,22211.0
12645.0,51,14983.0,170.26136363636363,2.945139760047354,51,22425.0,0.15411339455639284,51,22425.0
12650.0,58,15259.0,164.0752688172043,3.114832372252547,58,22693.0,0.11575079412558822,58,22693.0
12655.0,66,15580.0,160.61855670103094,2.6841582438984544,66,23014.0,0.09978206325564762,66,23014.0
12660.0,75,15935.0,169.5212765957447,1.529955697340961,75,23369.0,0.048004435376280324,75,23369.0
12665.0,80,16325.0,166.58163265306123,1.6298301382535159,80,23760.0,0.07700416571214702,80,23760.0
12670.0,80,16488.0,173.55789473684212,1.2274855441115373,80,24072.0,0.05533871966301648,80,24072.0
12675.0,76,16807.0,164.77450980392157,2.3064835581426597,76,24306.0,0.10644098367129692,76,24306.0
12680.0,79,17195.0,173.68686868686868,2.023401228186017,79,24630.0,0.061117122079313926,79,24630.0
12685.0,76,17559.0,170.4757281553398,2.208949809203195,76,25004.0,0.0889330805032528,76,25004.0
12690.0,78,17946.0,183.12244897959184,2.2459419100363376,78,25381.0,0.08194184278204246,78,25381.0
12695.0,78,18336.0,189.03092783505156,2.4325501244396888,78,25771.0,0.08839594672152129,78,25771.0
12700.0,80,18731.0,199.2659574468085,1.9685017115230015,80,26166.0,0.06616323346161952,80,26166.0
12705.0,74,18741.0,203.70652173913044,1.5405195899447488,74,25250.0,0.06656319852737043,74,25250.0
12710.0,70,18551.0,199.4731182795699,2.1370291819364544,70,24336.0,0.09674387112780243,70,24336.0
12715.0,62,18345.0,195.1595744680851,3.027944760208467,62,22784.0,0.11670383617846904,62,22784.0
12720.0,54,18070.0,198.57142857142858,2.529328465583158,54,23046.0,0.11777499520539408,54,23046.0
12725.0,53,18043.0,200.4777777777778,2.9722450216975127,53,23277.0,0.15764872666352345,53,23277.0
12730.0,60,18329.0,197.08602150537635,3.0307539010637115,60,23560.0,0.12020442583916445,60,23560.0
12735.0,62,18430.0,191.97916666666666,2.167765348245894,62,23778.0,0.08416043372364408,62,23778.0
12740.0,68,18722.0,193.01030927835052,1.9702601420104071,68,23973.0,0.08557088687067424,68,23973.0
12745.0,77,19091.0,192.83838383838383,2.1910238414153937,77,24300.0,0.06411248967451898,77,24300.0
12750.0,77,19424.0,194.24,2.050947458466621,77,24654.0,0.07062766105166006,77,24654.0
12755.0,76,19803.0,206.28125,1.9313028603813231,76,24993.0,0.05129491437346909,76,24993.0
12760.0,78,20188.0,208.1237113402062,2.435844300255805,78,25367.0,0.07069246201962445,78,25367.0
12765.0,72,20312.0,216.08510638297872,2.1204407342745104,72,25025.0,0.06790140297067443,72,25025.0
12770.0,65,20254.0,217.78494623655914,2.3630803825409528,65,24186.0,0.08901293233561104,65,24186.0
12775.0,61,20272.0,222.76923076923077,2.7861618027550934,61,23353.0,0.08857077894991987,61,23353.0
12780.0,52,16590.0,182.30769230769232,2.7053344560454984,52,21718.0,0.11893497670209954,52,21718.0
12785.0,44,10516.0,119.5,3.1096786067276394,44,19293.0,0.16331825249071516,44,19293.0
12790.0,44,5334.0,57.97826086956522,3.368574118896278,44,15541.0,0.15722617228088492,44,15541.0
12795.0,43,1976.0,20.8,2.7423976164443093,43,15712.0,0.13154868074392762,43,15712.0
12800.0,42,510.0,5.204081632653061,3.0959466540590856,42,15834.0,0.14798171917298794,42,15834.0
12805.0,55,755.0,7.475247524752476,3.0684090010641567,55,16005.0,0.11049703561720166,55,16005.0
12810.0,68,1070.0,10.808080808080808,2.888121389727645,68,16301.0,0.11113115966073593,68,16301.0
12815.0,74,1428.0,15.031578947368422,2.0965626791609613,74,16659.0,0.04670629871262446,74,16659.0
12820.0,79,1819.0,18.373737373737374,2.3151878288607435,79,17051.0,0.07805370069625264,79,17051.0
12825.0,82,2224.0,23.913978494623656,1.4527544906742047,82,17456.0,0.049942804996950245,82,17456.0
12830.0,84,2639.0,27.778947368421054,1.5140345716337984,84,17871.0,0.05746099748651868,84,17871.0
12835.0,78,2664.0,28.340425531914892,1.5924278093716977,78,18130.0,0.06400011377294867,78,18130.0
12840.0,70,2813.0,29.925531914893618,1.972072277111737,70,18259.0,0.09076416860164731,70,18259.0
12845.0,74,3174.0,33.410526315789475,2.5985428893113216,74,18450.0,0.10229476461859138,74,18450.0
12850.0,70,3513.0,36.59375,2.1291705197024267,70,18765.0,0.07267200073346204,70,18765.0
12855.0,75,3880.0,41.72043010752688,2.2328554078723344,75,19123.0,0.07345723991412674,75,19123.0
12860.0,75,4255.0,45.75268817204301,2.441650934825858,75,19498.0,0.09994112868157799,75,19498.0
12865.0,75,4630.0,51.44444444444444,1.8921687360010417,75,19873.0,0.06976081999965515,75,19873.0
12870.0,71,4483.0,49.26373626373626,1.8636874912638546,71,19615.0,0.09309856589323488,71,19615.0
12875.0,65,3976.0,44.674157303370784,1.9430705751346498,65,19222.0,0.07430058330437461,65,19222.0
12880.0,58,3545.0,38.956043956043956,3.178758964892426,58,18637.0,0.133737274350963,58,18637.0
12885.0,49,3121.0,35.06741573033708,2.791238308005248,49,18702.0,0.12347964985888898,49,18702.0
12890.0,51,2961.0,32.9,3.327999435323268,51,18921.0,0.1678337012723426,51,18921.0
12895.0,59,3236.0,34.795698924731184,2.988038054965809,59,19193.0,0.11316946856940477,59,19193.0
12900.0,67,3551.0,37.776595744680854,2.2736528112272136,67,19508.0,0.08458357355796703,67,19508.0
12905.0,75,3908.0,41.136842105263156,1.6964437884176504,75,19867.0,0.06897988357516875,75,19867.0
12910.0,82,4301.0,44.34020618556701,1.4033097932132874,82,20261.0,0.06295740513757954,82,20261.0
12915.0,87,4730.0,48.76288659793814,1.41767384344577,87,20691.0,0.061382071905110594,87,20691.0
12920.0,81,4768.0,49.154639175257735,1.2454671528196115,81,20969.0,0.04311351679557679,81,20969.0
12925.0,76,4867.0,49.16161616161616,1.913630207204033,76,21106.0,0.08783750533371218,76,21106.0
12930.0,76,5243.0,52.95959595959596,2.4672471152960083,76,21250.0,0.08086985238209429,76,21250.0
12935.0,74,5580.0,55.8,1.9215748138420685,74,21606.0,0.06166708990482701,74,21606.0
12940.0,78,5963.0,61.47422680412371,2.1441142761382106,78,21971.0,0.07150851933436621,78,21971.0
12945.0,79,6358.0,65.54639175257732,2.3962164982769307,79,22365.0,0.06152062770750917,79,22365.0
12950.0,81,6758.0,71.8936170212766,1.8112585968981234,81,22765.0,0.06548897522516285,81,22765.0
12955.0,81,7163.0,77.02150537634408,1.61320986228549,81,23170.0,0.07029767138196118,81,23170.0
12960.0,76,7423.0,81.57142857142857,1.290179431220454,76,23481.0,0.04825694668691391,76,23481.0
12965.0,73,7738.0,80.60416666666667,2.0600219826159876,73,23739.0,0.09238871785134893,73,23739.0
12970.0,78,8118.0,84.5625,2.3342070033648246,78,24068.0,0.06359958073264077,78,24068.0
12975.0,74,7976.0,81.38775510204081,1.9343449841127227,74,23919.0,0.069746487775945,74,23919.0
12980.0,68,7488.0,80.51612903225806,2.2790825770078276,68,23450.0,0.09234275101608459,68,23450.0
12985.0,61,7147.0,74.44791666666667,3.052324747647957,61,22549.0,0.1271521280946797,61,22549.0
12990.0,54,6597.0,71.70652173913044,2.7970536520817886,54,22799.0,0.1242895797040028,54,22799.0
12995.0,47,6371.0,72.39772727272727,2.80624411663744,47,22953.0,0.1494567114018168,47,22953.0
13000.0,56,6630.0,70.53191489361703,3.210486040668027,56,23170.0,0.12689610427485465,56,23170.0
13005.0,62,6926.0,72.14583333333333,2.890124485114329,62,23464.0,0.10300632100352998,62,23464.0
13010.0,71,7262.0,74.8659793814433,2.3293260232307147,71,23800.0,0.06935297354954485,71,23800.0
13015.0,78,7636.0,79.54166666666667,1.8615095107470176,78,24175.0,0.08000687191833114,78,24175.0
13020.0,84,8044.0,87.43478260869566,1.1191109824228542,84,24583.0,0.04330799876811851,84,24583.0
13025.0,84,8464.0,86.36734693877551,1.8039208109590161,84,25003.0,0.07785355857622105,84,25003.0
13030.0,79,8629.0,91.79787234042553,1.2209178271940215,79,25312.0,0.05182501935399074,79,25312.0
13035.0,75,8936.0,89.36,2.4452198672947496,75,25523.0,0.1099503526869884,75,25523.0
13040.0,80,9322.0,95.12244897959184,2.2738973170401704,80,25861.0,0.06519640585727823,80,25861.0
13045.0,75,9392.0,92.99009900990099,2.072396393146973,75,25741.0,0.07322339048246765,75,25741.0
13050.0,70,9263.0,97.50526315789473,2.388597878210003,70,25031.0,0.09133513197798515,70,25031.0
13055.0,63,9211.0,95.94791666666667,2.8417139895056436,63,24295.0,0.09996038344583924,63,24295.0
13060.0,58,9112.0,97.97849462365592,2.9203418061226447,58,24358.0,0.13344623930302943,58,24358.0
13065.0,58,9117.0,101.3,2.4956671011101594,58,24633.0,0.11307493579798895,58,24633.0
13070.0,66,9436.0,99.32631578947368,2.1447855458219443,66,24952.0,0.09565439558269212,66,24952.0
13075.0,69,9562.0,99.60416666666667,1.4760213787888299,69,25212.0,0.07845606627741217,69,25212.0
13080.0,67,9683.0,95.87128712871286,1.6595188461566224,67,25418.0,0.06160766347007219,67,25418.0
13085.0,71,9983.0,94.17924528301887,2.538954326047105,71,25615.0,0.08646025734391218,71,25615.0
13090.0,74,10186.0,97.9423076923077,2.2011890987748033,74,25580.0,0.08767369612825311,74,25580.0
13095.0,71,10308.0,103.08,1.8695675745227154,71,25311.0,0.06442373732135497,71,25311.0
13100.0,69,10473.0,102.67647058823529,2.8669770770620433,69,24737.0,0.10532459557677905,69,24737.0
13105.0,63,10568.0,105.68,2.074180030972824,63,24992.0,0.0829041807623419,63,24992.0
13110.0,59,10685.0,106.85,2.879383540450704,59,25177.0,0.1347404437125215,59,25177.0
13115.0,57,10908.0,108.0,2.6593015670343476,57,25360.0,0.08590790044144148,57,25360.0
13120.0,61,11058.0,105.31428571428572,2.3466034461792664,61,25588.0,0.11551164052387769,61,25588.0
13125.0,73,11379.0,109.41346153846153,1.6819806237710355,73,25840.0,0.04918779916672188,73,25840.0
13130.0,86,11777.0,108.04587155963303,1.8950915973278757,86,26231.0,0.05916150127251993,86,26231.0
13135.0,89,12143.0,114.55660377358491,1.2627562653982711,89,26621.0,0.027884987266406543,89,26621.0
13140.0,81,12469.0,119.89423076923077,1.7555536200992803,81,26929.0,0.07087184955402401,81,26929.0
13145.0,78,12827.0,123.33653846153847,2.137539329228078,78,27177.0,0.05881244812447218,78,27177.0
13150.0,78,13205.0,128.20388349514562,2.0350259673673867,78,27495.0,0.09447667076952683,78,27495.0
13155.0,83,13609.0,136.09,1.328116241282162,83,27839.0,0.05261324779395233,83,27839.0
13160.0,88,14041.0,136.32038834951456,1.2009535018789053,88,28211.0,0.055798255013207426,88,28211.0
13165.0,87,14416.0,141.33333333333334,0.671683715086067,87,28584.0,0.03471683903734132,87,28584.0
13170.0,83,14753.0,139.17924528301887,1.8255575364852643,83,28931.0,0.08161627235043961,83,28931.0
13175.0,78,15121.0,144.0095238095238,2.2347085341913533,78,29247.0,0.06235833770852101,78,29247.0
13180.0,76,15072.0,142.18867924528303,2.1875630599886287,76,29235.0,0.10176123413672553,76,29235.0
13185.0,71,14742.0,145.96039603960395,1.9664549760106564,71,28981.0,0.08120023907399057,71,28981.0
13190.0,70,14562.0,138.68571428571428,2.787524058248349,70,28443.0,0.10318871688439007,70,28443.0
13195.0,63,14301.0,141.59405940594058,2.2934459696767235,63,28667.0,0.09332874961968138,63,28667.0
13200.0,58,14107.0,142.4949494949495,2.5319383245688507,58,28810.0,0.12055017102911929,58,28810.0
13205.0,60,14377.0,139.58252427184465,2.7537265877904975,60,28961.0,0.10504333048324119,60,28961.0
13210.0,66,14694.0,138.62264150943398,3.1781677635647183,66,29169.0,0.12524313239538803,66,29169.0
13215.0,74,15049.0,143.32380952380953,2.7343581986022696,74,29432.0,0.09152390719133736,74,29432.0
13220.0,81,15440.0,147.04761904761904,2.373082599204289,81,29754.0,0.0755605276845021,81,29754.0
13225.0,83,15688.0,153.80392156862746,1.877791765452536,83,29822.0,0.06770319475770407,83,29822.0
13230.0,73,15825.0,156.68316831683168,2.146809097287132,73,29678.0,0.09566446251995354,73,29678.0
13235.0,70,16000.0,161.6161616161616,2.643087651124943,70,29293.0,0.08733907677940682,70,29293.0
13240.0,59,16095.0,160.95,2.927847035250354,59,29524.0,0.13270721855484924,59,29524.0
13245.0,61,16295.0,171.52631578947367,2.491252460772655,61,29735.0,0.12040125265257252,61,29735.0
13250.0,68,16622.0,164.5742574257426,2.6481758631819448,68,29986.0,0.11570220375324132,68,29986.0
13255.0,69,14227.0,138.126213592233,1.8580581977858572,69,28282.0,0.08361009699127715,69,28282.0
13260.0,70,10031.0,97.3883495145631,2.0261166077413364,70,24632.0,0.08781015310620657,70,24632.0
13265.0,71,6311.0,58.981308411214954,2.580348796083267,71,19069.0,0.1039997010623403,71,19069.0
13270.0,66,3231.0,30.771428571428572,2.002459319944628,66,19369.0,0.08765635889437355,66,19369.0
13275.0,66,2016.0,18.8411214953271,2.6701805217868504,66,19645.0,0.1236426109481068,66,19645.0
13280.0,72,2364.0,22.73076923076923,2.1140678713486274,72,19968.0,0.0709894113084339,72,19968.0
13285.0,81,2753.0,25.49074074074074,2.1857736111996724,81,20337.0,0.07134439650606655,81,20337.0
13290.0,87,3177.0,30.257142857142856,1.4360824800054102,87,20741.0,0.04705367912699607,87,20741.0
13295.0,93,3630.0,34.57142857142857,1.2771211335491293,93,21174.0,0.03593430454717519,93,21174.0
13300.0,88,3738.0,35.94230769230769,1.3415337580037219,88,21277.0,0.057654444124318735,88,21277.0
13305.0,80,3599.0,33.95283018867924,1.7642856693297029,80,21082.0,0.06541059943731803,80,21082.0
13310.0,76,3566.0,33.64150943396226,2.625831815244471,76,20597.0,0.0904553997023383,76,20597.0
13315.0,64,3379.0,31.87735849056604,2.2225031855281534,64,20911.0,0.09198168715578854,64,20911.0
13320.0,68,3515.0,35.505050505050505,2.14935840480957,68,21206.0,0.10503370383760163,68,21206.0
13325.0,75,3875.0,35.22727272727273,2.3651043831157286,75,21536.0,0.09622006508488605,75,21536.0
13330.0,85,4281.0,39.27522935779817,1.531368350873535,85,21912.0,0.054170177909355265,85,21912.0
13335.0,90,4720.0,42.142857142857146,1.359617408956051,90,22322.0,0.05182621117180855,90,22322.0
13340.0,98,5197.0,46.81981981981982,1.0011687260872413,98,22769.0,0.03136398880584079,98,22769.0
13345.0,102,5701.0,50.00877192982456,1.2458446335629239,102,23243.0,0.04970491461984416,102,23243.0
13350.0,104,6213.0,55.473214285714285,0.9682095893792744,104,23725.0,0.03536761029199092,104,23725.0
13355.0,98,5668.0,49.719298245614034,0.920540856161377,98,23830.0,0.041006947405564,98,23830.0
13360.0,92,4802.0,41.39655172413793,1.304472927046714,92,23595.0,0.051187361573660425,92,23595.0
13365.0,89,4557.0,37.975,1.9425448108104528,89,23288.0,0.06789593432822488,89,23288.0
13370.0,80,4554.0,38.26890756302521,2.0163658387049415,80,23522.0,0.08915421468802817,80,23522.0
13375.0,79,4872.0,41.28813559322034,2.2840081873881113,79,23851.0,0.1011817904069914,79,23851.0
13380.0,85,5287.0,46.37719298245614,2.232697324963041,85,24229.0,0.06627283187098167,85,24229.0
13385.0,86,5050.0,43.91304347826087,1.6641207908913385,86,22694.0,0.06022589668764705,86,22694.0
13390.0,87,4380.0,39.107142857142854,1.8461378811399811,87,19239.0,0.06125079534614961,87,19239.0
13395.0,81,3933.0,33.9051724137931,2.404373853805453,81,14353.0,0.09228072168934792,81,14353.0
13400.0,74,3350.0,30.18018018018018,1.9830428583947204,74,14718.0,0.08897197644055266,74,14718.0
13405.0,75,3626.0,31.80701754385965,2.718830996840234,75,15058.0,0.13371074164706154,75,15058.0
13410.0,83,4021.0,36.554545454545455,1.9649875009177515,83,15449.0,0.05101544251763581,83,15449.0
13415.0,90,4455.0,40.5,1.782462945097352,90,15885.0,0.06288486526311501,90,15885.0
13420.0,94,4917.0,45.953271028037385,1.2897301969217947,94,16347.0,0.03995825845810785,94,16347.0
13425.0,96,5397.0,50.91509433962264,1.2639522869350424,96,16827.0,0.03911114954473922,96,16827.0
13430.0,92,5522.0,51.60747663551402,1.1261991680092596,92,16933.0,0.05070090060984124,92,16933.0
13435.0,85,5466.0,51.08411214953271,1.493451476686053,85,16707.0,0.058477511577732386,85,16707.0
13440.0,79,5395.0,49.9537037037037,2.1318974551837244,79,16418.0,0.07627119661249043,79,16418.0
13445.0,70,5356.0,49.592592592592595,2.2622540364200567,70,16634.0,0.0996502590053595,70,16634.0
13450.0,69,5597.0,52.308411214953274,2.534229918233047,69,16946.0,0.1134919065856404,69,16946.0
13455.0,74,5956.0,57.26923076923077,2.2784455349597414,74,17305.0,0.06626361423919587,74,17305.0
13460.0,80,6344.0,62.19607843137255,1.5396940210914276,80,17693.0,0.044260770006579436,80,17693.0
13465.0,88,6771.0,66.38235294117646,1.5215949819129515,88,18120.0,0.0768591171133775,88,18120.0
13470.0,90,7220.0,70.7843137254902,1.0182268315445189,90,18569.0,0.05000267594649501,90,18569.0
13475.0,94,7688.0,75.37254901960785,0.981143721748522,94,19037.0,0.038438048509687524,94,19037.0
13480.0,94,8158.0,76.9622641509434,1.2036723873989223,94,19507.0,0.04106055493479317,94,19507.0
13485.0,96,8634.0,83.01923076923077,0.9805840281604301,96,19983.0,0.03764447511413729,96,19983.0
13490.0,91,8063.0,74.6574074074074,1.1569113800878112,91,19821.0,0.05453139902937589,91,19821.0
13495.0,86,6969.0,65.74528301886792,1.5540556531131502,86,19274.0,0.05990338736089635,86,19274.0
13500.0,77,5693.0,52.22935779816514,2.359677796617246,77,18208.0,0.07590998468039492,77,18208.0
13505.0,69,4688.0,43.81308411214953,2.2853464737531235,69,18551.0,0.09562171931682484,69,18551.0
13510.0,70,4247.0,40.44761904761905,2.2439822908376885,70,18874.0,0.10522005615082322,70,18874.0
13515.0,79,4617.0,42.357798165137616,2.213313753805553,79,19241.0,0.07614720552491462,79,19241.0
13520.0,85,5026.0,44.875,1.9339227736416669,85,19650.0,0.06722928575211795,85,19650.0
13525.0,92,5469.0,49.71818181818182,1.2928197561634318,92,20093.0,0.04253232013121545,92,20093.0
13530.0,98,5942.0,53.05357142857143,1.144372335004869,98,20567.0,0.032554204721938054,98,20567.0
13535.0,96,5917.0,53.79090909090909,1.1231213738339392,96,20649.0,0.03980505511108885,96,20649.0
13540.0,87,5533.0,48.9646017699115,1.8464190098631157,87,20354.0,0.08448782712583278,87,20354.0
13545.0,84,5305.0,47.36607142857143,2.2619005256690867,84,19825.0,0.07419066342234566,84,19825.0
13550.0,73,4198.0,37.482142857142854,2.1852408905685023,73,18417.0,0.09631603426810961,73,18417.0
13555.0,67,2959.0,27.654205607476637,2.3904171138181782,67,15950.0,0.10846320026652699,67,15950.0
13560.0,67,2064.0,18.428571428571427,2.6230860065980885,67,13208.0,0.10698513975962867,67,13208.0
13565.0,68,2020.0,18.363636363636363,2.4030934847761576,68,12875.0,0.09959062761006332,68,12875.0
13570.0,73,2312.0,20.82882882882883,2.0144114836813993,73,13155.0,0.07933188818675653,73,13155.0
13575.0,85,2714.0,24.672727272727272,2.1693778421356726,85,13505.0,0.06558567902981367,85,13505.0
13580.0,90,3156.0,28.954128440366972,2.2535867557747826,90,13941.0,0.0625776340930213,90,13941.0
13585.0,90,3606.0,34.0188679245283,1.775692563701867,90,14391.0,0.040405333857805446,90,14391.0
13590.0,92,4064.0,38.7047619047619,1.5200524660571495,92,14849.0,0.05172715013512316,92,14849.0
13595.0,86,4258.0,42.58,1.068271540457786,86,14937.0,0.04155058511380622,86,14937.0
13600.0,77,4258.0,42.15841584158416,2.0428385559136863,77,14651.0,0.08364989661608885,77,14651.0
13605.0,70,4273.0,42.73,2.3833400055911382,70,14133.0,0.08838521754172467,70,14133.0
13610.0,61,4280.0,42.37623762376238,2.602964949336053,61,14450.0,0.12361442158104685,61,14450.0
13615.0,63,4430.0,44.3,2.9592052242506783,63,14745.0,0.1236248650720718,63,14745.0
13620.0,69,4762.0,47.148514851485146,2.4530059519230116,69,15077.0,0.081154222479465,69,15077.0
13625.0,76,5131.0,50.801980198019805,1.9871453414148266,76,15446.0,0.06280074358806853,76,15446.0
13630.0,83,5532.0,57.03092783505155,1.3040897843632535,83,15847.0,0.053601776341645924,83,15847.0
13635.0,88,5963.0,60.23232323232323,1.2868612707071891,88,16279.0,0.04538523991671509,88,16279.0
13640.0,90,6409.0,65.39795918367346,1.0999522170004343,90,16725.0,0.03915765025091826,90,16725.0
13645.0,85,6651.0,66.51,1.1294193138027664,85,16848.0,0.05490687506783482,85,16848.0
13650.0,78,6750.0,67.5,1.7441349933415768,78,16648.0,0.06001960896875769,78,16648.0
13655.0,72,6901.0,67.65686274509804,2.5183128376988453,72,16263.0,0.08588100602763024,72,16263.0
13660.0,64,6983.0,69.83,2.260028729175344,64,16574.0,0.09014398637907423,64,16574.0
13665.0,64,7222.0,72.94949494949495,2.5524673259238093,64,16870.0,0.11538608415313534,64,16870.0
13670.0,71,7563.0,77.1734693877551,2.390444693871941,71,17211.0,0.08615644935238591,71,17211.0
13675.0,78,7938.0,81.83505154639175,1.751448140848549,78,17586.0,0.05360698428876987,78,17586.0
13680.0,82,8341.0,90.66304347826087,1.1316198951437397,82,17989.0,0.04239357136778511,82,17989.0
13685.0,84,8761.0,88.4949494949495,1.6881840925866098,84,18409.0,0.059907045439933554,84,18409.0
13690.0,87,9190.0,95.72916666666667,1.1238683256799256,87,18838.0,0.04224548896049118,87,18838.0
13695.0,82,9419.0,96.11224489795919,0.8423079517032321,82,18986.0,0.05831558338966916,82,18986.0
13700.0,78,9518.0,97.12244897959184,1.4651205855278981,78,18993.0,0.059364525151393066,78,18993.0
13705.0,70,9629.0,92.58653846153847,2.648738632805319,70,18795.0,0.10303823172678354,70,18795.0
13710.0,63,9760.0,96.63366336633663,2.416860804377269,63,19101.0,0.10021454753720271,63,19101.0
13715.0,64,10060.0,101.61616161616162,2.587656788947045,64,19381.0,0.11717834475363584,64,19381.0
13720.0,72,10405.0,106.1734693877551,2.377882868622974,72,19719.0,0.06993753202602572,72,19719.0
13725.0,76,10778.0,109.9795918367347,2.033317196193729,76,20092.0,0.06131493398061369,76,20092.0
13730.0,82,11182.0,117.70526315789473,1.7601071498405043,82,20496.0,0.06545048759935791,82,20496.0
13735.0,82,11592.0,122.02105263157895,1.4775557331428113,82,20906.0,0.059506724722154944,82,20906.0
13740.0,78,11841.0,128.70652173913044,1.3707563774086735,78,21093.0,0.051480738726431725,78,21093.0
13745.0,69,11982.0,124.8125,2.0181760801169077,69,21129.0,0.08444095823407215,69,21129.0
13750.0,65,12102.0,128.74468085106383,2.5936347363305825,65,21021.0,0.09140903053831972,65,21021.0
13755.0,59,12360.0,124.84848484848484,3.104895297493076,59,21313.0,0.16038211192497145,59,21313.0
13760.0,65,12675.0,136.29032258064515,2.2923256711710462,65,21618.0,0.09656606456324185,65,21618.0
13765.0,73,13029.0,135.71875,2.4046022651823775,73,21972.0,0.08537035133694768,73,21972.0
13770.0,73,13330.0,146.4835164835165,1.7242263610994242,73,22213.0,0.0706409286573059,73,22213.0
13775.0,67,13580.0,147.6086956521739,2.2645529940068783,67,22324.0,0.09775614378782504,67,22324.0
13780.0,66,13882.0,150.8913043478261,2.9164925164212216,66,22433.0,0.11526223813969363,66,22433.0
13785.0,62,14151.0,155.5054945054945,2.107697095430195,62,22729.0,0.06898810124123514,62,22729.0
13790.0,67,14477.0,159.0879120879121,2.5205494164176265,67,23028.0,0.08811511525979251,67,23028.0
13795.0,70,14825.0,168.4659090909091,2.762977392212832,70,23376.0,0.08521615669779853,70,23376.0
13800.0,72,15178.0,176.48837209302326,2.1634441975890666,72,23729.0,0.05101617652446414,72,23729.0
13805.0,72,15538.0,184.97619047619048,1.8921512506259783,72,24089.0,0.08465431039315925,72,24089.0
13810.0,66,15750.0,192.0731707317073,1.2982168927734021,66,24343.0,0.05625557739156951,66,24343.0
13815.0,61,15952.0,192.19277108433735,2.4059709369932434,61,24527.0,0.10227990659189098,61,24527.0
13820.0,63,16260.0,191.2941176470588,2.7600779310163817,63,24720.0,0.08763098731797495,63,24720.0
13825.0,62,16550.0,194.7058823529412,2.634806868306125,62,25020.0,0.10050242005979855,62,25020.0
13830.0,64,16866.0,200.78571428571428,2.6666428943740255,64,25326.0,0.10494776628882825,64,25326.0
13835.0,66,17192.0,212.2469135802469,2.178732565046579,66,25652.0,0.06377581275378012,66,25652.0
13840.0,63,15522.0,187.0120481927711,2.1807032779930813,63,24828.0,0.08814849414201868,63,24828.0
13845.0,55,12514.0,160.43589743589743,2.416060948341827,55,22363.0,0.0985049175899652,55,22363.0
13850.0,51,10150.0,122.28915662650603,3.5525650222103424,51,19883.0,0.14224800907286841,51,19883.0
13855.0,39,7067.0,90.6025641025641,3.3960811460657934,39,19539.0,0.15896795468063274,39,19539.0
13860.0,42,5953.0,77.31168831168831,3.317406891711813,42,19702.0,0.15714195433597147,42,19702.0
13865.0,47,6177.0,77.2125,3.3764002486986433,47,19920.0,0.13541588991084733,47,19920.0
13870.0,53,6431.0,76.55952380952381,2.8055054866165743,53,20174.0,0.09259130559137012,53,20174.0
13875.0,62,6727.0,81.04819277108433,1.8698651816904122,62,20470.0,0.08182513898165111,62,20470.0
13880.0,68,7056.0,84.0,1.3735791715725536,68,20799.0,0.06681448522504903,68,20799.0
13885.0,76,7425.0,86.33720930232558,1.5135216428066969,76,21168.0,0.06793392883214139,76,21168.0
13890.0,76,7805.0,87.69662921348315,1.8797159512978432,76,21548.0,0.07278685233749668,76,21548.0
13895.0,72,7794.0,90.62790697674419,1.5214472719248429,72,21778.0,0.05429891543262209,72,21778.0
13900.0,62,7860.0,86.37362637362638,2.2870923708121174,62,21861.0,0.11164432191494972,62,21861.0
13905.0,68,8186.0,90.95555555555555,2.7373075527696997,68,21967.0,0.09192674597915254,68,21967.0
13910.0,68,8526.0,92.67391304347827,2.9099446066030437,68,22263.0,0.0951828598980858,68,22263.0
13915.0,66,8819.0,102.54651162790698,2.264195755676408,66,22582.0,0.08234186038022695,66,22582.0
13920.0,64,9135.0,106.22093023255815,2.4500873595706008,64,22876.0,0.08314175044322165,64,22876.0
13925.0,66,9462.0,112.64285714285714,2.8020940643207757,66,23199.0,0.07609673815218336,66,23199.0
13930.0,60,9347.0,111.27380952380952,2.500926125152994,60,22329.0,0.09225131115615105,60,22329.0
13935.0,55,8935.0,111.6875,2.615396524726255,55,20349.0,0.11477163477245915,55,20349.0
13940.0,48,8654.0,105.53658536585365,3.6173820970128827,48,17269.0,0.14655932490597476,48,17269.0
13945.0,40,8304.0,103.8,3.4393714884700595,40,17469.0,0.16434011442405802,40,17469.0
13950.0,39,8103.0,103.88461538461539,3.764349136753922,39,17639.0,0.20142708848220447,39,17639.0
13955.0,46,8320.0,104.0,3.285085455773585,46,17851.0,0.11415543868802248,46,17851.0
13960.0,53,8574.0,104.5609756097561,2.8838454969065888,53,18105.0,0.11228578722324833,53,18105.0
13965.0,61,8862.0,108.07317073170732,1.8244774040214733,61,18392.0,0.06809726962512011,61,18392.0
13970.0,69,9190.0,105.63218390804597,2.0196901012783597,69,18715.0,0.1129798287705289,69,18715.0
13975.0,76,9554.0,111.09302325581395,1.5333413832326184,76,19075.0,0.06990532699047636,76,19075.0
13980.0,77,9935.0,112.89772727272727,1.4976821826633988,77,19451.0,0.058761241007787235,77,19451.0
13985.0,74,10087.0,113.33707865168539,1.468213242998664,74,18793.0,0.0724800628140289,74,18793.0
13990.0,64,10081.0,113.26966292134831,2.21682741536047,64,16976.0,0.09781257785924068,64,16976.0
13995.0,60,10102.0,109.80434782608695,3.109606279324649,60,15147.0,0.12362757066046584,60,15147.0
14000.0,48,7533.0,85.60227272727273,2.6815321907384506,48,13509.0,0.11191219013846133,48,13509.0
14005.0,45,3793.0,43.10227272727273,3.308387111564029,45,11008.0,0.1668096690917647,45,11008.0
14010.0,42,1325.0,15.056818181818182,3.487197190270733,42,7490.0,0.1357040957532232,42,7490.0
14015.0,46,1083.0,11.52127659574468,2.9692590369601795,46,7659.0,0.1398524209787718,46,7659.0
14020.0,51,1258.0,13.526881720430108,2.300657737627287,51,7825.0,0.09442309169569998,51,7825.0
14025.0,64,1554.0,16.1875,2.528428384150438,64,8057.0,0.07950351089269955,64,8057.0
14030.0,74,1911.0,20.329787234042552,2.558074594602664,74,8405.0,0.0802258897550809,74,8405.0
14035.0,74,2281.0,24.793478260869566,2.2068029713304913,74,8775.0,0.056334363295296105,74,8775.0
14040.0,70,2016.0,22.90909090909091,1.9003738344943704,70,8909.0,0.05643121863578564,70,8909.0
14045.0,62,1709.0,18.57608695652174,2.696601745016571,62,8832.0,0.11171469349974693,62,8832.0
14050.0,59,1878.0,21.34090909090909,2.838468318274633,59,8689.0,0.09559494323300037,59,8689.0
14055.0,57,2139.0,23.766666666666666,2.806818867291571,57,8963.0,0.13101050259029656,57,8963.0
14060.0,63,2443.0,28.741176470588236,2.2048413765540893,63,9254.0,0.07887040586075518,63,9254.0
14065.0,70,2779.0,31.579545454545453,2.4697861761668403,70,9590.0,0.08989904165106255,70,9590.0
14070.0,70,3129.0,37.25,2.0170147556695315,70,9940.0,0.07162490884552895,70,9940.0
14075.0,65,3367.0,40.083333333333336,1.512919962506281,65,10142.0,0.06484067936935893,65,10142.0
14080.0,60,3551.0,42.78313253012048,2.306458126539112,60,10202.0,0.1037395574860628,60,10202.0
14085.0,61,3852.0,44.7906976744186,2.9009792194097446,61,10383.0,0.10786839450791534,61,10383.0
14090.0,59,4107.0,48.31764705882353,2.547276090591564,59,10653.0,0.08871433292311011,59,10653.0
14095.0,61,4400.0,53.01204819277108,2.828390221128578,61,10925.0,0.11068416234260431,61,10925.0
14100.0,61,4705.0,59.55696202531646,2.6618061040151133,61,11222.0,0.05773133363113297,61,11222.0
14105.0,63,5020.0,62.75,2.7360317328135353,63,11537.0,0.08709907046721416,63,11537.0
14110.0,57,4770.0,63.6,2.249015268025778,57,10630.0,0.07924086574316667,57,10630.0
14115.0,49,4165.0,53.3974358974359,3.0432838758483345,49,8858.0,0.15842260977421593,49,8858.0
14120.0,50,4254.0,55.246753246753244,3.5770430716699733,50,7085.0,0.13942681614400332,50,7085.0
14125.0,49,3770.0,47.721518987341774,3.103262494942953,49,6563.0,0.12779806793217588,49,6563.0
14130.0,48,2819.0,38.0945945945946,3.056907536694137,48,5489.0,0.11171086153392885,48,5489.0
14135.0,41,1981.0,26.413333333333334,3.560593727429887,41,4842.0,0.13481760617263644,41,4842.0
14140.0,35,1148.0,15.944444444444445,3.4594609758564085,35,4998.0,0.1674977921945127,35,4998.0
14145.0,31,673.0,9.753623188405797,3.414523877003735,31,5080.0,0.1639834276671578,31,5080.0
14150.0,37,847.0,11.293333333333333,4.204045118111929,37,5206.0,0.18489811883111623,37,5206.0
14155.0,43,1050.0,13.636363636363637,3.701099677634979,43,5409.0,0.1451102554182924,43,5409.0
14160.0,50,1289.0,17.186666666666667,2.5201099316726006,50,5648.0,0.06246411706098956,50,5648.0
14165.0,51,1412.0,18.57894736842105,2.411293371649366,51,5496.0,0.11040342263596452,51,5496.0
14170.0,52,1481.0,20.013513513513512,2.2536080667431144,52,5062.0,0.09472438402117812,52,5062.0
14175.0,45,1559.0,20.786666666666665,3.501329647679167,45,4297.0,0.13003788629113955,45,4297.0
14180.0,37,1315.0,17.77027027027027,3.291260348587114,37,3993.0,0.15070701471053913,37,3993.0
14185.0,37,1307.0,17.904109589041095,3.4547496159990385,37,3574.0,0.17047026187617156,37,3574.0
14190.0,48,1525.0,19.303797468354432,3.040610280862394,48,3622.0,0.13502445012276051,48,3622.0
14195.0,49,1648.0,20.860759493670887,1.6753982743940865,49,3825.0,0.06579163380269751,49,3825.0
14200.0,52,1828.0,22.02409638554217,2.262217948015798,52,3986.0,0.10539231252301662,52,3986.0
14205.0,61,2113.0,24.858823529411765,2.488955470723261,61,4219.0,0.05751083686819566,61,4219.0
14210.0,65,2436.0,28.0,3.2886140939787913,65,4537.0,0.11042140756079316,65,4537.0
14215.0,66,2762.0,34.525,2.11286558759931,66,4863.0,0.05270436206064331,66,4863.0
14220.0,67,3097.0,38.7125,2.032148954697209,67,5198.0,0.04692219837824614,67,5198.0
14225.0,67,3432.0,44.57142857142857,1.421081057984399,67,5533.0,0.055043150372412954,67,5533.0
14230.0,69,3775.0,49.02597402597402,1.2854877850298094,69,5876.0,0.06001840607540279,69,5876.0
14235.0,69,4120.0,52.151898734177216,1.5283614182693126,69,6221.0,0.06767392897688182,69,6221.0
14240.0,71,4469.0,53.8433734939759,1.8074521559203833,71,6570.0,0.05806473591177187,71,6570.0
14245.0,71,4824.0,59.55555555555556,1.5471414666069705,71,6925.0,0.07177453899828307,71,6925.0
14250.0,73,5183.0,63.207317073170735,1.3330613381717265,73,7284.0,0.05530008997046675,73,7284.0
14255.0,73,5548.0,68.49382716049382,1.2715844419684794,73,7649.0,0.04734733130979218,73,7649.0
14260.0,67,4906.0,57.04651162790697,1.4250367554282193,67,7648.0,0.08465352242982194,67,7648.0
14265.0,63,3904.0,45.92941176470588,2.1276184244729044,63,7309.0,0.1015778239735016,63,7309.0
14270.0,55,3381.0,37.15384615384615,2.7798642281721433,55,6740.0,0.10046451655514838,55,6740.0
14275.0,50,3333.0,38.310344827586206,2.6565948685093184,50,6989.0,0.11956699976877251,50,6989.0
14280.0,48,3522.0,40.48275862068966,3.1718360518246707,48,7188.0,0.14880796810402783,48,7188.0
14285.0,55,3785.0,44.529411764705884,2.9591820739375807,55,7449.0,0.09698961158860034,55,7449.0
14290.0,62,4082.0,48.595238095238095,2.291714523290742,62,7747.0,0.077319688451178,62,7747.0
14295.0,68,4413.0,53.81707317073171,1.9660392812126415,68,8078.0,0.0710599609554076,68,8078.0
14300.0,71,4762.0,58.073170731707314,1.663830199737137,71,8427.0,0.08151381190879581,71,8427.0
14305.0,71,5117.0,63.17283950617284,1.5458946740753168,71,8782.0,0.06920886352251328,71,8782.0
14310.0,72,5473.0,64.38823529411765,1.7684832479597907,72,9138.0,0.06622962054374819,72,9138.0
14315.0,73,5838.0,72.07407407407408,1.2357455487900528,73,9503.0,0.0459152260762881,73,9503.0
14320.0,73,6203.0,73.8452380952381,1.4273113881837494,73,9868.0,0.06256403121785876,73,9868.0
14325.0,75,6577.0,78.29761904761905,1.3422248256423788,75,10242.0,0.048429018578570564,75,10242.0
14330.0,75,6952.0,78.11235955056179,1.9668778997165113,75,10617.0,0.09402073197182655,75,10617.0
14335.0,77,7330.0,83.29545454545455,1.5841727603810296,77,10995.0,0.06607374520953897,77,10995.0
14340.0,77,7715.0,86.68539325842697,1.4539380308734682,77,11380.0,0.06857242999937979,77,11380.0
14345.0,74,7693.0,85.47777777777777,1.078324002469022,74,11382.0,0.05280131162672687,74,11382.0
14350.0,68,7408.0,81.4065934065934,1.9595552296245642,68,11041.0,0.08305417320134656,68,11041.0
14355.0,64,7235.0,77.79569892473118,2.6791646928459625,64,10494.0,0.09407711263957971,64,10494.0
14360.0,52,6993.0,78.57303370786516,2.314542714752693,52,10760.0,0.09532068189747951,52,10760.0
14365.0,52,7142.0,80.24719101123596,2.9996698358168485,52,10980.0,0.13551165562291115,52,10980.0
14370.0,58,7420.0,85.28735632183908,2.7335816092245033,58,11249.0,0.09304183622546626,58,11249.0
14375.0,64,7728.0,87.81818181818181,2.300155626114642,64,11557.0,0.05929977048285286,64,11557.0
14380.0,70,8064.0,96.0,1.4371336512487587,70,11894.0,0.040749258274674544,70,11894.0
14385.0,69,8288.0,98.66666666666667,1.240955314594369,69,11958.0,0.061894471377912166,69,11958.0
14390.0,62,8414.0,100.16666666666667,1.8372108738514328,62,11764.0,0.08626318773615611,62,11764.0
14395.0,58,8570.0,97.38636363636364,2.669889408803957,58,11525.0,0.10304659010424025,58,11525.0
14400.0,47,8666.0,101.95294117647059,2.612985301231048,47,11679.0,0.11471742634515336,47,11679.0
14405.0,51,8902.0,98.91111111111111,3.4706829648792104,51,11898.0,0.16631188444506753,51,11898.0
14410.0,58,9179.0,109.27380952380952,2.706286894442136,58,12171.0,0.08810651002993203,58,12171.0
14415.0,66,9490.0,110.34883720930233,2.483508226678899,66,12482.0,0.08565096181249018,66,12482.0
14420.0,69,9831.0,121.37037037037037,1.5090468167928253,69,12824.0,0.05033589035460515,69,12824.0
14425.0,66,9252.0,110.14285714285714,1.7410592499419162,66,12717.0,0.08370792551278228,66,12717.0
14430.0,68,9558.0,118.0,1.7885907646771833,68,12576.0,0.060084959739955354,68,12576.0
14435.0,71,9907.0,116.55294117647058,1.7913510597225808,71,12900.0,0.04163068235619689,71,12900.0
14440.0,67,10201.0,124.40243902439025,1.5436704180223981,67,13229.0,0.07416435928744876,67,13229.0
14445.0,67,10521.0,126.75903614457832,1.8178521292181937,67,13524.0,0.07402538106627989,67,13524.0
14450.0,67,10856.0,127.71764705882353,2.7263653749572287,67,13849.0,0.07391325920472132,67,13849.0
14455.0,63,10867.0,127.84705882352941,2.1395891792985884,63,13899.0,0.06677693549309567,63,13899.0
14460.0,57,10716.0,133.95,2.4082735187010242,57,13686.0,0.08586082012644103,57,13686.0
14465.0,50,10551.0,127.12048192771084,3.0472955814886293,50,13348.0,0.11157833402392005,50,13348.0
14470.0,43,10543.0,131.7875,3.0752916345572654,43,13564.0,0.1367924725220339,43,13564.0
14475.0,45,10748.0,131.0731707317073,3.4931506036167264,45,13754.0,0.18575042386169774,45,13754.0
14480.0,51,10993.0,139.15189873417722,3.0884902694194625,51,13991.0,0.10203430627540902,51,13991.0
14485.0,57,11269.0,139.12345679012347,3.0779427819945395,57,14267.0,0.13089102968645064,57,14267.0
14490.0,61,11569.0,156.33783783783784,1.5601472543120716,61,14567.0,0.05892996891007593,61,14567.0
14495.0,65,11890.0,156.44736842105263,1.7210027026201424,65,14888.0,0.08740311143454539,65,14888.0
14500.0,65,12215.0,160.72368421052633,1.6894054407976196,65,15213.0,0.0689952829877628,65,15213.0
14505.0,61,12339.0,160.24675324675326,1.6909145508865133,61,15312.0,0.07360617921461075,61,15312.0
14510.0,54,12324.0,160.05194805194805,2.4545875415847402,54,15206.0,0.11636353495602865,54,15206.0
14515.0,49,12365.0,156.51898734177215,3.3436708358055234,49,14973.0,0.1219510824510569,49,14973.0
14520.0,45,12497.0,160.21794871794873,3.100448687423824,45,15181.0,0.1337937643266553,45,15181.0
14525.0,47,12720.0,165.19480519480518,3.19359085463374,47,15386.0,0.1378179725716785,47,15386.0
14530.0,54,12977.0,173.02666666666667,2.792740700782974,54,15639.0,0.06417959415560871,54,15639.0
14535.0,59,13260.0,181.64383561643837,2.4929304189219845,59,15922.0,0.08740690783303075,59,15922.0
14540.0,59,13555.0,190.91549295774647,1.862959021563114,59,16217.0,0.060439122888173775,59,16217.0
14545.0,55,13708.0,187.78082191780823,2.4107505492357713,55,16324.0,0.11850881162549504,55,16324.0
14550.0,47,13761.0,188.5068493150685,2.8098201917066348,47,16268.0,0.13831519320774646,47,16268.0
14555.0,44,13912.0,190.57534246575344,3.458848535341336,44,16195.0,0.1228268078201984,44,16195.0
14560.0,45,14098.0,187.97333333333333,3.2415366592826005,45,16400.0,0.147336805117741,45,16400.0
14565.0,50,14338.0,204.82857142857142,2.391812889638512,50,16622.0,0.06385186949844246,50,16622.0
14570.0,55,14605.0,200.06849315068493,3.2504292051081225,55,16888.0,0.09881141810986817,55,16888.0
14575.0,55,14880.0,215.65217391304347,2.7214807124299423,55,17163.0,0.07394994914585858,55,17163.0
14580.0,57,15161.0,229.71212121212122,1.8034969523180528,57,17444.0,0.06234904448633183,57,17444.0
14585.0,57,15446.0,234.03030303030303,1.7855739528175585,57,17729.0,0.09149099829251002,57,17729.0
14590.0,58,15732.0,228.0,1.7416993276930706,58,18015.0,0.06818162998063594,58,18015.0
14595.0,54,15817.0,229.231884057971,1.9184666136769224,54,18158.0,0.09563311655826288,54,18158.0
14600.0,44,15791.0,222.40845070422534,2.55656455413338,44,18179.0,0.11562172640247206,44,18179.0
14605.0,47,16008.0,222.33333333333334,3.8132518746431447,47,18211.0,0.1594319403024161,47,18211.0
14610.0,43,16197.0,224.95833333333334,2.99965014017266,43,18364.0,0.11788639881512696,43,18364.0
14615.0,48,16424.0,241.52941176470588,3.01232690378019,48,18577.0,0.08150536485771927,48,18577.0
14620.0,50,16671.0,234.80281690140845,3.735381395527354,50,18820.0,0.16476397960905897,50,18820.0
14625.0,50,16921.0,252.55223880597015,3.1100852953526745,50,19070.0,0.1133347429366514,50,19070.0
14630.0,53,17180.0,252.64705882352942,2.5539327440692454,53,19329.0,0.08816924773769554,53,19329.0
14635.0,54,17449.0,272.640625,2.0167841671454156,54,19598.0,0.09083446260826604,54,19598.0
14640.0,49,17554.0,270.0615384615385,1.542780429093229,49,19766.0,0.08478381872789897,49,19766.0
14645.0,48,17704.0,268.24242424242425,2.6218195521971306,48,19867.0,0.12127306313340001,48,19867.0
14650.0,48,17944.0,256.34285714285716,3.2255176490487174,48,20027.0,0.10817316239377099,48,20027.0
14655.0,48,18145.0,262.9710144927536,2.935110977098021,48,20254.0,0.10998022708708015,48,20254.0
14660.0,47,18375.0,270.22058823529414,3.588651012777746,47,20458.0,0.14161558234366345,47,20458.0
14665.0,47,18610.0,277.76119402985074,3.6695523098439096,47,20693.0,0.10676781362435153,47,20693.0
14670.0,49,18854.0,285.6666666666667,3.4188969822732678,49,20937.0,0.11165513996420941,49,20937.0
14675.0,49,19099.0,313.0983606557377,2.310685940188651,49,21182.0,0.07727984629862879,49,21182.0
14680.0,45,19239.0,315.39344262295083,2.144929250331375,45,21367.0,0.12096379505788016,45,21367.0
14685.0,47,19464.0,313.93548387096774,2.6817489180625524,47,21545.0,0.10704067097686196,47,21545.0
14690.0,48,19703.0,294.07462686567163,3.417565527363521,48,21781.0,0.1379556359944561,48,21781.0
14695.0,46,19898.0,306.12307692307695,2.977064286351106,46,21997.0,0.14485452676963986,46,21997.0
14700.0,45,20117.0,324.46774193548384,2.5570612053012733,45,22197.0,0.1144946905603544,45,22197.0
14705.0,48,20354.0,308.3939393939394,3.5700406240954763,48,22432.0,0.10319317558534792,48,22432.0
14710.0,48,20594.0,321.78125,3.193984315384249,48,22672.0,0.11765784755345134,48,22672.0
14715.0,47,20809.0,335.6290322580645,2.3647692738887818,47,22888.0,0.10549877896788229,47,22888.0
14720.0,48,21049.0,350.81666666666666,2.5453300898969684,48,23127.0,0.09536894020013867,48,23127.0
14725.0,50,21292.0,332.6875,2.559426183435038,50,23370.0,0.09862348381981483,50,23370.0
14730.0,46,18250.0,304.1666666666667,1.7741694678372113,46,22216.0,0.08337708037855376,46,22216.0
14735.0,40,13008.0,209.80645161290323,2.7509611923630626,40,19697.0,0.1337870612218525,40,19697.0
14740.0,34,8845.0,138.203125,3.7541145880255304,34,16480.0,0.1393103176161415,34,16480.0
14745.0,26,3989.0,62.328125,4.308217423973687,26,15897.0,0.21545504995050294,26,15897.0
14750.0,18,1302.0,21.7,4.122290488480094,18,15902.0,0.19923047796162177,18,15902.0
14755.0,26,1413.0,21.73846153846154,4.753387038316643,26,15962.0,0.22929794714829385,26,15962.0
14760.0,32,1558.0,24.34375,3.69971808250905,32,16096.0,0.14459585862871935,32,16096.0
14765.0,41,1745.0,25.28985507246377,3.485392334822958,41,16283.0,0.14360046494542808,41,16283.0
14770.0,48,1967.0,29.35820895522388,2.1788684865612744,48,16506.0,0.08104739047443096,48,16506.0
14775.0,56,2236.0,32.405797101449274,2.359893634769031,56,16776.0,0.11493089833493794,56,16776.0
14780.0,56,2516.0,38.121212121212125,1.8208173790815236,56,17056.0,0.08111886774643981,56,17056.0
14785.0,52,2587.0,35.93055555555556,2.2122697131959237,52,17240.0,0.1003435600136118,52,17240.0
14790.0,51,2807.0,41.279411764705884,2.623830383115034,51,17380.0,0.11512016134434823,51,17380.0
14795.0,53,3064.0,43.15492957746479,2.9931272867102092,53,17604.0,0.09636697242398541,53,17604.0
14800.0,49,3279.0,47.52173913043478,2.912121372197672,49,17842.0,0.0998916462276455,49,17842.0
14805.0,48,3516.0,51.705882352941174,3.1548335271839014,48,18059.0,0.12739837150477956,48,18059.0
14810.0,49,3757.0,56.07462686567164,3.281400738031723,49,18297.0,0.10500948284473831,49,18297.0
14815.0,44,3589.0,52.779411764705884,3.191308123746732,44,17048.0,0.13099523867095952,44,17048.0
14820.0,38,3149.0,52.483333333333334,2.819044956239533,38,14125.0,0.13104791087893858,38,14125.0
14825.0,33,2824.0,42.78787878787879,4.257838517748115,33,11189.0,0.18076657948840255,33,11189.0
14830.0,23,2305.0,36.015625,4.328985890745211,23,11304.0,0.2117395331585032,23,11304.0
14835.0,23,2160.0,33.75,4.672008230858347,23,11376.0,0.2722330686645366,23,11376.0
14840.0,30,2297.0,34.803030303030305,4.493133857559624,30,11507.0,0.19693691949705253,30,11507.0
14845.0,38,2470.0,33.83561643835616,3.473845180391985,38,11680.0,0.157909666946488,38,11680.0
14850.0,47,2691.0,39.5735294117647,2.22998069718489,47,11901.0,0.09537070738424504,47,11901.0
14855.0,55,2951.0,40.986111111111114,2.2049374175357297,55,12161.0,0.104544769177201,55,12161.0
14860.0,60,3241.0,45.013888888888886,2.163754273759955,60,12452.0,0.08563478767198394,60,12452.0
14865.0,60,3541.0,49.18055555555556,1.916983027383259,60,12752.0,0.06908770491044168,60,12752.0
14870.0,56,3561.0,49.458333333333336,1.8325767027089215,56,12933.0,0.09014792528314985,56,12933.0
14875.0,51,3735.0,51.875,2.99288458429311,51,13033.0,0.15317760351112983,51,13033.0
14880.0,53,3993.0,54.6986301369863,2.9750181274070413,53,13204.0,0.09018031077672828,53,13204.0
14885.0,52,4235.0,57.229729729729726,2.829997995327385,52,13454.0,0.11411820691430562,52,13454.0
14890.0,52,4495.0,64.21428571428571,2.7734795313101546,52,13706.0,0.11690556399400034,52,13706.0
14895.0,53,4757.0,68.94202898550725,2.7339477937086447,53,13968.0,0.07964902484218071,53,13968.0
14900.0,54,5027.0,72.85507246376811,2.6449250522943517,54,14238.0,0.10023546327854228,54,14238.0
14905.0,56,5300.0,79.1044776119403,2.0009999976568067,56,14511.0,0.11841439654867884,56,14511.0
14910.0,56,5580.0,79.71428571428571,2.446759496758032,56,14791.0,0.11963201805351806,56,14791.0
14915.0,51,5731.0,84.27941176470588,2.01188103879324,51,15001.0,0.08975411452616112,51,15001.0
14920.0,54,5994.0,83.25,2.8222354512731176,54,15205.0,0.1214450040786517,54,15205.0
14925.0,56,6271.0,89.58571428571429,2.288379381970318,56,15482.0,0.06814202911777115,56,15482.0
14930.0,60,6559.0,89.84931506849315,2.235968250234409,60,15770.0,0.08149871351262901,60,15770.0
14935.0,54,6783.0,98.30434782608695,1.5646364332285565,54,16031.0,0.06936143612962707,54,16031.0
14940.0,52,7031.0,100.44285714285714,2.259752601261639,52,16254.0,0.10667258178120581,52,16254.0
14945.0,54,7296.0,101.33333333333333,3.097801601533046,54,16507.0,0.08533392705633489,54,16507.0
14950.0,48,6848.0,97.82857142857142,2.8225186343371567,48,15287.0,0.12167362404852904,48,15287.0
14955.0,46,6153.0,91.83582089552239,2.7139594371623774,46,12627.0,0.12374047072963032,46,12627.0
14960.0,38,5221.0,75.66666666666667,3.8626061214299203,38,9234.0,0.17380028343695783,38,9234.0
14965.0,26,4326.0,63.61764705882353,3.8196360649064642,26,8658.0,0.17992475947921902,26,8658.0
14970.0,26,3889.0,58.92424242424242,4.114315169135111,26,8753.0,0.2200796873661929,26,8753.0
14975.0,32,4040.0,59.411764705882355,4.069960446954393,32,8896.0,0.1516254049906326,32,8896.0
14980.0,42,4231.0,56.413333333333334,3.8409973316307315,42,9087.0,0.1536634820559056,42,9087.0
14985.0,48,4455.0,62.74647887323944,2.181735900547501,48,9312.0,0.09816702713904098,48,9312.0
14990.0,59,4726.0,62.18421052631579,1.960101764068894,59,9586.0,0.08725278303262926,59,9586.0
14995.0,64,5036.0,68.05405405405405,1.67357444039815,64,9896.0,0.07584375789197388,64,9896.0
15000.0,59,5080.0,66.84210526315789,1.5473956528321422,59,10096.0,0.08453464217106124,59,10096.0
15005.0,57,5281.0,68.58441558441558,2.394468979438101,57,10199.0,0.10735632306674257,57,10199.0
15010.0,59,5572.0,69.65,2.7175472013804662,59,10432.0,0.08739056755872279,59,10432.0
15015.0,57,5821.0,73.68354430379746,2.471773791186973,57,10707.0,0.09459063138763814,57,10707.0
15020.0,56,6093.0,77.12658227848101,2.9528836159807184,56,10956.0,0.11083019808727648,56,10956.0
15025.0,56,6373.0,83.85526315789474,3.1389474848405494,56,11233.0,0.09141103202304296,56,11233.0
15030.0,52,6276.0,84.8108108108108,3.06609740423064,52,9946.0,0.14460910753894327,52,9946.0
15035.0,47,5986.0,86.7536231884058,2.4801966565067857,47,9237.0,0.10310263233363355,47,9237.0
15040.0,40,5689.0,79.01388888888889,3.8471462520116586,40,8062.0,0.1468326721247854,40,8062.0
15045.0,30,5271.0,75.3,3.867026798977995,30,8221.0,0.1891024015421599,30,8221.0
15050.0,32,5194.0,74.2,4.1255189851440255,32,8341.0,0.2240094728094479,32,8341.0
15055.0,38,5374.0,72.62162162162163,4.099973666200475,38,8515.0,0.16480352377551244,38,8515.0
15060.0,42,5501.0,73.34666666666666,2.8608819626768143,42,8229.0,0.11898027864241154,42,8229.0
15065.0,39,5600.0,74.66666666666667,2.76746528057597,39,7708.0,0.1274904750221059,39,7708.0
15070.0,44,5747.0,73.67948717948718,3.241847055941208,44,6845.0,0.11078753644349724,44,6845.0
15075.0,39,5867.0,75.21794871794872,3.4579698779732437,39,7036.0,0.16702897625443383,39,7036.0
15080.0,37,6017.0,82.42465753424658,3.2486728231414155,37,7199.0,0.14606406796141413,37,7199.0
15085.0,44,6222.0,77.775,3.709150429143365,44,7401.0,0.14658257443486117,44,7401.0
15090.0,53,6472.0,82.97435897435898,2.3204088756647265,53,7651.0,0.10543688727891926,53,7651.0
15095.0,61,6758.0,83.4320987654321,1.7991222428162137,61,7937.0,0.06574294025851407,61,7937.0
15100.0,68,7083.0,86.3780487804878,1.6045549194099074,68,8262.0,0.07014933413171187,68,8262.0
15105.0,72,7440.0,89.63855421686748,1.3647786793248518,72,8619.0,0.04941539797686571,72,8619.0
15110.0,74,7809.0,91.87058823529412,1.6542436694577047,74,8988.0,0.07097986131178811,74,8988.0
15115.0,69,7644.0,89.92941176470588,1.3344783286081447,69,9153.0,0.07280538909931687,69,9153.0
15120.0,63,7510.0,89.4047619047619,1.9413567463975898,63,9085.0,0.07190411389090916,63,9085.0
15125.0,60,7771.0,85.3956043956044,3.1426586391752505,60,9110.0,0.1392438332568288,60,9110.0
15130.0,59,8029.0,90.21348314606742,2.5415596648197525,59,9353.0,0.09133206533713616,59,9353.0
15135.0,64,8334.0,93.64044943820225,2.5398306647740783,64,9641.0,0.09596349985997796,64,9641.0
15140.0,67,8667.0,103.17857142857143,2.4937561729292774,67,9970.0,0.07520298811937985,67,9970.0
15145.0,69,9005.0,102.32954545454545,2.6600980728242054,69,10308.0,0.0686712647225055,69,10308.0
15150.0,69,9350.0,114.02439024390245,2.0136221460484016,69,10653.0,0.07311891466209504,69,10653.0
15155.0,65,9559.0,118.01234567901234,1.4338893518168112,65,10885.0,0.0716369095657515,65,10885.0
15160.0,61,9772.0,120.64197530864197,2.2965930307125424,61,11050.0,0.10877612722554311,61,11050.0
15165.0,64,10084.0,118.63529411764706,2.641098336044676,64,11268.0,0.0780146000348942,64,11268.0
15170.0,62,10354.0,123.26190476190476,2.408139070001212,62,11566.0,0.08319214566645101,62,11566.0
15175.0,61,10650.0,128.3132530120482,2.8593498380436264,61,11838.0,0.11026260060790564,61,11838.0
15180.0,61,10955.0,138.67088607594937,2.6470884162469255,61,12139.0,0.05778130475062742,61,12139.0
15185.0,58,11214.0,140.175,2.4593956353773487,58,12411.0,0.09978213791079889,58,12411.0
15190.0,62,11519.0,153.58666666666667,2.1035648716406787,62,12698.0,0.08261437367826566,62,12698.0
15195.0,62,11829.0,146.03703703703704,2.577898037295299,62,13008.0,0.11852125738854198,62,13008.0
15200.0,61,11406.0,148.12987012987014,1.8015603045378925,61,12720.0,0.08801278882718963,61,12720.0
15205.0,54,10613.0,131.02469135802468,2.606237978806503,54,12258.0,0.1256111526898116,54,12258.0
15210.0,49,9691.0,121.1375,3.494114503549163,49,11419.0,0.12994561424903298,49,11419.0
15215.0,44,8976.0,112.2,3.164032088976861,44,11633.0,0.14196793216986237,44,11633.0
15220.0,45,8622.0,114.96,2.5977353438126345,45,11857.0,0.13453373046767372,45,11857.0
15225.0,53,8871.0,110.8875,1.9469850087982805,53,12106.0,0.1007889777251837,53,12106.0
15230.0,58,8931.0,105.07058823529412,1.6606268025361406,58,12312.0,0.09624882878895402,58,12312.0
15235.0,57,8971.0,101.94318181818181,2.226885098731684,57,12420.0,0.08250305870768805,57,12420.0
15240.0,58,9195.0,101.04395604395604,2.554220812111288,58,12573.0,0.06740962997845594,58,12573.0
15245.0,63,9500.0,104.3956043956044,3.474498860505382,63,12792.0,0.12959443924502567,63,12792.0
15250.0,63,9815.0,115.47058823529412,3.1297824276941597,63,13054.0,0.10935617009203519,63,13054.0
15255.0,61,10077.0,121.40963855421687,1.9585644919750798,61,13328.0,0.06339358107963083,61,13328.0
15260.0,67,10403.0,125.33734939759036,1.9840351103442844,67,13642.0,0.07323680259060038,67,13642.0
15265.0,69,10747.0,127.94047619047619,2.0333849297813225,69,13986.0,0.08847274998832202,69,13986.0
15270.0,73,11104.0,132.1904761904762,1.3446745018861432,73,14343.0,0.07052028035115596,73,14343.0
15275.0,69,11361.0,136.87951807228916,0.8643795183336335,69,14665.0,0.036222879266996064,69,14665.0
15280.0,66,11605.0,131.875,2.2125768156983487,66,14930.0,0.09562420214939765,66,14930.0
15285.0,64,11915.0,136.95402298850576,2.772134865508128,64,15175.0,0.07103367624005105,64,15175.0
15290.0,63,12215.0,140.4022988505747,2.4430427612827406,63,15475.0,0.10732461472763088,63,15475.0
15295.0,69,12548.0,149.38095238095238,1.6037039559446886,69,15808.0,0.04258983441850438,69,15808.0
15300.0,74,12910.0,151.88235294117646,1.4270671491254365,74,16170.0,0.04113683856700788,74,16170.0
15305.0,69,8808.0,104.85714285714286,1.3497255175157885,69,14909.0,0.053907845954380064,69,14909.0
15310.0,63,4499.0,52.31395348837209,2.1458363208687627,63,12395.0,0.10034256348164294,63,12395.0
15315.0,59,3615.0,41.55172413793103,2.476543048172078,59,9487.0,0.0832904169663172,59,9487.0
15320.0,57,3746.0,42.08988764044944,2.921770349755255,57,9710.0,0.12626531477542952,57,9710.0
15325.0,56,3816.0,45.42857142857143,2.154852793287121,56,9869.0,0.05982406339309351,56,9869.0
15330.0,54,3996.0,47.01176470588236,3.350729565938203,54,10000.0,0.12359598870391168,54,10000.0
15335.0,54,4266.0,52.666666666666664,3.35817681668557,54,10178.0,0.10171374601753894,54,10178.0
15340.0,56,4541.0,54.71084337349398,4.10378033840601,56,10402.0,0.17658290465293977,56,10402.0
15345.0,51,4042.0,51.82051282051282,2.7953225579871366,51,10050.0,0.1033013228825572,51,10050.0
15350.0,51,3178.0,40.743589743589745,2.5390502939338457,51,9299.0,0.10889171763021598,51,9299.0
15355.0,46,2310.0,30.394736842105264,3.609979198520485,46,8051.0,0.13141450545794872,46,8051.0
15360.0,37,1317.0,17.56,3.0858734719360457,37,7393.0,0.14570834205660146,37,7393.0
15365.0,31,500.0,6.944444444444445,3.6264015071618396,31,6255.0,0.18590256576837383,31,6255.0
15370.0,40,677.0,8.679487179487179,3.4068141095676063,40,5545.0,0.1338663718582295,40,5545.0
15375.0,47,741.0,9.036585365853659,2.6588974545311768,47,5710.0,0.09558154546265507,47,5710.0
15380.0,47,779.0,9.5,2.846138939886144,47,5832.0,0.11355535472134365,47,5832.0
15385.0,50,979.0,11.939024390243903,2.9724426976277876,50,5939.0,0.08801549178526986,50,5939.0
15390.0,54,1240.0,15.5,3.7512220578534667,54,6134.0,0.1583896230305675,54,6134.0
15395.0,55,1511.0,19.623376623376622,3.5548374205575617,55,6375.0,0.11343332203090602,55,6375.0
15400.0,56,1790.0,23.866666666666667,3.4060289869778804,56,6654.0,0.0953040269439733,56,6654.0
15405.0,56,2070.0,29.154929577464788,2.363940517114029,56,6934.0,0.05987940294971057,56,6934.0
15410.0,52,1852.0,26.08450704225352,2.5322981419413146,52,7022.0,0.147038804638639,52,7022.0
15415.0,44,1681.0,24.014285714285716,2.6605184628382252,44,6950.0,0.13556608817176521,44,6950.0
15420.0,44,1880.0,26.11111111111111,3.5313262153265232,44,6863.0,0.13526327718494804,44,6863.0
15425.0,43,2067.0,28.315068493150687,2.9695893213143747,43,7070.0,0.12317609813924564,43,7070.0
15430.0,48,2293.0,33.231884057971016,2.9845361830415413,48,7276.0,0.11720433832883394,48,7276.0
15435.0,52,2544.0,35.83098591549296,3.4629507146446956,52,7527.0,0.09770784349458571,52,7527.0
15440.0,52,2804.0,41.850746268656714,2.6217381849199914,52,7787.0,0.06675649982071417,52,7787.0
15445.0,54,3069.0,46.5,2.338400711280335,54,8052.0,0.0965284528769041,54,8052.0
15450.0,54,3339.0,52.171875,2.022021771093729,54,8322.0,0.09487301880891177,54,8322.0
15455.0,49,3443.0,52.166666666666664,1.4252211053467798,49,8467.0,0.07275465776971833,49,8467.0
15460.0,46,3554.0,53.84848484848485,2.4985211592028165,46,8547.0,0.11847417142870088,46,8547.0
15465.0,48,3788.0,54.114285714285714,3.5165820204934377,48,8658.0,0.11659103965579999,48,8658.0
15470.0,45,3964.0,58.294117647058826,2.4686560816674286,45,8866.0,0.07378896655959977,45,8866.0
15475.0,46,4184.0,61.529411764705884,3.2775588535287294,46,9063.0,0.13770455744941001,46,9063.0
15480.0,46,4414.0,68.96875,3.266366213241364,46,9284.0,0.0830122961088292,46,9284.0
15485.0,48,4650.0,68.38235294117646,3.6277095533652943,48,9520.0,0.1272475010032112,48,9520.0
15490.0,48,4890.0,78.87096774193549,2.4661419774479536,48,9760.0,0.11061002565578151,48,9760.0
15495.0,45,5012.0,79.55555555555556,2.0082046526041135,45,9944.0,0.12352863725742448,45,9944.0
15500.0,48,5243.0,84.56451612903226,2.587227757358036,48,10111.0,0.11443061781139638,48,10111.0
15505.0,50,5486.0,80.67647058823529,3.1023006662319936,50,10350.0,0.10586572335249053,50,10350.0
15510.0,46,5675.0,88.671875,2.5827515128077088,46,10572.0,0.10311077831784578,46,10572.0
15515.0,44,5888.0,92.0,3.0991508054661034,44,10759.0,0.1310088894436537,44,10759.0
15520.0,46,6111.0,95.484375,3.677458477098076,46,10975.0,0.10621342974009451,46,10975.0
15525.0,46,6341.0,100.65079365079364,3.394840246651206,46,11205.0,0.11393886165735824,46,11205.0
15530.0,44,6548.0,107.34426229508196,2.9836177792087706,44,11412.0,0.11968900458060189,44,11412.0
15535.0,44,6768.0,112.8,2.9017333867375443,44,11632.0,0.13018557710526973,44,11632.0
15540.0,48,7000.0,120.6896551724138,2.1981358659208072,48,11864.0,0.08870237394844897,48,11864.0
15545.0,44,7208.0,118.1639344262295,2.2297564867133817,44,12082.0,0.11196937712834831,44,12082.0
15550.0,44,7428.0,123.8,3.0847838301130763,44,12292.0,0.12477183472968315,44,12292.0
15555.0,45,7649.0,115.89393939393939,3.8107259702198717,45,12513.0,0.16142509731390256,45,12513.0
15560.0,46,7879.0,129.1639344262295,3.075247702262882,46,12743.0,0.13434480170598972,46,12743.0
15565.0,45,8089.0,128.3968253968254,2.850285646137946,45,12953.0,0.16472465763322972,45,12953.0
15570.0,49,8325.0,138.75,2.1413143032103963,49,13189.0,0.10205711417284746,49,13189.0
15575.0,50,8575.0,138.30645161290323,1.9896775917764526,50,13439.0,0.07457582020525538,50,13439.0
15580.0,48,7526.0,119.46031746031746,2.199293668555109,48,12759.0,0.1086630634783564,48,12759.0
15585.0,38,5594.0,87.40625,3.06832663221573,38,11145.0,0.12838057850256404,38,11145.0
15590.0,34,3862.0,58.515151515151516,4.133542335165635,34,8600.0,0.1658082424717805,34,8600.0
15595.0,24,2183.0,34.109375,3.888571900599641,24,8693.0,0.1866606103223153,24,8693.0
15600.0,18,1141.0,18.704918032786885,4.418091696048296,18,8706.0,0.22672802112107088,18,8706.0
15605.0,25,1252.0,18.96969696969697,4.920813574059207,25,8741.0,0.22322839052707064,25,8741.0
15610.0,30,1344.0,20.363636363636363,3.31680927185939,30,8845.0,0.14690322237220574,30,8845.0
15615.0,42,1530.0,23.181818181818183,2.1251172009727997,42,9019.0,0.05464324650988064,42,9019.0
15620.0,53,1774.0,25.34285714285714,2.1594684512509947,53,9263.0,0.08582272462848484,53,9263.0
15625.0,52,1975.0,28.214285714285715,1.6763609485772994,52,9503.0,0.088862514347892,52,9503.0
15630.0,48,2160.0,30.0,2.854548748042192,48,9691.0,0.1413059834251412,48,9691.0
15635.0,48,2400.0,33.333333333333336,3.233914043434444,48,9882.0,0.09271273376734299,48,9882.0
15640.0,52,2652.0,35.83783783783784,3.89640232893705,52,10128.0,0.14819148882928285,52,10128.0
15645.0,52,2912.0,43.46268656716418,2.808056328527922,52,10388.0,0.08845739643782395,52,10388.0
15650.0,49,3101.0,45.60294117647059,2.362545427196443,49,10597.0,0.09936017197867231,49,10597.0
15655.0,51,3354.0,51.6,2.6212036196839756,51,10830.0,0.0975673511375006,51,10830.0
15660.0,52,3610.0,53.88059701492537,2.573273271434454,52,11086.0,0.08430681003856372,52,11086.0
15665.0,49,3825.0,58.84615384615385,2.153881250359218,49,11318.0,0.09491937392962983,49,11318.0
15670.0,48,4060.0,62.46153846153846,2.4789971287744406,48,11541.0,0.11784089790297608,48,11541.0
15675.0,49,4301.0,64.19402985074628,3.192720235801715,49,11777.0,0.10046058332178934,49,11777.0
15680.0,44,4046.0,59.5,2.8362444077418054,44,10945.0,0.11226108208985096,44,10945.0
15685.0,39,3536.0,55.25,3.4004980228891677,39,9071.0,0.14712375818494555,39,9071.0
15690.0,34,3012.0,45.63636363636363,4.118349838603481,34,7179.0,0.1568404387987838,34,7179.0
15695.0,25,2427.0,39.78688524590164,3.721066378858382,25,7292.0,0.17783170146750865,25,7292.0
15700.0,26,2175.0,33.46153846153846,4.476268090897175,26,7407.0,0.2231531301872827,26,7407.0
15705.0,35,2333.0,36.453125,3.00607713950854,35,7565.0,0.14470089890287816,35,7565.0
15710.0,43,2386.0,33.605633802816904,2.402663179658442,43,7712.0,0.13216690522222463,43,7712.0
15715.0,39,2477.0,34.40277777777778,2.5829685980869224,39,7820.0,0.10795435689300807,39,7820.0
15720.0,48,2696.0,35.01298701298701,3.2439345587869077,48,7953.0,0.10624781967023593,48,7953.0
15725.0,53,2954.0,39.38666666666666,3.860868007593202,53,8187.0,0.1289160633406264,53,8187.0
15730.0,53,3219.0,44.0958904109589,3.2688559311080407,53,8452.0,0.11540044164312305,53,8452.0
15735.0,50,3427.0,49.666666666666664,2.558641093611995,50,8675.0,0.1020771252768289,50,8675.0
15740.0,52,3687.0,53.43478260869565,2.873060468179339,52,8920.0,0.12424486167711496,52,8920.0
15745.0,56,3956.0,57.333333333333336,2.5978019841206828,56,9189.0,0.09066775430963551,56,9189.0
15750.0,51,3910.0,57.5,1.8302530360973885,51,8530.0,0.09805746193258251,51,8530.0
15755.0,44,3656.0,55.39393939393939,2.556788146982807,44,7398.0,0.12278572414657521,44,7398.0
15760.0,37,3478.0,49.68571428571428,3.965413144350459,37,5571.0,0.1368477428877765,37,5571.0
15765.0,30,3146.0,46.95522388059702,3.781703819724857,30,5688.0,0.1905903375943616,30,5688.0
15770.0,23,2909.0,42.779411764705884,4.1452484484701335,23,5725.0,0.22613200193818664,23,5725.0
15775.0,31,3049.0,42.34722222222222,4.646285258573106,31,5792.0,0.2259122983430063,31,5792.0
15780.0,38,3222.0,43.54054054054054,3.8551075540154645,38,5953.0,0.16797808896813474,38,5953.0
15785.0,49,3445.0,46.554054054054056,3.07254430785261,49,6176.0,0.09143905193494692,49,6176.0
15790.0,53,3700.0,52.11267605633803,2.0887357643072866,53,6431.0,0.07362578449547216,53,6431.0
15795.0,60,3989.0,55.40277777777778,2.0878997972772555,60,6720.0,0.0998457243437236,60,6720.0
15800.0,60,4289.0,61.27142857142857,1.6249064169282255,60,7020.0,0.07636608818584063,60,7020.0
15805.0,56,4384.0,58.45333333333333,1.8284706385967404,56,7228.0,0.09531313153849304,56,7228.0
15810.0,56,4628.0,64.27777777777777,2.2496259382000523,56,7393.0,0.09942677418828987,56,7393.0
15815.0,59,4916.0,64.6842105263158,2.5567035942878187,59,7647.0,0.057341494469284056,59,7647.0
15820.0,54,5143.0,68.57333333333334,2.2931907755311585,54,7910.0,0.07597220672739412,54,7910.0
15825.0,52,5392.0,72.86486486486487,3.1138931769231184,52,8134.0,0.13259767140242953,52,8134.0
15830.0,52,5652.0,78.5,3.0618676977142747,52,8383.0,0.09068600194654212,52,8383.0
15835.0,49,5500.0,76.38888888888889,2.825864398259833,49,7828.0,0.09811176683129572,49,7828.0
15840.0,42,5136.0,77.81818181818181,2.9587303222715233,42,7284.0,0.11159024294905212,42,7284.0
15845.0,36,4751.0,66.91549295774648,4.202026879554755,36,6530.0,0.18716805785831897,36,6530.0
15850.0,25,4363.0,66.10606060606061,3.7191423842238422,25,6473.0,0.18378730425859358,25,6473.0
15855.0,28,4128.0,60.705882352941174,4.275706712493683,28,6577.0,0.22063827321676577,28,6577.0
15860.0,34,4288.0,63.05882352941177,4.113933721260821,34,6737.0,0.18250782535321525,34,6737.0
15865.0,40,4479.0,60.527027027027025,3.239231046178129,40,6928.0,0.1246322313112754,40,6928.0
15870.0,44,4602.0,65.74285714285715,2.253269812870424,44,6739.0,0.10881439107606737,44,6739.0
15875.0,40,4672.0,63.13513513513514,2.613244106941165,40,6444.0,0.1116972768325151,40,6444.0
15880.0,44,4797.0,64.82432432432432,3.7814707301159918,44,5928.0,0.15037958436815574,44,5928.0
15885.0,33,4869.0,66.6986301369863,3.293463049350128,33,6102.0,0.1613334121991066,33,6102.0
15890.0,35,4991.0,70.29577464788733,3.8526076656066426,35,6258.0,0.18332320361387605,35,6258.0
15895.0,41,5183.0,68.19736842105263,3.787120319725448,41,6450.0,0.16996178628534306,41,6450.0
15900.0,49,5408.0,74.08219178082192,2.360947265690308,49,6675.0,0.08582547177362226,49,6675.0
15905.0,56,5675.0,71.83544303797468,2.2678153240643826,56,6942.0,0.09908040430059814,56,6942.0
15910.0,63,5975.0,77.59740259740259,1.3549830384855701,63,7243.0,0.051418647014942344,63,7243.0
15915.0,69,6309.0,74.2235294117647,2.218761520232002,69,7578.0,0.11905698778000696,69,7578.0
15920.0,70,6659.0,81.20731707317073,1.3838912866183488,70,7928.0,0.055209155482266487,70,7928.0
15925.0,68,6528.0,74.18181818181819,2.093240657864053,68,8101.0,0.10526215720362003,68,8101.0
15930.0,61,6467.0,76.98809523809524,2.0917739221676337,61,8114.0,0.0976610483804578,61,8114.0
15935.0,60,6728.0,78.23255813953489,2.828244646403537,60,8116.0,0.09557117179839883,60,8116.0
15940.0,64,7038.0,81.83720930232558,3.089780182542494,64,8317.0,0.11294418852821131,64,8317.0
15945.0,60,7278.0,86.64285714285714,2.4260883790194803,60,8588.0,0.07667862503674033,60,8588.0
15950.0,60,7558.0,91.06024096385542,2.987201843160666,60,8836.0,0.10327118835793024,60,8836.0
15955.0,60,7858.0,98.225,3.240722178338031,60,9127.0,0.1028304949234849,60,9127.0
15960.0,54,7711.0,98.85897435897436,2.48510980805285,54,9029.0,0.07020454354869575,54,9029.0
15965.0,50,7348.0,96.6842105263158,2.9968556015285484,50,8699.0,0.13240302430715176,50,8699.0
15970.0,44,6912.0,92.16,3.416889185357319,44,8082.0,0.124299387262515,44,8082.0
15975.0,35,6599.0,90.3972602739726,3.409857929131565,35,8260.0,0.16015078565597615,35,8260.0
15980.0,33,6372.0,87.28767123287672,3.9482285756956377,33,8391.0,0.19593360832917558,33,8391.0
15985.0,43,6564.0,85.24675324675324,3.784945509323466,43,8575.0,0.17300046327967653,43,8575.0
15990.0,48,6793.0,83.8641975308642,3.3277921423677608,48,8805.0,0.1427674847856783,48,8805.0
15995.0,58,7061.0,89.37974683544304,1.8856582916142781,58,9073.0,0.0594737898374535,58,9073.0
16000.0,66,7375.0,89.9390243902439,1.830599310515813,66,9389.0,0.07280677808151563,66,9389.0
16005.0,70,7720.0,96.5,1.3316756951880548,70,9734.0,0.05597475580243145,70,9734.0
16010.0,66,7724.0,94.1951219512195,1.4742943781321745,66,9953.0,0.0889499210415561,66,9953.0
16015.0,61,7855.0,95.79268292682927,2.3343556810102704,61,10048.0,0.10048146070428779,61,10048.0
16020.0,61,8160.0,96.0,2.8852098538545388,61,10188.0,0.08894559293684785,61,10188.0
16025.0,62,4912.0,59.18072289156626,2.2313332169202216,62,9169.0,0.07225958907957407,62,9169.0
16030.0,56,2005.0,24.753086419753085,2.449897033738935,56,7196.0,0.09900643228332433,56,7196.0
16035.0,55,1981.0,24.45679012345679,3.114069922957756,55,5128.0,0.1085416731693814,55,5128.0
16040.0,54,2126.0,26.246913580246915,2.550335698612055,54,5352.0,0.10067091912296994,54,5352.0
16045.0,52,2299.0,29.474358974358974,2.3518754949738643,52,5536.0,0.08287768446716073,52,5536.0
16050.0,54,2568.0,32.50632911392405,3.508514136024823,54,5730.0,0.13298338762945622,54,5730.0
16055.0,56,2841.0,37.88,3.2027669811115347,56,5988.0,0.08890992263776111,56,5988.0
16060.0,52,2615.0,34.4078947368421,3.0324573482720467,52,5811.0,0.13253524053207738,52,5811.0
16065.0,45,2052.0,28.5,2.860899323849775,45,5409.0,0.11565461717184855,45,5409.0
16070.0,43,1649.0,21.986666666666668,3.7828051020590245,43,4688.0,0.14927822167206423,43,4688.0
16075.0,32,1084.0,15.267605633802816,3.4660109080935864,32,4848.0,0.16348893649037,32,4848.0
16080.0,32,835.0,11.928571428571429,3.8665032278207327,32,4953.0,0.1810284829603611,32,4953.0
16085.0,37,1010.0,13.835616438356164,4.245104051188974,37,5112.0,0.17273723031366428,37,5112.0
16090.0,44,1219.0,16.253333333333334,3.192623818710128,44,5321.0,0.11444847119256737,44,5321.0
16095.0,45,1349.0,17.986666666666668,2.6943431819415875,45,5208.0,0.10731031602921548,45,5208.0
16100.0,44,1423.0,18.243589743589745,3.2477573823384143,44,4623.0,0.12583614171007762,44,4623.0
16105.0,44,1537.0,20.223684210526315,3.8540564922434073,44,4063.0,0.15404639184692603,44,4063.0
16110.0,33,1611.0,21.48,3.3686908601827,33,4241.0,0.17269181495451275,33,4241.0
16115.0,38,1760.0,24.444444444444443,3.5053905555261817,38,4412.0,0.15232585250556943,38,4412.0
16120.0,46,1973.0,25.960526315789473,3.420293939034502,46,4625.0,0.13112016745552393,46,4625.0
16125.0,51,2214.0,28.753246753246753,2.378980420333939,51,4871.0,0.08936742248713384,51,4871.0
16130.0,60,2497.0,30.451219512195124,2.3656966289290198,60,5154.0,0.11945097223486212,60,5154.0
16135.0,67,2815.0,34.329268292682926,1.6202749009047313,67,5474.0,0.07525813085929069,67,5474.0
16140.0,73,3172.0,37.76190476190476,1.5925131483783244,73,5831.0,0.04964586683298327,73,5831.0
16145.0,74,3541.0,41.65882352941176,1.4704261332867168,74,6200.0,0.05589387832617815,74,6200.0
16150.0,70,3677.0,44.30120481927711,1.2651759364959343,70,6177.0,0.0496392942979575,70,6177.0
16155.0,63,3646.0,41.9080459770115,2.3320377485089834,63,5991.0,0.10239617182549907,63,5991.0
16160.0,58,3680.0,42.7906976744186,2.7468973298405044,58,5545.0,0.07988068984514984,58,5545.0
16165.0,49,3623.0,41.64367816091954,2.7736238982774752,49,5790.0,0.13733356678286726,49,5790.0
16170.0,49,3697.0,44.01190476190476,2.7834695464832735,49,6003.0,0.12197729541921438,49,6003.0
16175.0,55,3958.0,44.97727272727273,3.091687351258393,55,6262.0,0.1235639103507886,55,6262.0
16180.0,61,4250.0,47.22222222222222,2.2000849453763505,61,6554.0,0.0778525371709568,61,6554.0
16185.0,70,4583.0,50.362637362637365,1.6260339791238176,70,6887.0,0.050653526227938755,70,6887.0
16190.0,77,4956.0,53.29032258064516,1.4147190331301047,77,7260.0,0.056362774802176545,77,7260.0
16195.0,84,5362.0,57.04255319148936,1.2762868956191973,84,7667.0,0.039558521877913706,84,7667.0
16200.0,84,5782.0,62.84782608695652,1.1561680369905083,84,8087.0,0.042487518034781166,84,8087.0
16205.0,81,5138.0,53.520833333333336,1.1180456943321937,81,8127.0,0.07430680396330955,81,8127.0
16210.0,75,4235.0,44.114583333333336,1.5612086896474988,75,7812.0,0.06325121820773387,75,7812.0
16215.0,70,3725.0,36.51960784313726,2.27031258839086,70,7405.0,0.07987378309446164,70,7405.0
16220.0,62,3583.0,36.19191919191919,2.466971796349014,62,7578.0,0.10674469225904143,62,7578.0
16225.0,60,3762.0,38.38775510204081,2.663493963636544,60,7836.0,0.12115934846287012,60,7836.0
16230.0,64,4072.0,42.416666666666664,2.537435084691723,64,8138.0,0.07940234121519574,64,8138.0
16235.0,71,4412.0,46.44210526315789,1.9734691731791982,71,8479.0,0.07535945610779869,71,8479.0
16240.0,79,4788.0,51.483870967741936,1.5545904458796147,79,8856.0,0.05466809904137986,79,8856.0
16245.0,82,5192.0,55.234042553191486,1.576383513648996,82,9260.0,0.060318680782717224,82,9260.0
16250.0,82,5602.0,59.59574468085106,1.6101572841534422,82,9670.0,0.06274829641142786,82,9670.0
16255.0,84,6015.0,62.65625,1.5713403802237675,84,10083.0,0.04778222106036591,84,10083.0
16260.0,78,5867.0,63.77173913043478,1.345892569868098,78,10061.0,0.04889240627194303,78,10061.0
16265.0,68,5337.0,55.59375,2.1102052721209135,68,9876.0,0.0895446996706739,68,9876.0
16270.0,65,4980.0,52.97872340425532,2.8016303003337457,65,9421.0,0.08998807373871476,65,9421.0
16275.0,55,4480.0,46.18556701030928,3.0216052409309166,55,9705.0,0.15692077259952167,55,9705.0
16280.0,58,4334.0,47.108695652173914,2.6663947928337035,58,9974.0,0.12820304042927658,58,9974.0
16285.0,66,4647.0,46.47,2.519307629743619,66,10287.0,0.10404776430090679,66,10287.0
16290.0,75,5005.0,50.05,1.745033373111105,75,10645.0,0.06174593365747041,75,10645.0
16295.0,80,5399.0,53.99,1.3347828259098358,80,11039.0,0.056018623391544585,80,11039.0
16300.0,87,5822.0,57.07843137254902,1.22857149399077,87,11462.0,0.0392511801739371,87,11462.0
16305.0,92,6274.0,61.509803921568626,1.2613854020541575,92,11914.0,0.05008460203514917,92,11914.0
16310.0,92,6734.0,67.34,0.9788778876524893,92,12374.0,0.03853116664686689,92,12374.0
16315.0,86,6630.0,65.0,1.418417228456308,86,12377.0,0.06297244230575554,86,12377.0
16320.0,78,6147.0,60.86138613861386,1.6926423603765277,78,11960.0,0.06879321398307953,78,11960.0
16325.0,72,5832.0,57.1764705882353,2.530214892751126,72,11264.0,0.08592560667751944,72,11264.0
16330.0,62,5334.0,53.34,2.3998266658735954,62,11578.0,0.10338056454036568,62,11578.0
16335.0,62,5434.0,57.2,2.348454641780749,62,11856.0,0.10431192499825248,62,11856.0
16340.0,67,5758.0,57.58,2.5514580092227557,67,12177.0,0.0799067364408393,67,12177.0
16345.0,72,6108.0,59.88235294117647,2.1067968355534976,72,12527.0,0.08791021017899113,72,12527.0
16350.0,80,6492.0,63.64705882352941,1.5548961575526397,80,12911.0,0.06098533661634947,80,12911.0
16355.0,90,6920.0,69.2,1.0668037165383661,90,13339.0,0.03978176723190602,90,13339.0
16360.0,94,7380.0,71.6504854368932,1.121933595298341,94,13799.0,0.03770444570870235,94,13799.0
16365.0,88,7314.0,71.70588235294117,1.2040945340407838,88,13821.0,0.042856122132494213,88,13821.0
16370.0,80,6880.0,67.45098039215686,1.5745974752876222,80,13410.0,0.06335662350539734,80,13410.0
16375.0,74,6598.0,64.68627450980392,2.5089501782912396,74,12574.0,0.07475532753620152,74,12574.0
16380.0,62,6089.0,60.28712871287129,2.2767558454144803,62,12890.0,0.10049384754459069,62,12890.0
16385.0,63,6083.0,63.364583333333336,2.3539207663190287,63,13184.0,0.1041031305927933,63,13184.0
16390.0,69,6414.0,62.88235294117647,2.6400034726426114,69,13514.0,0.08928804105275294,69,13514.0
16395.0,69,6389.0,64.53535353535354,1.92854682130486,69,13425.0,0.07368491572468203,69,13425.0
16400.0,66,6131.0,60.1078431372549,1.8662264072996888,66,12952.0,0.077606510404658,66,12952.0
16405.0,69,6020.0,59.01960784313726,2.2862330156869954,69,12250.0,0.0805136548185807,69,12250.0
16410.0,63,5871.0,57.55882352941177,2.466894985481599,63,12566.0,0.11607647559998599,63,12566.0
16415.0,64,5854.0,59.734693877551024,2.593950959345566,64,12866.0,0.10852080719789119,64,12866.0
16420.0,69,6188.0,59.5,2.837142151762888,69,13201.0,0.11355881937053018,69,13201.0
16425.0,77,6556.0,63.03846153846154,1.8069589470159046,77,13569.0,0.06229465285183594,77,13569.0
16430.0,86,6968.0,66.36190476190477,1.354192019681368,86,13981.0,0.049055901262479835,86,13981.0
16435.0,92,7412.0,71.26923076923077,1.00554390688698,92,14426.0,0.03603688324432035,92,14426.0
16440.0,96,7883.0,75.07619047619048,1.088402613696297,96,14898.0,0.050330640051228705,96,14898.0
16445.0,96,8363.0,80.41346153846153,1.0589114097494328,96,15378.0,0.03654906156810408,96,15378.0
16450.0,90,8605.0,79.67592592592592,1.3111522159600275,90,15463.0,0.05242164184456738,90,15463.0
16455.0,85,8726.0,83.90384615384616,1.4663021436549084,85,15174.0,0.05924486146058037,85,15174.0
16460.0,77,8826.0,81.72222222222223,2.4347296111221906,77,14642.0,0.08811467035060495,77,14642.0
16465.0,68,8857.0,85.16346153846153,2.234104379203216,68,14978.0,0.0970994198229924,68,14978.0
16470.0,66,9029.0,86.8173076923077,2.7456084021858493,66,15277.0,0.12365044748118921,66,15277.0
16475.0,71,9375.0,90.14423076923077,2.57354179282086,71,15619.0,0.0823555932265003,71,15619.0
16480.0,78,9754.0,93.78846153846153,1.9105418414722641,78,15999.0,0.059565512017478894,78,15999.0
16485.0,84,10163.0,99.63725490196079,1.309561628878983,84,16408.0,0.040599443666148614,84,16408.0
16490.0,92,10612.0,101.06666666666666,1.5062356971733142,92,16857.0,0.07522022899614461,92,16857.0
16495.0,88,10895.0,104.75961538461539,1.1632306366602811,88,16985.0,0.0487893489212059,88,16985.0
16500.0,81,11069.0,104.4245283018868,2.0148109137579895,81,16937.0,0.07560749070593573,81,16937.0
16505.0,78,11278.0,105.40186915887851,2.5087237177332593,78,16639.0,0.08774328200459691,78,16639.0
16510.0,68,11419.0,110.86407766990291,2.0993583622303964,68,16985.0,0.08291724971252235,68,16985.0
16515.0,69,11676.0,113.35922330097087,2.5901236578738764,69,17304.0,0.10315186479160897,69,17304.0
16520.0,75,12042.0,119.22772277227723,2.0846535028077766,75,17670.0,0.0703556245030032,75,17670.0
16525.0,81,12434.0,121.90196078431373,1.7736449111762642,81,18062.0,0.06008644910289349,81,18062.0
16530.0,82,11964.0,122.08163265306122,1.2477392722503402,82,17777.0,0.046472154438300245,82,17777.0
16535.0,75,10912.0,110.22222222222223,1.611798933794538,75,16896.0,0.062418181574378014,75,16896.0
16540.0,70,10139.0,101.39,2.58212151785803,70,15692.0,0.09486919163532369,70,15692.0
16545.0,61,9176.0,91.76,2.518172580262805,61,15692.0,0.10815495233500623,61,15692.0
16550.0,62,8785.0,91.51041666666667,2.4007949142049214,62,15983.0,0.11279824626330508,62,15983.0
16555.0,69,9112.0,89.33333333333333,2.597702612818761,69,16310.0,0.08421663963432861,69,16310.0
16560.0,75,9477.0,93.83168316831683,1.8542908511257816,75,16675.0,0.06320783476896656,75,16675.0
16565.0,83,9874.0,93.15094339622641,1.484491862003965,83,17073.0,0.05561203085588306,83,17073.0
16570.0,93,10317.0,97.33018867924528,1.0097169208612942,93,17517.0,0.03658184562288566,93,17517.0
16575.0,99,10798.0,99.06422018348624,1.0021959800424207,99,17999.0,0.03865538146598061,99,17999.0
16580.0,95,8066.0,74.68518518518519,1.0115747044660885,95,16915.0,0.03966953119523955,95,16915.0
16585.0,85,4178.0,37.981818181818184,1.6215964991092555,85,14637.0,0.06389368162211242,85,14637.0
16590.0,81,3584.0,32.88073394495413,2.34300869536308,81,11986.0,0.07738912320818468,81,11986.0
16595.0,79,3698.0,33.61818181818182,2.137901525989498,79,11667.0,0.0834516836527351,79,11667.0
16600.0,77,3639.0,34.99038461538461,1.909110900846355,77,10970.0,0.06843350743980088,77,10970.0
16605.0,75,3682.0,35.06666666666667,2.4946671301147014,75,9746.0,0.08172126827699579,75,9746.0
16610.0,63,3493.0,34.584158415841586,2.2355255803267116,63,10039.0,0.08680507692345392,63,10039.0
16615.0,59,3556.0,35.91919191919192,2.4875794133200224,59,10240.0,0.11807451141025618,59,10240.0
16620.0,64,3863.0,38.24752475247525,2.814797492772296,64,10498.0,0.10686440964021693,64,10498.0
16625.0,71,4205.0,40.43269230769231,2.7215027440052375,71,10827.0,0.09714595707480457,71,10827.0
16630.0,78,4583.0,45.37623762376238,1.943195620463932,78,11205.0,0.04295084898793985,78,11205.0
16635.0,79,4245.0,41.213592233009706,1.8991314315025192,79,11140.0,0.0874086770303587,79,11140.0
16640.0,75,3421.0,34.55555555555556,1.9747383681535997,75,10814.0,0.0829688276003612,75,10814.0
16645.0,71,2835.0,27.524271844660195,2.6045328787025004,71,10133.0,0.08968824420782819,71,10133.0
16650.0,61,2104.0,21.46938775510204,2.38691614853426,61,10441.0,0.10269202503109329,61,10441.0
16655.0,60,1967.0,20.489583333333332,2.8867244017300173,60,10705.0,0.1179191171495083,60,10705.0
16660.0,66,2285.0,23.316326530612244,2.7821121369741353,66,11020.0,0.0870239665088563,66,11020.0
16665.0,73,2635.0,27.164948453608247,1.7405604300782689,73,11371.0,0.07059532372275962,73,11371.0
16670.0,79,3020.0,30.816326530612244,1.3487290583261453,79,11756.0,0.0442332158189411,79,11756.0
16675.0,86,3440.0,34.4,1.3271236366308923,86,12178.0,0.059581453749357006,86,12178.0
16680.0,90,3887.0,39.66326530612245,1.0415061133148975,90,12625.0,0.03796866227949518,90,12625.0
16685.0,90,4337.0,43.37,1.3283667426475279,90,13075.0,0.05016962807526412,90,13075.0
16690.0,85,4551.0,46.43877551020408,1.0022469365845001,85,13094.0,0.04627819323818179,85,13094.0
16695.0,76,4602.0,46.95918367346939,1.6872969649178489,76,12785.0,0.05704895319384339,76,12785.0
16700.0,71,4696.0,46.96,2.5324325774921594,71,12096.0,0.08039513154834875,71,12096.0
16705.0,59,4719.0,48.1530612244898,2.5924658280747805,59,12396.0,0.11013737041280797,59,12396.0
16710.0,59,4824.0,49.7319587628866,2.8912321206610603,59,12669.0,0.13917944585537778,59,12669.0
16715.0,69,5147.0,52.52040816326531,2.557049434383443,69,12992.0,0.09462622390481208,69,12992.0
16720.0,74,5503.0,54.48514851485149,1.9621689274594039,74,13348.0,0.06666117298373374,74,13348.0
16725.0,79,5889.0,60.09183673469388,1.1469051257703704,79,13735.0,0.0479778687921296,79,13735.0
16730.0,84,6168.0,61.06930693069307,0.8696980494402613,84,13781.0,0.04692733315044432,84,13781.0
16735.0,80,6378.0,63.78,1.5617513555219689,80,13502.0,0.06294859152742827,80,13502.0
16740.0,74,6622.0,63.67307692307692,2.514321583641746,74,12979.0,0.08274791665685201,74,12979.0
16745.0,63,6762.0,68.3030303030303,2.2124274038333724,63,13294.0,0.0950053664229016,63,13294.0
16750.0,63,6984.0,70.54545454545455,2.5899865578993873,63,13555.0,0.10908974791645715,63,13555.0
16755.0,68,7315.0,73.15,2.528540897173664,68,13886.0,0.0820869624645354,68,13886.0
16760.0,75,7676.0,76.76,2.050272251214873,75,14247.0,0.06560567139584039,75,14247.0
16765.0,74,7947.0,81.09183673469387,1.770061857593304,74,14330.0,0.06542889382484848,74,14330.0
16770.0,72,8160.0,81.6,2.066402304933035,72,14426.0,0.0708349888985018,72,14426.0
16775.0,67,8400.0,87.5,2.6954015906789652,67,14386.0,0.09871090480039912,67,14386.0
16780.0,58,8586.0,85.86,2.777147517090526,58,14675.0,0.13603290455649,58,14675.0
16785.0,62,8874.0,93.41052631578947,2.56216194661774,62,14961.0,0.1146041696283082,62,14961.0
16790.0,71,9213.0,94.01020408163265,2.611950828614302,71,15300.0,0.08659169675000203,71,15300.0
16795.0,77,9586.0,101.97872340425532,1.6746448806872578,77,15673.0,0.04518068240195301,77,15673.0
16800.0,82,9990.0,106.27659574468085,1.5613662114812228,82,16077.0,0.05024942680824523,82,16077.0
16805.0,76,9232.0,100.34782608695652,1.4470184069163385,76,15562.0,0.05828569813120996,76,15562.0
16810.0,68,7689.0,81.79787234042553,2.400241145887134,68,14041.0,0.1021959897385381,68,14041.0
16815.0,63,6503.0,69.18085106382979,3.0788107296268277,63,12505.0,0.11719070142940907,63,12505.0
16820.0,54,5087.0,54.11702127659574,2.9734275595794943,54,12413.0,0.12946047615518794,54,12413.0
16825.0,54,4422.0,48.59340659340659,3.1997591064269266,54,12673.0,0.1424800789572048,54,12673.0
16830.0,63,4717.0,49.65263157894737,2.8107311110947237,63,12969.0,0.11174690759599033,63,12969.0
16835.0,70,5056.0,53.787234042553195,1.9230990655562377,70,13308.0,0.07100196584948573,70,13308.0
16840.0,75,5421.0,55.88659793814433,1.4197987047135694,75,13673.0,0.0523229058895745,75,13673.0
16845.0,84,5825.0,59.43877551020408,1.074567833411881,84,14077.0,0.04028006373545904,84,14077.0
16850.0,90,6265.0,60.24038461538461,1.6476760205591012,90,14518.0,0.07508421891893373,90,14518.0
16855.0,92,6722.0,65.90196078431373,1.2463927250612414,92,14975.0,0.05353197026573697,92,14975.0
16860.0,93,7185.0,69.08653846153847,1.3263568831348265,93,15438.0,0.039988514995827056,93,15438.0
16865.0,96,7660.0,72.95238095238095,1.1787379656781916,96,15913.0,0.03672728658565016,96,15913.0
16870.0,90,7848.0,76.19417475728156,1.0138524329297294,90,15687.0,0.03488871819552802,90,15687.0
16875.0,83,7830.0,75.28846153846153,1.5800828657462207,83,14737.0,0.057987595671186325,83,14737.0
16880.0,75,7847.0,76.18446601941747,2.44855478582494,75,13771.0,0.08795321350378331,75,13771.0
16885.0,65,7839.0,76.10679611650485,2.4982999111044406,65,13866.0,0.10874673625629724,65,13866.0
16890.0,65,7963.0,81.25510204081633,2.5499250712625274,65,14169.0,0.10298250826519223,65,14169.0
16895.0,71,8305.0,80.63106796116504,2.4784086506385465,71,14512.0,0.07659634487422977,71,14512.0
16900.0,76,8677.0,84.24271844660194,1.8367029470584917,76,14884.0,0.0648841667191828,76,14884.0
16905.0,84,9078.0,88.13592233009709,1.272423799888256,84,15285.0,0.05016589558984416,84,15285.0
16910.0,91,9515.0,91.49038461538461,1.0116949640245045,91,15722.0,0.03908286024266057,91,15722.0
16915.0,96,9979.0,94.14150943396227,1.1349194921789698,96,16188.0,0.0353714586803456,96,16188.0
16920.0,90,10252.0,98.57692307692308,1.119587131573024,90,16087.0,0.04503068074466128,90,16087.0
16925.0,81,10383.0,97.03738317757009,1.9766145517282934,81,15458.0,0.09918692558389475,81,15458.0
16930.0,78,10562.0,99.64150943396227,2.4074872670065735,78,14490.0,0.07671324813463531,78,14490.0
16935.0,66,9752.0,91.14018691588785,2.437125063691658,66,14414.0,0.1018887573431728,66,14414.0
16940.0,59,8469.0,84.69,2.3406551902442585,59,13998.0,0.10949592312965493,59,13998.0
16945.0,61,7580.0,72.19047619047619,2.8380939361676565,61,13231.0,0.11377688663907888,61,13231.0
16950.0,56,6686.0,63.67619047619048,2.4166782973063605,56,13477.0,0.11073201090760293,56,13477.0
16955.0,55,6296.0,58.2962962962963,2.477067071538679,55,13676.0,0.11607110779111458,55,13676.0
16960.0,69,6617.0,60.706422018348626,2.5409147638127476,69,13936.0,0.09494545497468936,69,13936.0
16965.0,80,6997.0,61.37719298245614,2.5483782978045326,80,14315.0,0.08991862144186892,80,14315.0
16970.0,86,7417.0,67.42727272727272,1.7333422810132568,86,14735.0,0.04638701386571012,86,14735.0
16975.0,93,7867.0,70.87387387387388,1.4215686683760125,93,15187.0,0.051236270978952184,93,15187.0
16980.0,93,8084.0,75.55140186915888,1.1219593281859506,93,15246.0,0.044044149627539185,93,15246.0
16985.0,83,8121.0,73.82727272727273,1.9179714116412883,83,15244.0,0.07667879344548872,83,15244.0
16990.0,78,8222.0,76.8411214953271,2.4159082646256977,78,15011.0,0.08104693223238993,78,15011.0
16995.0,67,8224.0,75.44954128440367,2.7112166264751423,67,15352.0,0.13378679465429047,67,15352.0
17000.0,69,8385.0,82.20588235294117,2.2470956671012474,69,15667.0,0.1075612311387776,69,15667.0
17005.0,76,8753.0,80.30275229357798,2.4699170121161513,76,16035.0,0.10319601539235865,76,16035.0
17010.0,83,9156.0,84.0,1.7769560604137618,83,16438.0,0.05773566899035134,83,16438.0
17015.0,88,9590.0,88.79629629629629,1.3103941479762893,88,16874.0,0.043990944101387985,88,16874.0
17020.0,96,10056.0,92.25688073394495,1.0668034002859172,96,17340.0,0.035815407169873956,96,17340.0
17025.0,94,10106.0,93.57407407407408,1.125057788771966,94,17326.0,0.05732029216452497,94,17326.0
17030.0,87,9852.0,91.22222222222223,1.433145629513407,87,16843.0,0.06257500944843647,87,16843.0
17035.0,80,9725.0,88.4090909090909,2.2243201591376907,80,15896.0,0.07602446615780006,80,15896.0
17040.0,71,9469.0,86.87155963302752,2.193371654234133,71,16247.0,0.09403039315313542,71,16247.0
17045.0,69,9480.0,89.43396226415095,2.383695966953686,69,16566.0,0.10788938754901063,69,16566.0
17050.0,75,9847.0,91.17592592592592,2.386414517621839,75,16931.0,0.08982394227017372,75,16931.0
17055.0,82,10241.0,94.82407407407408,1.7126642665437852,82,17326.0,0.050317962750076835,82,17326.0
17060.0,89,10666.0,96.96363636363637,1.4588560277329246,89,17751.0,0.04213322489373934,89,17751.0
17065.0,95,11127.0,102.08256880733946,1.0814203743619077,95,18213.0,0.04732854716005714,95,18213.0
17070.0,100,11619.0,104.67567567567568,1.0868550372494343,100,18705.0,0.03869714374746601,100,18705.0
17075.0,96,9251.0,84.87155963302752,0.9545204931841762,96,17499.0,0.03782315893809363,96,17499.0
17080.0,88,5250.0,47.72727272727273,1.4466277093027373,88,14340.0,0.05662610200617464,88,14340.0
17085.0,80,4136.0,37.6,2.2080932749621156,80,12003.0,0.06885493812792597,80,12003.0
17090.0,80,3978.0,36.163636363636364,2.0705508760265134,80,12042.0,0.08983999867006996,80,12042.0
17095.0,77,3557.0,33.87619047619047,1.866086005553509,77,11659.0,0.06362589762862207,77,11659.0
17100.0,75,3047.0,28.745283018867923,2.499509643525196,75,11282.0,0.07821962261747305,75,11282.0
17105.0,65,2587.0,25.613861386138613,1.9755349323051485,65,11586.0,0.08168220389852722,65,11586.0
17110.0,60,2393.0,23.693069306930692,2.736119453759412,60,11774.0,0.12101682954519213,60,11774.0
17115.0,66,2709.0,26.558823529411764,2.7624416105273832,66,12060.0,0.1044922583108143,66,12060.0
17120.0,72,3056.0,29.384615384615383,2.6255085988132123,72,12405.0,0.08622939866790046,72,12405.0
17125.0,79,3439.0,33.71568627450981,1.8216128839040246,79,12789.0,0.04568999499492427,79,12789.0
17130.0,81,3707.0,35.99029126213592,1.363626812260031,81,12847.0,0.04771374239202566,81,12847.0
17135.0,79,3927.0,40.07142857142857,1.6149185970143054,79,12657.0,0.06761800918210831,79,12657.0
17140.0,71,4131.0,39.72115384615385,2.9075677668367947,71,12162.0,0.11205967303071136,71,12162.0
17145.0,62,4283.0,43.26262626262626,2.4157897906911288,62,12474.0,0.10830411979516781,62,12474.0
17150.0,61,4480.0,45.25252525252525,2.52688894067529,61,12744.0,0.11876468501042961,61,12744.0
17155.0,68,4805.0,48.05,2.6339518988194732,68,13060.0,0.08837161924150026,68,13060.0
17160.0,68,4447.0,42.75961538461539,2.2400815556360074,68,12733.0,0.09046561301877924,68,12733.0
17165.0,68,3639.0,36.75757575757576,1.7938480602461837,68,11494.0,0.06706636697509193,68,11494.0
17170.0,66,2974.0,28.596153846153847,2.7508389312602484,66,10378.0,0.10993149807668133,66,10378.0
17175.0,62,2264.0,22.64,2.324954687661231,62,10680.0,0.10511208928976991,62,10680.0
17180.0,61,2125.0,21.25,2.8808515817553557,61,10957.0,0.125801528957834,61,10957.0
17185.0,67,2450.0,24.747474747474747,2.5025017214143626,67,11281.0,0.08335505073299364,67,11281.0
17190.0,67,2718.0,26.134615384615383,2.262297662209965,67,11057.0,0.09690032601812848,67,11057.0
17195.0,68,2965.0,29.949494949494948,1.8425102960332977,68,10642.0,0.0777630595547053,68,10642.0
17200.0,68,3258.0,31.941176470588236,2.2983761713793442,68,9868.0,0.06796697362129496,68,9868.0
17205.0,62,3474.0,34.74,2.3445496315898056,62,10179.0,0.09790073478532692,62,10179.0
17210.0,59,3732.0,37.32,2.8439217223899487,59,10447.0,0.1371013668537867,59,10447.0
17215.0,65,4044.0,40.44,2.837196454528165,65,10753.0,0.10507981914124627,65,10753.0
17220.0,74,4393.0,42.24038461538461,2.070604277252216,74,11103.0,0.07259145701724287,74,11103.0
17225.0,77,4682.0,45.45631067961165,1.3801906905569026,77,11084.0,0.04906764097018058,77,11084.0
17230.0,73,4932.0,48.83168316831683,1.6858044232813698,73,10795.0,0.04945173786983322,73,10795.0
17235.0,74,5212.0,50.11538461538461,2.4814047741529754,74,10508.0,0.08520861358436216,74,10508.0
17240.0,62,5422.0,53.68316831683168,2.531600701328938,62,10691.0,0.09389065674309503,62,10691.0
17245.0,62,5680.0,57.37373737373738,2.7353593681145787,62,10981.0,0.12516154413408068,62,10981.0
17250.0,67,6004.0,61.265306122448976,2.43757370578573,67,11305.0,0.08555807902781419,67,11305.0
17255.0,74,6359.0,62.960396039603964,1.9329662153475615,74,11660.0,0.06191804834049671,74,11660.0
17260.0,75,6638.0,67.05050505050505,1.4321803323420894,75,11854.0,0.060315141700772554,75,11854.0
17265.0,74,6880.0,67.45098039215686,1.6100281341451137,74,12087.0,0.06392962595099314,74,12087.0
17270.0,74,7165.0,70.24509803921569,2.3231428169371395,74,12285.0,0.07574481387188699,74,12285.0
17275.0,66,7415.0,71.29807692307692,2.9829097103331685,66,12515.0,0.11070661908756955,66,12515.0
17280.0,60,7633.0,77.88775510204081,3.0049912021350718,60,12786.0,0.13239122705261183,60,12786.0
17285.0,64,7930.0,77.74509803921569,3.151875768464995,64,13056.0,0.15739746589650655,64,13056.0
17290.0,69,8265.0,81.02941176470588,2.5807102867678897,69,13383.0,0.09505204043759412,69,13383.0
17295.0,78,8640.0,82.28571428571429,2.273666313913851,78,13758.0,0.06092499181617433,78,13758.0
17300.0,85,9052.0,89.62376237623762,1.5520870711724082,85,14170.0,0.0419465472422369,85,14170.0
17305.0,89,9493.0,93.99009900990099,1.485477525245676,89,14611.0,0.05060739180647072,89,14611.0
17310.0,90,9939.0,100.39393939393939,1.0749485274290664,90,15057.0,0.0375914492968573,90,15057.0
17315.0,85,10187.0,101.87,0.9335252009474463,85,15393.0,0.053506120243055816,85,15393.0
17320.0,79,10302.0,102.0,1.4547914240843602,79,15595.0,0.06004926279011681,79,15595.0
17325.0,74,10463.0,99.64761904761905,2.418962863258726,74,15725.0,0.08706570301921102,74,15725.0
17330.0,65,10549.0,100.46666666666667,2.5303144326765574,65,16046.0,0.1092645293714214,65,16046.0
17335.0,66,10821.0,105.05825242718447,2.6708036458693885,66,16332.0,0.10708089755899096,66,16332.0
17340.0,72,11168.0,112.8080808080808,2.3746674845487643,72,16677.0,0.06704354371046249,72,16677.0
17345.0,78,11547.0,115.47,1.9969171167394992,78,17056.0,0.06664337930936944,78,17056.0
17350.0,84,11955.0,127.18085106382979,1.2185999534328291,84,17464.0,0.0405610482380704,84,17464.0
17355.0,85,12380.0,122.57425742574257,2.0093943874170175,85,17889.0,0.10387058452978519,85,17889.0
17360.0,87,12809.0,132.05154639175257,1.0598841371581296,87,18318.0,0.03906024619810197,87,18318.0
17365.0,89,13254.0,129.94117647058823,1.5631257273809052,89,18763.0,0.07033277917576777,89,18763.0
17370.0,89,13699.0,138.37373737373738,0.9912993501647811,89,19208.0,0.03538442366977985,89,19208.0
17375.0,85,13885.0,137.47524752475246,1.3661610259292143,85,19488.0,0.05994155748301238,85,19488.0
17380.0,78,13926.0,137.88118811881188,1.6292615926163458,78,19497.0,0.06642715798508039,78,19497.0
17385.0,72,13923.0,135.1747572815534,2.732774269829967,72,19518.0,0.09930250653208429,72,19518.0
17390.0,63,14046.0,136.36893203883494,2.4878474005779982,63,19833.0,0.10921695495282976,63,19833.0
17395.0,67,14374.0,143.74,2.3331736859297445,67,20145.0,0.10269129358382002,67,20145.0
17400.0,74,14733.0,148.8181818181818,2.2006072073046097,74,20504.0,0.05532395811366143,74,20504.0
17405.0,80,15121.0,151.21,2.0750705596866212,80,20892.0,0.06498862481553117,80,20892.0
17410.0,84,15533.0,163.50526315789475,1.336839557494697,84,21304.0,0.040522026416042835,84,21304.0
17415.0,79,14342.0,150.96842105263158,1.5678678723448936,79,20899.0,0.06855204695694184,79,20899.0
17420.0,72,12068.0,127.03157894736842,1.5444619637060615,72,19785.0,0.07086464766267812,72,19785.0
17425.0,66,10055.0,101.56565656565657,2.926683132718661,66,17922.0,0.1311043521451581,66,17922.0
17430.0,57,8239.0,81.57425742574257,2.6513848905634787,57,18209.0,0.11901714971915096,57,18209.0
17435.0,61,7231.0,76.11578947368422,2.5528601315098913,61,18485.0,0.09878204971053767,61,18485.0
17440.0,67,7553.0,74.78217821782178,2.747982637993018,67,18807.0,0.09640586741567417,67,18807.0
17445.0,76,7915.0,78.36633663366337,1.8491780400293545,76,19169.0,0.06215220346217447,76,19169.0
17450.0,82,8309.0,81.46078431372548,1.440496132545738,82,19563.0,0.05812845930847559,82,19563.0
17455.0,89,8735.0,84.80582524271844,1.0634651097031733,89,19992.0,0.03889922163122709,89,19992.0
17460.0,95,9203.0,89.3495145631068,0.9841798665076675,95,20461.0,0.046126698554629704,95,20461.0
17465.0,97,9680.0,92.19047619047619,0.9968150751483131,97,20938.0,0.037868645030414975,97,20938.0
17470.0,97,10165.0,94.12037037037037,1.2519908886825606,97,21423.0,0.03516972627531025,97,21423.0
17475.0,92,10140.0,94.76635514018692,1.1566638903454116,92,21596.0,0.04262019735993651,92,21596.0
17480.0,83,9775.0,90.50925925925925,1.524353275900687,83,21439.0,0.06306311424568248,83,21439.0
17485.0,79,9560.0,88.51851851851852,2.2314022406731797,79,21047.0,0.07813680318767112,79,21047.0
17490.0,74,9483.0,86.2090909090909,2.7091582698622028,74,20973.0,0.10825779176131801,74,20973.0
17495.0,67,9649.0,92.77884615384616,2.4700848563618916,67,21205.0,0.11309088543748141,67,21205.0
17500.0,70,9978.0,90.7090909090909,2.923799900122708,70,21512.0,0.13217586357594502,70,21512.0
17505.0,79,10355.0,99.5673076923077,2.2614628556092935,79,21880.0,0.05952472915887704,79,21880.0
17510.0,86,10770.0,101.60377358490567,2.162699585052755,86,22295.0,0.07320546350280745,86,22295.0
17515.0,89,11208.0,112.08,1.273050039727766,89,22734.0,0.0398925413189915,89,22734.0
17520.0,90,11656.0,116.56,1.2045967238227921,90,23182.0,0.055975512558121894,90,23182.0
17525.0,90,12106.0,121.06,1.0497181798365487,90,23632.0,0.043507414110461634,90,23632.0
17530.0,86,12352.0,119.92233009708738,1.3305624136035374,86,23819.0,0.06659039410760556,86,23819.0
17535.0,78,12452.0,120.89320388349515,1.8396318644287863,78,23555.0,0.07138408666939577,78,23555.0
17540.0,73,12607.0,118.93396226415095,2.4860097457810935,73,23567.0,0.09582390411466064,73,23567.0
17545.0,66,12826.0,122.15238095238095,2.517771346952172,66,23897.0,0.12251554273531227,66,23897.0
17550.0,71,13165.0,127.81553398058253,2.4799016451140683,71,24218.0,0.10875596887107387,71,24218.0
17555.0,79,13544.0,135.44,2.1776665001488453,79,24593.0,0.04694225568507731,79,24593.0
17560.0,84,13952.0,138.13861386138615,2.1943873675211747,84,25001.0,0.052213585433904114,84,25001.0
17565.0,85,14373.0,148.17525773195877,1.5168116561881007,85,25422.0,0.04069299535369763,85,25422.0
17570.0,86,14803.0,151.05102040816325,1.6395476166216971,86,25852.0,0.09077030335602398,86,25852.0
17575.0,87,15234.0,155.44897959183675,1.0344910594677164,87,26283.0,0.03856666572017145,87,26283.0
17580.0,84,15478.0,156.34343434343435,1.403590801508203,84,26499.0,0.0690067532066718,84,26499.0
17585.0,76,15572.0,155.72,1.822596426595392,76,26435.0,0.07881712744464887,76,26435.0
17590.0,71,15756.0,157.56,2.34499606405045,71,26489.0,0.07208737697016374,71,26489.0
17595.0,68,16061.0,157.4607843137255,2.29527555231875,68,26817.0,0.10471808389475923,68,26817.0
17600.0,73,16415.0,167.5,2.024705696280843,73,27153.0,0.07155627985493741,73,27153.0
17605.0,80,16799.0,167.99,2.233866067785211,80,27537.0,0.06457029942143756,80,27537.0
17610.0,82,17207.0,179.23958333333334,1.805324219606004,82,27945.0,0.06466218418760256,82,27945.0
17615.0,78,17508.0,184.29473684210527,1.1115839374600123,78,28214.0,0.05032871244781586,78,28214.0
17620.0,72,17750.0,188.82978723404256,1.8245226920356516,72,28366.0,0.08659160699882135,72,28366.0
17625.0,72,18081.0,184.5,2.55673556099633,72,28511.0,0.0901337710514794,72,28511.0
17630.0,69,18378.0,189.46391752577318,2.1639716402890286,69,28842.0,0.07853809593268912,69,28842.0
17635.0,72,18720.0,195.0,2.402967699167347,72,29154.0,0.08842997912842407,72,29154.0
17640.0,74,19087.0,207.4673913043478,2.110042622615493,74,29517.0,0.04654489122431494,74,29517.0
17645.0,76,19467.0,200.69072164948454,2.474151095710633,76,29892.0,0.08050301499340515,76,29892.0
17650.0,78,19855.0,218.1868131868132,1.642400054794991,78,30270.0,0.05182108446372745,78,30270.0
17655.0,75,20113.0,218.6195652173913,1.2650247110695279,75,30560.0,0.06967724176466582,75,30560.0
17660.0,72,20395.0,226.61111111111111,1.8591543134685802,72,30792.0,0.08588572731395189,72,30792.0
17665.0,74,20758.0,216.22916666666666,2.3884983320863142,74,31062.0,0.07738000496822327,74,31062.0
17670.0,71,21066.0,228.97826086956522,1.8817402619141164,71,31394.0,0.0696008143097226,71,31394.0
17675.0,70,21407.0,230.18279569892474,2.440051483523921,70,31699.0,0.09113106534558134,70,31699.0
17680.0,72,21761.0,239.13186813186815,2.655786100083711,72,32035.0,0.06923330797524106,72,32035.0
17685.0,72,22121.0,248.5505617977528,2.414474207960768,72,32385.0,0.09727782102541649,72,32385.0
17690.0,73,22482.0,261.4186046511628,1.7710092819978716,73,32736.0,0.0706943175265152,73,32736.0
17695.0,74,22852.0,262.6666666666667,1.8647600340184487,74,33096.0,0.06276469349642735,74,33096.0
17700.0,75,23223.0,273.21176470588233,1.3346203433027197,75,33457.0,0.0449821547925086,75,33457.0
17705.0,71,23459.0,263.5842696629214,1.693669605491524,71,33751.0,0.0848986965648374,71,33751.0
17710.0,71,23788.0,276.6046511627907,1.7172400834831327,71,34016.0,0.06971041659076674,71,34016.0
17715.0,72,24148.0,256.8936170212766,2.3957336749008737,72,34341.0,0.08414746624535917,72,34341.0
17720.0,72,24470.0,268.9010989010989,2.004375188953143,72,34670.0,0.07568975770414284,72,34670.0
17725.0,70,24812.0,266.7956989247312,2.2708741652195705,70,34973.0,0.09411168287199592,70,34973.0
17730.0,72,25170.0,279.6666666666667,2.6163973233591715,72,35303.0,0.07123614600336314,72,35303.0
17735.0,72,25530.0,290.1136363636364,2.3257562211076586,72,35643.0,0.07376406837858616,72,35643.0
17740.0,71,25864.0,304.2823529411765,1.5782505856223412,71,35958.0,0.07586070076005802,71,35958.0
17745.0,72,26223.0,304.9186046511628,1.9526746876982168,72,36296.0,0.0827071944696305,72,36296.0
17750.0,74,26587.0,302.125,1.8110686465672914,74,36640.0,0.07119192210694199,74,36640.0
17755.0,70,26912.0,309.3333333333333,1.513333244510999,70,36962.0,0.07105371294453808,70,36962.0
17760.0,70,27262.0,317.0,1.8696643393712082,70,37275.0,0.07053017875049965,70,37275.0
17765.0,72,27619.0,306.8777777777778,2.6196642243743375,72,37612.0,0.08225867722073918,72,37612.0
17770.0,67,25944.0,294.8181818181818,2.083090340093614,67,36529.0,0.07500605236200615,67,36529.0
17775.0,60,22913.0,269.56470588235294,2.2340513100166564,60,34360.0,0.08754038009604348,60,34360.0
17780.0,56,20539.0,236.08045977011494,3.2506159394747747,56,30943.0,0.12136721070576124,56,30943.0
17785.0,44,17430.0,200.3448275862069,3.139599906868175,44,31145.0,0.14915706526369538,44,31145.0
17790.0,46,16327.0,189.84883720930233,3.4678629932997587,46,31303.0,0.16780340528920865,46,31303.0
17795.0,53,16581.0,190.58620689655172,2.8361997767156004,53,31522.0,0.09087588006245065,53,31522.0
17800.0,62,16875.0,185.43956043956044,2.6414164594397826,62,31787.0,0.09610115054244024,62,31787.0
17805.0,63,17017.0,193.375,1.59971257226802,63,31997.0,0.06300241210315045,63,31997.0
17810.0,70,17329.0,186.33333333333334,1.968991554109305,70,32199.0,0.08308542795459832,70,32199.0
17815.0,76,17706.0,192.45652173913044,2.2156137651236367,76,32528.0,0.06782002993994168,76,32528.0
17820.0,78,18090.0,194.51612903225808,1.689317437884667,78,32882.0,0.053934715664956924,78,32882.0
17825.0,75,18413.0,206.8876404494382,1.3161077236060075,75,33213.0,0.0689598632196401,75,33213.0
17830.0,73,18769.0,206.25274725274724,2.0656391181648956,73,33510.0,0.09405789438714027,73,33510.0
17835.0,74,19136.0,205.76344086021504,2.530377699812695,74,33838.0,0.06905868476957928,74,33838.0
17840.0,75,19511.0,209.79569892473117,2.494910493501287,75,34183.0,0.068700222492946,75,34183.0
17845.0,72,19842.0,220.46666666666667,2.0264418356736686,72,34494.0,0.07727831318665666,72,34494.0
17850.0,72,20202.0,224.46666666666667,1.8715510244816806,72,34814.0,0.07018982284713396,72,34814.0
17855.0,76,20577.0,236.51724137931035,1.4791718305938537,76,35159.0,0.06463571960432399,76,35159.0
17860.0,71,20512.0,225.4065934065934,1.5837128929215512,71,34126.0,0.09028412950455235,71,34126.0
17865.0,67,20162.0,224.0222222222222,2.128122419194275,67,31102.0,0.08808109149923699,67,31102.0
17870.0,61,19937.0,209.86315789473684,3.0841493732592427,61,28065.0,0.12301613395063099,61,28065.0
17875.0,50,19444.0,216.04444444444445,2.7556295436155787,50,28263.0,0.13097835885128084,50,28263.0
17880.0,47,19361.0,215.12222222222223,3.0747505975370677,47,28380.0,0.1441431279864574,47,28380.0
17885.0,55,19621.0,210.9784946236559,3.4473129944808893,55,28555.0,0.14741996450399572,55,28555.0
17890.0,58,19839.0,206.65625,2.563609787932478,58,28762.0,0.11317026597659105,58,28762.0
17895.0,70,20168.0,212.29473684210527,1.9974518482391521,70,29020.0,0.0780483692600465,70,29020.0
17900.0,79,20540.0,209.59183673469389,1.5891431780946497,79,29352.0,0.06753000990526646,79,29352.0
17905.0,79,20872.0,210.82828282828282,1.652538232946899,79,29688.0,0.07095607249128494,79,29688.0
17910.0,76,21223.0,218.79381443298968,1.781539072847601,76,29983.0,0.08457291573994744,76,29983.0
17915.0,76,21603.0,222.71134020618555,2.5073656971460063,76,30294.0,0.07193237370996981,76,30294.0
17920.0,78,21990.0,229.0625,2.448022707669221,78,30641.0,0.08627195035859982,78,30641.0
17925.0,73,22079.0,237.40860215053763,1.9397888573221513,73,29563.0,0.06706645034747216,73,29563.0
17930.0,66,21971.0,233.7340425531915,2.363005877419959,66,27635.0,0.10007110493868165,66,27635.0
17935.0,62,21943.0,233.43617021276594,3.241456475688585,62,25693.0,0.12578110708026688,62,25693.0
17940.0,50,21811.0,239.6813186813187,2.4729913073212613,50,25895.0,0.10566308094099404,50,25895.0
17945.0,53,21863.0,242.92222222222222,2.984861340153054,53,26089.0,0.14842981054000912,53,26089.0
17950.0,60,22147.0,243.37362637362637,2.5767771217859528,60,26323.0,0.08974639555688048,60,26323.0
17955.0,68,22470.0,231.64948453608247,2.377116915994463,68,26596.0,0.08656887682071907,68,26596.0
17960.0,68,22572.0,240.12765957446808,1.616866740833262,68,26793.0,0.07063900848117739,68,26793.0
17965.0,73,22861.0,230.91919191919192,1.9708725248070904,73,26948.0,0.08886683928874423,73,26948.0
17970.0,80,23253.0,237.27551020408163,2.2163243495758094,80,27233.0,0.055982493797842724,80,27233.0
17975.0,77,23456.0,236.92929292929293,1.9713745602079433,77,26630.0,0.05991866114033941,77,26630.0
17980.0,70,23530.0,245.10416666666666,2.241767268755707,70,26376.0,0.0828643402643833,70,26376.0
17985.0,64,23617.0,248.6,2.742251124241055,64,25828.0,0.1057507950100211,64,25828.0
17990.0,57,23689.0,254.72043010752688,2.8806924710138704,57,25663.0,0.12032070549190864,57,25663.0
17995.0,53,23712.0,257.7391304347826,3.177700426878451,53,25694.0,0.16644696625893068,53,25694.0
18000.0,48,23838.0,261.95604395604397,2.7319324284617625,48,25795.0,0.1233419519078649,48,25795.0
18005.0,56,24104.0,245.9591836734694,3.3049558748273267,56,25904.0,0.14738382087837543,56,25904.0
18010.0,63,24405.0,246.5151515151515,3.028702888497954,63,26119.0,0.1268957756890271,63,26119.0
18015.0,71,24742.0,240.2135922330097,2.5703057447413533,71,26396.0,0.09582845143159016,71,26396.0
18020.0,77,25117.0,253.7070707070707,1.8296945283043724,77,26712.0,0.059212474146725806,77,26712.0
18025.0,86,25530.0,255.3,1.6233779575421945,86,27065.0,0.06212091979027932,86,27065.0
18030.0,80,25759.0,265.55670103092785,1.598428566870571,80,27219.0,0.06908525544052223,80,27219.0
18035.0,72,25845.0,261.06060606060606,2.3627409007344164,72,27042.0,0.09794426677521255,72,27042.0
18040.0,65,25948.0,264.7755102040816,3.1096417095678746,65,27004.0,0.12300787129387424,65,27004.0
18045.0,55,26016.0,271.0,2.597855039439681,55,27181.0,0.12590726794888468,55,27181.0
18050.0,58,26204.0,278.7659574468085,2.857056736997833,58,27397.0,0.14212492177135547,58,27397.0
18055.0,66,26521.0,267.8888888888889,2.6493381702027663,66,27654.0,0.1260472650413212,66,27654.0
18060.0,74,26870.0,266.03960396039605,2.0247207957008215,74,27943.0,0.070394683946357,74,27943.0
18065.0,75,26805.0,260.24271844660194,1.5239415600807182,75,28089.0,0.07428944629594958,75,28089.0
18070.0,77,26865.0,263.38235294117646,1.5643792629396724,77,28142.0,0.0649628143073457,77,28142.0
18075.0,80,27255.0,252.36111111111111,2.4828539092547164,80,28214.0,0.08993697522528943,80,28214.0
18080.0,80,27473.0,264.16346153846155,1.863742429544718,80,28387.0,0.06965086422235477,80,28387.0
18085.0,74,27561.0,257.57943925233644,2.2567132783464126,74,28420.0,0.08984668735319674,74,28420.0
18090.0,72,27714.0,271.70588235294116,2.757519578201959,72,28427.0,0.10461805801626202,72,28427.0
18095.0,60,27639.0,279.1818181818182,2.168929108357576,60,28666.0,0.09129065191897724,60,28666.0
18100.0,57,27739.0,280.19191919191917,2.7899820047697954,57,28814.0,0.1393929597921436,57,28814.0
18105.0,61,28033.0,274.8333333333333,2.8786585056807352,61,28962.0,0.11094231018104803,61,28962.0
18110.0,70,28368.0,270.1714285714286,2.722458155999297,70,29212.0,0.11434216588137051,70,29212.0
18115.0,78,28735.0,271.08490566037733,2.4477340973770416,78,29510.0,0.07933809554970231,78,29510.0
18120.0,86,29139.0,274.89622641509436,1.894442734471437,86,29846.0,0.03925103837840161,86,29846.0
18125.0,84,29311.0,287.3627450980392,1.6356440829433627,84,30074.0,0.07880324072062615,84,30074.0
18130.0,79,29511.0,295.11,1.5021935722405657,79,30208.0,0.06292269638310297,79,30208.0
18135.0,80,29911.0,293.2450980392157,2.484622240395958,80,30357.0,0.08629951535327977,80,30357.0
18140.0,78,30049.0,294.5980392156863,1.9980307388747345,78,30485.0,0.06937983001187886,78,30485.0
18145.0,72,30030.0,300.3,2.063971642905507,72,30415.0,0.0682771343887718,72,30415.0
18150.0,70,30087.0,300.87,3.0019617901099718,70,30144.0,0.11664144577754644,70,30144.0
18155.0,58,29955.0,312.03125,2.18040167081113,58,30332.0,0.07880734343012938,58,30332.0
18160.0,55,29987.0,315.65263157894736,2.718283066600583,55,30456.0,0.14448485221849247,55,30456.0
18165.0,59,30269.0,308.8673469387755,2.8334870020711533,59,30596.0,0.1029988892213931,59,30596.0
18170.0,68,30589.0,294.125,3.05443458258918,68,30823.0,0.11362571152602452,68,30823.0
18175.0,75,30951.0,312.6363636363636,2.0992701919869527,75,31106.0,0.06766698828227932,75,31106.0
18180.0,82,31346.0,313.46,1.6427465850581813,82,31421.0,0.0424928034167178,82,31421.0
18185.0,82,31521.0,321.64285714285717,1.560114633057536,82,31659.0,0.06806928452711233,82,31659.0
18190.0,77,31802.0,318.02,1.8593065888448286,77,31806.0,0.07792210434357023,77,31806.0
18195.0,80,32197.0,321.97,2.350841615658961,80,32015.0,0.07956367946114941,80,32015.0
18200.0,77,32327.0,320.0693069306931,2.1099546649154606,77,32084.0,0.07556395979913445,77,32084.0
18205.0,70,32295.0,329.5408163265306,2.1711607717753143,70,31941.0,0.08357062967173413,70,31941.0
18210.0,68,32335.0,329.94897959183675,2.8035933919600224,68,31585.0,0.1097329758835904,68,31585.0
18215.0,60,32358.0,340.61052631578946,3.436454537897117,60,31318.0,0.12950481334622593,60,31318.0
18220.0,53,32276.0,343.36170212765956,3.2018264857786174,53,31452.0,0.16382397209456653,53,31452.0
18225.0,52,32436.0,348.7741935483871,2.9945287668599945,52,31520.0,0.13358942882580746,52,31520.0
18230.0,57,32711.0,327.11,3.5494734189473838,57,31633.0,0.15806722290706482,57,31633.0
18235.0,65,33021.0,320.59223300970876,3.2769093346719256,65,31837.0,0.11464012586420602,65,31837.0
18240.0,73,33368.0,330.3762376237624,2.3324743066768323,73,32094.0,0.05941248318981295,73,32094.0
18245.0,75,33529.0,335.29,1.9966450529986945,75,32293.0,0.07092898811955352,75,32293.0
18250.0,77,33864.0,345.55102040816325,1.8277419736733802,77,32439.0,0.0693743450736946,77,32439.0
18255.0,81,34262.0,346.0808080808081,2.1770387034340906,81,32718.0,0.05896819243849517,81,32718.0
18260.0,75,34431.0,347.7878787878788,2.2881985398791396,75,32801.0,0.09440913189489064,75,32801.0
18265.0,69,34444.0,358.7916666666667,2.425475910206755,69,32626.0,0.10522788020286145,69,32626.0
18270.0,65,34521.0,355.88659793814435,2.8417562260685956,65,32365.0,0.10572904796767611,65,32365.0
18275.0,59,34584.0,375.9130434782609,3.3218009006546536,59,32309.0,0.1442523527094111,59,32309.0
18280.0,53,34519.0,375.20652173913044,3.114146058605385,53,32295.0,0.14577876608715515,53,32295.0
18285.0,50,34669.0,376.8369565217391,3.502245225748578,50,32349.0,0.17127024112359482,50,32349.0
18290.0,56,34919.0,359.9896907216495,3.507796435661471,56,32450.0,0.15907416597953017,56,32450.0
18295.0,64,35221.0,355.7676767676768,3.068876375819194,64,32626.0,0.12634602057481129,64,32626.0
18300.0,72,35556.0,359.1515151515151,2.425711912859258,72,32856.0,0.08435201674371348,72,32856.0
18305.0,80,35940.0,366.734693877551,1.8239008444046076,80,33141.0,0.07399816853927366,80,33141.0
18310.0,78,36175.0,384.8404255319149,1.2958528507120555,78,33251.0,0.054209862434280505,78,33251.0
18315.0,74,36310.0,366.7676767676768,2.233431556248886,74,33231.0,0.08502245371809321,74,33231.0
18320.0,65,36463.0,375.9072164948454,3.0855811990596442,65,33201.0,0.11242899410380473,65,33201.0
18325.0,63,36607.0,377.3917525773196,3.419269956356303,63,33150.0,0.14883257270002292,63,33150.0
18330.0,54,36728.0,403.6043956043956,2.8970399673009983,54,33257.0,0.14528927571998773,54,33257.0
18335.0,57,36988.0,393.48936170212767,2.90573894439295,57,33388.0,0.14338749340342216,57,33388.0
18340.0,64,37296.0,380.57142857142856,2.902169561636465,64,33584.0,0.1019560884404155,64,33584.0
18345.0,71,37635.0,376.35,2.478498619980028,71,33823.0,0.07027743507186877,71,33823.0
18350.0,80,38017.0,380.17,1.5876296657053641,80,34106.0,0.07445952632026845,80,34106.0
18355.0,86,38428.0,373.0873786407767,1.2582819679903845,86,34418.0,0.05494298471022283,86,34418.0
18360.0,89,38388.0,376.3529411764706,1.0332727969928233,89,34579.0,0.04233091117073089,89,34579.0
18365.0,80,38416.0,362.41509433962267,1.682861452511585,80,34585.0,0.0818950808844514,80,34585.0
18370.0,81,38801.0,369.53333333333336,2.0885457299303565,81,34583.0,0.07269024765712442,81,34583.0
18375.0,81,39206.0,359.6880733944954,2.5193285611035727,81,34784.0,0.10240419533814425,81,34784.0
18380.0,85,39621.0,380.97115384615387,1.9621269959938583,85,35072.0,0.057557965028023024,85,35072.0
18385.0,83,32284.0,307.46666666666664,1.751103250136794,83,33389.0,0.06570362035951781,83,33389.0
18390.0,76,21113.0,213.26262626262627,2.009733008347155,76,29709.0,0.08353150239507877,76,29709.0
18395.0,69,10797.0,106.9009900990099,2.4691827881651154,69,24041.0,0.08961060603375529,69,24041.0
18400.0,60,4925.0,50.255102040816325,2.2638659288670655,60,24238.0,0.11124153989249176,60,24238.0
18405.0,53,2391.0,23.91,2.9882626610419436,53,24319.0,0.14241337689340236,53,24319.0
18410.0,57,2636.0,25.84313725490196,2.836079608652289,57,24435.0,0.11024153258334944,57,24435.0
18415.0,64,2944.0,28.307692307692307,3.1175077766976385,64,24641.0,0.14616967811540102,64,24641.0
18420.0,70,3279.0,31.83495145631068,2.5714798166673045,70,24903.0,0.08003011328712263,70,24903.0
18425.0,79,3654.0,35.13461538461539,2.3346608625138914,79,25230.0,0.08020408397637492,79,25230.0
18430.0,84,4066.0,40.66,1.812352112169366,84,25593.0,0.050107752257169215,84,25593.0
18435.0,80,4288.0,42.45544554455446,1.8752128395754006,80,23978.0,0.08661755624301697,80,23978.0
18440.0,73,4379.0,45.144329896907216,1.90290923530491,73,20383.0,0.08493534514465285,73,20383.0
18445.0,68,4509.0,44.205882352941174,2.84013812752356,68,14839.0,0.11738577301300417,68,14839.0
18450.0,58,4525.0,46.173469387755105,2.6120646243034042,58,15126.0,0.12858023596401014,58,15126.0
18455.0,59,4707.0,49.03125,2.5183881049922645,59,15385.0,0.10971193674658059,59,15385.0
18460.0,65,5018.0,51.204081632653065,2.7962382464427376,65,15693.0,0.09944884914631742,65,15693.0
18465.0,72,5365.0,55.885416666666664,2.0568728283012327,72,16040.0,0.07324751444969252,72,16040.0
18470.0,80,5756.0,61.234042553191486,1.6930810929642868,80,16431.0,0.06254159563489671,80,16431.0
18475.0,82,6166.0,65.59574468085107,1.5517748752348755,82,16841.0,0.06433849514540968,82,16841.0
18480.0,84,6582.0,70.7741935483871,1.2595554785573622,84,17257.0,0.0417465325766648,84,17257.0
18485.0,78,6473.0,68.13684210526316,1.6257009431236022,78,17471.0,0.08355519872698092,78,17471.0
18490.0,72,6402.0,67.38947368421053,1.7941637073157515,72,17515.0,0.07256378504011196,72,17515.0
18495.0,70,6722.0,70.02083333333333,2.6938076671546907,70,17544.0,0.08984273976267469,70,17544.0
18500.0,70,7036.0,72.5360824742268,2.1976945042951357,70,17879.0,0.07851498564337817,70,17879.0
18505.0,74,7392.0,78.63829787234043,2.109566380544322,74,18212.0,0.08302054894692316,74,18212.0
18510.0,76,7771.0,80.94791666666667,2.375382551439986,76,18578.0,0.07422691515999012,76,18578.0
18515.0,73,8071.0,87.72826086956522,1.912677840164467,73,18848.0,0.0515982778512124,73,18848.0
18520.0,69,8368.0,89.02127659574468,2.5360112907581893,69,19063.0,0.0963847258833042,69,19063.0
18525.0,72,8726.0,96.95555555555555,2.4453009968077,72,19356.0,0.059362720203717835,72,19356.0
18530.0,75,9091.0,99.9010989010989,2.1068973420551163,75,19711.0,0.06716258379941893,75,19711.0
18535.0,70,9397.0,108.01149425287356,1.7164481037489652,70,20043.0,0.06633989780531789,70,20043.0
18540.0,68,9727.0,111.80459770114942,1.9778839692504633,68,20333.0,0.07068652199539364,68,20333.0
18545.0,70,10071.0,114.44318181818181,2.6799603553357243,70,20661.0,0.07102889307193937,70,20661.0
18550.0,70,10421.0,118.42045454545455,2.4666726497350826,70,21001.0,0.0667969944615884,70,21001.0
18555.0,69,10748.0,129.49397590361446,1.7708712919582539,69,21319.0,0.07739286285448009,69,21319.0
18560.0,69,11093.0,128.98837209302326,1.9799060880948867,69,21653.0,0.0742644765720338,69,21653.0
18565.0,73,11453.0,134.74117647058824,1.7980507582370158,73,22003.0,0.08191569234130607,73,22003.0
18570.0,68,11767.0,138.43529411764706,1.429588359363203,68,22329.0,0.0745738769295515,68,22329.0
18575.0,68,12107.0,144.13095238095238,2.0893402197992934,68,22637.0,0.07784562256537779,68,22637.0
18580.0,70,12451.0,136.82417582417582,2.5957239955578193,70,22962.0,0.08763612614689846,70,22962.0
18585.0,72,12809.0,147.22988505747125,2.1124003034634566,72,23300.0,0.06649219380024561,72,23300.0
18590.0,67,11616.0,132.0,1.9970226294337599,67,23010.0,0.10298614671112344,67,23010.0
18595.0,61,9396.0,111.85714285714286,2.1882283378836793,61,21917.0,0.10319490989284934,61,21917.0
18600.0,55,7671.0,87.17045454545455,2.9535761554953437,55,20812.0,0.1032188223096989,55,20812.0
18605.0,48,5608.0,65.97647058823529,2.918089086353363,48,21004.0,0.14660966868245418,48,21004.0
18610.0,49,4599.0,53.47674418604651,3.1653639047961954,49,21185.0,0.14564334902995665,49,21185.0
18615.0,58,4875.0,55.39772727272727,2.5034321322768887,58,21441.0,0.10983027535899134,58,21441.0
18620.0,61,5044.0,54.82608695652174,1.9914212745654702,61,21674.0,0.09364726464514123,61,21674.0
18625.0,59,5246.0,57.02173913043478,2.0076243541596073,59,21850.0,0.09132964774693175,59,21850.0
18630.0,68,5569.0,56.826530612244895,2.8859293673934183,68,22093.0,0.10339698776340968,68,22093.0
18635.0,72,5923.0,63.01063829787234,2.874795686996042,72,22411.0,0.07624391014705628,72,22411.0
18640.0,70,6083.0,66.84615384615384,2.2048585885585616,70,22133.0,0.08468414785830614,70,22133.0
18645.0,63,6108.0,69.4090909090909,2.3786106612002644,63,21224.0,0.09735540384262344,63,21224.0
18650.0,56,6158.0,67.67032967032966,3.122691336135957,56,19759.0,0.12845815434932362,56,19759.0
18655.0,49,6123.0,68.79775280898876,2.862107573742607,49,19969.0,0.1361592949978701,49,19969.0
18660.0,48,6239.0,73.4,2.6426204791743015,48,20127.0,0.1365810981944623,48,20127.0
18665.0,57,6503.0,70.68478260869566,3.211676544521451,57,20347.0,0.13175376596819618,57,20347.0
18670.0,62,6797.0,76.37078651685393,2.2897556594368056,62,20612.0,0.0788283875520874,62,20612.0
18675.0,66,7022.0,74.70212765957447,1.7677897772044895,66,20311.0,0.08250564004795267,66,20311.0
18680.0,65,7220.0,78.47826086956522,1.8053709034442111,65,19437.0,0.08090245106933718,65,19437.0
18685.0,67,7440.0,75.91836734693878,2.7509590624296205,67,17992.0,0.10439267913600837,67,17992.0
18690.0,55,7589.0,80.73404255319149,2.6805035563209416,55,18239.0,0.12638685427605148,55,18239.0
18695.0,55,7779.0,84.55434782608695,2.7185716698322495,55,18426.0,0.13074332749775985,55,18426.0
18700.0,61,8072.0,84.08333333333333,2.9070343155404825,61,18684.0,0.11568489236319725,61,18684.0
18705.0,69,8400.0,84.84848484848484,2.3916884896826542,69,18982.0,0.07573239673687758,69,18982.0
18710.0,76,8763.0,89.41836734693878,1.5851811515458725,76,19316.0,0.0570696091231269,76,19316.0
18715.0,84,9167.0,91.67,1.3928865532951127,84,19692.0,0.050620874200378585,84,19692.0
18720.0,90,9606.0,99.03092783505154,0.936215290400721,90,20099.0,0.038991068676970504,90,20099.0
18725.0,91,10057.0,97.64077669902913,1.3794493238549554,91,20510.0,0.05525349999785221,91,20510.0
18730.0,93,10519.0,103.12745098039215,1.0482174329491127,93,20932.0,0.03679013184797174,93,20932.0
18735.0,89,10728.0,103.15384615384616,0.9726457446247404,89,20686.0,0.06447414128144902,89,20686.0
18740.0,82,10757.0,103.4326923076923,1.6015750877368815,82,20667.0,0.06486262255649283,82,20667.0
18745.0,77,10818.0,98.34545454545454,2.6038029593621443,77,20637.0,0.10127533644180448,77,20637.0
18750.0,67,10805.0,102.9047619047619,2.193688959612205,67,20931.0,0.10404637534977816,67,20931.0
18755.0,68,10990.0,103.67924528301887,2.526877885193467,68,21187.0,0.11546104065877656,68,21187.0
18760.0,76,11354.0,105.12962962962963,2.558071989359679,76,21506.0,0.09163858045287458,76,21506.0
18765.0,84,11749.0,104.90178571428571,1.8690729654240552,84,21864.0,0.06588952936619732,84,21864.0
18770.0,91,12190.0,110.81818181818181,1.3939604697702324,91,22266.0,0.05516945481644299,91,22266.0
18775.0,98,12660.0,113.03571428571429,1.1274419717912252,98,22696.0,0.05236229038410783,98,22696.0
18780.0,102,13168.0,119.7090909090909,0.9381055324669424,102,23164.0,0.036363107546729195,102,23164.0
18785.0,96,11672.0,100.62068965517241,1.220677625873285,96,21680.0,0.05267618706210838,96,21680.0
18790.0,92,8848.0,79.0,1.41250961536552,92,18250.0,0.05591187994644268,92,18250.0
18795.0,84,6661.0,55.50833333333333,2.3831944499414677,84,13041.0,0.08626303696405112,84,13041.0
18800.0,79,3793.0,32.69827586206897,2.110542805624722,79,13112.0,0.09027759343045222,79,13112.0
18805.0,72,2508.0,21.620689655172413,2.3208356964340076,72,12852.0,0.11205581912959568,72,12852.0
18810.0,73,2293.0,20.114035087719298,2.57065649879479,73,12437.0,0.10547520622898786,73,12437.0
18815.0,68,2256.0,20.142857142857142,1.921161348369839,68,12738.0,0.07746262703209643,68,12738.0
18820.0,73,2520.0,22.7027027027027,2.276196068610451,73,13012.0,0.09982641052405167,73,13012.0
18825.0,78,2898.0,26.345454545454544,2.2462011847552823,78,13313.0,0.06908726644685768,78,13313.0
18830.0,84,3308.0,30.072727272727274,2.6064206387732796,84,13704.0,0.08213128451532443,84,13704.0
18835.0,89,3746.0,35.67619047619048,1.8706985528148155,89,14142.0,0.05703320946951341,89,14142.0
18840.0,90,4196.0,41.13725490196079,1.4967710015261932,90,14592.0,0.03792250686182765,90,14592.0
18845.0,84,4463.0,43.754901960784316,1.5153730754724455,84,14755.0,0.06609060789192062,84,14755.0
18850.0,79,4610.0,45.64356435643565,1.674419478382193,79,14673.0,0.07091618890287127,79,14673.0
18855.0,72,4803.0,47.088235294117645,2.475389301455884,72,14492.0,0.09350110353305233,72,14492.0
18860.0,68,5046.0,48.99029126213592,2.3979430458973123,68,14815.0,0.10435840584684226,68,14815.0
18865.0,72,5395.0,52.8921568627451,2.5331362170407705,72,15143.0,0.11130920934606392,72,15143.0
18870.0,78,5772.0,56.588235294117645,2.2625791949988305,78,15519.0,0.06134347393250883,78,15519.0
18875.0,85,6185.0,63.11224489795919,1.5585683473430814,85,15932.0,0.041592513992998605,85,15932.0
18880.0,86,6615.0,66.81818181818181,1.6948921917455102,86,16362.0,0.05987110022851501,86,16362.0
18885.0,88,7047.0,73.40625,1.080437091375816,88,16794.0,0.04054026241745874,88,16794.0
18890.0,83,7307.0,73.07,1.3584228764125594,83,17024.0,0.06545250226447799,83,17024.0
18895.0,76,7478.0,76.3061224489796,1.6567982471104707,76,17092.0,0.06583725866671405,76,17092.0
18900.0,70,7693.0,76.16831683168317,2.4387901892418813,70,17171.0,0.09208257175247897,70,17171.0
18905.0,69,7996.0,79.96,2.2810607389652957,69,17452.0,0.09438684344892467,69,17452.0
18910.0,73,8348.0,84.32323232323232,2.1467194926685087,73,17784.0,0.07301161708166391,73,17784.0
18915.0,79,8733.0,90.03092783505154,2.212946243156674,79,18165.0,0.06754424091857059,79,18165.0
18920.0,80,9133.0,94.15463917525773,2.068432410301383,80,18565.0,0.05999793447721978,80,18565.0
18925.0,76,9425.0,101.34408602150538,1.74390966425836,76,18835.0,0.07279641106030767,76,18835.0
18930.0,66,9641.0,102.56382978723404,2.2952427597622456,66,18970.0,0.0976414100869157,66,18970.0
18935.0,70,9981.0,108.48913043478261,2.516753577207578,70,19189.0,0.0956010115556396,70,19189.0
18940.0,68,10305.0,106.23711340206185,2.111439478762917,68,19496.0,0.08651555824953658,68,19496.0
18945.0,74,10664.0,113.44680851063829,2.2860953844040757,74,19835.0,0.07483681617582572,74,19835.0
18950.0,76,11038.0,116.18947368421053,2.479713690135974,76,20199.0,0.08033179525761071,76,20199.0
18955.0,76,11418.0,126.86666666666666,1.969766001021531,76,20569.0,0.06417457172376204,76,20569.0
18960.0,72,11682.0,129.8,1.5821016287227805,72,20865.0,0.0694347816936242,72,20865.0
18965.0,71,12004.0,136.4090909090909,1.9101203940170342,71,21120.0,0.08883181436665052,71,21120.0
18970.0,72,12364.0,134.3913043478261,2.2468212931424425,72,21442.0,0.07621203148376252,72,21442.0
18975.0,71,12681.0,137.83695652173913,2.2472290630316887,71,21775.0,0.07524338675257239,71,21775.0
18980.0,69,13022.0,144.6888888888889,2.3306940718807874,69,22084.0,0.09212052171400743,69,22084.0
18985.0,69,13367.0,150.19101123595505,2.6327352771812267,69,22415.0,0.07983004535681171,69,22415.0
18990.0,65,12278.0,137.95505617977528,2.7501714221853657,65,22115.0,0.11557030780080213,65,22115.0
18995.0,56,10218.0,123.10843373493977,2.389647292900644,56,20969.0,0.0902540104853453,56,20969.0
19000.0,53,8627.0,101.49411764705883,3.2245421045983576,53,19819.0,0.12321149160191963,53,19819.0
19005.0,44,6736.0,81.1566265060241,3.023125642217217,44,20028.0,0.14243884396693451,44,20028.0
19010.0,45,5787.0,69.72289156626506,3.4143136529936857,45,20213.0,0.18472815702181597,45,20213.0
19015.0,54,6036.0,69.37931034482759,3.2257056472307517,54,20448.0,0.12606118641402836,54,20448.0
19020.0,59,6319.0,70.21111111111111,2.5036912732675427,59,20721.0,0.0871260812140204,59,20721.0
19025.0,66,6641.0,74.61797752808988,1.8177556940960335,66,21034.0,0.07330657740985357,66,21034.0
19030.0,74,6996.0,79.5,1.294382263359121,74,21381.0,0.05462010419785684,74,21381.0
19035.0,81,7384.0,80.26086956521739,1.4882002469277291,81,21762.0,0.06014160534015257,81,21762.0
19040.0,81,7789.0,86.54444444444445,1.0497140772704068,81,22157.0,0.05012561377560825,81,22157.0
19045.0,77,7876.0,84.68817204301075,1.038170838505249,77,22422.0,0.07524856361023859,77,22422.0
19050.0,74,8122.0,87.33333333333333,1.7540952086708608,74,22592.0,0.08795365896859687,74,22592.0
19055.0,76,8494.0,87.56701030927834,2.2731856471295653,76,22838.0,0.06972924738081969,76,22838.0
19060.0,73,8820.0,91.875,1.8211747169700174,73,23182.0,0.05189122378652791,73,23182.0
19065.0,73,9177.0,96.6,2.3013844895680013,73,23507.0,0.08805085998248621,73,23507.0
19070.0,74,9543.0,101.52127659574468,2.2525125527390983,74,23857.0,0.06268677766488102,74,23857.0
19075.0,75,9917.0,106.63440860215054,2.487026119727308,75,24221.0,0.06672318741586211,75,24221.0
19080.0,75,10292.0,118.29885057471265,1.6718004823649777,75,24586.0,0.05819701017126002,75,24586.0
19085.0,72,10567.0,118.73033707865169,1.38931871032374,72,24896.0,0.0801826981190184,72,24896.0
19090.0,75,10932.0,122.8314606741573,1.7544719367642705,75,25203.0,0.06659816172567216,75,25203.0
19095.0,77,11312.0,120.34042553191489,1.8452555433385225,77,25570.0,0.06342204725044982,77,25570.0
19100.0,73,11649.0,128.01098901098902,1.8111387984025176,73,25922.0,0.07686713556676698,73,25922.0
19105.0,73,12005.0,129.08602150537635,2.3163012310232527,73,26243.0,0.08359316607731847,73,26243.0
19110.0,74,12375.0,135.98901098901098,2.4087303661219264,74,26603.0,0.06981206836919782,74,26603.0
19115.0,68,12088.0,135.82022471910113,2.097750655007066,68,26174.0,0.0890465305057664,68,26174.0
19120.0,64,11461.0,130.23863636363637,2.4436472872906787,64,24977.0,0.09485850668654304,64,24977.0
19125.0,55,10725.0,120.50561797752809,3.2318786259982737,55,23009.0,0.11708318688691104,55,23009.0
19130.0,48,10146.0,117.97674418604652,2.9617231156860897,48,23236.0,0.14089945867238302,48,23236.0
19135.0,48,9881.0,116.24705882352941,3.090690572069012,48,23443.0,0.16267849688785263,48,23443.0
19140.0,55,10139.0,117.8953488372093,2.960479940655301,55,23687.0,0.1108208407356918,55,23687.0
19145.0,62,10435.0,113.42391304347827,2.5986489621112243,62,23973.0,0.11277254990043042,62,23973.0
19150.0,64,10650.0,119.66292134831461,1.6701266916740727,64,23501.0,0.06899918279112324,64,23501.0
19155.0,62,10815.0,112.65625,2.2854217412177706,62,22035.0,0.10586168110119881,62,22035.0
19160.0,65,11036.0,116.16842105263157,2.93481677284025,65,20604.0,0.10590278001322075,65,20604.0
19165.0,58,11241.0,118.32631578947368,3.6830547405992635,58,19864.0,0.17468104436214243,58,19864.0
19170.0,51,9253.0,102.81111111111112,3.2989760699713506,51,18098.0,0.170255420828088,51,18098.0
19175.0,49,5856.0,64.35164835164835,2.796988918508356,49,15468.0,0.1448340645226011,49,15468.0
19180.0,51,2858.0,29.463917525773194,3.4732836045858324,51,11420.0,0.16596447774678882,51,11420.0
19185.0,46,1044.0,10.545454545454545,2.5550087308226757,46,11600.0,0.11730881949598439,46,11600.0
19190.0,52,1031.0,10.009708737864077,2.935046159464679,52,11757.0,0.1506686251767444,52,11757.0
19195.0,63,1306.0,12.679611650485437,2.6242547568278503,63,11964.0,0.10051970116180739,63,11964.0
19200.0,76,1668.0,16.68,2.471262809484582,76,12294.0,0.06841130628555445,76,12294.0
19205.0,80,2066.0,20.66,2.628733329393077,80,12692.0,0.08754192244584832,80,12692.0
19210.0,81,2468.0,26.25531914893617,1.5998083751393635,81,13094.0,0.04117668386343363,81,13094.0
19215.0,82,2877.0,30.93548387096774,1.5548269438486653,82,13503.0,0.06149202982016889,82,13503.0
19220.0,83,3288.0,35.73913043478261,1.1782795217051383,83,13914.0,0.039558466519047625,83,13914.0
19225.0,78,3058.0,31.854166666666668,1.9240156933471109,78,14087.0,0.09134568100239751,78,14087.0
19230.0,69,2777.0,28.927083333333332,1.8622072156459912,69,13963.0,0.07852172008369761,69,13963.0
19235.0,68,2984.0,31.083333333333332,2.4982461467209713,68,13944.0,0.07755450854013438,68,13944.0
19240.0,66,3287.0,33.54081632653061,2.5231365150565823,66,14263.0,0.11509717356030609,66,14263.0
19245.0,71,3635.0,38.670212765957444,1.941566324688866,71,14595.0,0.05678804725103349,71,14595.0
19250.0,78,4012.0,41.791666666666664,2.474864445651006,78,14972.0,0.06702129794405616,78,14972.0
19255.0,78,4402.0,48.37362637362637,1.842082751072652,78,15362.0,0.06828816731729494,78,15362.0
19260.0,74,4676.0,51.955555555555556,1.4055530265735294,74,15596.0,0.06331637776653094,74,15596.0
19265.0,67,4893.0,54.36666666666667,2.2870916984929375,67,15684.0,0.09395597070819335,67,15684.0
19270.0,68,5229.0,56.225806451612904,2.631093744345505,68,15896.0,0.09587017365328698,68,15896.0
19275.0,67,5529.0,60.75824175824176,1.917558582567767,67,16218.0,0.07257622083814763,67,16218.0
19280.0,70,5870.0,63.80434782608695,2.3105558814662843,70,16540.0,0.08420279207839304,70,16540.0
19285.0,71,6221.0,69.89887640449439,2.3523313989828267,71,16888.0,0.08055652394849021,71,16888.0
19290.0,66,5954.0,66.89887640449439,2.2713182575330157,66,15597.0,0.09442274082797236,66,15597.0
19295.0,60,5264.0,63.42168674698795,2.004531452685265,60,12822.0,0.08238584787824624,60,12822.0
19300.0,55,4762.0,52.91111111111111,3.2004862699455416,55,9454.0,0.129312830274384,55,9454.0
19305.0,52,4844.0,55.67816091954023,2.913580933119248,52,9701.0,0.13032384711478653,52,9701.0
19310.0,57,5109.0,58.05681818181818,2.956043328810232,57,9944.0,0.12291332207499404,57,9944.0
19315.0,63,5412.0,64.42857142857143,2.7230394877430095,63,10240.0,0.07081280320152765,63,10240.0
19320.0,68,5744.0,68.38095238095238,2.5191844311684215,68,10572.0,0.061690171755309234,68,10572.0
19325.0,62,5162.0,63.72839506172839,2.441340954944296,62,10369.0,0.08794565671910694,62,10369.0
19330.0,54,3953.0,50.037974683544306,2.456015617270355,54,9335.0,0.10436304985485485,54,9335.0
19335.0,50,3037.0,37.9625,3.6059778801827447,50,8688.0,0.14128293515644905,50,8688.0
19340.0,39,1569.0,19.6125,3.178047278893757,39,8749.0,0.15832266793838262,39,8749.0
19345.0,34,671.0,8.828947368421053,3.599507430637602,34,8668.0,0.1940648140186941,34,8668.0
19350.0,41,848.0,10.341463414634147,3.581817351473735,41,8617.0,0.17014471389655964,41,8617.0
19355.0,43,953.0,11.481927710843374,2.6997922198797673,43,8755.0,0.11309955023814267,43,8755.0
19360.0,50,1127.0,13.416666666666666,2.534116828552962,50,8912.0,0.09743725020793796,50,8912.0
19365.0,56,1399.0,16.654761904761905,3.1169701071394447,56,9134.0,0.11176291469924052,56,9134.0
19370.0,64,1704.0,20.04705882352941,3.0503187500508147,64,9439.0,0.1256088994383585,64,9439.0
19375.0,58,1811.0,22.085365853658537,2.5071629818544174,58,9362.0,0.10445449907052173,58,9362.0
19380.0,56,1846.0,22.790123456790123,2.7093490113509096,56,8881.0,0.1011511968659949,56,8881.0
19385.0,50,1818.0,22.725,3.3754549587818063,50,8230.0,0.13739734094475103,50,8230.0
19390.0,37,1774.0,23.342105263157894,2.943581482375572,37,8245.0,0.11971887168668134,37,8245.0
19395.0,38,1813.0,23.545454545454547,3.63898059184795,38,8410.0,0.1827707109342789,38,8410.0
19400.0,43,2020.0,25.897435897435898,3.0207710443751514,43,8617.0,0.12019823741207833,43,8617.0
19405.0,53,2266.0,27.301204819277107,2.8911047230924543,53,8863.0,0.10563364498712474,53,8863.0
19410.0,58,2548.0,31.85,1.7945200020405572,58,9145.0,0.05663644355213575,58,9145.0
19415.0,69,2867.0,34.54216867469879,1.453322200342096,69,9465.0,0.048006410721996205,69,9465.0
19420.0,68,2846.0,34.28915662650602,1.694045112405717,68,9641.0,0.08197603709211641,68,9641.0
19425.0,60,2733.0,32.535714285714285,1.935872482375863,60,9672.0,0.07999725069582903,60,9672.0
19430.0,60,3008.0,34.97674418604651,3.213098126305624,60,9661.0,0.10974466695285182,60,9661.0
19435.0,60,3059.0,35.56976744186046,2.4717146329835105,60,9522.0,0.09642351799363925,60,9522.0
19440.0,55,2962.0,36.5679012345679,2.2342963974269066,55,8941.0,0.07910530040199365,55,8941.0
19445.0,53,2941.0,34.19767441860465,3.486894299464677,53,7939.0,0.14771349593750366,53,7939.0
19450.0,42,2744.0,33.06024096385542,2.8493491833894296,42,8132.0,0.11348796129204487,42,8132.0
19455.0,40,2707.0,33.01219512195122,3.225531651067748,40,8250.0,0.16388610609648305,40,8250.0
19460.0,47,2927.0,35.265060240963855,3.260411513863279,47,8404.0,0.11567005803744664,47,8404.0
19465.0,55,3180.0,35.73033707865169,3.4894871708726014,55,8656.0,0.14132256193581955,55,8656.0
19470.0,61,3472.0,40.372093023255815,2.5834223110959087,61,8948.0,0.08591298107818494,61,8948.0
19475.0,69,3799.0,44.174418604651166,1.7645466090582835,69,9276.0,0.053809886288612586,69,9276.0
19480.0,74,4167.0,49.607142857142854,1.5758752846672084,74,9644.0,0.0673816550784134,74,9644.0
19485.0,74,4537.0,52.75581395348837,1.3343703106772284,74,10014.0,0.05625508972253206,74,10014.0
19490.0,76,4917.0,57.174418604651166,1.4807778549786352,76,10394.0,0.06397191167608542,76,10394.0
19495.0,70,4160.0,46.741573033707866,1.5182809123360665,70,9451.0,0.07441404315184288,70,9451.0
19500.0,65,2650.0,30.45977011494253,1.9447525249822097,65,7537.0,0.0804623754443054,65,7537.0
19505.0,63,2613.0,28.402173913043477,3.1712662109076963,63,5551.0,0.12518520377826414,63,5551.0
19510.0,63,2886.0,32.79545454545455,2.1872365529212545,63,5597.0,0.07141750118426123,63,5597.0
19515.0,66,3202.0,35.18681318681319,2.778224986198264,66,5894.0,0.1205835619690435,66,5894.0
19520.0,68,3537.0,40.19318181818182,2.745534895495785,68,6224.0,0.06928494932782295,68,6224.0
19525.0,71,3884.0,43.640449438202246,2.483967038744755,71,6571.0,0.08760757159238841,71,6571.0
19530.0,71,4239.0,51.69512195121951,1.4653459319394935,71,6926.0,0.052423110773229704,71,6926.0
19535.0,67,4463.0,53.7710843373494,1.6554949069381468,67,6797.0,0.07092715487396248,67,6797.0
19540.0,67,4745.0,57.16867469879518,1.9020808489526453,67,6564.0,0.07842210039351223,67,6564.0
19545.0,70,5089.0,59.870588235294115,2.007851488249652,70,6806.0,0.053050376976966726,70,6806.0
19550.0,67,5393.0,63.44705882352941,1.8716111397137605,67,7131.0,0.07994391083073249,67,7131.0
19555.0,67,5724.0,69.8048780487805,1.7722721711410963,67,7442.0,0.06553846420511218,67,7442.0
19560.0,68,6064.0,72.19047619047619,2.5224345427312422,68,7781.0,0.051874817652547846,68,7781.0
19565.0,62,5628.0,67.0,2.261565852811891,62,7786.0,0.07247553701054231,62,7786.0
19570.0,57,4789.0,61.3974358974359,1.933340759208798,57,7505.0,0.07999971426936461,57,7505.0
19575.0,50,4499.0,56.2375,3.175814288291373,50,7035.0,0.10151369087993893,50,7035.0
19580.0,42,4457.0,55.7125,3.017656042788343,42,7246.0,0.13419555865434624,42,7246.0
19585.0,46,4674.0,59.164556962025316,3.536475854394339,46,7446.0,0.17638846567534724,46,7446.0
19590.0,52,4921.0,61.5125,3.1412335532804696,52,7692.0,0.10066231950323225,52,7692.0
19595.0,57,5197.0,68.38157894736842,2.236187146331472,57,7968.0,0.0724413658090598,57,7968.0
19600.0,64,5504.0,71.48051948051948,2.07412355547328,64,8275.0,0.07224186682961178,64,8275.0
19605.0,66,5828.0,78.75675675675676,1.436684052367835,66,8599.0,0.054467958614048094,66,8599.0
19610.0,61,5978.0,76.64102564102564,1.672788581939205,61,8651.0,0.07990967586281197,61,8651.0
19615.0,54,6012.0,79.10526315789474,2.2213682404740234,54,8463.0,0.08369379950237071,54,8463.0
19620.0,47,6069.0,76.82278481012658,3.348222171095148,47,8171.0,0.11568799912058084,47,8171.0
19625.0,43,6220.0,81.84210526315789,3.0246202414664882,43,8371.0,0.13485728902034408,43,8371.0
19630.0,50,6446.0,85.94666666666667,2.73214318671387,50,8581.0,0.11728751326915925,50,8581.0
19635.0,54,6706.0,89.41333333333333,2.983666448140861,54,8836.0,0.08768725969664365,54,8836.0
19640.0,58,6993.0,93.24,2.597216889791286,58,9123.0,0.06873348600039517,58,9123.0
19645.0,60,7289.0,102.66197183098592,1.972802321739807,60,9419.0,0.08493708056929028,60,9419.0
19650.0,60,7589.0,105.40277777777777,1.945846111285282,60,9719.0,0.07091596667352895,60,9719.0
19655.0,56,7716.0,110.22857142857143,1.7627055592786647,56,9818.0,0.06734540243341172,56,9818.0
19660.0,46,7711.0,102.81333333333333,3.271116789781902,46,9750.0,0.17112164338936967,46,9750.0
19665.0,43,7818.0,105.64864864864865,3.720224245855798,43,9643.0,0.14448631141850032,43,9643.0
19670.0,42,8016.0,105.47368421052632,3.351139695360512,42,9848.0,0.15441311956779524,42,9848.0
19675.0,49,8247.0,116.15492957746478,2.846958769431353,49,10072.0,0.09523921315611235,49,10072.0
19680.0,56,8509.0,118.18055555555556,2.822699213496498,56,10334.0,0.0738196507779779,56,10334.0
19685.0,51,7380.0,105.42857142857143,2.7319254708002947,51,9716.0,0.10275402486113046,51,9716.0
19690.0,42,5534.0,81.38235294117646,2.8137120202426917,42,8760.0,0.13128800411403355,42,8760.0
19695.0,38,3678.0,53.30434782608695,3.9769559241645243,38,7199.0,0.15820204833666757,38,7199.0
19700.0,27,1768.0,26.0,3.740279995586935,27,7342.0,0.19333231976413828,27,7342.0
19705.0,30,773.0,11.712121212121213,4.171206275214767,30,7461.0,0.21344042800271548,30,7461.0
19710.0,36,938.0,13.211267605633802,3.9282063469844735,36,7626.0,0.18460329373941575,36,7626.0
19715.0,44,1135.0,15.985915492957746,2.75418273661127,44,7823.0,0.09545786975261047,44,7823.0
19720.0,50,1370.0,19.02777777777778,2.3185299867646374,50,8059.0,0.09288493761537639,50,8059.0
19725.0,60,1648.0,22.88888888888889,1.5592980009062123,60,8340.0,0.05552489859895414,60,8340.0
19730.0,64,1961.0,25.467532467532468,2.2624305786793983,64,8655.0,0.10632102127945392,64,8655.0
19735.0,64,2281.0,30.013157894736842,1.8812929724366583,64,8975.0,0.0832854490922656,64,8975.0
19740.0,60,2197.0,28.532467532467532,1.6763283632357657,60,9074.0,0.07320087515415662,60,9074.0
19745.0,55,1859.0,23.833333333333332,2.1897852451637974,55,8988.0,0.10031666623268172,55,8988.0
19750.0,50,1891.0,24.243589743589745,3.053144772502518,50,8802.0,0.09549112418220983,50,8802.0
19755.0,48,2089.0,26.1125,3.1346475570774346,48,9022.0,0.14624354622150013,48,9022.0
19760.0,50,2332.0,30.68421052631579,2.70129218878212,50,9249.0,0.09386206927516928,50,9249.0
19765.0,57,2605.0,32.9746835443038,3.1527176710729603,57,9520.0,0.084411740794522,57,9520.0
19770.0,60,2903.0,39.229729729729726,2.3427311334797394,60,9818.0,0.07594071200508518,60,9818.0
19775.0,62,3208.0,44.55555555555556,1.6597295231493767,62,10123.0,0.050424676902354436,62,10123.0
19780.0,56,3369.0,46.791666666666664,1.9995375296316193,56,10245.0,0.09131631245461931,56,10245.0
19785.0,48,3430.0,46.986301369863014,2.561548600237234,48,10213.0,0.10936852638877208,48,10213.0
19790.0,48,3638.0,49.16216216216216,3.564794800130328,48,10190.0,0.12756479689716507,48,10190.0
19795.0,46,3847.0,51.29333333333334,2.753505860896099,46,10412.0,0.10660892218794543,46,10412.0
19800.0,51,4089.0,59.26086956521739,2.333083310837525,51,10643.0,0.07637969545154692,51,10643.0
19805.0,54,4359.0,58.12,3.5447271089145063,54,10911.0,0.14276368011305599,54,10911.0
19810.0,54,4629.0,66.12857142857143,2.4629687880560147,54,11181.0,0.08103196308125357,54,11181.0
19815.0,58,4913.0,69.19718309859155,2.354520163841013,58,11465.0,0.09961216768916692,58,11465.0
19820.0,58,5203.0,75.40579710144928,1.9901362224794334,58,11755.0,0.08005352365553578,58,11755.0
19825.0,55,5324.0,72.93150684931507,1.738535722524244,55,11942.0,0.08386407706785527,55,11942.0
19830.0,50,5437.0,77.67142857142858,2.496619486264441,50,12033.0,0.12018932895489456,50,12033.0
19835.0,50,5687.0,76.85135135135135,3.414536288694536,50,12144.0,0.12248330402414244,50,12144.0
19840.0,50,5888.0,81.77777777777777,2.6810746610642604,50,12374.0,0.09526155463879929,50,12374.0
19845.0,50,6131.0,85.15277777777777,3.257255047693575,50,12594.0,0.12972156307202592,50,12594.0
19850.0,51,6383.0,91.18571428571428,3.307068335426503,51,12840.0,0.09494845680176024,51,12840.0
19855.0,46,6568.0,93.82857142857142,2.9931782243282217,46,13050.0,0.12355142839027257,46,13050.0
19860.0,50,6809.0,104.75384615384615,2.5809207838680734,50,13256.0,0.08555403021701548,50,13256.0
19865.0,51,7060.0,103.82352941176471,2.967277195395914,51,13507.0,0.11650124657713752,51,13507.0
19870.0,48,6307.0,97.03076923076924,2.45393592909858,48,12840.0,0.1010607576984569,48,12840.0
19875.0,42,4876.0,71.70588235294117,3.0213226431171867,42,10477.0,0.14187924537014396,42,10477.0
19880.0,36,3776.0,55.529411764705884,4.6138011782427615,36,8965.0,0.2024007834577132,36,8965.0
19885.0,27,2303.0,33.3768115942029,4.621464318058935,27,8248.0,0.23014397816134083,27,8248.0
19890.0,32,1810.0,28.73015873015873,3.5303487170635135,32,8392.0,0.17126305311729648,32,8392.0
19895.0,42,1999.0,30.28787878787879,2.5516729731643784,42,8581.0,0.11815764281770207,42,8581.0
19900.0,43,1988.0,28.0,2.0516374980969805,43,8715.0,0.1157557355273148,43,8715.0
19905.0,44,1967.0,25.88157894736842,2.392294078229213,44,8788.0,0.10289762459533677,44,8788.0
19910.0,44,2111.0,26.061728395061728,3.0931210275495107,44,8833.0,0.1047024524772388,44,8833.0
19915.0,51,2356.0,29.45,3.6785435967371756,51,9011.0,0.1492874470601396,51,9011.0
19920.0,51,2611.0,35.28378378378378,3.4046330744605693,51,9204.0,0.14296932096717752,51,9204.0
19925.0,53,2871.0,38.28,3.5694434020903416,53,9453.0,0.12776685251863193,53,9453.0
19930.0,53,3136.0,43.55555555555556,2.98369117264909,53,9718.0,0.08672111583705358,53,9718.0
19935.0,55,3407.0,50.10294117647059,2.27661023963768,55,9989.0,0.09209530411855525,55,9989.0
19940.0,55,3682.0,53.36231884057971,2.521061255813648,55,10264.0,0.10627580569382396,55,10264.0
19945.0,50,3784.0,54.05714285714286,2.491504797122244,50,10455.0,0.12566810783315047,50,10455.0
19950.0,51,4016.0,55.77777777777778,3.1227735972508,51,10613.0,0.14248467768665712,51,10613.0
19955.0,53,4277.0,61.1,2.4679134978516286,53,10859.0,0.06706656398270057,53,10859.0
19960.0,53,4506.0,62.583333333333336,2.1529028525198406,53,11109.0,0.09188885821985814,53,11109.0
19965.0,52,4763.0,71.08955223880596,2.4758596054395845,52,11348.0,0.10457872194820578,52,11348.0
19970.0,52,5023.0,69.76388888888889,3.342856621888445,52,11605.0,0.09849073378565291,52,11605.0
19975.0,48,4761.0,71.05970149253731,2.7509622212671805,48,10904.0,0.10166830809258409,48,10904.0
19980.0,39,4135.0,61.71641791044776,2.9698491623518053,39,9220.0,0.12171750656897681,39,9220.0
19985.0,35,3669.0,55.59090909090909,4.097394078004257,35,6577.0,0.15733872110065225,35,6577.0
19990.0,26,3153.0,48.50769230769231,3.9898351954693005,26,6710.0,0.20861220536069422,26,6710.0
19995.0,27,2801.0,45.17741935483871,3.956607911392942,27,6825.0,0.21334063059910943,27,6825.0
20000.0,34,2957.0,43.48529411764706,4.192804894445417,34,6981.0,0.1937898726056463,34,6981.0
